timestamp,network_mode,state,duplex_mode,cell_id,rsrp,rsrq,sinr,tx_power,max_neighbor_rsrp,max_neighbor_rsrq,max_neighbor_sinr,avg_neighbor_rsrp,avg_neighbor_rsrq,avg_neighbor_sinr,bandwidth,cell_changed,rssi,band,mcs,ul_bandwidth,ul_throughput,raw_ul_throughput,rtt,retry,cwnd,loss_rate
1743764008.3948967,NR5G-SA,CONNECT,TDD,CFE614000,-100,-9,3,19,0,0,0,0,0,0,100,0,-80,NR N78,16,25159.0,3.0,3061,nan,0,218.0,0.0000
1743764009.5400126,NR5G-SA,CONNECT,TDD,CFE614000,-100,-10,3,19,0,0,0,0,0,0,100,0,-75,NR N78,15,73031.0,8.71,8885,nan,0,611.0,0.0000
1743764010.66164,NR5G-SA,CONNECT,TDD,CFE614000,-100,-10,3,20,0,0,0,0,0,0,100,0,-77,NR N78,15,70454.0,8.4,8572,nan,0,994.0,0.0000
1743764011.739673,NR5G-SA,CONNECT,TDD,CFE614000,-100,-10,3,21,0,0,0,0,0,0,100,0,-74,NR N78,14,82671.0,9.85,10058,nan,0,1.41,0.0000
1743764012.8348966,NR5G-SA,CONNECT,TDD,CFE614000,-100,-10,3,21,0,0,0,0,0,0,100,0,-76,NR N78,14,52423.0,6.25,6378,nan,0,1.77,0.0000
1743764013.9284983,NR5G-SA,CONNECT,TDD,CFE614000,-100,-10,3,20,0,0,0,0,0,0,100,0,-77,NR N78,13,73415.0,8.75,8932,nan,0,2.16,0.0000
1743764015.0226266,NR5G-SA,CONNECT,TDD,CFE614000,-100,-10,3,20,0,0,0,0,0,0,100,0,-78,NR N78,13,73400.0,8.75,8930,nan,0,2.62,0.0000
1743764016.111952,NR5G-SA,CONNECT,TDD,CFE614000,-100,-10,3,20,0,0,0,0,0,0,100,0,-78,NR N78,13,62912.0,7.5,7654,nan,0,3.01,0.0000
1743764017.2052693,NR5G-SA,CONNECT,TDD,CFE614000,-100,-10,3,20,0,0,0,0,0,0,100,0,-76,NR N78,13,73392.0,8.75,8929,nan,0,3.15,0.0000
1743764018.306387,NR5G-SA,CONNECT,TDD,CFE614000,-100,-10,3,20,0,0,0,0,0,0,100,0,-77,NR N78,14,83886.0,10.0,10206,nan,0,3.15,0.0000
1743764019.383633,NR5G-SA,CONNECT,TDD,CFE614000,-100,-10,3,20,0,0,0,0,0,0,100,0,-77,NR N78,14,83891.0,10.0,10207,nan,0,3.15,0.0000
1743764020.4708116,NR5G-SA,CONNECT,TDD,CFE614000,-100,-10,3,21,0,0,0,0,0,0,100,0,-78,NR N78,15,83889.0,10.0,10206,nan,0,3.15,0.0000
1743764021.5681014,NR5G-SA,CONNECT,TDD,CFE614000,-100,-10,3,21,0,0,0,0,0,0,100,0,-75,NR N78,15,73389.0,8.75,8929,nan,0,3.15,0.0000
1743764022.6606655,NR5G-SA,CONNECT,TDD,CFE614000,-100,-10,3,21,0,0,0,0,0,0,100,0,-78,NR N78,15,52433.0,6.25,6379,nan,0,3.15,0.0000
1743764023.7573123,NR5G-SA,CONNECT,TDD,CFE614000,-100,-10,3,20,0,0,0,0,0,0,100,0,-78,NR N78,13,73398.0,8.75,8930,nan,0,3.15,0.0000
1743764024.822302,NR5G-SA,CONNECT,TDD,CFE614000,-100,-10,2,20,0,0,0,0,0,0,100,0,-77,NR N78,13,52432.0,6.25,6379,nan,0,3.15,0.0000
1743764025.9123895,NR5G-SA,CONNECT,TDD,CFE614000,-100,-9,2,21,0,0,0,0,0,0,100,0,-78,NR N78,12,73386.0,8.75,8929,nan,0,3.15,0.0000
1743764027.009044,NR5G-SA,CONNECT,TDD,CFE614000,-100,-9,2,21,0,0,0,0,0,0,100,0,-78,NR N78,12,73151.0,8.75,8900,nan,0,3.15,0.0000
1743764028.105258,NR5G-SA,CONNECT,TDD,CFE614000,-100,-9,2,21,0,0,0,0,0,0,100,0,-78,NR N78,13,52617.0,6.25,6402,nan,0,3.15,0.0000
1743764029.2050042,NR5G-SA,CONNECT,TDD,CFE614000,-100,-9,2,21,0,0,0,0,0,0,100,0,-77,NR N78,13,41942.0,5.0,5103,nan,0,3.15,0.0000
1743764030.3029163,NR5G-SA,CONNECT,TDD,CFE614000,-100,-9,2,20,0,0,0,0,0,0,100,0,-78,NR N78,9,52425.0,6.25,6378,nan,0,3.15,0.0000
1743764031.3999486,NR5G-SA,CONNECT,TDD,CFE614000,-100,-9,2,20,0,0,0,0,0,0,100,0,-78,NR N78,9,52429.0,6.25,6379,nan,0,3.15,0.0000
1743764032.487034,NR5G-SA,CONNECT,TDD,CFE614000,-100,-9,2,21,0,0,0,0,0,0,100,0,-77,NR N78,10,52437.0,6.25,6380,nan,0,3.15,0.0000
1743764033.571254,NR5G-SA,CONNECT,TDD,CFE614000,-100,-9,2,20,0,0,0,0,0,0,100,0,-78,NR N78,10,0.0,0.0,0,nan,0,3.15,0.0000
1743764036.0963626,NR5G-SA,CONNECT,TDD,CFE614000,-100,-10,2,20,0,0,0,0,0,0,100,0,-78,NR N78,11,53167.0,6.25,6467,nan,1,3.15,0.0000
1743764037.6371608,NR5G-SA,CONNECT,TDD,CFE614000,-101,-10,2,15,0,0,0,0,0,0,100,0,-78,NR N78,13,0.0,0.0,0,nan,0,3.15,0.0000
1743764038.7312424,NR5G-SA,CONNECT,TDD,CFE614000,-100,-9,2,15,-103,-12,1,-103,-12,1,100,0,-78,NR N78,13,86558.0,8.75,10531,nan,0,3.15,0.0000
1743764039.8389716,NR5G-SA,CONNECT,TDD,CFE614000,-100,-10,2,21,-102,-11,1,-102,-11,1,100,0,-73,NR N78,15,73440.0,8.75,8935,nan,0,3.15,0.0000
1743764040.938139,NR5G-SA,CONNECT,TDD,CFE614000,-100,-10,2,21,-102,-11,1,-102,-11,1,100,0,-74,NR N78,15,62906.0,7.5,7654,nan,0,3.15,0.0000
1743764042.0741827,NR5G-SA,CONNECT,TDD,CFE614000,-100,-10,1,21,-102,-11,1,-102,-11,1,100,0,-73,NR N78,12,62933.0,7.5,7657,nan,0,3.15,0.0000
1743764043.2074542,NR5G-SA,CONNECT,TDD,CFE614000,-100,-10,1,21,-101,-11,1,-101,-11,1,100,0,-74,NR N78,12,94368.0,11.2,11481,nan,0,3.15,0.0000
1743764044.3102608,NR5G-SA,CONNECT,TDD,CFE614000,-100,-10,1,21,-101,-11,1,-101,-11,1,100,0,-74,NR N78,17,83887.0,10.0,10206,nan,0,3.15,0.0000
1743764045.3976157,NR5G-SA,CONNECT,TDD,CFE614000,-100,-10,2,21,-101,-11,1,-101,-11,1,100,0,-74,NR N78,17,62905.0,7.5,7653,nan,0,3.15,0.0000
1743764046.4968174,NR5G-SA,CONNECT,TDD,CFE614000,-100,-10,1,21,-101,-11,1,-101,-11,1,100,0,-73,NR N78,12,62919.0,7.5,7655,nan,0,3.15,0.0000
1743764047.581496,NR5G-SA,CONNECT,TDD,CFE614000,-100,-11,1,20,-101,-11,0,-101,-11,0,100,0,-73,NR N78,11,52425.0,6.25,6378,nan,0,3.15,0.0000
1743764048.677361,NR5G-SA,CONNECT,TDD,CFE614000,-100,-11,1,20,-101,-11,1,-101,-11,1,100,0,-76,NR N78,11,62914.0,7.5,7655,nan,0,3.15,0.0000
1743764049.7734773,NR5G-SA,CONNECT,TDD,CFE614000,-100,-11,1,21,-100,-11,1,-100,-11,1,100,0,-74,NR N78,12,62902.0,7.5,7653,nan,0,3.15,0.0000
1743764050.8805175,NR5G-SA,CONNECT,TDD,CFE614000,-100,-11,1,21,-100,-11,1,-100,-11,1,100,0,-74,NR N78,12,41946.0,5.0,5103,nan,0,3.15,0.0000
1743764051.9397001,NR5G-SA,CONNECT,TDD,CFE614000,-100,-11,1,21,-100,-11,1,-100,-11,1,100,0,-74,NR N78,10,52427.0,6.25,6379,nan,0,3.15,0.0000
1743764053.0369568,NR5G-SA,CONNECT,TDD,CFE614000,-100,-11,1,21,-100,-11,1,-100,-11,1,100,0,-76,NR N78,10,73404.0,8.75,8931,nan,0,3.15,0.0000
1743764054.1600633,NR5G-SA,CONNECT,TDD,CFE614000,-100,-11,1,20,-99,-10,1,-99,-10,1,100,0,-76,NR N78,14,73400.0,8.75,8930,nan,0,3.15,0.0000
1743764055.2553287,NR5G-SA,CONNECT,TDD,CFE614000,-100,-11,1,20,-99,-10,2,-99,-10,2,100,0,-76,NR N78,14,83883.0,10.0,10206,nan,0,3.15,0.0000
1743764056.353317,NR5G-SA,CONNECT,TDD,CFE614000,-100,-11,1,21,-99,-10,2,-99,-10,2,100,0,-76,NR N78,13,62926.0,7.5,7656,nan,0,3.15,0.0000
1743764057.4611707,NR5G-SA,CONNECT,TDD,CFE614000,-100,-11,1,21,-98,-9,2,-98,-9,2,100,0,-76,NR N78,13,52462.0,6.25,6383,nan,0,3.15,0.0000
1743764058.559395,NR5G-SA,CONNECT,TDD,CFE614000,-101,-11,0,20,-97,-9,3,-97,-9,3,100,0,-78,NR N78,10,52421.0,6.25,6378,nan,0,3.15,0.0000
1743764059.6545122,NR5G-SA,CONNECT,TDD,CFE814004,-98,-11,0,20,0,0,0,0,0,0,100,1,-79,NR N78,10,31461.0,3.75,3828,nan,0,3.15,0.0000
1743764060.7529926,NR5G-SA,CONNECT,TDD,CFE814004,-99,-9,3,20,0,0,0,0,0,0,100,0,-78,NR N78,8,9139.0,1.09,1112,nan,0,3.15,0.0000
1743764061.8638058,NR5G-SA,CONNECT,TDD,CFE814004,-100,-9,3,21,0,0,0,0,0,0,100,0,-79,NR N78,8,8619.0,1.03,1049,nan,0,3.15,0.0000
1743764062.994057,NR5G-SA,CONNECT,TDD,CFE814004,-102,-9,3,22,0,0,0,0,0,0,100,0,-80,NR N78,6,9934.0,1.18,1209,nan,0,3.15,0.0000
1743764064.137176,NR5G-SA,CONNECT,TDD,CFE814004,-104,-11,2,22,0,0,0,0,0,0,100,0,-79,NR N78,6,8922.0,1.06,1086,nan,0,3.15,0.0000
1743764065.2507608,NR5G-SA,CONNECT,TDD,CFE814004,-106,-12,1,21,-103,-7,6,-114,-40,0,100,0,-83,NR N78,5,9903.0,1.18,1205,nan,0,3.15,0.0000
1743764066.3683543,NR5G-SA,CONNECT,TDD,CFE814004,-103,-9,4,21,-103,-8,6,-108,-18,1,100,0,-78,NR N78,5,0.0,0.0,0,nan,0,3.15,0.0000
1743764067.471484,NR5G-SA,CONNECT,TDD,CFE814004,-99,-6,7,21,-101,-9,5,-115,-15,0,100,0,-79,NR N78,5,9021.0,1.08,1098,nan,0,3.15,0.0000
1743764068.5844429,NR5G-SA,CONNECT,TDD,CFE814004,-99,-6,7,21,-102,-4,11,-119,-15,-1,100,0,-79,NR N78,5,10487.0,1.25,1276,nan,0,3.15,0.0000
1743764069.7016137,NR5G-SA,CONNECT,TDD,CFE814004,-99,-6,6,22,-102,-4,11,-121,-14,-2,100,0,-77,NR N78,6,0.0,0.0,0,nan,0,3.15,0.0000
1743764070.8113089,NR5G-SA,CONNECT,TDD,CFE814004,-98,-7,5,21,-101,-10,3,-101,-10,3,100,0,-77,NR N78,6,8902.0,1.06,1083,nan,0,3.15,0.0000
1743764071.9394753,NR5G-SA,CONNECT,TDD,CFE814004,-97,-7,5,21,-101,-10,4,-101,-10,4,100,0,-77,NR N78,6,18379.0,2.19,2236,nan,0,3.15,0.0000
1743764073.0366218,NR5G-SA,CONNECT,TDD,CFE814004,-97,-7,4,21,-101,-10,3,-101,-10,3,100,0,-80,NR N78,9,9324.0,1.11,1134,nan,0,3.15,0.0000
1743764074.1809015,NR5G-SA,CONNECT,TDD,CFE814004,-99,-7,4,21,-101,-10,2,-101,-10,2,100,0,-77,NR N78,9,18798.0,2.24,2287,nan,0,3.15,0.0000
1743764075.2829006,NR5G-SA,CONNECT,TDD,CFE814004,-99,-8,4,21,-99,-9,4,-99,-9,4,100,0,-74,NR N78,9,31094.0,3.71,3783,nan,0,3.15,0.0000
1743764076.4102335,NR5G-SA,CONNECT,TDD,CFE814004,-97,-7,6,21,-99,-9,5,-99,-9,5,100,0,-79,NR N78,9,20255.0,2.41,2464,nan,0,3.15,0.0000
1743764077.51573,NR5G-SA,CONNECT,TDD,CFE814004,-99,-8,4,21,-100,-8,5,-100,-8,5,100,0,-77,NR N78,11,0.0,0.0,0,nan,0,3.15,0.0000
1743764078.6408224,NR5G-SA,CONNECT,TDD,CFE814004,-99,-8,4,21,-102,-10,2,-102,-10,2,100,0,-76,NR N78,11,9454.0,1.13,1150,nan,0,3.15,0.0000
1743764079.743819,NR5G-SA,CONNECT,TDD,CFE814004,-98,-8,4,21,-104,-12,1,-104,-12,1,100,0,-77,NR N78,8,10488.0,1.25,1276,nan,0,3.15,0.0000
1743764080.8519957,NR5G-SA,CONNECT,TDD,CFE814004,-101,-8,4,21,-103,-10,2,-103,-10,2,100,0,-76,NR N78,6,8968.0,1.07,1091,nan,0,3.15,0.0000
1743764081.9551072,NR5G-SA,CONNECT,TDD,CFE814004,-98,-8,6,21,-101,-10,2,-101,-10,2,100,0,-76,NR N78,6,9513.0,1.13,1157,nan,0,3.15,0.0000
1743764083.082142,NR5G-SA,CONNECT,TDD,CFE814004,-94,-6,7,21,-98,-9,4,-98,-9,4,100,0,-74,NR N78,11,19275.0,2.3,2345,nan,0,3.15,0.0000
1743764084.1804342,NR5G-SA,CONNECT,TDD,CFE814004,-98,-8,4,21,-98,-8,4,-98,-8,4,100,0,-78,NR N78,11,31273.0,3.73,3805,nan,0,3.15,0.0000
1743764085.2932262,NR5G-SA,CONNECT,TDD,CFE814004,-102,-12,0,21,-100,-10,3,-100,-10,3,100,0,-78,NR N78,14,20965.0,2.5,2551,nan,0,3.15,0.0000
1743764086.3940187,NR5G-SA,CONNECT,TDD,CFE814004,-103,-12,0,21,-102,-11,2,-102,-11,2,100,0,-83,NR N78,14,9824.0,1.17,1195,nan,0,3.15,0.0000
1743764087.4950037,NR5G-SA,CONNECT,TDD,CFE814004,-102,-10,1,21,-103,-10,2,-103,-10,2,100,0,-78,NR N78,10,10496.0,1.25,1277,nan,0,3.15,0.0000
1743764088.5613143,NR5G-SA,CONNECT,TDD,CFE814004,-103,-11,1,21,-103,-11,2,-103,-11,2,100,0,-83,NR N78,10,0.0,0.0,0,nan,0,3.15,0.0000
1743764089.654259,NR5G-SA,CONNECT,TDD,CFE814004,-106,-10,2,21,-106,-13,0,-106,-13,0,100,0,-88,NR N78,8,0.0,0.0,0,nan,0,3.15,0.0000
1743764090.7501576,NR5G-SA,CONNECT,TDD,CFE814004,-107,-12,-2,21,-108,-14,-1,-110,-16,-1,100,0,-81,NR N78,7,0.0,0.0,0,nan,0,3.15,0.0000
1743764091.8591793,NR5G-SA,CONNECT,TDD,CFE814004,-116,-42,-5,22,-79,-5,6,-103,-11,-2,100,0,-140,NR N78,7,0.0,0.0,0,nan,0,3.15,0.0000
1743764092.9618216,NR5G-SA,NOCONN,TDD,CFE0DB602,-103,-12,-4,22,0,0,0,0,0,0,15,1,-78,NR N5,7,0.0,0.0,0,nan,0,3.15,0.0000
1743764094.1063905,NR5G-SA,NOCONN,TDD,CFE0DB602,-103,-12,1,22,-74,-2,22,-74,-2,22,15,0,-78,NR N5,7,0.0,0.0,0,nan,0,3.15,0.0000
1743764095.2135189,NR5G-SA,NOCONN,FDD,CFE914406,-103,-12,1,22,0,0,0,0,0,0,20,1,-78,NR N1,7,0.0,0.0,0,nan,0,3.15,0.0000
1743764096.305549,NR5G-SA,NOCONN,FDD,CFE914406,-103,-12,1,22,0,0,0,0,0,0,20,0,-78,NR N1,7,0.0,0.0,0,nan,0,3.15,0.0000
1743764097.3967614,NR5G-SA,CONNECT,FDD,CFE914406,-80,-3,14,22,0,0,0,0,0,0,100,0,-63,NR N1,7,0.0,0.0,0,nan,0,3.15,0.0000
1743764098.4954875,NR5G-SA,CONNECT,FDD,CFE914406,-79,-3,15,22,0,0,0,0,0,0,100,0,-54,NR N1,7,0.0,0.0,0,nan,0,3.15,0.0000
1743764099.595664,NR5G-SA,CONNECT,FDD,CFE914406,-77,-3,21,7,-112,-9,3,-126,-74,-3,20,0,-58,NR N1,10,0.0,0.0,0,nan,0,3.15,0.0000
1743764100.723023,NR5G-SA,CONNECT,FDD,CFE914406,-74,-3,25,7,0,0,0,0,0,0,20,0,-59,NR N1,10,0.0,0.0,0,nan,0,3.15,0.0000
1743764101.8229334,NR5G-SA,CONNECT,FDD,CFE914406,-74,-2,27,0,-111,-14,0,-111,-14,-1,20,0,-57,NR N1,0,0.0,0.0,0,nan,0,3.15,0.0000
1743764102.9288082,NR5G-SA,NOCONN,FDD,CFE914406,-74,-10,28,0,0,0,0,0,0,0,20,0,-50,NR N1,0,0.0,0.0,0,nan,0,3.15,0.0000
1743764103.970139,NR5G-SA,NOCONN,FDD,CFE914406,-74,-10,28,0,0,0,0,0,0,0,20,0,-50,NR N1,0,0.0,0.0,0,nan,0,3.15,0.0000
1743764105.084805,NR5G-SA,NOCONN,FDD,CFE914406,-75,-5,25,0,-96,-5,10,-105,-13,0,20,0,-57,NR N1,0,0.0,0.0,0,nan,0,3.15,0.0000
1743764106.1897984,NR5G-SA,NOCONN,FDD,CFE914406,-81,-3,22,0,0,0,0,0,0,0,20,0,-64,NR N78,0,0.0,0.0,0,nan,0,3.15,0.0000
1743764107.292824,NR5G-SA,NOCONN,TDD,CFE614100,-81,-3,22,0,0,0,0,0,0,0,100,1,-64,NR N78,0,0.0,0.0,0,nan,0,3.15,0.0000
1743764108.3862712,NR5G-SA,NOCONN,TDD,CFE614100,-97,-4,8,0,0,0,0,0,0,0,100,0,-79,NR N78,0,0.0,0.0,0,nan,0,3.15,0.0000
1743764109.476023,NR5G-SA,NOCONN,TDD,CFE614100,-98,-7,6,0,0,0,0,0,0,0,100,0,-78,NR N78,0,0.0,0.0,0,nan,0,3.15,0.0000
1743764110.5642326,NR5G-SA,NOCONN,TDD,CFE614100,-98,-7,6,0,0,0,0,0,0,0,100,0,-78,NR N78,0,0.0,0.0,0,nan,0,3.15,0.0000
1743764111.6554365,NR5G-SA,NOCONN,TDD,CFE614100,-101,-9,3,0,0,0,0,0,0,0,100,0,-79,NR N78,0,0.0,0.0,0,nan,0,3.15,0.0000
1743764112.747522,NR5G-SA,CONNECT,TDD,CFE614100,-102,-8,3,0,0,0,0,0,0,0,20,0,-80,NR N78,0,0.0,0.0,-4,nan,3,2.67,0.0000
1743764113.8649087,NR5G-SA,CONNECT,TDD,CFE614100,-103,-9,2,0,0,0,0,0,0,0,20,0,-85,NR N78,0,10486.0,1.25,-481,nan,1232,721.0,0.0014
1743764114.9644363,NR5G-SA,CONNECT,TDD,CFE614100,-108,-19,0,21,0,0,0,0,0,0,100,0,-84,NR N78,8,10485.0,1.25,824,nan,317,1.3,0.0004
1743764116.0623424,NR5G-SA,CONNECT,TDD,CFE614100,-112,-18,-3,21,-140,-140,-10,-140,-140,-10,100,0,-84,NR N78,8,0.0,0.0,0,nan,0,2.21,0.0004
1743764117.1786168,LTE,CONNECT,FDD,414A805,-74,-6,24,-4,-74,-6,1,-74,-6,1,5,1,-56,LTE BAND 1,12,10491.0,1.25,1276,nan,0,2.28,0.0000
1743764118.214595,LTE,CONNECT,FDD,414A805,-69,-5,34,0,-69,-5,1,-69,-5,1,5,0,-39,LTE BAND 1,12,0.0,0.0,0,nan,0,2.31,0.0000
1743764119.3232055,LTE,CONNECT,FDD,414A805,-67,-5,30,0,-67,-5,1,-67,-5,1,5,0,-43,LTE BAND 1,12,0.0,0.0,0,nan,0,2.31,0.0000
1743764120.4446282,LTE,CONNECT,FDD,414A805,-59,-6,35,-7,-60,-6,1,-74,-15,-2,5,0,-35,LTE BAND 1,13,0.0,0.0,-10,nan,7,5.34,0.0000
1743764121.528306,LTE,CONNECT,FDD,414A805,-62,-7,34,3,-61,-7,1,-61,-7,1,5,0,-31,LTE BAND 1,17,41986.0,5.0,2720,nan,1675,1.63,0.0005
1743764122.6978133,LTE,CONNECT,FDD,414A805,-66,-7,34,7,-66,-7,1,-66,-7,1,5,0,-43,LTE BAND 1,20,62900.0,7.5,7653,nan,0,1.73,0.0000
1743764123.8348837,LTE,CONNECT,FDD,414A805,-73,-5,29,11,-73,-5,1,-73,-5,1,5,0,-47,LTE BAND 1,21,52430.0,6.25,6379,nan,0,1.81,0.0000
1743764124.907258,LTE,CONNECT,FDD,414A805,-72,-5,28,12,-72,-5,1,-72,-5,1,5,0,-49,LTE BAND 1,22,62924.0,7.5,7656,nan,0,1.87,0.0000
1743764126.0127056,LTE,CONNECT,FDD,414A805,-75,-6,29,17,-75,-6,1,-75,-6,1,5,0,-49,LTE BAND 1,23,52421.0,6.25,6378,nan,0,1.9,0.0000
1743764127.0922759,LTE,CONNECT,FDD,414A805,-79,-4,23,21,-79,-4,1,-79,-4,1,5,0,-55,LTE BAND 1,23,52442.0,6.25,6380,nan,0,1.93,0.0000
1743764128.223278,NR5G-SA,CONNECT,TDD,CFE614005,-103,-5,10,21,0,0,0,0,0,0,100,1,-80,NR N78,6,52407.0,6.25,6376,nan,0,1.95,0.0000
1743764129.2678745,NR5G-SA,CONNECT,TDD,CFE614005,-101,-11,16,21,0,0,0,0,0,0,100,0,-77,NR N78,6,10479.0,1.25,1275,nan,0,1.95,0.0000
1743764130.3730512,NR5G-SA,CONNECT,TDD,CFE614005,-100,-10,15,21,0,0,0,0,0,0,100,0,-73,NR N78,9,20985.0,2.5,628,nan,1350,1.37,0.0008
1743764131.469402,NR5G-SA,CONNECT,TDD,CFE614005,-99,-10,15,21,0,0,0,0,0,0,100,0,-71,NR N78,9,52437.0,6.25,6380,nan,0,1.52,0.0000
1743764132.577392,NR5G-SA,CONNECT,TDD,CFE614005,-99,-9,14,21,0,0,0,0,0,0,100,0,-76,NR N78,15,31449.0,3.75,3826,nan,0,1.57,0.0000
1743764133.6970277,NR5G-SA,CONNECT,TDD,CFE614005,-99,-9,13,21,0,0,0,0,0,0,100,0,-82,NR N78,15,10480.0,1.25,1275,nan,0,1.6,0.0000
1743764134.794937,NR5G-SA,CONNECT,TDD,CFE614005,-100,-10,12,22,0,0,0,0,0,0,100,0,-84,NR N78,8,0.0,0.0,0,nan,0,1.6,0.0000
1743764135.9120488,NR5G-SA,CONNECT,TDD,CFE614005,-101,-10,11,22,0,0,0,0,0,0,100,0,-83,NR N78,8,0.0,0.0,0,nan,0,1.6,0.0000
1743764137.0503047,NR5G-SA,CONNECT,TDD,CFE614005,-101,-10,11,22,0,0,0,0,0,0,100,0,-83,NR N78,10,10488.0,1.25,1276,nan,0,1.62,0.0000
1743764138.1533067,NR5G-SA,CONNECT,TDD,CFE614005,-101,-9,11,22,0,0,0,0,0,0,100,0,-83,NR N78,10,10490.0,1.25,1276,nan,0,1.64,0.0000
1743764139.2934356,NR5G-SA,CONNECT,TDD,CFE614005,-102,-10,10,21,0,0,0,0,0,0,100,0,-84,NR N78,7,10486.0,1.25,1276,nan,0,1.65,0.0000
1743764140.4292612,NR5G-SA,CONNECT,TDD,CFE614005,-102,-9,9,21,0,0,0,0,0,0,100,0,-79,NR N78,7,20975.0,2.5,2552,nan,0,1.67,0.0000
1743764141.5420587,NR5G-SA,CONNECT,TDD,CFE614005,-102,-9,9,21,0,0,0,0,0,0,100,0,-76,NR N78,7,52436.0,6.25,6380,nan,0,1.68,0.0000
1743764142.6352835,NR5G-SA,CONNECT,TDD,CFE614005,-102,-9,9,21,0,0,0,0,0,0,100,0,-81,NR N78,13,41944.0,5.0,5103,nan,0,1.71,0.0000
1743764143.7314448,NR5G-SA,CONNECT,TDD,CFE614005,-103,-10,8,21,0,0,0,0,0,0,100,0,-84,NR N78,13,0.0,0.0,0,nan,0,1.72,0.0000
1743764144.859379,NR5G-SA,CONNECT,TDD,CFE614005,-105,-10,6,18,0,0,0,0,0,0,100,0,-85,NR N78,11,0.0,0.0,0,nan,0,1.73,0.0000
1743764145.9991589,NR5G-SA,CONNECT,TDD,CFE614005,-105,-10,6,18,0,0,0,0,0,0,100,0,-85,NR N78,11,10496.0,1.25,1277,nan,0,1.74,0.0000
1743764147.1157608,NR5G-SA,CONNECT,TDD,CFE614005,-109,-13,1,18,-116,-18,-6,-116,-18,-6,100,0,-85,NR N78,11,0.0,0.0,0,nan,0,1.76,0.0000
1743764148.2342224,NR5G-SA,CONNECT,TDD,CFE614005,-113,-14,-1,18,-140,-140,-10,-140,-140,-10,100,0,-85,NR N78,11,0.0,0.0,0,nan,0,1.79,0.0000
1743764149.3708053,LTE,CONNECT,FDD,410A332,-89,-10,5,22,-89,-9,1,-89,-9,1,5,1,-64,LTE BAND 3,23,0.0,0.0,0,nan,0,1.84,0.0000
1743764150.4680223,LTE,CONNECT,FDD,410A332,-82,-7,2,22,-84,-8,1,-84,-8,1,5,0,-60,LTE BAND 3,22,10494.0,1.25,-749,nan,1421,891.0,0.0016
1743764151.5521913,LTE,CONNECT,FDD,410A332,-86,-7,-3,21,-86,-7,1,-86,-7,1,5,0,-64,LTE BAND 3,22,20970.0,2.5,2551,nan,0,1.37,0.0000
1743764152.7332463,LTE,CONNECT,FDD,410A332,-88,-9,0,22,-88,-9,1,-88,-9,1,5,0,-63,LTE BAND 3,22,20973.0,2.5,2552,nan,0,1.49,0.0000
1743764153.8554623,LTE,CONNECT,FDD,410A332,-90,-9,0,22,-90,-9,1,-90,-9,1,5,0,-64,LTE BAND 3,21,20974.0,2.5,2552,nan,0,1.57,0.0000
1743764154.9443474,LTE,CONNECT,FDD,410A332,-80,-6,13,20,-80,-6,1,-80,-6,1,5,0,-55,LTE BAND 3,20,10484.0,1.25,1276,nan,0,1.67,0.0000
1743764156.1013427,LTE,CONNECT,FDD,410A332,-78,-6,14,21,-78,-6,1,-78,-6,1,5,0,-55,LTE BAND 3,20,20964.0,2.5,2551,nan,0,1.72,0.0000
1743764157.20364,LTE,CONNECT,FDD,410A332,-77,-6,13,21,-78,-5,1,-78,-5,1,5,0,-57,LTE BAND 3,20,20986.0,2.5,2553,nan,0,1.78,0.0000
1743764158.329927,LTE,CONNECT,FDD,410A332,-84,-8,7,22,-84,-8,1,-84,-8,1,5,0,-63,LTE BAND 3,19,20963.0,2.5,2550,nan,0,1.82,0.0000
1743764159.4222794,LTE,CONNECT,FDD,410A332,-89,-9,3,22,-90,-9,1,-90,-9,1,5,0,-64,LTE BAND 3,19,10482.0,1.25,1275,nan,0,1.85,0.0000
1743764160.569357,LTE,CONNECT,FDD,410A332,-81,-5,15,19,-81,-5,1,-81,-5,1,5,0,-56,LTE BAND 3,19,31477.0,3.75,3830,nan,0,1.86,0.0000
1743764161.63616,LTE,CONNECT,FDD,410A332,-75,-5,11,10,-75,-5,1,-75,-5,1,5,0,-61,LTE BAND 3,19,41953.0,5.0,5104,nan,0,1.86,0.0000
1743764162.731251,LTE,CONNECT,FDD,410A332,-74,-5,14,22,-75,-5,1,-75,-5,1,5,0,-54,LTE BAND 3,20,41942.0,5.0,5103,nan,0,1.86,0.0000
1743764163.8282876,LTE,CONNECT,FDD,410A332,-84,-6,7,22,-84,-6,1,-84,-6,1,5,0,-60,LTE BAND 3,20,20958.0,2.5,2550,nan,0,1.87,0.0000
1743764164.9050944,LTE,CONNECT,FDD,410A332,-92,-11,2,22,-92,-11,1,-92,-11,1,5,0,-64,LTE BAND 3,20,20975.0,2.5,2552,nan,0,1.87,0.0000
1743764165.9887915,LTE,CONNECT,FDD,410A332,-94,-13,0,22,-94,-13,1,-94,-13,1,5,0,-64,LTE BAND 3,19,31462.0,3.75,3828,nan,0,1.9,0.0000
1743764167.1186,LTE,CONNECT,FDD,410A332,-92,-13,0,22,-92,-13,1,-92,-13,1,5,0,-61,LTE BAND 3,19,20977.0,2.5,2552,nan,0,1.92,0.0000
1743764168.222843,LTE,CONNECT,FDD,410A332,-90,-16,-12,22,-90,-16,1,-90,-16,1,5,0,-55,LTE BAND 3,18,10480.0,1.25,1275,nan,0,1.95,0.0000
1743764169.3083663,LTE,CONNECT,FDD,410A332,-85,-17,-13,22,-85,-17,1,-85,-17,1,5,0,-49,LTE BAND 3,18,0.0,0.0,-221,nan,155,1.2,0.0000
1743764170.4209554,LTE,NOCONN,FDD,414A832,-74,-7,9,-6,-74,-7,1,-74,-7,1,5,1,-48,LTE BAND 3,18,10490.0,1.25,444,nan,584,1.35,0.0007
1743764171.516208,LTE,CONNECT,FDD,414A832,-77,-10,4,13,-75,-8,1,-76,-9,-1,5,0,-48,LTE BAND 3,18,31484.0,3.75,2381,nan,1017,1.43,0.0004
1743764172.641629,LTE,CONNECT,FDD,414A832,-74,-8,1,10,-74,-8,1,-82,-15,-2,5,0,-47,LTE BAND 3,19,41947.0,5.0,5104,nan,0,1.68,0.0000
1743764173.7626,LTE,CONNECT,FDD,414A832,-74,-9,8,12,-74,-9,1,-82,-14,-3,5,0,-45,LTE BAND 3,19,41941.0,5.0,5103,nan,0,1.96,0.0000
1743764174.8602579,LTE,CONNECT,FDD,414A832,-70,-8,8,7,-70,-8,1,-70,-8,1,5,0,-47,LTE BAND 3,19,41929.0,5.0,5101,nan,0,2.21,0.0000
1743764175.9791837,LTE,CONNECT,FDD,414A832,-69,-7,13,6,-68,-7,1,-68,-7,1,5,0,-41,LTE BAND 3,19,31455.0,3.75,3617,nan,147,1.86,0.0001
1743764177.0874197,NR5G-SA,CONNECT,TDD,CFE614000,-80,-10,13,21,0,0,0,0,0,0,100,1,-56,NR N78,9,41945.0,5.0,5080,nan,16,1.71,0.0000
1743764178.1994982,NR5G-SA,CONNECT,TDD,CFE614000,-80,-10,13,21,0,0,0,0,0,0,100,0,-56,NR N78,9,52455.0,6.25,4628,nan,1230,1.22,0.0003
1743764179.2954297,NR5G-SA,CONNECT,TDD,CFE614000,-80,-10,13,21,0,0,0,0,0,0,100,0,-56,NR N78,24,94329.0,11.2,11477,nan,0,1.3,0.0000
1743764180.395255,NR5G-SA,CONNECT,TDD,CFE614000,-80,-9,13,21,0,0,0,0,0,0,100,0,-53,NR N78,24,104903.0,12.5,12763,nan,0,1.36,0.0000
1743764181.5015726,NR5G-SA,CONNECT,TDD,CFE614000,-80,-9,14,20,0,0,0,0,0,0,100,0,-56,NR N78,26,94604.0,11.2,11510,nan,0,1.44,0.0000
1743764182.6213572,NR5G-SA,CONNECT,TDD,CFE614000,-80,-8,15,20,0,0,0,0,0,0,100,0,-56,NR N78,26,104866.0,12.5,12759,nan,0,1.45,0.0000
1743764183.7266037,NR5G-SA,CONNECT,TDD,CFE614000,-79,-8,16,21,0,0,0,0,0,0,100,0,-52,NR N78,27,94374.0,11.2,11482,nan,0,1.46,0.0000
1743764184.8439229,NR5G-SA,CONNECT,TDD,CFE614000,-79,-7,17,21,0,0,0,0,0,0,100,0,-50,NR N78,27,104879.0,12.5,12760,nan,0,1.47,0.0000
1743764185.9493866,NR5G-SA,CONNECT,TDD,CFE614000,-78,-7,17,16,0,0,0,0,0,0,100,0,-45,NR N78,27,94364.0,11.2,11481,nan,0,1.47,0.0000
1743764187.0548975,NR5G-SA,CONNECT,TDD,CFE614000,-78,-7,17,20,0,0,0,0,0,0,100,0,-42,NR N78,26,104859.0,12.5,12758,nan,0,1.47,0.0000
1743764188.1601512,NR5G-SA,CONNECT,TDD,CFE614000,-77,-7,18,20,0,0,0,0,0,0,100,0,-42,NR N78,26,104855.0,12.5,12757,nan,0,1.47,0.0000
1743764189.2629747,NR5G-SA,CONNECT,TDD,CFE614000,-76,-6,18,15,0,0,0,0,0,0,100,0,-40,NR N78,25,94374.0,11.2,11481,nan,1,1.13,0.0000
1743764190.3544867,NR5G-SA,CONNECT,TDD,CFE614000,-75,-6,19,15,0,0,0,0,0,0,100,0,-39,NR N78,25,104867.0,12.5,12759,nan,0,1.23,0.0000
1743764191.4512458,NR5G-SA,CONNECT,TDD,CFE614000,-74,-6,19,15,0,0,0,0,0,0,100,0,-40,NR N78,27,104861.0,12.5,12758,nan,0,1.38,0.0000
1743764192.5563774,NR5G-SA,CONNECT,TDD,CFE614000,-73,-5,19,15,0,0,0,0,0,0,100,0,-41,NR N78,27,94370.0,11.2,11482,nan,0,1.42,0.0000
1743764193.6981235,NR5G-SA,CONNECT,TDD,CFE614000,-73,-5,19,17,0,0,0,0,0,0,100,0,-46,NR N78,27,104840.0,12.5,12756,nan,0,1.44,0.0000
1743764194.8439248,NR5G-SA,CONNECT,TDD,CFE614000,-73,-5,20,17,0,0,0,0,0,0,100,0,-49,NR N78,27,104856.0,12.5,12757,nan,0,1.46,0.0000
1743764195.9451547,NR5G-SA,CONNECT,TDD,CFE614000,-73,-5,20,14,0,0,0,0,0,0,100,0,-49,NR N78,27,94390.0,11.2,11484,nan,0,1.47,0.0000
1743764197.03699,NR5G-SA,CONNECT,TDD,CFE614000,-73,-5,20,12,0,0,0,0,0,0,100,0,-47,NR N78,27,104842.0,12.5,12756,nan,0,1.47,0.0000
1743764198.1287851,NR5G-SA,CONNECT,TDD,CFE614000,-72,-5,20,12,0,0,0,0,0,0,100,0,-43,NR N78,27,94355.0,11.2,11480,nan,0,1.47,0.0000
1743764199.221812,NR5G-SA,CONNECT,TDD,CFE614000,-71,-4,20,14,0,0,0,0,0,0,100,0,-41,NR N78,27,104860.0,12.5,12758,nan,0,1.47,0.0000
1743764200.311979,NR5G-SA,CONNECT,TDD,CFE614000,-71,-4,20,14,0,0,0,0,0,0,100,0,-41,NR N78,27,104885.0,12.5,12761,nan,0,1.48,0.0000
1743764201.4167752,NR5G-SA,CONNECT,TDD,CFE614000,-70,-4,20,13,0,0,0,0,0,0,100,0,-42,NR N78,27,104854.0,12.5,12757,nan,0,1.51,0.0000
1743764202.5366492,NR5G-SA,CONNECT,TDD,CFE614000,-70,-4,20,13,0,0,0,0,0,0,100,0,-40,NR N78,27,94350.0,11.2,11479,nan,0,1.55,0.0000
1743764203.638431,NR5G-SA,CONNECT,TDD,CFE614000,-70,-4,20,13,0,0,0,0,0,0,100,0,-40,NR N78,27,104891.0,12.5,12762,nan,0,1.6,0.0000
1743764204.7216487,NR5G-SA,CONNECT,TDD,CFE614000,-70,-5,20,13,0,0,0,0,0,0,100,0,-41,NR N78,27,94364.0,11.2,11481,nan,0,1.67,0.0000
1743764205.8324883,NR5G-SA,CONNECT,TDD,CFE614000,-71,-5,20,12,0,0,0,0,0,0,100,0,-39,NR N78,27,104847.0,12.5,12756,nan,0,1.77,0.0000
1743764206.9278061,NR5G-SA,CONNECT,TDD,CFE614000,-71,-5,20,12,0,0,0,0,0,0,100,0,-48,NR N78,27,104873.0,12.5,12760,nan,0,1.89,0.0000
1743764208.0216558,NR5G-SA,CONNECT,TDD,CFE614000,-72,-5,20,12,0,0,0,0,0,0,100,0,-52,NR N78,27,94058.0,11.2,11444,nan,0,2.03,0.0000
1743764209.1152172,NR5G-SA,CONNECT,TDD,CFE614000,-72,-5,20,16,0,0,0,0,0,0,100,0,-45,NR N78,27,105209.0,12.5,12800,nan,0,2.21,0.0000
1743764210.2030826,NR5G-SA,CONNECT,TDD,CFE614000,-72,-5,20,16,0,0,0,0,0,0,100,0,-42,NR N78,27,94366.0,11.2,11481,nan,0,2.42,0.0000
1743764211.3024304,NR5G-SA,CONNECT,TDD,CFE614000,-72,-5,20,15,0,0,0,0,0,0,100,0,-42,NR N78,27,104859.0,12.5,12758,nan,0,2.67,0.0000
1743764212.3998165,NR5G-SA,CONNECT,TDD,CFE614000,-72,-5,20,15,0,0,0,0,0,0,100,0,-46,NR N78,27,104528.0,12.5,12718,nan,0,2.96,0.0000
1743764213.5000145,NR5G-SA,CONNECT,TDD,CFE614000,-73,-5,20,17,0,0,0,0,0,0,100,0,-47,NR N78,27,104911.0,12.5,12764,nan,0,3.09,0.0000
1743764214.5985723,NR5G-SA,CONNECT,TDD,CFE614000,-73,-5,20,17,0,0,0,0,0,0,100,0,-51,NR N78,27,94366.0,11.2,11481,nan,0,3.09,0.0000
1743764215.6936717,NR5G-SA,CONNECT,TDD,CFE614000,-74,-4,20,16,0,0,0,0,0,0,100,0,-53,NR N78,27,104852.0,12.5,12757,nan,0,3.09,0.0000
1743764216.7887416,NR5G-SA,CONNECT,TDD,CFE614000,-74,-4,20,16,0,0,0,0,0,0,100,0,-51,NR N78,27,94376.0,11.2,11482,nan,0,3.09,0.0000
1743764217.8873081,NR5G-SA,CONNECT,TDD,CFE614000,-74,-4,20,13,0,0,0,0,0,0,100,0,-51,NR N78,27,104842.0,12.5,12756,nan,0,3.09,0.0000
1743764218.9988592,NR5G-SA,CONNECT,TDD,CFE614000,-74,-4,20,20,0,0,0,0,0,0,100,0,-51,NR N78,27,104838.0,12.5,12755,nan,0,3.09,0.0000
1743764220.0881932,NR5G-SA,CONNECT,TDD,CFE614000,-75,-4,20,20,0,0,0,0,0,0,100,0,-57,NR N78,27,94395.0,11.2,11485,nan,0,3.09,0.0000
1743764221.1763682,NR5G-SA,CONNECT,TDD,CFE614000,-75,-5,19,21,0,0,0,0,0,0,100,0,-54,NR N78,27,104860.0,12.5,12758,nan,0,3.09,0.0000
1743764222.2722306,NR5G-SA,CONNECT,TDD,CFE614000,-76,-5,18,21,0,0,0,0,0,0,100,0,-59,NR N78,27,94359.0,11.2,11480,nan,0,3.09,0.0000
1743764223.368234,NR5G-SA,CONNECT,TDD,CFE614000,-76,-5,17,21,0,0,0,0,0,0,100,0,-62,NR N78,26,104890.0,12.5,12762,nan,0,3.09,0.0000
1743764224.4726295,NR5G-SA,CONNECT,TDD,CFE614000,-77,-6,16,21,0,0,0,0,0,0,100,0,-61,NR N78,26,94489.0,11.2,11496,nan,0,3.09,0.0000
1743764225.567795,NR5G-SA,CONNECT,TDD,CFE614000,-78,-6,15,21,0,0,0,0,0,0,100,0,-59,NR N78,26,104945.0,12.5,12768,nan,0,3.09,0.0000
1743764226.659003,NR5G-SA,CONNECT,TDD,CFE614000,-78,-6,15,21,0,0,0,0,0,0,100,0,-59,NR N78,26,94372.0,11.2,11482,nan,0,3.09,0.0000
1743764227.75113,NR5G-SA,CONNECT,TDD,CFE614000,-78,-6,14,21,0,0,0,0,0,0,100,0,-62,NR N78,27,104840.0,12.5,12756,nan,0,3.09,0.0000
1743764228.859137,NR5G-SA,CONNECT,TDD,CFE614000,-79,-6,13,21,0,0,0,0,0,0,100,0,-64,NR N78,27,104572.0,12.5,12723,nan,0,3.09,0.0000
1743764229.9635947,NR5G-SA,CONNECT,TDD,CFE614000,-80,-7,12,21,0,0,0,0,0,0,100,0,-63,NR N78,27,94648.0,11.2,11516,nan,0,3.09,0.0000
1743764231.0602987,NR5G-SA,CONNECT,TDD,CFE614000,-81,-7,10,21,0,0,0,0,0,0,100,0,-63,NR N78,25,94374.0,11.2,11482,nan,0,3.09,0.0000
1743764232.1586113,NR5G-SA,CONNECT,TDD,CFE614000,-81,-8,9,21,0,0,0,0,0,0,100,0,-65,NR N78,25,104806.0,12.5,12751,nan,0,3.09,0.0000
1743764233.260414,NR5G-SA,CONNECT,TDD,CFE614000,-82,-8,8,21,0,0,0,0,0,0,100,0,-67,NR N78,23,104919.0,12.5,12765,nan,0,3.09,0.0000
1743764234.3553407,NR5G-SA,CONNECT,TDD,CFE614000,-82,-8,8,21,0,0,0,0,0,0,100,0,-67,NR N78,23,94327.0,11.2,11476,nan,0,3.09,0.0000
1743764235.4406977,NR5G-SA,CONNECT,TDD,CFE614000,-83,-9,7,21,0,0,0,0,0,0,100,0,-64,NR N78,22,83875.0,10.0,10205,nan,0,3.09,0.0000
1743764236.5334725,NR5G-SA,CONNECT,TDD,CFE614000,-84,-9,6,21,0,0,0,0,0,0,100,0,-65,NR N78,22,83900.0,10.0,10208,nan,0,3.09,0.0000
1743764237.6349423,NR5G-SA,CONNECT,TDD,CFE614000,-85,-10,5,20,0,0,0,0,0,0,100,0,-62,NR N78,18,83871.0,10.0,10204,nan,0,3.09,0.0000
1743764238.7290504,NR5G-SA,CONNECT,TDD,CFE614000,-87,-11,4,20,0,0,0,0,0,0,100,0,-63,NR N78,18,62914.0,7.5,7655,nan,0,3.09,0.0000
1743764239.8258824,NR5G-SA,CONNECT,TDD,CFE614000,-91,-23,3,20,0,0,0,0,0,0,100,0,-140,NR N78,14,51997.0,6.25,6326,nan,0,3.09,0.0000
1743764240.9150162,NR5G-SA,CONNECT,TDD,CFE614000,-92,-22,2,20,0,0,0,0,0,0,100,0,-63,NR N78,16,63446.0,7.5,7719,nan,0,3.09,0.0000
1743764242.044935,NR5G-SA,CONNECT,TDD,CFE614000,-96,-33,1,20,0,0,0,0,0,0,100,0,-140,NR N78,16,52423.0,6.25,6378,nan,0,3.09,0.0000
1743764243.1460593,NR5G-SA,CONNECT,TDD,CFE614000,-103,-51,0,21,0,0,0,0,0,0,100,0,-140,NR N78,16,62921.0,7.5,7655,nan,0,3.09,0.0000
1743764244.2424753,NR5G-SA,CONNECT,TDD,CFE614000,-109,-66,-2,21,0,0,0,0,0,0,100,0,-140,NR N78,16,52419.0,6.25,6378,nan,0,3.09,0.0000
1743764245.346413,NR5G-SA,CONNECT,TDD,CFE614100,-73,-10,-5,21,0,0,0,0,0,0,100,1,-49,NR N78,16,41937.0,5.0,5102,nan,0,3.09,0.0000
1743764246.3868299,NR5G-SA,CONNECT,TDD,CFE614100,-73,-10,-5,21,0,0,0,0,0,0,100,0,-49,NR N78,16,31431.0,3.75,3719,nan,74,2.17,0.0000
1743764247.4854019,NR5G-SA,CONNECT,TDD,CFE614100,-73,-10,-2,3,0,0,0,0,0,0,100,0,-57,NR N78,20,94387.0,11.2,11484,nan,0,2.52,0.0000
1743764248.5900373,NR5G-SA,CONNECT,TDD,CFE614100,-74,-9,0,3,0,0,0,0,0,0,100,0,-56,NR N78,20,104850.0,12.5,12757,nan,0,2.67,0.0000
1743764249.6931803,NR5G-SA,CONNECT,TDD,CFE614100,-74,-9,1,9,0,0,0,0,0,0,100,0,-54,NR N78,27,94350.0,11.2,11479,nan,0,2.79,0.0000
1743764250.8079932,NR5G-SA,CONNECT,TDD,CFE614100,-75,-8,3,9,0,0,0,0,0,0,100,0,-56,NR N78,27,104887.0,12.5,12761,nan,0,2.88,0.0000
1743764251.9111624,NR5G-SA,CONNECT,TDD,CFE614100,-75,-8,4,5,0,0,0,0,0,0,100,0,-58,NR N78,27,104859.0,12.5,12758,nan,0,2.96,0.0000
1743764253.0142045,NR5G-SA,CONNECT,TDD,CFE614100,-76,-8,6,5,0,0,0,0,0,0,100,0,-56,NR N78,27,94383.0,11.2,11483,nan,0,3.01,0.0000
1743764254.161743,NR5G-SA,CONNECT,TDD,CFE614100,-76,-8,6,19,0,0,0,0,0,0,100,0,-56,NR N78,27,104853.0,12.5,12757,nan,0,3.01,0.0000
1743764255.262364,NR5G-SA,CONNECT,TDD,CFE614100,-76,-7,7,20,0,0,0,0,0,0,100,0,-57,NR N78,27,94358.0,11.2,11480,nan,0,3.01,0.0000
1743764256.3536956,NR5G-SA,CONNECT,TDD,CFE614100,-76,-7,9,20,0,0,0,0,0,0,100,0,-58,NR N78,27,101548.0,12.5,12355,nan,0,3.01,0.0000
1743764257.4475698,NR5G-SA,CONNECT,TDD,CFE614100,-77,-7,10,21,0,0,0,0,0,0,100,0,-62,NR N78,27,94646.0,11.2,11515,nan,0,3.01,0.0000
1743764258.7715027,NR5G-SA,CONNECT,TDD,CFE614100,-77,-7,11,21,0,0,0,0,0,0,100,0,-60,NR N78,27,94366.0,11.2,11481,nan,0,3.01,0.0000
1743764259.85127,NR5G-SA,CONNECT,TDD,CFE614100,-78,-6,12,21,0,0,0,0,0,0,100,0,-62,NR N78,27,104856.0,12.5,12756,nan,1,2.16,0.0000
1743764260.9370055,NR5G-SA,CONNECT,TDD,CFE614100,-78,-6,12,21,0,0,0,0,0,0,100,0,-63,NR N78,27,104850.0,12.5,12757,nan,0,2.28,0.0000
1743764262.0364356,NR5G-SA,CONNECT,TDD,CFE614100,-79,-6,13,21,0,0,0,0,0,0,100,0,-60,NR N78,27,94365.0,11.2,11481,nan,0,2.37,0.0000
1743764263.1464887,NR5G-SA,CONNECT,TDD,CFE614100,-79,-6,13,21,0,0,0,0,0,0,100,0,-60,NR N78,27,104870.0,12.5,12759,nan,0,2.44,0.0000
1743764264.2524817,NR5G-SA,CONNECT,TDD,CFE614100,-79,-6,14,21,0,0,0,0,0,0,100,0,-59,NR N78,27,104816.0,12.5,12753,nan,0,2.49,0.0000
1743764265.3626356,NR5G-SA,CONNECT,TDD,CFE614100,-79,-6,15,21,0,0,0,0,0,0,100,0,-61,NR N78,27,94413.0,11.2,11487,nan,0,2.52,0.0000
1743764266.4735482,NR5G-SA,CONNECT,TDD,CFE614100,-79,-6,16,21,0,0,0,0,0,0,100,0,-59,NR N78,27,94358.0,11.2,11480,nan,0,2.56,0.0000
1743764267.5707645,NR5G-SA,CONNECT,TDD,CFE614100,-79,-6,17,21,0,0,0,0,0,0,100,0,-54,NR N78,27,104865.0,12.5,12759,nan,0,2.56,0.0000
1743764268.6659217,NR5G-SA,CONNECT,TDD,CFE614100,-79,-5,17,21,0,0,0,0,0,0,100,0,-51,NR N78,27,94382.0,11.2,11483,nan,0,2.56,0.0000
1743764269.7301369,NR5G-SA,CONNECT,TDD,CFE614100,-78,-5,18,20,0,0,0,0,0,0,100,0,-50,NR N78,27,104849.0,12.5,12757,nan,0,2.56,0.0000
1743764270.819147,NR5G-SA,CONNECT,TDD,CFE614100,-78,-5,18,20,0,0,0,0,0,0,100,0,-50,NR N78,27,104870.0,12.5,12759,nan,0,2.56,0.0000
1743764271.911955,NR5G-SA,CONNECT,TDD,CFE614100,-78,-5,19,20,0,0,0,0,0,0,100,0,-56,NR N78,27,94362.0,11.2,11481,nan,0,2.57,0.0000
1743764273.010035,NR5G-SA,CONNECT,TDD,CFE614100,-78,-4,20,20,0,0,0,0,0,0,100,0,-48,NR N78,27,104867.0,12.5,12759,nan,0,2.59,0.0000
1743764274.1029868,NR5G-SA,CONNECT,TDD,CFE614100,-78,-4,21,21,0,0,0,0,0,0,100,0,-52,NR N78,27,94369.0,11.2,11482,nan,0,2.62,0.0000
1743764275.194935,NR5G-SA,CONNECT,TDD,CFE614100,-79,-4,21,21,0,0,0,0,0,0,100,0,-54,NR N78,27,104860.0,12.5,12758,nan,0,2.66,0.0000
1743764276.2859807,NR5G-SA,CONNECT,TDD,CFE614100,-79,-3,21,21,0,0,0,0,0,0,100,0,-59,NR N78,27,104858.0,12.5,12758,nan,0,2.73,0.0000
1743764277.3834379,NR5G-SA,CONNECT,TDD,CFE614100,-79,-3,22,21,0,0,0,0,0,0,100,0,-57,NR N78,27,94366.0,11.2,11481,nan,0,2.81,0.0000
1743764278.487234,NR5G-SA,CONNECT,TDD,CFE614100,-79,-3,22,21,0,0,0,0,0,0,100,0,-57,NR N78,27,104531.0,12.5,12718,nan,0,3.03,0.0000
1743764279.582228,NR5G-SA,CONNECT,TDD,CFE614100,-79,-3,22,21,0,0,0,0,0,0,100,0,-54,NR N78,27,94633.0,11.2,11514,nan,0,3.03,0.0000
1743764280.6678724,NR5G-SA,CONNECT,TDD,CFE614100,-79,-3,22,21,0,0,0,0,0,0,100,0,-56,NR N78,27,104881.0,12.5,12761,nan,0,3.03,0.0000
1743764281.7649262,NR5G-SA,CONNECT,TDD,CFE614100,-79,-3,21,21,0,0,0,0,0,0,100,0,-60,NR N78,27,94375.0,11.2,11482,nan,0,3.03,0.0000
1743764282.8653924,NR5G-SA,CONNECT,TDD,CFE614100,-79,-3,20,21,0,0,0,0,0,0,100,0,-60,NR N78,27,104866.0,12.5,12759,nan,0,3.03,0.0000
1743764283.9539216,NR5G-SA,CONNECT,TDD,CFE614100,-80,-3,20,21,0,0,0,0,0,0,100,0,-63,NR N78,27,94366.0,11.2,11481,nan,0,3.03,0.0000
1743764285.0389814,NR5G-SA,CONNECT,TDD,CFE614100,-80,-3,20,21,0,0,0,0,0,0,100,0,-63,NR N78,27,104864.0,12.5,12758,nan,0,3.03,0.0000
1743764286.1311765,NR5G-SA,CONNECT,TDD,CFE614100,-80,-3,20,21,0,0,0,0,0,0,100,0,-63,NR N78,27,104856.0,12.5,12757,nan,0,3.03,0.0000
1743764287.2105234,NR5G-SA,CONNECT,TDD,CFE614100,-80,-3,20,21,0,0,0,0,0,0,100,0,-62,NR N78,27,94363.0,11.2,11481,nan,0,3.03,0.0000
1743764288.3001647,NR5G-SA,CONNECT,TDD,CFE614100,-80,-3,20,21,0,0,0,0,0,0,100,0,-64,NR N78,27,104869.0,12.5,12759,nan,0,3.03,0.0000
1743764289.3899136,NR5G-SA,CONNECT,TDD,CFE614100,-80,-3,20,21,0,0,0,0,0,0,100,0,-63,NR N78,27,94350.0,11.2,11479,nan,0,3.03,0.0000
1743764290.482084,NR5G-SA,CONNECT,TDD,CFE614100,-80,-3,20,21,0,0,0,0,0,0,100,0,-60,NR N78,27,94369.0,11.2,11482,nan,0,3.03,0.0000
1743764291.569127,NR5G-SA,CONNECT,TDD,CFE614100,-80,-3,20,21,0,0,0,0,0,0,100,0,-60,NR N78,27,104856.0,12.5,12757,nan,0,3.03,0.0000
1743764292.6604564,NR5G-SA,CONNECT,TDD,CFE614100,-80,-3,20,21,0,0,0,0,0,0,100,0,-59,NR N78,27,104847.0,12.5,12756,nan,0,3.03,0.0000
1743764293.7525704,NR5G-SA,CONNECT,TDD,CFE614100,-80,-3,21,21,0,0,0,0,0,0,100,0,-59,NR N78,27,94400.0,11.2,11485,nan,0,3.03,0.0000
1743764294.8416235,NR5G-SA,CONNECT,TDD,CFE614100,-80,-3,21,21,0,0,0,0,0,0,100,0,-56,NR N78,27,104826.0,12.5,12754,nan,0,3.03,0.0000
1743764295.9496796,NR5G-SA,CONNECT,TDD,CFE614100,-80,-3,22,21,0,0,0,0,0,0,100,0,-58,NR N78,27,94383.0,11.2,11483,nan,0,3.03,0.0000
1743764297.0449111,NR5G-SA,CONNECT,TDD,CFE614100,-80,-2,22,21,0,0,0,0,0,0,100,0,-59,NR N78,27,104861.0,12.5,12758,nan,0,3.03,0.0000
1743764298.151556,NR5G-SA,CONNECT,TDD,CFE614100,-80,-3,22,21,0,0,0,0,0,0,100,0,-59,NR N78,27,104872.0,12.5,12759,nan,0,3.03,0.0000
1743764299.2515247,NR5G-SA,CONNECT,TDD,CFE614100,-80,-3,22,21,0,0,0,0,0,0,100,0,-63,NR N78,27,94356.0,11.2,11479,nan,1,2.13,0.0000
1743764300.3530667,NR5G-SA,CONNECT,TDD,CFE614100,-80,-2,22,21,0,0,0,0,0,0,100,0,-61,NR N78,27,104859.0,12.5,12758,nan,0,2.32,0.0000
1743764301.448704,NR5G-SA,CONNECT,TDD,CFE614100,-80,-2,22,21,0,0,0,0,0,0,100,0,-61,NR N78,27,104843.0,12.5,12756,nan,0,2.64,0.0000
1743764302.5753431,NR5G-SA,CONNECT,TDD,CFE614100,-80,-3,22,21,0,0,0,0,0,0,100,0,-61,NR N78,27,94352.0,11.2,11479,nan,0,2.75,0.0000
1743764303.6670043,NR5G-SA,CONNECT,TDD,CFE614100,-80,-3,22,21,0,0,0,0,0,0,100,0,-62,NR N78,27,104895.0,12.5,12762,nan,0,2.84,0.0000
1743764304.7636063,NR5G-SA,CONNECT,TDD,CFE614100,-80,-3,22,21,0,0,0,0,0,0,100,0,-59,NR N78,27,104853.0,12.5,12757,nan,0,2.91,0.0000
1743764305.8694534,NR5G-SA,CONNECT,TDD,CFE614100,-80,-3,22,21,0,0,0,0,0,0,100,0,-60,NR N78,27,94366.0,11.2,11481,nan,0,2.96,0.0000
1743764306.969124,NR5G-SA,CONNECT,TDD,CFE614100,-80,-3,22,21,0,0,0,0,0,0,100,0,-58,NR N78,27,104873.0,12.5,12760,nan,0,3.0,0.0000
1743764308.1023278,NR5G-SA,CONNECT,TDD,CFE614100,-80,-3,22,21,0,0,0,0,0,0,100,0,-62,NR N78,27,94358.0,11.2,11480,nan,0,3.01,0.0000
1743764309.1966903,NR5G-SA,CONNECT,TDD,CFE614100,-80,-3,22,21,0,0,0,0,0,0,100,0,-62,NR N78,27,104835.0,12.5,12755,nan,0,3.01,0.0000
1743764310.2856576,NR5G-SA,CONNECT,TDD,CFE614100,-80,-3,21,21,0,0,0,0,0,0,100,0,-65,NR N78,27,104794.0,12.5,12750,nan,0,3.01,0.0000
1743764311.3831935,NR5G-SA,CONNECT,TDD,CFE614100,-80,-2,21,21,0,0,0,0,0,0,100,0,-66,NR N78,27,94452.0,11.2,11492,nan,0,3.01,0.0000
1743764312.5035708,NR5G-SA,CONNECT,TDD,CFE614100,-80,-2,20,21,0,0,0,0,0,0,100,0,-64,NR N78,27,94352.0,11.2,11479,nan,0,3.01,0.0000
1743764313.6172822,NR5G-SA,CONNECT,TDD,CFE614100,-80,-2,20,21,0,0,0,0,0,0,100,0,-63,NR N78,27,104903.0,12.5,12763,nan,0,3.01,0.0000
1743764314.7158542,NR5G-SA,CONNECT,TDD,CFE614100,-80,-2,20,21,0,0,0,0,0,0,100,0,-65,NR N78,27,104201.0,12.5,12678,nan,0,3.01,0.0000
1743764315.8209448,NR5G-SA,CONNECT,TDD,CFE614100,-80,-2,20,21,0,0,0,0,0,0,100,0,-65,NR N78,27,94958.0,11.2,11553,nan,0,3.01,0.0000
1743764316.9452956,NR5G-SA,CONNECT,TDD,CFE614100,-80,-2,20,21,0,0,0,0,0,0,100,0,-65,NR N78,27,104862.0,12.5,12758,nan,0,3.01,0.0000
1743764318.0492005,NR5G-SA,CONNECT,TDD,CFE614100,-81,-2,19,21,0,0,0,0,0,0,100,0,-64,NR N78,27,94363.0,11.2,11481,nan,0,3.01,0.0000
1743764319.1534507,NR5G-SA,CONNECT,TDD,CFE614100,-81,-3,20,21,0,0,0,0,0,0,100,0,-63,NR N78,27,104877.0,12.5,12760,nan,0,3.01,0.0000
1743764320.2567184,NR5G-SA,CONNECT,TDD,CFE614100,-81,-3,19,21,0,0,0,0,0,0,100,0,-62,NR N78,27,104282.0,12.5,12688,nan,0,3.01,0.0000
1743764321.3622746,NR5G-SA,CONNECT,TDD,CFE614100,-81,-3,19,21,0,0,0,0,0,0,100,0,-66,NR N78,27,94885.0,11.2,11544,nan,0,3.01,0.0000
1743764322.455525,NR5G-SA,CONNECT,TDD,CFE614100,-81,-2,19,21,0,0,0,0,0,0,100,0,-66,NR N78,27,94371.0,11.2,11482,nan,0,3.01,0.0000
1743764323.5530796,NR5G-SA,CONNECT,TDD,CFE614100,-81,-2,20,21,0,0,0,0,0,0,100,0,-64,NR N78,27,104862.0,12.5,12758,nan,0,3.01,0.0000
1743764325.85753,NR5G-SA,CONNECT,TDD,CFE614100,-80,-2,20,16,0,0,0,0,0,0,100,0,-64,NR N78,27,39706.0,11.2,4831,nan,0,3.01,0.0000
1743764326.9708345,NR5G-SA,CONNECT,TDD,CFE614100,-80,-2,20,16,0,0,0,0,0,0,100,0,-66,NR N78,27,151437.0,11.2,17575,nan,596,2.05,0.0000
1743764328.078122,NR5G-SA,CONNECT,TDD,CFE614100,-80,-2,20,21,0,0,0,0,0,0,100,0,-63,NR N78,27,125823.0,15.0,15308,nan,0,2.18,0.0000
1743764329.165747,NR5G-SA,CONNECT,TDD,CFE614100,-80,-2,20,21,0,0,0,0,0,0,100,0,-62,NR N78,27,94374.0,11.2,11482,nan,0,2.29,0.0000
1743764330.2541437,NR5G-SA,CONNECT,TDD,CFE614100,-80,-2,21,20,0,0,0,0,0,0,100,0,-61,NR N78,27,104838.0,12.5,12755,nan,0,2.38,0.0000
1743764331.3260026,NR5G-SA,CONNECT,TDD,CFE614100,-80,-2,21,17,0,0,0,0,0,0,100,0,-64,NR N78,27,104888.0,12.5,12760,nan,1,1.71,0.0000
1743764332.3995166,NR5G-SA,CONNECT,TDD,CFE614100,-80,-2,21,17,0,0,0,0,0,0,100,0,-64,NR N78,27,94368.0,11.2,11481,nan,0,1.81,0.0000
1743764333.4993956,NR5G-SA,CONNECT,TDD,CFE614100,-80,-2,21,21,0,0,0,0,0,0,100,0,-64,NR N78,27,94361.0,11.2,11481,nan,0,1.95,0.0000
1743764334.593892,NR5G-SA,CONNECT,TDD,CFE614100,-80,-2,21,21,0,0,0,0,0,0,100,0,-65,NR N78,27,104865.0,12.5,12759,nan,0,2.0,0.0000
1743764335.6843646,NR5G-SA,CONNECT,TDD,CFE614100,-79,-1,21,21,0,0,0,0,0,0,100,0,-64,NR N78,26,104835.0,12.5,12755,nan,0,2.03,0.0000
1743764336.779108,NR5G-SA,CONNECT,TDD,CFE614100,-80,-1,21,21,0,0,0,0,0,0,100,0,-65,NR N78,26,94387.0,11.2,11484,nan,0,2.05,0.0000
1743764337.8783994,NR5G-SA,CONNECT,TDD,CFE614100,-80,-2,21,21,0,0,0,0,0,0,100,0,-65,NR N78,27,104871.0,12.5,12759,nan,0,2.05,0.0000
1743764338.9673438,NR5G-SA,CONNECT,TDD,CFE614100,-80,-1,21,21,0,0,0,0,0,0,100,0,-65,NR N78,27,94363.0,11.2,11481,nan,0,2.06,0.0000
1743764340.049584,NR5G-SA,CONNECT,TDD,CFE614100,-80,-1,21,21,0,0,0,0,0,0,100,0,-68,NR N78,27,104866.0,12.5,12759,nan,0,2.06,0.0000
1743764341.1435215,NR5G-SA,CONNECT,TDD,CFE614100,-80,-1,21,21,0,0,0,0,0,0,100,0,-68,NR N78,27,94375.0,11.2,11482,nan,0,2.06,0.0000
1743764342.2704835,NR5G-SA,CONNECT,TDD,CFE614100,-80,-1,20,20,0,0,0,0,0,0,100,0,-68,NR N78,27,104847.0,12.5,12756,nan,0,2.06,0.0000
1743764343.3715022,NR5G-SA,CONNECT,TDD,CFE614100,-80,-1,20,21,0,0,0,0,0,0,100,0,-68,NR N78,26,104857.0,12.5,12758,nan,0,2.07,0.0000
1743764344.4691644,NR5G-SA,CONNECT,TDD,CFE614100,-81,-1,20,21,0,0,0,0,0,0,100,0,-67,NR N78,26,104804.0,12.5,12751,nan,0,2.13,0.0000
1743764345.5577753,NR5G-SA,CONNECT,TDD,CFE614100,-81,-1,20,21,0,0,0,0,0,0,100,0,-67,NR N78,27,94424.0,11.2,11488,nan,0,2.18,0.0000
1743767374.494722,NR5G-SA,CONNECT,TDD,DE3B0B093,-74,-3,1,20,-75,-8,0,-75,-8,0,100,0,-57,NR N78,25,75562.0,9.01,9193,nan,0,549.0,0.0000
1743767375.5598705,NR5G-SA,CONNECT,TDD,DE3B0B093,-74,-3,1,20,-75,-6,0,-75,-6,0,100,0,-58,NR N78,25,97767.0,11.7,11895,nan,0,1.06,0.0000
1743767376.6519926,NR5G-SA,CONNECT,TDD,DE3B0B093,-74,-3,0,20,-75,-5,0,-75,-5,0,100,0,-58,NR N78,26,94202.0,11.2,11461,nan,0,1.58,0.0000
1743767377.6923935,NR5G-SA,CONNECT,TDD,DE3B0B093,-75,-4,0,20,-75,-4,0,-75,-4,0,100,0,-58,NR N78,26,83886.0,10.0,10206,nan,0,2.08,0.0000
1743767378.8151467,NR5G-SA,CONNECT,TDD,DE3B0B093,-75,-4,0,20,-75,-4,0,-75,-4,0,100,0,-58,NR N78,26,83884.0,10.0,10206,nan,0,2.6,0.0000
1743767379.9040747,NR5G-SA,CONNECT,TDD,DE3B0B093,-75,-4,0,20,-75,-4,0,-75,-4,0,100,0,-58,NR N78,26,83886.0,10.0,10206,nan,0,3.12,0.0000
1743767380.9937415,NR5G-SA,CONNECT,TDD,DE3B0B093,-75,-3,0,20,-75,-4,0,-75,-4,0,100,0,-59,NR N78,26,83880.0,10.0,10205,nan,0,3.13,0.0000
1743767382.0930867,NR5G-SA,CONNECT,TDD,DE3B0B093,-75,-4,1,20,-76,-5,-1,-76,-5,-1,100,0,-57,NR N78,26,83886.0,10.0,10206,nan,0,3.13,0.0000
1743767383.1615345,NR5G-SA,CONNECT,TDD,DE3B0B093,-75,-3,1,20,-76,-5,-1,-76,-5,-1,100,0,-58,NR N78,25,83896.0,10.0,10207,nan,0,3.13,0.0000
1743767384.2240598,NR5G-SA,CONNECT,TDD,DE3B0B093,-74,-3,1,20,-76,-5,0,-76,-5,0,100,0,-57,NR N78,25,73390.0,8.75,8929,nan,0,3.13,0.0000
1743767385.3202064,NR5G-SA,CONNECT,TDD,DE3B0B093,-75,-3,1,20,-76,-5,-1,-76,-5,-1,100,0,-58,NR N78,25,83891.0,10.0,10207,nan,0,3.13,0.0000
1743767386.4061282,NR5G-SA,CONNECT,TDD,DE3B0B093,-75,-3,1,20,-76,-4,-1,-76,-4,-1,100,0,-59,NR N78,24,73400.0,8.75,8930,nan,0,3.13,0.0000
1743767387.501042,NR5G-SA,CONNECT,TDD,DE3B0B093,-75,-3,0,20,-76,-4,0,-76,-4,0,100,0,-59,NR N78,24,62920.0,7.5,7655,nan,0,3.13,0.0000
1743767664.2491577,NR5G-SA,NOCONN,TDD,DE3B0B093,-75,-3,0,10,0,0,0,0,0,0,100,1,-59,NR N78,25,nan,nan,nan,nan,nan,nan,nan
1743767665.3522913,NR5G-SA,CONNECT,TDD,DE3B0B093,-75,-3,0,10,0,0,0,0,0,0,20,0,-59,NR N78,25,nan,nan,nan,nan,nan,nan,nan
1743767666.4362965,NR5G-SA,CONNECT,TDD,DE3B0B093,-75,-3,0,20,-75,-3,0,-75,-3,0,100,0,-58,NR N78,25,18280.0,2.18,2224,nan,0,124.0,0.0000
1743767667.5413468,NR5G-SA,CONNECT,TDD,DE3B0B093,-75,-3,0,20,-75,-3,0,-75,-3,0,100,0,-59,NR N78,25,90517.0,10.8,11013,nan,0,974.0,0.0000
1743767668.622953,NR5G-SA,CONNECT,TDD,DE3B0B093,-76,-3,0,20,-76,-3,0,-76,-3,0,100,0,-59,NR N78,25,82268.0,9.81,10009,nan,0,1.41,0.0000
1743767669.7190747,NR5G-SA,CONNECT,TDD,DE3B0B093,-76,-4,0,20,-76,-4,0,-76,-4,0,100,0,-59,NR N78,25,83891.0,10.0,10207,nan,0,1.91,0.0000
1743767670.8250096,NR5G-SA,CONNECT,TDD,DE3B0B093,-76,-4,0,20,-76,-3,0,-76,-3,0,100,0,-59,NR N78,25,83888.0,10.0,10206,nan,0,2.42,0.0000
1743767671.9661298,NR5G-SA,CONNECT,TDD,DE3B0B093,-76,-3,0,20,-75,-3,0,-75,-3,0,100,0,-58,NR N78,25,83867.0,10.0,10204,nan,0,2.94,0.0000
1743767673.0591943,NR5G-SA,CONNECT,TDD,DE3B0B093,-74,-3,1,20,-76,-5,-1,-76,-5,-1,100,0,-57,NR N78,25,83572.0,10.0,10168,nan,0,3.16,0.0000
1743767674.1979778,NR5G-SA,CONNECT,TDD,DE3B0B093,-75,-3,1,20,-77,-4,-1,-77,-4,-1,100,0,-59,NR N78,25,73682.0,8.75,8965,nan,0,3.16,0.0000
1743767675.2951922,NR5G-SA,CONNECT,TDD,DE3B0B093,-77,-3,2,20,-77,-4,0,-77,-4,0,100,0,-61,NR N78,25,83876.0,10.0,10205,nan,0,3.16,0.0000
1743767676.3781362,NR5G-SA,CONNECT,TDD,DE3B0B093,-75,-2,5,11,-79,-5,-1,-79,-5,-1,100,0,-63,NR N78,25,0.0,0.0,0,nan,0,3.16,0.0000
1743767681.5332034,NR5G-SA,CONNECT,TDD,DE3B0B093,-74,-2,6,13,-79,-6,-2,-79,-6,-2,20,0,-57,NR N78,25,52413.0,6.25,5750,nan,440,2.25,0.0001
1743767682.6168697,NR5G-SA,CONNECT,TDD,DE3B0B093,-73,-2,4,20,-77,-5,-2,-77,-5,-2,100,0,-58,NR N78,19,62928.0,7.5,7656,nan,0,2.46,0.0000
1743767683.6954641,NR5G-SA,CONNECT,TDD,DE3B0B093,-74,-2,4,20,-77,-5,-1,-77,-5,-1,100,0,-59,NR N78,19,73409.0,8.75,8931,nan,0,2.63,0.0000
1743767684.7741287,NR5G-SA,CONNECT,TDD,DE3B0B093,-73,-1,7,20,-80,-5,0,-80,-5,0,100,0,-57,NR N78,21,52422.0,6.25,6378,nan,0,2.77,0.0000
1743767685.864299,NR5G-SA,CONNECT,TDD,DE3B0B093,-72,-1,9,20,-79,-6,1,-79,-6,1,100,0,-56,NR N78,21,73403.0,8.75,8931,nan,0,2.88,0.0000
1743767686.9795678,NR5G-SA,CONNECT,TDD,DE3B0B093,-74,-2,7,20,-80,-6,0,-80,-6,0,100,0,-61,NR N78,20,52425.0,6.25,6378,nan,0,2.97,0.0000
1743767688.0820467,NR5G-SA,NOCONN,TDD,DE3B0B093,-80,-2,2,-3,-76,0,11,-76,0,11,100,0,-64,NR N78,26,0.0,0.0,-1,nan,1,3.02,0.0000
1743767700.1998267,NR5G-SA,CONNECT,TDD,DE3B0B093,-80,-2,2,-3,-80,-5,0,-80,-5,0,20,0,-61,NR N78,26,49081.0,6.25,4539,nan,1005,2.29,0.0002
1743767701.6948323,NR5G-SA,CONNECT,TDD,DE3B0B093,-78,-2,4,20,-80,-4,0,-80,-4,0,100,0,-62,NR N78,20,67544.0,7.5,8218,nan,0,2.54,0.0000
1743767702.7834156,NR5G-SA,CONNECT,TDD,DE3B0B093,-79,-3,2,20,-79,-3,1,-79,-3,1,100,0,-63,NR N78,20,62910.0,7.5,7654,nan,0,2.71,0.0000
1743767703.8707776,NR5G-SA,CONNECT,TDD,DE3B0B093,-79,-4,0,20,-78,-3,1,-78,-3,1,100,0,-61,NR N78,21,71213.0,8.75,8664,nan,0,2.85,0.0000
1743767704.981081,NR5G-SA,CONNECT,TDD,CFE10C08F,-76,-3,1,20,-84,-8,-5,-84,-8,-5,100,1,-63,NR N78,21,31467.0,3.75,3828,nan,0,3.04,0.0000
1743767706.6158774,NR5G-SA,CONNECT,TDD,CFE10C08F,-77,-4,1,20,-80,-6,-2,-80,-6,-2,100,0,-62,NR N78,18,41935.0,5.0,5102,nan,0,3.04,0.0000
1743767707.6975532,NR5G-SA,CONNECT,TDD,CFE10C08F,-78,-5,-2,20,-73,-3,3,-73,-3,3,100,0,-53,NR N78,18,41950.0,5.0,5104,nan,0,3.04,0.0000
1743767708.7862945,NR5G-SA,CONNECT,TDD,DE3B0B093,-67,-3,3,20,-70,-5,-3,-70,-5,-3,100,1,-54,NR N78,18,80100.0,11.2,9746,nan,0,3.04,0.0000
1743767709.881035,NR5G-SA,CONNECT,TDD,DE3B0B093,-68,-3,4,20,-72,-7,-4,-72,-7,-4,100,0,-57,NR N78,23,102069.0,10.0,12418,nan,0,3.04,0.0000
1743767710.9584563,NR5G-SA,CONNECT,TDD,DE3B0B093,-70,-2,5,20,-77,-4,-1,-77,-4,-1,100,0,-58,NR N78,23,73403.0,8.75,8931,nan,0,3.04,0.0000
1743767712.0636935,NR5G-SA,CONNECT,TDD,DE3B0B093,-71,-2,5,20,-77,-6,-1,-77,-6,-1,100,0,-61,NR N78,23,73401.0,8.75,8930,nan,0,3.04,0.0000
1743767713.1586227,NR5G-SA,CONNECT,TDD,DE3B0B093,-69,-2,4,20,-72,-4,0,-72,-4,0,100,0,-48,NR N78,23,73398.0,8.75,8930,nan,0,3.04,0.0000
1743767714.2605462,NR5G-SA,CONNECT,TDD,DE3B0B093,-63,-1,7,20,0,0,0,0,0,0,100,0,-38,NR N78,25,83874.0,10.0,10205,nan,0,3.04,0.0000
1743767715.3617525,NR5G-SA,CONNECT,TDD,DE3B0B093,-63,-1,7,20,-67,-4,2,-67,-4,2,100,0,-53,NR N78,25,104878.0,12.5,12760,nan,0,3.04,0.0000
1743767716.4425983,NR5G-SA,CONNECT,TDD,DE3B0B093,-69,-4,2,20,-68,-4,2,-68,-4,2,100,0,-52,NR N78,26,83640.0,7.5,10176,nan,0,3.04,0.0000
1743767717.6577697,NR5G-SA,CONNECT,TDD,DE3B0B093,-67,-3,4,20,-69,-5,0,-69,-5,0,100,0,-50,NR N78,26,94379.0,11.2,11483,nan,0,3.04,0.0000
1743767718.7022388,NR5G-SA,CONNECT,TDD,DE3B0B093,-65,-2,4,20,-68,-6,0,-68,-6,0,100,0,-44,NR N78,25,94366.0,11.2,11481,nan,0,3.04,0.0000
1743767719.7893636,NR5G-SA,CONNECT,TDD,DE3B0B093,-65,-3,3,20,-67,-5,-1,-67,-5,-1,100,0,-50,NR N78,26,83888.0,10.0,10206,nan,0,3.04,0.0000
1743767720.8907824,NR5G-SA,CONNECT,TDD,DE3B0B093,-64,-2,7,20,-78,-17,-3,-78,-17,-3,100,0,-49,NR N78,26,94368.0,11.2,11481,nan,0,3.04,0.0000
1743767722.00922,NR5G-SA,CONNECT,TDD,DE3B0B093,-65,-2,6,20,-76,-13,-1,-76,-13,-1,100,0,-50,NR N78,26,83889.0,10.0,10206,nan,0,3.04,0.0000
1743767723.1119385,NR5G-SA,CONNECT,TDD,DE3B0B093,-62,-2,7,20,-73,-12,0,-73,-12,0,100,0,-42,NR N78,26,94364.0,11.2,11481,nan,0,3.04,0.0000
1743767724.2153528,NR5G-SA,CONNECT,TDD,DE3B0B093,-61,-2,9,20,-71,-10,0,-71,-10,0,100,0,-51,NR N78,27,104707.0,12.5,12739,nan,0,3.04,0.0000
1743767725.3157578,NR5G-SA,CONNECT,TDD,DE3B0B093,-65,-2,6,20,-72,-8,-1,-72,-8,-1,100,0,-52,NR N78,27,84007.0,10.0,10221,nan,0,3.04,0.0000
1743767726.4066198,NR5G-SA,CONNECT,TDD,DE3B0B093,-67,-2,5,20,-76,-11,-2,-76,-11,-2,100,0,-56,NR N78,25,82797.0,10.0,10074,nan,0,3.04,0.0000
1743767727.5035849,NR5G-SA,CONNECT,TDD,DE3B0B093,-70,-3,3,20,-73,-7,0,-73,-7,0,100,0,-54,NR N78,25,83866.0,10.0,10204,nan,0,3.04,0.0000
1743767728.5996997,NR5G-SA,CONNECT,TDD,DE3B0B093,-71,-3,5,20,-75,-6,0,-75,-6,0,100,0,-60,NR N78,25,73393.0,8.75,8929,nan,0,3.04,0.0000
1743767729.6963603,NR5G-SA,CONNECT,TDD,DE3B0B093,-69,-2,8,20,-78,-7,2,-78,-7,2,100,0,-53,NR N78,25,83893.0,10.0,10207,nan,0,3.04,0.0000
1743767730.7926216,NR5G-SA,CONNECT,TDD,DE3B0B093,-71,-2,7,20,-80,-10,0,-80,-10,0,100,0,-57,NR N78,25,83898.0,10.0,10208,nan,0,3.04,0.0000
1743767731.8868523,NR5G-SA,CONNECT,TDD,DE3B0B093,-68,-2,7,20,-78,-11,-1,-78,-11,-1,100,0,-49,NR N78,25,93747.0,11.2,11406,nan,0,3.04,0.0000
1743767732.9830425,NR5G-SA,CONNECT,TDD,DE3B0B093,-66,-3,4,20,-69,-7,0,-69,-7,0,100,0,-49,NR N78,25,84434.0,10.0,10273,nan,0,3.04,0.0000
1743767734.087497,NR5G-SA,CONNECT,TDD,DE3B0B093,-63,-2,6,20,-68,-7,0,-68,-7,0,100,0,-48,NR N78,26,83877.0,10.0,10205,nan,0,3.04,0.0000
1743767735.1889954,NR5G-SA,CONNECT,TDD,DE3B0B093,-60,-1,9,20,-68,-9,0,-68,-9,0,100,0,-46,NR N78,26,94401.0,11.2,11485,nan,0,3.04,0.0000
1743767736.2790108,NR5G-SA,CONNECT,TDD,DE3B0B093,-64,-1,10,20,-76,-12,-1,-76,-12,-1,100,0,-59,NR N78,26,94363.0,11.2,11481,nan,0,3.04,0.0000
1743767737.373946,NR5G-SA,CONNECT,TDD,DE3B0B093,-70,-2,9,20,-80,-10,3,-80,-10,3,100,0,-59,NR N78,26,73407.0,8.75,8931,nan,0,3.04,0.0000
1743767738.4681842,NR5G-SA,CONNECT,TDD,DE3B0B093,-74,-2,8,20,-84,-10,3,-84,-10,3,100,0,-65,NR N78,20,62924.0,7.5,7656,nan,0,3.04,0.0000
1743767739.5806174,NR5G-SA,CONNECT,TDD,DE3B0B093,-77,-2,8,20,-89,-13,2,-89,-13,2,100,0,-59,NR N78,20,41931.0,5.0,5102,nan,0,3.04,0.0000
1743767740.681894,NR5G-SA,CONNECT,TDD,DE3B0B093,-78,-2,8,20,-89,-12,0,-89,-12,0,100,0,-64,NR N78,18,52445.0,6.25,6381,nan,0,3.04,0.0000
1743767741.7679274,NR5G-SA,CONNECT,TDD,DE3B0B093,-77,-2,10,20,-92,-15,0,-92,-15,0,100,0,-61,NR N78,18,52419.0,6.25,6378,nan,0,3.04,0.0000
1743767742.9068336,NR5G-SA,CONNECT,TDD,DE3B0B093,-76,-2,11,20,-95,-20,-3,-95,-20,-3,100,0,-63,NR N78,18,62925.0,7.5,7656,nan,0,3.04,0.0000
1743767744.0339732,NR5G-SA,CONNECT,TDD,DE3B0B093,-77,-2,11,20,-95,-19,-1,-95,-19,-1,100,0,-62,NR N78,19,52431.0,6.25,6379,nan,0,3.04,0.0000
1743767745.1083906,NR5G-SA,CONNECT,TDD,DE3B0B093,-78,-2,11,20,0,0,0,0,0,0,100,0,-63,NR N78,19,52432.0,6.25,6379,nan,0,3.04,0.0000
1743767746.2132936,NR5G-SA,CONNECT,TDD,DE3B0B093,-85,-3,9,20,0,0,0,0,0,0,100,0,-80,NR N78,17,52414.0,6.25,6377,nan,0,3.04,0.0000
1743767747.3090644,NR5G-SA,CONNECT,TDD,DE3B0B093,-97,-7,3,20,0,0,0,0,0,0,100,0,-83,NR N78,17,10439.0,1.25,1270,nan,0,3.04,0.0000
1743767748.4162376,NR5G-SA,CONNECT,TDD,DE3B0B093,-100,-8,2,21,0,0,0,0,0,0,100,0,-81,NR N78,8,0.0,0.0,0,nan,0,3.04,0.0000
1743767749.5110142,NR5G-SA,CONNECT,TDD,DE3B0B093,-100,-8,2,21,0,0,0,0,0,0,100,0,-81,NR N78,8,0.0,0.0,0,nan,0,3.04,0.0000
1743767750.6083941,NR5G-SA,CONNECT,TDD,DE3B0B093,-100,-8,2,18,0,0,0,0,0,0,100,0,-81,NR N78,12,0.0,0.0,0,nan,0,3.04,0.0000
1743767751.7391114,NR5G-SA,CONNECT,TDD,DE3B0B093,-103,-10,0,18,0,0,0,0,0,0,100,0,-80,NR N78,12,0.0,0.0,0,nan,0,3.04,0.0000
1743767752.8196757,NR5G-SA,CONNECT,TDD,DE3B0B093,-105,-11,0,18,-111,-22,0,-111,-22,0,100,0,-80,NR N78,10,0.0,0.0,0,nan,0,3.04,0.0000
1743767753.915069,NR5G-SA,CONNECT,TDD,DE3B0B093,-106,-11,-1,21,0,0,0,0,0,0,100,0,-83,NR N78,8,0.0,0.0,0,nan,0,3.04,0.0000
1743767755.0190103,NR5G-SA,CONNECT,TDD,DE3B0B093,-106,-11,0,21,0,0,0,0,0,0,100,0,-83,NR N78,8,0.0,0.0,0,nan,0,3.04,0.0000
1743767756.1269958,NR5G-SA,CONNECT,TDD,DE3B0B093,-106,-11,-1,21,0,0,0,0,0,0,100,0,-82,NR N78,4,0.0,0.0,0,nan,0,3.04,0.0000
1743767757.2161717,NR5G-SA,CONNECT,TDD,DE3B0B093,-106,-11,-1,21,0,0,0,0,0,0,100,0,-82,NR N78,4,0.0,0.0,0,nan,0,3.04,0.0000
1743767758.3194168,NR5G-SA,CONNECT,TDD,DE3B0B093,-106,-11,0,21,-112,-18,-7,-112,-18,-7,100,0,-84,NR N78,0,0.0,0.0,0,nan,0,3.04,0.0000
1743767759.4545217,NR5G-SA,CONNECT,TDD,DE3B0B093,-107,-12,-1,21,-111,-17,-6,-111,-17,-6,100,0,-84,NR N78,0,0.0,0.0,0,nan,0,3.04,0.0000
1743767760.5512471,NR5G-SA,CONNECT,TDD,DE3B0B093,-108,-12,-1,21,-111,-17,-6,-111,-17,-6,100,0,-84,NR N78,0,0.0,0.0,0,nan,0,3.04,0.0000
1743767761.6185582,NR5G-SA,CONNECT,TDD,DE3B0B093,-108,-12,-1,21,-111,-16,-5,-111,-16,-5,100,0,-84,NR N78,0,0.0,0.0,0,nan,0,3.04,0.0000
1743767762.7118108,NR5G-SA,CONNECT,TDD,DE3B0B093,-107,-12,0,21,-111,-17,-5,-111,-17,-5,100,0,-82,NR N78,1,0.0,0.0,0,nan,0,3.04,0.0000
1743767763.8540745,NR5G-SA,CONNECT,TDD,DE3B0B093,-107,-11,0,21,-111,-16,-4,-111,-16,-4,100,0,-82,NR N78,2,0.0,0.0,0,nan,0,3.04,0.0000
1743767764.9695315,NR5G-SA,CONNECT,TDD,DE3B0B093,-107,-11,0,21,-111,-16,-4,-111,-16,-4,100,0,-82,NR N78,2,0.0,0.0,0,nan,0,3.04,0.0000
1743767766.0590858,NR5G-SA,CONNECT,TDD,DE3B0B093,-105,-10,1,21,-109,-14,-2,-109,-14,-2,100,0,-82,NR N78,0,0.0,0.0,0,nan,0,3.04,0.0000
1743767767.164298,NR5G-SA,CONNECT,TDD,DE3B0B093,-89,-5,11,21,-96,-12,7,-96,-12,7,100,0,-55,NR N78,0,9473.0,1.13,1153,nan,0,3.04,0.0000
1743767768.2635434,NR5G-SA,CONNECT,TDD,DE3B0B093,-78,-4,16,21,-83,-9,13,-83,-9,13,100,0,-50,NR N78,20,81001.0,9.66,9855,nan,0,3.04,0.0000
1743767769.3497536,NR5G-SA,CONNECT,TDD,DE3B0B093,-73,-3,18,21,-78,-7,15,-78,-7,15,100,0,-57,NR N78,20,83916.0,10.0,10210,nan,0,3.04,0.0000
1743767770.449515,NR5G-SA,CONNECT,TDD,DE3B0B093,-71,-2,20,19,-78,-9,15,-78,-9,15,100,0,-54,NR N78,23,73385.0,8.75,8929,nan,0,3.04,0.0000
1743767771.536768,NR5G-SA,CONNECT,TDD,DE3B0B093,-69,-2,21,19,-77,-9,15,-77,-9,15,100,0,-50,NR N78,23,83886.0,10.0,10206,nan,0,3.04,0.0000
1743767772.632594,NR5G-SA,CONNECT,TDD,DE3B0B093,-67,-1,22,20,-76,-10,14,-76,-10,14,100,0,-51,NR N78,27,94390.0,11.2,11484,nan,0,3.04,0.0000
1743767773.7281542,NR5G-SA,CONNECT,TDD,DE3B0B093,-69,-2,21,20,-77,-10,15,-77,-10,15,100,0,-56,NR N78,27,83879.0,10.0,10205,nan,0,3.04,0.0000
1743767774.8179271,NR5G-SA,CONNECT,TDD,DE3B0B093,-67,-2,21,20,-76,-10,15,-76,-10,15,100,0,-51,NR N78,26,104870.0,12.5,12759,nan,0,3.04,0.0000
1743767775.9239497,NR5G-SA,CONNECT,TDD,DE3B0B093,-69,-2,20,20,-76,-9,14,-76,-9,14,100,0,-56,NR N78,26,83870.0,10.0,10204,nan,0,3.04,0.0000
1743767777.008476,NR5G-SA,CONNECT,TDD,DE3B0B093,-72,-4,14,20,-77,-9,8,-84,-15,0,100,0,-55,NR N78,26,83883.0,10.0,10206,nan,0,3.04,0.0000
1743767778.1508882,NR5G-SA,CONNECT,TDD,DE3B0B093,-73,-4,10,20,-80,-8,9,-80,-9,7,100,0,-56,NR N78,23,73403.0,8.75,8931,nan,0,3.04,0.0000
1743767779.2719076,NR5G-SA,CONNECT,TDD,DE3B0B093,-75,-4,9,20,-80,-9,6,-82,-11,0,100,0,-63,NR N78,23,52434.0,6.25,6378,nan,1,2.17,0.0000
1743767780.370004,NR5G-SA,CONNECT,TDD,DE3B0B093,-77,-5,5,20,-82,-9,5,-85,-15,0,100,0,-61,NR N78,18,41944.0,5.0,5103,nan,0,2.27,0.0000
1743767781.4707053,NR5G-SA,CONNECT,TDD,DE3B0B093,-78,-5,3,20,-82,-10,4,-83,-12,0,100,0,-59,NR N78,18,62915.0,7.5,7655,nan,0,2.45,0.0000
1743767782.5740795,NR5G-SA,CONNECT,TDD,DE3B0B093,-80,-6,2,20,-84,-9,2,-84,-10,0,100,0,-67,NR N78,19,41942.0,5.0,5103,nan,0,2.5,0.0000
1743767783.633567,NR5G-SA,CONNECT,TDD,DE3B0B093,-83,-9,-1,20,-81,-7,0,-94,-22,-6,100,0,-61,NR N78,19,41939.0,5.0,5103,nan,0,2.53,0.0000
1743767784.7522428,NR5G-SA,CONNECT,TDD,CFE10C090,-75,-31,-3,20,0,0,0,0,0,0,100,1,-59,NR N78,14,10480.0,1.25,1275,nan,0,2.55,0.0000
1743767785.8425376,NR5G-SA,CONNECT,TDD,CFE10C090,-77,-20,0,20,0,0,0,0,0,0,100,0,-63,NR N78,14,52452.0,6.25,6382,nan,0,2.57,0.0000
1743767786.9384723,NR5G-SA,CONNECT,TDD,CFE10C090,-82,-13,0,20,-88,-11,-5,-91,-14,-7,100,0,-60,NR N78,16,41944.0,5.0,5103,nan,0,2.58,0.0000
1743767788.0362618,NR5G-SA,CONNECT,TDD,CFE10C090,-82,-9,2,20,0,0,0,0,0,0,100,0,-63,NR N78,15,31435.0,3.75,3825,nan,0,2.58,0.0000
1743767789.1339264,NR5G-SA,CONNECT,TDD,CFE10C090,-82,-7,4,21,0,0,0,0,0,0,100,0,-64,NR N78,15,62920.0,7.5,7655,nan,0,2.58,0.0000
1743767790.228881,NR5G-SA,CONNECT,TDD,CFE10C090,-81,-6,4,21,0,0,0,0,0,0,100,0,-62,NR N78,19,52434.0,6.25,6379,nan,0,2.58,0.0000
1743767791.331234,NR5G-SA,CONNECT,TDD,CFE10C090,-83,-7,2,21,-81,-8,4,-81,-8,4,100,0,-60,NR N78,19,52416.0,6.25,6377,nan,0,2.59,0.0000
1743767792.428072,NR5G-SA,CONNECT,TDD,CFE10C090,-83,-6,3,21,-82,-8,6,-83,-8,5,100,0,-67,NR N78,16,51985.0,6.25,6325,nan,0,2.61,0.0000
1743767793.5273283,NR5G-SA,CONNECT,TDD,CFE63F004,-83,-7,2,21,0,0,0,0,0,0,100,1,-61,NR N78,16,31257.0,3.73,3803,nan,0,2.67,0.0000
1743767794.6177692,NR5G-SA,CONNECT,TDD,CFE63F004,-83,-7,2,21,-77,-6,12,-77,-6,12,100,0,-58,NR N78,16,115353.0,13.8,14035,nan,0,2.74,0.0000
1743767795.7037194,NR5G-SA,CONNECT,TDD,CFE63D003,-76,-7,2,21,0,0,0,0,0,0,100,1,-57,NR N78,16,83624.0,9.97,10173,nan,1,1.97,0.0000
1743767796.8313186,NR5G-SA,CONNECT,TDD,CFE63D003,-77,-7,3,21,0,0,0,0,0,0,100,0,-60,NR N78,20,104361.0,12.5,12697,nan,0,2.16,0.0000
1743767797.929194,NR5G-SA,CONNECT,TDD,CFE63D003,-77,-8,3,21,0,0,0,0,0,0,100,0,-59,NR N78,20,105345.0,12.5,12816,nan,1,1.6,0.0000
1743767799.027106,NR5G-SA,CONNECT,TDD,CFE63D003,-78,-8,3,21,0,0,0,0,0,0,100,0,-60,NR N78,23,104858.0,12.5,12758,nan,0,1.69,0.0000
1743767800.1175752,NR5G-SA,CONNECT,TDD,CFE63D003,-78,-8,3,21,0,0,0,0,0,0,100,0,-58,NR N78,23,104875.0,12.5,12760,nan,0,1.75,0.0000
1743767801.2118223,NR5G-SA,CONNECT,TDD,CFE63D003,-78,-8,3,21,0,0,0,0,0,0,100,0,-58,NR N78,24,94345.0,11.2,11479,nan,0,1.8,0.0000
1743767802.296951,NR5G-SA,CONNECT,TDD,CFE63D003,-78,-8,3,21,0,0,0,0,0,0,100,0,-58,NR N78,24,104882.0,12.5,12761,nan,0,1.83,0.0000
1743767803.4204483,NR5G-SA,CONNECT,TDD,CFE63D003,-78,-7,3,21,0,0,0,0,0,0,100,0,-57,NR N78,26,94371.0,11.2,11482,nan,0,1.85,0.0000
1743767804.539019,NR5G-SA,CONNECT,TDD,CFE63D003,-78,-7,4,21,0,0,0,0,0,0,100,0,-57,NR N78,26,104863.0,12.5,12758,nan,0,1.86,0.0000
1743767805.6828597,NR5G-SA,CONNECT,TDD,CFE63D003,-78,-7,4,20,0,0,0,0,0,0,100,0,-53,NR N78,26,94347.0,11.2,11479,nan,0,1.86,0.0000
1743767806.781986,NR5G-SA,CONNECT,TDD,CFE63D003,-78,-7,4,20,0,0,0,0,0,0,100,0,-52,NR N78,26,104870.0,12.5,12759,nan,0,1.86,0.0000
1743767807.8283112,NR5G-SA,CONNECT,TDD,CFE63D003,-78,-7,5,20,0,0,0,0,0,0,100,0,-50,NR N78,24,94371.0,11.2,11482,nan,0,1.87,0.0000
1743767808.9536648,NR5G-SA,CONNECT,TDD,CFE63D003,-78,-6,5,17,0,0,0,0,0,0,100,0,-50,NR N78,24,104843.0,12.5,12756,nan,0,1.88,0.0000
1743767810.0529964,NR5G-SA,CONNECT,TDD,CFE63D003,-78,-6,5,17,0,0,0,0,0,0,100,0,-50,NR N78,24,94368.0,11.2,11481,nan,0,1.9,0.0000
1743767811.1480298,NR5G-SA,CONNECT,TDD,CFE63D003,-78,-6,6,17,0,0,0,0,0,0,100,0,-51,NR N78,26,104852.0,12.5,12757,nan,0,1.93,0.0000
1743767812.2429185,NR5G-SA,CONNECT,TDD,CFE63D003,-78,-6,7,17,0,0,0,0,0,0,100,0,-51,NR N78,26,104865.0,12.5,12759,nan,0,1.98,0.0000
1743767813.35535,NR5G-SA,CONNECT,TDD,CFE63D003,-78,-5,7,20,0,0,0,0,0,0,100,0,-51,NR N78,27,94399.0,11.2,11485,nan,0,2.04,0.0000
1743767814.4552572,NR5G-SA,CONNECT,TDD,CFE63D003,-78,-5,7,20,0,0,0,0,0,0,100,0,-55,NR N78,27,94338.0,11.2,11478,nan,0,2.24,0.0000
1743767815.5532513,NR5G-SA,CONNECT,TDD,CFE63D003,-78,-5,7,19,0,0,0,0,0,0,100,0,-54,NR N78,27,104875.0,12.5,12760,nan,0,2.38,0.0000
1743767816.649719,NR5G-SA,CONNECT,TDD,CFE63D003,-78,-5,8,19,0,0,0,0,0,0,100,0,-52,NR N78,27,94362.0,11.2,11481,nan,0,2.55,0.0000
1743767817.7436411,NR5G-SA,CONNECT,TDD,CFE63D003,-78,-5,8,18,0,0,0,0,0,0,100,0,-52,NR N78,24,104750.0,12.5,12745,nan,0,2.75,0.0000
1743767818.8424246,NR5G-SA,CONNECT,TDD,CFE63D003,-78,-5,8,18,0,0,0,0,0,0,100,0,-54,NR N78,23,104997.0,12.5,12775,nan,0,2.99,0.0000
1743767819.9405587,NR5G-SA,CONNECT,TDD,CFE63D003,-78,-5,8,21,0,0,0,0,0,0,100,0,-55,NR N78,23,94366.0,11.2,11481,nan,0,3.07,0.0000
1743767821.0263271,NR5G-SA,CONNECT,TDD,CFE63D003,-78,-5,8,21,0,0,0,0,0,0,100,0,-52,NR N78,23,104873.0,12.5,12760,nan,0,3.07,0.0000
1743767822.1232984,NR5G-SA,CONNECT,TDD,CFE63D003,-78,-5,8,21,0,0,0,0,0,0,100,0,-55,NR N78,23,104852.0,12.5,12757,nan,0,3.07,0.0000
1743767823.2215378,NR5G-SA,CONNECT,TDD,CFE63D003,-78,-5,9,21,0,0,0,0,0,0,100,0,-57,NR N78,23,94367.0,11.2,11481,nan,0,3.07,0.0000
1743767824.3133023,NR5G-SA,CONNECT,TDD,CFE63D003,-78,-4,9,21,0,0,0,0,0,0,100,0,-59,NR N78,23,104863.0,12.5,12758,nan,0,3.07,0.0000
1743767825.4811118,NR5G-SA,CONNECT,TDD,CFE63D003,-78,-4,9,21,0,0,0,0,0,0,100,0,-59,NR N78,23,104871.0,12.5,12759,nan,0,3.07,0.0000
1743767826.6261363,NR5G-SA,CONNECT,TDD,CFE63D003,-79,-5,8,21,0,0,0,0,0,0,100,0,-61,NR N78,23,94345.0,11.2,11479,nan,0,3.07,0.0000
1743767827.7224224,NR5G-SA,CONNECT,TDD,CFE63D003,-79,-5,8,21,0,0,0,0,0,0,100,0,-61,NR N78,22,104872.0,12.5,12759,nan,0,3.07,0.0000
1743767828.8118556,NR5G-SA,CONNECT,TDD,CFE63D003,-79,-5,7,21,0,0,0,0,0,0,100,0,-63,NR N78,23,104828.0,12.5,12754,nan,0,3.07,0.0000
1743767829.90671,NR5G-SA,CONNECT,TDD,CFE63D003,-80,-6,7,19,0,0,0,0,0,0,100,0,-63,NR N78,23,94385.0,11.2,11484,nan,0,3.07,0.0000
1743767831.0044491,NR5G-SA,CONNECT,TDD,CFE63D003,-81,-6,6,21,0,0,0,0,0,0,100,0,-63,NR N78,22,104874.0,12.5,12760,nan,0,3.07,0.0000
1743767832.1092832,NR5G-SA,CONNECT,TDD,CFE63D003,-82,-7,5,21,0,0,0,0,0,0,100,0,-59,NR N78,22,94351.0,11.2,11479,nan,0,3.07,0.0000
1743767833.2063568,NR5G-SA,CONNECT,TDD,CFE63D003,-82,-7,5,21,0,0,0,0,0,0,100,0,-59,NR N78,21,104867.0,12.5,12759,nan,0,3.07,0.0000
1743767834.304411,NR5G-SA,CONNECT,TDD,CFE63D003,-82,-7,5,21,0,0,0,0,0,0,100,0,-59,NR N78,21,104814.0,12.5,12752,nan,0,3.07,0.0000
1743767835.4034789,NR5G-SA,CONNECT,TDD,CFE63D003,-82,-8,5,20,0,0,0,0,0,0,100,0,-64,NR N78,18,94433.0,11.2,11489,nan,0,3.07,0.0000
1743767836.4949186,NR5G-SA,CONNECT,TDD,CFE63D003,-82,-8,5,20,0,0,0,0,0,0,100,0,-60,NR N78,18,94362.0,11.2,11481,nan,0,3.07,0.0000
1743767837.6256955,NR5G-SA,CONNECT,TDD,CFE63D003,-83,-8,4,21,0,0,0,0,0,0,100,0,-59,NR N78,20,104856.0,12.5,12757,nan,0,3.07,0.0000
1743767838.7166553,NR5G-SA,CONNECT,TDD,CFE63D003,-83,-9,3,21,0,0,0,0,0,0,100,0,-56,NR N78,20,104264.0,12.5,12685,nan,0,3.07,0.0000
1743767839.814032,NR5G-SA,CONNECT,TDD,CFE63D003,-83,-9,3,21,0,0,0,0,0,0,100,0,-60,NR N78,22,94914.0,11.2,11546,nan,1,2.15,0.0000
1743767840.90397,NR5G-SA,CONNECT,TDD,CFE63D003,-83,-9,3,20,0,0,0,0,0,0,100,0,-60,NR N78,22,104860.0,12.5,12758,nan,0,2.34,0.0000
1743767842.004226,NR5G-SA,CONNECT,TDD,CFE63D003,-83,-10,3,20,0,0,0,0,0,0,100,0,-60,NR N78,22,94378.0,11.2,11483,nan,0,2.51,0.0000
1743767843.0932271,NR5G-SA,CONNECT,TDD,CFE63D003,-84,-10,3,21,0,0,0,0,0,0,100,0,-60,NR N78,22,104862.0,12.5,12758,nan,0,2.66,0.0000
1743767844.1902876,NR5G-SA,CONNECT,TDD,CFE63D003,-83,-10,3,21,0,0,0,0,0,0,100,0,-60,NR N78,22,94353.0,11.2,11480,nan,0,2.78,0.0000
1743767845.290222,NR5G-SA,CONNECT,TDD,CFE63D003,-83,-10,3,18,0,0,0,0,0,0,100,0,-60,NR N78,23,104861.0,12.5,12758,nan,0,2.87,0.0000
1743767846.3878365,NR5G-SA,CONNECT,TDD,CFE63D003,-84,-10,2,18,0,0,0,0,0,0,100,0,-61,NR N78,23,104876.0,12.5,12760,nan,0,2.94,0.0000
1743767847.508848,NR5G-SA,CONNECT,TDD,CFE63D003,-84,-11,2,21,0,0,0,0,0,0,100,0,-60,NR N78,21,104842.0,12.5,12756,nan,0,3.01,0.0000
1743767848.59925,NR5G-SA,CONNECT,TDD,CFE63D003,-84,-11,2,21,0,0,0,0,0,0,100,0,-58,NR N78,21,94380.0,11.2,11483,nan,0,3.01,0.0000
1743767849.686967,NR5G-SA,CONNECT,TDD,CFE63D003,-84,-11,2,20,0,0,0,0,0,0,100,0,-58,NR N78,22,104810.0,12.5,12752,nan,0,3.01,0.0000
1743767850.778075,NR5G-SA,CONNECT,TDD,CFE63F004,-70,-11,2,20,0,0,0,0,0,0,100,1,-56,NR N78,22,94407.0,11.2,11486,nan,0,3.01,0.0000
1743767851.8678033,NR5G-SA,CONNECT,TDD,CFE63F004,-71,-10,3,20,0,0,0,0,0,0,100,0,-58,NR N78,22,104825.0,12.5,12754,nan,0,3.01,0.0000
1743767852.9585698,NR5G-SA,CONNECT,TDD,CFE63F004,-72,-9,5,21,0,0,0,0,0,0,100,0,-59,NR N78,22,94382.0,11.2,11483,nan,0,3.01,0.0000
1743767854.0552597,NR5G-SA,CONNECT,TDD,CFE63F004,-71,-9,6,21,0,0,0,0,0,0,100,0,-55,NR N78,22,104867.0,12.5,12759,nan,0,3.01,0.0000
1743767855.1362007,NR5G-SA,CONNECT,TDD,CFE63F004,-71,-9,6,21,0,0,0,0,0,0,100,0,-55,NR N78,27,104889.0,12.5,12761,nan,0,3.01,0.0000
1743767856.2105758,NR5G-SA,CONNECT,TDD,CFE63F004,-72,-8,8,21,0,0,0,0,0,0,100,0,-57,NR N78,27,94357.0,11.2,11480,nan,0,3.01,0.0000
1743767857.3186803,NR5G-SA,CONNECT,TDD,CFE63F004,-73,-8,9,20,0,0,0,0,0,0,100,0,-56,NR N78,27,104858.0,12.5,12758,nan,0,3.01,0.0000
1743767858.4281735,NR5G-SA,CONNECT,TDD,CFE63F004,-73,-7,10,20,0,0,0,0,0,0,100,0,-56,NR N78,27,94258.0,11.2,11468,nan,0,3.01,0.0000
1743767859.5293207,NR5G-SA,CONNECT,TDD,CFE63F004,-73,-7,11,20,0,0,0,0,0,0,100,0,-56,NR N78,27,104866.0,12.5,12759,nan,0,3.01,0.0000
1743767860.6591477,NR5G-SA,CONNECT,TDD,CFE63F004,-74,-6,12,19,0,0,0,0,0,0,100,0,-54,NR N78,27,94353.0,11.2,11480,nan,0,3.01,0.0000
1743767861.7808971,NR5G-SA,CONNECT,TDD,CFE63F004,-74,-6,13,19,0,0,0,0,0,0,100,0,-56,NR N78,27,104882.0,12.5,12761,nan,0,3.01,0.0000
1743767862.8810263,NR5G-SA,CONNECT,TDD,CFE63F004,-74,-6,13,18,0,0,0,0,0,0,100,0,-56,NR N78,27,94378.0,11.2,11483,nan,0,3.01,0.0000
1743767863.997534,NR5G-SA,CONNECT,TDD,CFE63F004,-75,-6,14,18,0,0,0,0,0,0,100,0,-54,NR N78,27,104849.0,12.5,12757,nan,0,3.01,0.0000
1743767865.1042142,NR5G-SA,CONNECT,TDD,CFE63F004,-75,-6,14,16,0,0,0,0,0,0,100,0,-55,NR N78,27,94386.0,11.2,11484,nan,0,3.01,0.0000
1743767866.2021158,NR5G-SA,CONNECT,TDD,CFE63F004,-75,-5,15,16,0,0,0,0,0,0,100,0,-55,NR N78,27,104859.0,12.5,12758,nan,0,3.01,0.0000
1743767867.2901053,NR5G-SA,CONNECT,TDD,CFE63F004,-76,-5,16,16,0,0,0,0,0,0,100,0,-55,NR N78,27,94356.0,11.2,11480,nan,0,3.01,0.0000
1743767868.397074,NR5G-SA,CONNECT,TDD,CFE63F004,-76,-5,17,13,0,0,0,0,0,0,100,0,-50,NR N78,27,104857.0,12.5,12758,nan,0,3.01,0.0000
1743767869.4939,NR5G-SA,CONNECT,TDD,CFE63F004,-76,-4,17,13,0,0,0,0,0,0,100,0,-47,NR N78,27,94357.0,11.2,11480,nan,0,3.01,0.0000
1743767870.596565,NR5G-SA,CONNECT,TDD,CFE63F004,-76,-4,17,12,0,0,0,0,0,0,100,0,-47,NR N78,27,104865.0,12.5,12759,nan,0,3.01,0.0000
1743767871.693124,NR5G-SA,CONNECT,TDD,CFE63F004,-76,-4,18,12,0,0,0,0,0,0,100,0,-51,NR N78,27,104878.0,12.5,12760,nan,0,3.01,0.0000
1743767872.743931,NR5G-SA,CONNECT,TDD,CFE63F004,-76,-4,18,11,0,0,0,0,0,0,100,0,-51,NR N78,27,73359.0,8.75,8924,nan,1,2.11,0.0000
1743767873.8468885,NR5G-SA,CONNECT,TDD,CFE63F004,-76,-4,19,11,0,0,0,0,0,0,100,0,-52,NR N78,27,125878.0,15.0,15315,nan,0,2.22,0.0000
1743767874.9399242,NR5G-SA,CONNECT,TDD,CFE63F004,-76,-4,19,10,0,0,0,0,0,0,100,0,-50,NR N78,27,94356.0,11.2,11480,nan,0,2.32,0.0000
1743767876.0141149,NR5G-SA,CONNECT,TDD,CFE63F004,-75,-4,19,10,0,0,0,0,0,0,100,0,-48,NR N78,27,104875.0,12.5,12760,nan,0,2.4,0.0000
1743767877.0848975,NR5G-SA,CONNECT,TDD,CFE63F004,-76,-4,20,3,0,0,0,0,0,0,100,0,-49,NR N78,27,104873.0,12.5,12760,nan,0,2.46,0.0000
1743767878.216979,NR5G-SA,CONNECT,TDD,CFE63F004,-76,-4,20,3,0,0,0,0,0,0,100,0,-49,NR N78,27,94369.0,11.2,11482,nan,0,2.5,0.0000
1743767879.3498507,NR5G-SA,CONNECT,TDD,CFE63F004,-75,-3,20,6,0,0,0,0,0,0,100,0,-44,NR N78,27,104850.0,12.5,12757,nan,0,2.53,0.0000
1743767880.4940505,NR5G-SA,CONNECT,TDD,CFE63F004,-75,-3,20,6,0,0,0,0,0,0,100,0,-43,NR N78,27,104835.0,12.5,12755,nan,0,2.56,0.0000
1743767881.6148534,NR5G-SA,CONNECT,TDD,CFE63F004,-74,-3,21,6,0,0,0,0,0,0,100,0,-43,NR N78,27,94386.0,11.2,11484,nan,0,2.56,0.0000
1743767882.7490664,NR5G-SA,CONNECT,TDD,CFE63F004,-74,-3,21,4,0,0,0,0,0,0,100,0,-43,NR N78,27,104857.0,12.5,12758,nan,0,2.56,0.0000
1743767883.8908455,NR5G-SA,CONNECT,TDD,CFE63D004,-61,-3,20,4,0,0,0,0,0,0,100,1,-43,NR N78,27,104859.0,12.5,12758,nan,0,2.56,0.0000
1743767884.9383438,NR5G-SA,CONNECT,TDD,CFE63D004,-61,-3,20,4,0,0,0,0,0,0,100,0,-43,NR N78,27,94370.0,11.2,11482,nan,0,2.56,0.0000
1743767886.0571463,NR5G-SA,CONNECT,TDD,CFE63D004,-62,-3,19,21,-62,0,18,-62,0,18,100,0,-43,NR N78,26,94372.0,11.2,11482,nan,0,2.58,0.0000
1743767887.1417675,NR5G-SA,CONNECT,TDD,CFE63D004,-63,-4,18,21,-62,0,18,-62,0,18,100,0,-44,NR N78,26,104854.0,12.5,12757,nan,0,2.6,0.0000
1743767888.248913,NR5G-SA,CONNECT,TDD,CFE63D004,-64,-4,17,21,-62,0,18,-62,0,18,100,0,-40,NR N78,27,104859.0,12.5,12758,nan,0,2.64,0.0000
1743767889.3481982,NR5G-SA,CONNECT,TDD,CFE63D004,-65,-4,17,21,-63,1,18,-63,1,18,100,0,-43,NR N78,27,94361.0,11.2,11481,nan,0,2.69,0.0000
1743767890.4505224,NR5G-SA,CONNECT,TDD,CFE63D004,-65,-4,16,21,-63,1,18,-63,1,18,100,0,-46,NR N78,27,104877.0,12.5,12760,nan,0,2.76,0.0000
1743767891.5474362,NR5G-SA,CONNECT,TDD,CFE63D004,-66,-4,15,21,-63,2,18,-70,-4,7,100,0,-46,NR N78,27,104886.0,12.5,12761,nan,0,2.97,0.0000
1743767892.6278148,NR5G-SA,CONNECT,TDD,CFE63F004,-51,-4,15,21,0,0,0,0,0,0,100,1,-46,NR N78,27,94356.0,11.2,11480,nan,0,3.06,0.0000
1743767893.76715,NR5G-SA,CONNECT,TDD,CFE63F004,-52,-4,15,21,0,0,0,0,0,0,100,0,-41,NR N78,25,104318.0,12.5,12692,nan,0,3.06,0.0000
1743767894.89553,NR5G-SA,CONNECT,TDD,CFE63F004,-54,-4,16,13,0,0,0,0,0,0,100,0,-40,NR N78,25,94863.0,11.2,11542,nan,0,3.06,0.0000
1743767895.9848566,NR5G-SA,CONNECT,TDD,CFE63F004,-55,-4,16,12,0,0,0,0,0,0,100,0,-42,NR N78,27,104864.0,12.5,12758,nan,0,3.06,0.0000
1743767897.0283349,NR5G-SA,CONNECT,TDD,CFE63F004,-56,-3,16,12,0,0,0,0,0,0,100,0,-45,NR N78,27,94343.0,11.2,11478,nan,0,3.06,0.0000
1743767898.1142936,NR5G-SA,CONNECT,TDD,CFE63F004,-56,-3,16,11,0,0,0,0,0,0,100,0,-45,NR N78,27,104891.0,12.5,12762,nan,0,3.06,0.0000
1743767899.2366652,NR5G-SA,CONNECT,TDD,CFE63F004,-57,-3,16,11,-75,-9,-4,-75,-9,-4,100,0,-44,NR N78,27,104470.0,12.5,12711,nan,0,3.06,0.0000
1743767900.3354082,NR5G-SA,CONNECT,TDD,CFE63F004,-58,-3,16,10,-76,-10,-4,-76,-10,-4,100,0,-45,NR N78,27,94726.0,11.2,11525,nan,0,3.06,0.0000
1743767901.4275322,NR5G-SA,CONNECT,TDD,CFE63F004,-60,-3,16,10,-76,-9,-4,-76,-9,-4,100,0,-45,NR N78,27,104855.0,12.5,12757,nan,0,3.06,0.0000
1743767902.566518,NR5G-SA,CONNECT,TDD,CFE63F004,-61,-3,15,7,-75,-9,-3,-75,-9,-3,100,0,-41,NR N78,27,104892.0,12.5,12762,nan,0,3.06,0.0000
1743767903.6659243,NR5G-SA,CONNECT,TDD,CFE63F004,-62,-3,15,7,-75,-9,-2,-75,-9,-2,100,0,-40,NR N78,27,94356.0,11.2,11480,nan,0,3.06,0.0000
1743767904.760471,NR5G-SA,CONNECT,TDD,CFE63F004,-63,-3,15,9,-76,-10,-1,-76,-10,-1,100,0,-40,NR N78,27,104858.0,12.5,12758,nan,0,3.06,0.0000
1743767905.8661044,NR5G-SA,CONNECT,TDD,CFE63F004,-63,-3,15,4,-76,-12,-2,-76,-12,-2,100,0,-37,NR N78,27,104860.0,12.5,12758,nan,0,3.06,0.0000
1743767906.9666033,NR5G-SA,CONNECT,TDD,CFE63F004,-63,-2,15,4,-76,-12,-2,-76,-12,-2,100,0,-37,NR N78,27,94356.0,11.2,11480,nan,0,3.06,0.0000
1743767908.0824635,NR5G-SA,CONNECT,TDD,CFE63F004,-64,-2,16,7,-82,-23,-3,-82,-23,-3,100,0,-38,NR N78,27,104872.0,12.5,12759,nan,0,3.06,0.0000
1743767909.1784346,NR5G-SA,CONNECT,TDD,CFE63F004,-64,-2,16,7,0,0,0,0,0,0,100,0,-39,NR N78,27,94345.0,11.2,11479,nan,0,3.06,0.0000
1743767910.2717884,NR5G-SA,CONNECT,TDD,CFE63F004,-64,-2,17,1,0,0,0,0,0,0,100,0,-39,NR N78,27,104888.0,12.5,12761,nan,0,3.06,0.0000
1743767911.3698742,NR5G-SA,CONNECT,TDD,CFE63F004,-64,-2,17,1,0,0,0,0,0,0,100,0,-39,NR N78,27,104469.0,12.5,12710,nan,0,3.06,0.0000
1743767912.4661646,NR5G-SA,CONNECT,TDD,CFE63F004,-64,-2,17,6,0,0,0,0,0,0,100,0,-39,NR N78,27,94716.0,11.2,11524,nan,0,3.06,0.0000
1743767913.5604446,NR5G-SA,CONNECT,TDD,CFE63F004,-64,-2,17,6,0,0,0,0,0,0,100,0,-40,NR N78,27,94353.0,11.2,11480,nan,0,3.06,0.0000
1743767914.649665,NR5G-SA,CONNECT,TDD,CFE63F004,-64,-2,17,1,0,0,0,0,0,0,100,0,-40,NR N78,27,104847.0,12.5,12756,nan,0,3.06,0.0000
1743767915.7443485,NR5G-SA,CONNECT,TDD,CFE63F004,-64,-2,18,1,0,0,0,0,0,0,100,0,-42,NR N78,27,94369.0,11.2,11482,nan,0,3.06,0.0000
1743767916.8140259,NR5G-SA,CONNECT,TDD,CFE63F004,-64,-2,19,4,0,0,0,0,0,0,100,0,-42,NR N78,27,104871.0,12.5,12759,nan,0,3.06,0.0000
1743767917.9034224,NR5G-SA,CONNECT,TDD,CFE63F004,-65,-2,19,7,0,0,0,0,0,0,100,0,-42,NR N78,27,104870.0,12.5,12759,nan,0,3.06,0.0000
1743767919.0010116,NR5G-SA,CONNECT,TDD,CFE63F004,-65,-2,20,7,0,0,0,0,0,0,100,0,-39,NR N78,27,94361.0,11.2,11481,nan,0,3.06,0.0000
1743767920.0960712,NR5G-SA,CONNECT,TDD,CFE63F004,-65,-1,20,8,0,0,0,0,0,0,100,0,-37,NR N78,27,104875.0,12.5,12760,nan,0,3.06,0.0000
1743767921.189356,NR5G-SA,CONNECT,TDD,CFE63F004,-65,-1,20,8,0,0,0,0,0,0,100,0,-36,NR N78,27,94361.0,11.2,11481,nan,0,3.06,0.0000
1743767922.3193147,NR5G-SA,CONNECT,TDD,CFE63F004,-65,-1,21,9,0,0,0,0,0,0,100,0,-36,NR N78,27,104866.0,12.5,12759,nan,0,3.06,0.0000
1743767923.416738,NR5G-SA,CONNECT,TDD,CFE63F004,-66,-1,21,9,0,0,0,0,0,0,100,0,-38,NR N78,27,104857.0,12.5,12758,nan,0,3.06,0.0000
1743767924.5080724,NR5G-SA,CONNECT,TDD,CFE63F004,-66,-1,21,11,0,0,0,0,0,0,100,0,-37,NR N78,27,104873.0,12.5,12760,nan,0,3.06,0.0000
1743767925.571141,NR5G-SA,CONNECT,TDD,CFE63F004,-67,-1,22,11,0,0,0,0,0,0,100,0,-36,NR N78,27,94357.0,11.2,11480,nan,0,3.06,0.0000
1743767926.6698613,NR5G-SA,CONNECT,TDD,CFE63F004,-67,-1,22,14,0,0,0,0,0,0,100,0,-36,NR N78,27,104859.0,12.5,12758,nan,0,3.06,0.0000
1743767927.7584062,NR5G-SA,CONNECT,TDD,CFE63F004,-68,-1,21,14,0,0,0,0,0,0,100,0,-37,NR N78,27,104644.0,12.5,12732,nan,0,3.06,0.0000
1743767928.8471708,NR5G-SA,CONNECT,TDD,CFE63F004,-68,-1,21,16,0,0,0,0,0,0,100,0,-37,NR N78,27,94543.0,11.2,11503,nan,0,3.06,0.0000
1743767929.9404078,NR5G-SA,CONNECT,TDD,CFE63F004,-68,-1,21,18,0,0,0,0,0,0,100,0,-38,NR N78,27,104864.0,12.5,12758,nan,0,3.06,0.0000
1743767931.033703,NR5G-SA,CONNECT,TDD,CFE63F004,-68,-1,20,18,0,0,0,0,0,0,100,0,-37,NR N78,27,94385.0,11.2,11484,nan,0,3.06,0.0000
1743767932.1352718,NR5G-SA,CONNECT,TDD,CFE63F004,-68,-1,20,10,0,0,0,0,0,0,100,0,-36,NR N78,27,104867.0,12.5,12759,nan,0,3.06,0.0000
1743767933.2289746,NR5G-SA,CONNECT,TDD,CFE63F004,-68,-1,19,10,0,0,0,0,0,0,100,0,-36,NR N78,27,94346.0,11.2,11479,nan,0,3.06,0.0000
1743767934.3174565,NR5G-SA,CONNECT,TDD,CFE63F004,-68,-1,19,12,0,0,0,0,0,0,100,0,-35,NR N78,27,104889.0,12.5,12761,nan,0,3.06,0.0000
1743767935.4082372,NR5G-SA,CONNECT,TDD,CFE63F004,-68,-1,19,12,0,0,0,0,0,0,100,0,-33,NR N78,27,104842.0,12.5,12756,nan,0,3.06,0.0000
1743767936.5538678,NR5G-SA,CONNECT,TDD,CFE63F004,-68,-1,19,13,0,0,0,0,0,0,100,0,-33,NR N78,27,104877.0,12.5,12760,nan,0,3.06,0.0000
1743767937.6182854,NR5G-SA,CONNECT,TDD,CFE63F004,-68,-1,19,13,0,0,0,0,0,0,100,0,-35,NR N78,27,94362.0,11.2,11481,nan,0,3.06,0.0000
1743767938.7119443,NR5G-SA,CONNECT,TDD,CFE63F004,-68,-1,18,16,0,0,0,0,0,0,100,0,-41,NR N78,27,104863.0,12.5,12758,nan,0,3.06,0.0000
1743767939.8059044,NR5G-SA,CONNECT,TDD,CFE63F004,-69,-2,17,16,0,0,0,0,0,0,100,0,-42,NR N78,27,104572.0,12.5,12723,nan,0,3.06,0.0000
1743767940.9083338,NR5G-SA,CONNECT,TDD,CFE63F004,-69,-2,16,16,0,0,0,0,0,0,100,0,-41,NR N78,27,94645.0,11.2,11515,nan,0,3.06,0.0000
1743767942.0596666,NR5G-SA,CONNECT,TDD,CFE63F004,-69,-2,16,16,0,0,0,0,0,0,100,0,-39,NR N78,27,104826.0,12.5,12754,nan,0,3.06,0.0000
1743767943.206107,NR5G-SA,CONNECT,TDD,CFE63F004,-69,-3,16,16,0,0,0,0,0,0,100,0,-37,NR N78,27,94378.0,11.2,11483,nan,0,3.06,0.0000
1743767944.3037403,NR5G-SA,CONNECT,TDD,CFE63F004,-69,-3,15,20,0,0,0,0,0,0,100,0,-40,NR N78,27,104788.0,12.5,12749,nan,0,3.06,0.0000
1743767945.4436226,NR5G-SA,CONNECT,TDD,CFE63F004,-69,-3,15,20,0,0,0,0,0,0,100,0,-40,NR N78,27,104954.0,12.5,12769,nan,0,3.06,0.0000
1743767946.5647254,NR5G-SA,CONNECT,TDD,CFE63F004,-69,-3,15,16,0,0,0,0,0,0,100,0,-40,NR N78,27,104874.0,12.5,12760,nan,0,3.06,0.0000
1743767947.6944208,NR5G-SA,CONNECT,TDD,CFE63F004,-69,-3,16,16,0,0,0,0,0,0,100,0,-40,NR N78,27,94363.0,11.2,11481,nan,0,3.06,0.0000
1743767948.825933,NR5G-SA,CONNECT,TDD,CFE63F004,-69,-3,16,13,0,0,0,0,0,0,100,0,-37,NR N78,27,104865.0,12.5,12759,nan,0,3.06,0.0000
1743767949.926396,NR5G-SA,CONNECT,TDD,CFE63F004,-68,-3,16,15,0,0,0,0,0,0,100,0,-37,NR N78,27,94368.0,11.2,11481,nan,0,3.06,0.0000
1743767951.0242984,NR5G-SA,CONNECT,TDD,CFE63F004,-68,-3,17,15,0,0,0,0,0,0,100,0,-40,NR N78,27,104850.0,12.5,12757,nan,0,3.06,0.0000
1743767952.1739945,NR5G-SA,CONNECT,TDD,CFE63F004,-68,-4,17,17,0,0,0,0,0,0,100,0,-37,NR N78,27,104766.0,12.5,12747,nan,0,3.06,0.0000
1743767953.2792537,NR5G-SA,CONNECT,TDD,CFE63F004,-68,-4,18,17,0,0,0,0,0,0,100,0,-39,NR N78,27,94456.0,11.2,11492,nan,0,3.06,0.0000
1743767954.3733628,NR5G-SA,CONNECT,TDD,CFE63F004,-68,-4,18,16,0,0,0,0,0,0,100,0,-39,NR N78,27,104841.0,12.5,12756,nan,0,3.06,0.0000
1743767955.474421,NR5G-SA,CONNECT,TDD,CFE63F004,-68,-4,18,16,0,0,0,0,0,0,100,0,-43,NR N78,27,104769.0,12.5,12747,nan,0,3.06,0.0000
1743767956.5693364,NR5G-SA,CONNECT,TDD,CFE63F004,-68,-4,18,20,0,0,0,0,0,0,100,0,-39,NR N78,27,94456.0,11.2,11492,nan,0,3.06,0.0000
1743767957.6647575,NR5G-SA,CONNECT,TDD,CFE63F004,-68,-4,18,20,0,0,0,0,0,0,100,0,-40,NR N78,27,104844.0,12.5,12756,nan,0,3.06,0.0000
1743767958.7597375,NR5G-SA,CONNECT,TDD,CFE63F004,-69,-4,18,20,0,0,0,0,0,0,100,0,-48,NR N78,27,104854.0,12.5,12757,nan,0,3.06,0.0000
1743767959.8571758,NR5G-SA,CONNECT,TDD,CFE63F004,-70,-5,18,17,0,0,0,0,0,0,100,0,-46,NR N78,27,94379.0,11.2,11483,nan,0,3.06,0.0000
1743767960.9596686,NR5G-SA,CONNECT,TDD,CFE63F004,-70,-5,18,17,0,0,0,0,0,0,100,0,-43,NR N78,27,104834.0,12.5,12755,nan,0,3.06,0.0000
1743767962.0674932,NR5G-SA,CONNECT,TDD,CFE63F004,-70,-5,18,13,0,0,0,0,0,0,100,0,-43,NR N78,27,74746.0,10.0,9094,nan,0,3.06,0.0000
1743767963.1601596,NR5G-SA,CONNECT,TDD,CFE63F004,-71,-5,18,13,0,0,0,0,0,0,100,0,-45,NR N78,27,131445.0,13.8,15992,nan,0,3.06,0.0000
1743767964.2526681,NR5G-SA,CONNECT,TDD,CFE63F004,-71,-4,18,18,0,0,0,0,0,0,100,0,-47,NR N78,27,104804.0,12.5,12751,nan,0,3.06,0.0000
1743767965.3559406,NR5G-SA,CONNECT,TDD,CFE63F004,-71,-4,17,18,0,0,0,0,0,0,100,0,-45,NR N78,27,94433.0,11.2,11489,nan,0,3.06,0.0000
1743767966.4605474,NR5G-SA,CONNECT,TDD,CFE63F004,-72,-5,17,19,0,0,0,0,0,0,100,0,-43,NR N78,27,94354.0,11.2,11480,nan,0,3.06,0.0000
1743767967.5615501,NR5G-SA,CONNECT,TDD,CFE63F004,-72,-5,16,19,0,0,0,0,0,0,100,0,-48,NR N78,27,104846.0,12.5,12755,nan,1,2.14,0.0000
1743767968.6606636,NR5G-SA,CONNECT,TDD,CFE63F004,-73,-4,16,5,0,0,0,0,0,0,100,0,-41,NR N78,26,0.0,0.0,0,nan,0,2.17,0.0000
1743767972.1813698,NR5G-SA,CONNECT,TDD,CFE63F004,-73,-4,17,19,-73,-5,7,-73,-5,7,100,0,-47,NR N78,27,0.0,0.0,0,nan,0,1.99,0.0000
1743767974.97171,NR5G-SA,CONNECT,TDD,CFE63F004,-73,-4,17,1,-74,-5,7,-74,-5,7,100,0,-47,NR N78,27,180173.0,13.8,21366,nan,389,1.54,0.0000
1743767976.0560505,NR5G-SA,CONNECT,TDD,CFE63F004,-74,-4,17,18,-74,-6,6,-74,-6,6,100,0,-49,NR N78,27,104856.0,12.5,12757,nan,0,1.63,0.0000
1743767977.1575804,NR5G-SA,CONNECT,TDD,CFE63F004,-74,-4,17,18,-75,-7,4,-75,-7,4,100,0,-44,NR N78,27,94355.0,11.2,11480,nan,0,1.7,0.0000
1743767978.2734919,NR5G-SA,CONNECT,TDD,CFE63F004,-74,-4,17,20,-75,-7,3,-75,-7,3,100,0,-49,NR N78,27,104862.0,12.5,12758,nan,0,1.76,0.0000
1743767979.3833072,NR5G-SA,CONNECT,TDD,CFE63F004,-74,-4,17,20,-75,-7,3,-75,-7,3,100,0,-49,NR N78,27,104864.0,12.5,12758,nan,0,1.79,0.0000
1743767980.491109,NR5G-SA,CONNECT,TDD,CFE63F004,-75,-4,17,18,-75,-8,2,-75,-8,2,100,0,-42,NR N78,27,104852.0,12.5,12757,nan,0,1.83,0.0000
1743767981.5878842,NR5G-SA,CONNECT,TDD,CFE63F004,-75,-4,17,18,-76,-10,1,-76,-10,1,100,0,-41,NR N78,27,94394.0,11.2,11485,nan,0,1.84,0.0000
1743767982.6795144,NR5G-SA,CONNECT,TDD,CFE63F004,-75,-4,16,18,-77,-11,1,-77,-11,1,100,0,-49,NR N78,27,104859.0,12.5,12758,nan,0,1.84,0.0000
1743767983.7747984,NR5G-SA,CONNECT,TDD,CFE63D004,-65,-5,16,18,0,0,0,0,0,0,100,1,-48,NR N78,27,94329.0,11.2,11477,nan,0,1.84,0.0000
1743767984.839811,NR5G-SA,CONNECT,TDD,CFE63D004,-65,-5,16,18,0,0,0,0,0,0,100,0,-48,NR N78,27,94401.0,11.2,11484,nan,1,1.33,0.0000
1743767985.9477966,NR5G-SA,CONNECT,TDD,CFE63D004,-66,-5,15,21,0,0,0,0,0,0,100,0,-53,NR N78,26,104858.0,12.5,12758,nan,0,1.46,0.0000
1743767987.0427814,NR5G-SA,CONNECT,TDD,CFE63D004,-66,-5,15,21,0,0,0,0,0,0,100,0,-54,NR N78,26,104850.0,12.5,12757,nan,0,1.57,0.0000
1743767988.1447785,NR5G-SA,CONNECT,TDD,CFE63D004,-67,-5,14,21,0,0,0,0,0,0,100,0,-57,NR N78,27,94375.0,11.2,11482,nan,0,1.66,0.0000
1743767989.2403438,NR5G-SA,CONNECT,TDD,CFE63D004,-69,-5,12,21,0,0,0,0,0,0,100,0,-60,NR N78,27,104845.0,12.5,12756,nan,0,1.73,0.0000
1743767990.3352382,NR5G-SA,CONNECT,TDD,CFE63D004,-70,-6,11,21,0,0,0,0,0,0,100,0,-59,NR N78,26,94370.0,11.2,11482,nan,0,1.77,0.0000
1743767991.4324389,NR5G-SA,CONNECT,TDD,CFE63D004,-72,-7,10,21,-65,-2,17,-65,-2,17,100,0,-60,NR N78,26,104884.0,12.5,12761,nan,0,1.8,0.0000
1743767992.5296805,NR5G-SA,CONNECT,TDD,CFE63F004,-73,-7,10,21,0,0,0,0,0,0,100,1,-58,NR N78,26,104857.0,12.5,12758,nan,0,1.83,0.0000
1743767993.626413,NR5G-SA,CONNECT,TDD,CFE63F004,-74,-7,10,21,0,0,0,0,0,0,100,0,-59,NR N78,25,104768.0,12.5,12747,nan,0,1.84,0.0000
1743767994.711401,NR5G-SA,CONNECT,TDD,CFE63F004,-74,-6,11,19,0,0,0,0,0,0,100,0,-56,NR N78,25,94439.0,11.2,11490,nan,0,1.84,0.0000
1743767995.7974691,NR5G-SA,CONNECT,TDD,CFE63F004,-74,-6,11,21,0,0,0,0,0,0,100,0,-62,NR N78,27,104867.0,12.5,12759,nan,0,1.84,0.0000
1743767996.896885,NR5G-SA,CONNECT,TDD,CFE63F004,-75,-6,11,21,0,0,0,0,0,0,100,0,-58,NR N78,27,94359.0,11.2,11480,nan,0,1.84,0.0000
1743767997.9905372,NR5G-SA,CONNECT,TDD,CFE63F004,-75,-6,11,20,0,0,0,0,0,0,100,0,-58,NR N78,26,104879.0,12.5,12760,nan,0,1.85,0.0000
1743767999.0882366,NR5G-SA,CONNECT,TDD,CFE63F004,-75,-6,11,20,0,0,0,0,0,0,100,0,-58,NR N78,26,94373.0,11.2,11482,nan,0,1.87,0.0000
1743768000.2046082,NR5G-SA,CONNECT,TDD,CFE63F004,-75,-5,12,21,0,0,0,0,0,0,100,0,-55,NR N78,26,104855.0,12.5,12757,nan,0,1.9,0.0000
1743768001.3043733,NR5G-SA,CONNECT,TDD,CFE63F004,-75,-5,13,21,0,0,0,0,0,0,100,0,-58,NR N78,26,104870.0,12.5,12759,nan,0,1.95,0.0000
1743768002.3490849,NR5G-SA,CONNECT,TDD,CFE63F004,-75,-4,13,20,0,0,0,0,0,0,100,0,-57,NR N78,27,94371.0,11.2,11482,nan,0,2.02,0.0000
1743768003.4397814,NR5G-SA,CONNECT,TDD,CFE63F004,-75,-4,14,20,0,0,0,0,0,0,100,0,-58,NR N78,27,104845.0,12.5,12756,nan,0,2.1,0.0000
1743768004.5551,NR5G-SA,CONNECT,TDD,CFE63F004,-75,-4,14,20,0,0,0,0,0,0,100,0,-60,NR N78,27,104845.0,12.5,12756,nan,0,2.36,0.0000
1743768005.652854,NR5G-SA,CONNECT,TDD,CFE63F004,-75,-4,14,20,0,0,0,0,0,0,100,0,-60,NR N78,27,104856.0,12.5,12757,nan,0,2.53,0.0000
1743768006.748128,NR5G-SA,CONNECT,TDD,CFE63F004,-75,-4,14,21,0,0,0,0,0,0,100,0,-62,NR N78,27,94336.0,11.2,11478,nan,0,2.73,0.0000
1743768007.8497052,NR5G-SA,CONNECT,TDD,CFE63F004,-76,-4,14,21,0,0,0,0,0,0,100,0,-65,NR N78,26,104915.0,12.5,12765,nan,0,2.97,0.0000
1743768008.9482398,NR5G-SA,CONNECT,TDD,CFE63F004,-76,-4,14,21,0,0,0,0,0,0,100,0,-55,NR N78,26,94343.0,11.2,11478,nan,0,3.08,0.0000
1743768010.0470858,NR5G-SA,CONNECT,TDD,CFE63F004,-75,-4,15,21,0,0,0,0,0,0,100,0,-54,NR N78,27,104855.0,12.5,12757,nan,0,3.08,0.0000
1743768011.1441514,NR5G-SA,CONNECT,TDD,CFE63F004,-75,-4,15,21,0,0,0,0,0,0,100,0,-56,NR N78,27,94399.0,11.2,11485,nan,0,3.08,0.0000
1743768012.24181,NR5G-SA,CONNECT,TDD,CFE63F004,-75,-3,16,21,0,0,0,0,0,0,100,0,-60,NR N78,27,104850.0,12.5,12757,nan,0,3.08,0.0000
1743768013.343096,NR5G-SA,CONNECT,TDD,CFE63F004,-75,-3,16,21,0,0,0,0,0,0,100,0,-60,NR N78,27,104867.0,12.5,12759,nan,0,3.08,0.0000
1743768014.443609,NR5G-SA,CONNECT,TDD,CFE63F004,-75,-3,16,21,0,0,0,0,0,0,100,0,-61,NR N78,27,94339.0,11.2,11478,nan,0,3.08,0.0000
1743768015.5402317,NR5G-SA,CONNECT,TDD,CFE63F004,-75,-3,15,21,0,0,0,0,0,0,100,0,-59,NR N78,27,94351.0,11.2,11479,nan,0,3.08,0.0000
1743768016.634093,NR5G-SA,CONNECT,TDD,CFE63F004,-75,-3,16,20,0,0,0,0,0,0,100,0,-53,NR N78,26,104877.0,12.5,12760,nan,0,3.08,0.0000
1743768017.7361884,NR5G-SA,CONNECT,TDD,CFE63F004,-75,-3,16,21,0,0,0,0,0,0,100,0,-63,NR N78,27,104828.0,12.5,12754,nan,0,3.08,0.0000
1743768018.8321836,NR5G-SA,CONNECT,TDD,CFE63F004,-76,-3,16,21,0,0,0,0,0,0,100,0,-66,NR N78,27,94383.0,11.2,11483,nan,0,3.08,0.0000
1743768019.9250824,NR5G-SA,CONNECT,TDD,CFE63F004,-76,-3,16,21,0,0,0,0,0,0,100,0,-58,NR N78,26,104873.0,12.5,12760,nan,0,3.08,0.0000
1743768021.032671,NR5G-SA,CONNECT,TDD,CFE63F004,-76,-3,16,21,0,0,0,0,0,0,100,0,-58,NR N78,26,94358.0,11.2,11480,nan,0,3.08,0.0000
1743768022.128997,NR5G-SA,CONNECT,TDD,CFE63F004,-76,-3,16,21,0,0,0,0,0,0,100,0,-63,NR N78,25,104861.0,12.5,12758,nan,0,3.08,0.0000
1743768023.2628686,NR5G-SA,CONNECT,TDD,CFE63F004,-77,-3,16,21,0,0,0,0,0,0,100,0,-61,NR N78,25,94371.0,11.2,11482,nan,0,3.08,0.0000
1743768024.3543258,NR5G-SA,CONNECT,TDD,CFE63F004,-78,-3,16,21,0,0,0,0,0,0,100,0,-64,NR N78,24,104867.0,12.5,12759,nan,0,3.08,0.0000
1743768025.457366,NR5G-SA,CONNECT,TDD,CFE63F004,-79,-4,15,21,0,0,0,0,0,0,100,0,-63,NR N78,24,104843.0,12.5,12756,nan,0,3.08,0.0000
1743768026.5626929,NR5G-SA,CONNECT,TDD,CFE63F004,-78,-3,15,21,0,0,0,0,0,0,100,0,-62,NR N78,24,104862.0,12.5,12758,nan,0,3.08,0.0000
1743768027.665959,NR5G-SA,CONNECT,TDD,CFE63F004,-78,-3,15,21,0,0,0,0,0,0,100,0,-62,NR N78,25,94358.0,11.2,11480,nan,0,3.08,0.0000
1743768468.746168,NR5G-SA,CONNECT,TDD,CFE63F001,-85,-4,13,5,0,0,0,0,0,0,100,1,-66,NR N78,25,nan,nan,nan,nan,nan,nan,nan
1743768469.797298,NR5G-SA,CONNECT,TDD,CFE63F001,-85,-4,13,17,0,0,0,0,0,0,100,0,-66,NR N78,26,14290.0,1.7,1739,nan,0,108.0,0.0000
1743768470.8369727,NR5G-SA,CONNECT,TDD,CFE63F001,-85,-4,13,17,0,0,0,0,0,0,100,0,-67,NR N78,26,61710.0,7.36,7508,nan,0,444.0,0.0000
1743768471.8741155,NR5G-SA,CONNECT,TDD,CFE63F001,-85,-4,13,21,0,0,0,0,0,0,100,0,-67,NR N78,27,172294.0,20.5,20962,nan,0,1.33,0.0000
1743768472.9124458,NR5G-SA,CONNECT,TDD,CFE63F001,-85,-4,13,21,0,0,0,0,0,0,100,0,-67,NR N78,27,104879.0,12.5,12760,nan,0,2.53,0.0000
1743768473.947783,NR5G-SA,CONNECT,TDD,CFE63F001,-85,-4,12,21,0,0,0,0,0,0,100,0,-67,NR N78,27,94360.0,11.2,11479,nan,1,2.85,0.0000
1743768474.9815292,NR5G-SA,CONNECT,TDD,CFE63F001,-85,-4,12,21,0,0,0,0,0,0,100,0,-68,NR N78,27,104858.0,12.5,12758,nan,0,2.3,0.0000
1743768476.0227563,NR5G-SA,CONNECT,TDD,CFE63F001,-85,-4,12,21,0,0,0,0,0,0,100,0,-68,NR N78,27,94382.0,11.2,11483,nan,0,2.49,0.0000
1743768477.0628188,NR5G-SA,CONNECT,TDD,CFE63F001,-85,-4,12,21,0,0,0,0,0,0,100,0,-67,NR N78,27,104849.0,12.5,12757,nan,0,2.64,0.0000
1743768478.1211045,NR5G-SA,CONNECT,TDD,CFE63F001,-85,-4,12,21,0,0,0,0,0,0,100,0,-68,NR N78,27,104863.0,12.5,12758,nan,0,2.77,0.0000
1743768479.1613455,NR5G-SA,CONNECT,TDD,CFE63F001,-86,-4,12,21,0,0,0,0,0,0,100,0,-69,NR N78,27,94367.0,11.2,11481,nan,0,2.87,0.0000
1743768480.2040648,NR5G-SA,CONNECT,TDD,CFE63F001,-86,-5,12,21,0,0,0,0,0,0,100,0,-68,NR N78,27,104871.0,12.5,12759,nan,0,2.95,0.0000
1743768481.2457712,NR5G-SA,CONNECT,TDD,CFE63F001,-86,-5,12,21,0,0,0,0,0,0,100,0,-68,NR N78,27,94342.0,11.2,11478,nan,0,3.01,0.0000
1743768482.2836282,NR5G-SA,CONNECT,TDD,CFE63F001,-86,-5,11,21,0,0,0,0,0,0,100,0,-69,NR N78,27,104878.0,12.5,12760,nan,0,3.01,0.0000
1743768483.3233376,NR5G-SA,CONNECT,TDD,CFE63F001,-86,-5,11,21,0,0,0,0,0,0,100,0,-66,NR N78,27,104876.0,12.5,12760,nan,0,3.01,0.0000
1743768484.3520935,NR5G-SA,CONNECT,TDD,CFE63F001,-86,-5,11,21,0,0,0,0,0,0,100,0,-68,NR N78,27,94363.0,11.2,11481,nan,0,3.01,0.0000
1743768485.3809872,NR5G-SA,CONNECT,TDD,CFE63F001,-86,-5,11,21,0,0,0,0,0,0,100,0,-66,NR N78,27,104859.0,12.5,12758,nan,0,3.01,0.0000
1743768486.4107158,NR5G-SA,CONNECT,TDD,CFE63F001,-86,-5,11,21,0,0,0,0,0,0,100,0,-66,NR N78,27,94376.0,11.2,11481,nan,1,2.12,0.0000
1743768487.4386287,NR5G-SA,CONNECT,TDD,CFE63F001,-86,-5,11,21,0,0,0,0,0,0,100,0,-66,NR N78,27,104859.0,12.5,12758,nan,0,2.24,0.0000
1743768488.474538,NR5G-SA,CONNECT,TDD,CFE63F001,-86,-5,11,21,0,0,0,0,0,0,100,0,-66,NR N78,27,94371.0,11.2,11482,nan,0,2.34,0.0000
1743768489.5024195,NR5G-SA,CONNECT,TDD,CFE63F001,-86,-5,11,21,0,0,0,0,0,0,100,0,-67,NR N78,27,104860.0,12.5,12758,nan,0,2.42,0.0000
1743768490.5304363,NR5G-SA,CONNECT,TDD,CFE63F001,-86,-5,11,21,0,0,0,0,0,0,100,0,-67,NR N78,27,104860.0,12.5,12758,nan,0,2.47,0.0000
1743768491.5661278,NR5G-SA,CONNECT,TDD,CFE63F001,-86,-5,11,21,0,0,0,0,0,0,100,0,-67,NR N78,27,94364.0,11.2,11481,nan,0,2.52,0.0000
1743768492.6000636,NR5G-SA,CONNECT,TDD,CFE63F001,-85,-5,11,21,0,0,0,0,0,0,100,0,-68,NR N78,27,104866.0,12.5,12759,nan,0,2.54,0.0000
1743768493.6357481,NR5G-SA,CONNECT,TDD,CFE63F001,-85,-4,12,21,0,0,0,0,0,0,100,0,-66,NR N78,27,94359.0,11.2,11480,nan,0,2.55,0.0000
1743768494.6735172,NR5G-SA,CONNECT,TDD,CFE63F001,-85,-4,12,21,0,0,0,0,0,0,100,0,-66,NR N78,27,104872.0,12.5,12759,nan,0,2.56,0.0000
1743768495.7087102,NR5G-SA,CONNECT,TDD,CFE63F001,-85,-4,12,20,0,0,0,0,0,0,100,0,-65,NR N78,27,104857.0,12.5,12758,nan,0,2.56,0.0000
1743768496.7410283,NR5G-SA,CONNECT,TDD,CFE63F001,-84,-4,13,20,0,0,0,0,0,0,100,0,-65,NR N78,27,94364.0,11.2,11481,nan,0,2.56,0.0000
1743768497.81187,NR5G-SA,CONNECT,TDD,CFE63F001,-84,-4,13,21,0,0,0,0,0,0,100,0,-65,NR N78,26,102175.0,12.5,12431,nan,0,2.56,0.0000
1743768498.8434856,NR5G-SA,CONNECT,TDD,CFE63F001,-85,-4,13,21,0,0,0,0,0,0,100,0,-69,NR N78,26,96918.0,11.2,11792,nan,0,2.57,0.0000
1743768499.8795512,NR5G-SA,CONNECT,TDD,CFE63F001,-85,-4,12,21,0,0,0,0,0,0,100,0,-67,NR N78,27,104860.0,12.5,12758,nan,0,2.61,0.0000
1743768500.9163074,NR5G-SA,CONNECT,TDD,CFE63F001,-84,-4,13,21,0,0,0,0,0,0,100,0,-67,NR N78,27,94369.0,11.2,11482,nan,0,2.65,0.0000
1743768501.9583628,NR5G-SA,CONNECT,TDD,CFE63F001,-83,-3,15,17,0,0,0,0,0,0,100,0,-66,NR N78,26,2608.0,1.25,317,nan,0,2.65,0.0000
1743768506.0121474,NR5G-SA,NOCONN,TDD,CFE63F001,-85,-3,12,0,0,0,0,0,0,0,100,0,-69,NR N78,0,2129.0,3.64,259,nan,0,2.98,0.0000
1743768520.445371,NR5G-SA,NOCONN,TDD,CFE63F001,-82,-2,13,16,0,0,0,0,0,0,100,0,-67,NR N78,26,404645.0,2.5,49232,nan,0,4.84,0.0000
1743768530.9618342,NR5G-SA,CONNECT,TDD,CFE63F001,-82,-2,13,16,0,0,0,0,0,0,20,0,-66,NR N78,26,94358.0,11.2,10521,nan,673,3.39,0.0001
1743768532.4090688,NR5G-SA,CONNECT,TDD,CFE63F001,-82,-2,14,20,0,0,0,0,0,0,100,0,-66,NR N78,26,73411.0,8.75,7596,nan,937,2.38,0.0002
1743768533.529314,NR5G-SA,CONNECT,TDD,CFE63F001,-82,-2,13,20,0,0,0,0,0,0,100,0,-64,NR N78,26,125297.0,15.0,15244,nan,0,2.49,0.0000
1743768534.6610935,NR5G-SA,CONNECT,TDD,CFE63F001,-82,-2,13,20,0,0,0,0,0,0,100,0,-64,NR N78,27,105304.0,12.5,12812,nan,0,2.61,0.0000
1743768535.7554257,NR5G-SA,CONNECT,TDD,CFE63F001,-82,-3,13,20,0,0,0,0,0,0,100,0,-66,NR N78,27,94370.0,11.2,11482,nan,0,2.7,0.0000
1743768536.8834999,NR5G-SA,CONNECT,TDD,CFE63F001,-82,-3,13,21,0,0,0,0,0,0,100,0,-65,NR N78,27,94371.0,11.2,11482,nan,0,2.81,0.0000
1743768537.9753852,NR5G-SA,CONNECT,TDD,CFE63F001,-82,-3,13,18,0,0,0,0,0,0,100,0,-65,NR N78,27,104738.0,12.5,12743,nan,0,2.85,0.0000
1743768539.1082833,NR5G-SA,CONNECT,TDD,CFE63F001,-82,-3,13,18,0,0,0,0,0,0,100,0,-65,NR N78,27,104847.0,12.5,12756,nan,0,2.87,0.0000
1743768540.208071,NR5G-SA,CONNECT,TDD,CFE63F001,-82,-3,13,20,0,0,0,0,0,0,100,0,-65,NR N78,27,94485.0,11.2,11496,nan,0,2.88,0.0000
1743768541.3426704,NR5G-SA,CONNECT,TDD,CFE63F001,-82,-3,13,20,0,0,0,0,0,0,100,0,-65,NR N78,27,104857.0,12.5,12758,nan,0,2.88,0.0000
1743768542.4360082,NR5G-SA,CONNECT,TDD,CFE63F001,-82,-3,13,20,0,0,0,0,0,0,100,0,-65,NR N78,27,94379.0,11.2,11483,nan,0,2.88,0.0000
1743768543.5706928,NR5G-SA,CONNECT,TDD,CFE63F001,-82,-2,14,20,0,0,0,0,0,0,100,0,-65,NR N78,27,104860.0,12.5,12758,nan,0,2.88,0.0000
1743768544.6568463,NR5G-SA,CONNECT,TDD,CFE63F001,-82,-2,14,20,0,0,0,0,0,0,100,0,-66,NR N78,27,104851.0,12.5,12757,nan,0,2.88,0.0000
1743768545.7877986,NR5G-SA,CONNECT,TDD,CFE63F001,-81,-2,14,20,0,0,0,0,0,0,100,0,-66,NR N78,27,94381.0,11.2,11483,nan,0,2.89,0.0000
1743768546.8980203,NR5G-SA,CONNECT,TDD,CFE63F001,-81,-2,14,20,0,0,0,0,0,0,100,0,-66,NR N78,27,94580.0,11.2,11507,nan,0,2.94,0.0000
1743768548.0369418,NR5G-SA,CONNECT,TDD,CFE63F001,-81,-2,14,20,0,0,0,0,0,0,100,0,-66,NR N78,27,104991.0,12.5,12774,nan,0,2.99,0.0000
1743768549.1357458,NR5G-SA,CONNECT,TDD,CFE63F001,-82,-2,14,20,0,0,0,0,0,0,100,0,-69,NR N78,27,94202.0,11.2,11461,nan,0,3.02,0.0000
1743768550.2345142,NR5G-SA,CONNECT,TDD,CFE63F001,-82,-3,14,21,0,0,0,0,0,0,100,0,-69,NR N78,26,105121.0,12.5,12790,nan,0,3.02,0.0000
1743768551.3714488,NR5G-SA,CONNECT,TDD,CFE63F001,-82,-3,14,21,0,0,0,0,0,0,100,0,-69,NR N78,26,94392.0,11.2,11484,nan,0,3.02,0.0000
1743768552.5135155,NR5G-SA,CONNECT,TDD,CFE63F001,-83,-3,13,21,0,0,0,0,0,0,100,0,-71,NR N78,25,104841.0,12.5,12756,nan,0,3.02,0.0000
1743768553.6098168,NR5G-SA,CONNECT,TDD,CFE63F001,-84,-3,13,21,0,0,0,0,0,0,100,0,-68,NR N78,25,104751.0,12.5,12745,nan,0,3.02,0.0000
1743768554.6471348,NR5G-SA,CONNECT,TDD,CFE63F001,-84,-4,12,21,0,0,0,0,0,0,100,0,-70,NR N78,27,94482.0,11.2,11495,nan,0,3.02,0.0000
1743768555.7483356,NR5G-SA,CONNECT,TDD,CFE63F001,-84,-4,12,21,0,0,0,0,0,0,100,0,-69,NR N78,27,104847.0,12.5,12756,nan,0,3.02,0.0000
1743768556.9022737,NR5G-SA,CONNECT,TDD,CFE63F001,-85,-4,12,21,0,0,0,0,0,0,100,0,-66,NR N78,27,104674.0,12.5,12735,nan,0,3.02,0.0000
1743768558.0415246,NR5G-SA,CONNECT,TDD,CFE63F001,-84,-4,13,20,0,0,0,0,0,0,100,0,-67,NR N78,27,104696.0,12.5,12738,nan,0,3.02,0.0000
1743768559.1339335,NR5G-SA,CONNECT,TDD,CFE63F001,-85,-4,13,20,0,0,0,0,0,0,100,0,-69,NR N78,27,94263.0,11.2,11469,nan,0,3.02,0.0000
1743768560.2298543,NR5G-SA,CONNECT,TDD,CFE63F001,-85,-4,13,18,0,0,0,0,0,0,100,0,-69,NR N78,27,105450.0,12.5,12830,nan,0,3.02,0.0000
1743768561.3289638,NR5G-SA,CONNECT,TDD,CFE63F001,-85,-4,13,18,0,0,0,0,0,0,100,0,-69,NR N78,27,104639.0,12.5,12731,nan,0,3.02,0.0000
1743768562.421616,NR5G-SA,CONNECT,TDD,CFE63F001,-85,-3,13,16,0,0,0,0,0,0,100,0,-69,NR N78,27,94502.0,11.2,11498,nan,0,3.02,0.0000
1743768563.551578,NR5G-SA,CONNECT,TDD,CFE63F001,-85,-3,14,16,0,0,0,0,0,0,100,0,-69,NR N78,27,104921.0,12.5,12765,nan,0,3.02,0.0000
1743768564.6479363,NR5G-SA,CONNECT,TDD,CFE63F001,-85,-3,14,21,0,0,0,0,0,0,100,0,-69,NR N78,27,94169.0,11.2,11457,nan,0,3.02,0.0000
1743768565.7520773,NR5G-SA,CONNECT,TDD,CFE63F001,-86,-4,13,21,0,0,0,0,0,0,100,0,-68,NR N78,27,105100.0,12.5,12787,nan,0,3.02,0.0000
1743768566.854736,NR5G-SA,CONNECT,TDD,CFE63F001,-85,-4,13,21,0,0,0,0,0,0,100,0,-66,NR N78,27,104870.0,12.5,12759,nan,0,3.02,0.0000
1743768567.9518416,NR5G-SA,CONNECT,TDD,CFE63F001,-85,-4,13,16,0,0,0,0,0,0,100,0,-66,NR N78,27,94326.0,11.2,11475,nan,1,2.11,0.0000
1743768569.0508044,NR5G-SA,CONNECT,TDD,CFE63F001,-85,-3,14,16,0,0,0,0,0,0,100,0,-66,NR N78,27,104890.0,12.5,12762,nan,0,2.29,0.0000
1743768570.150825,NR5G-SA,CONNECT,TDD,CFE63F001,-85,-4,14,20,0,0,0,0,0,0,100,0,-68,NR N78,27,104870.0,12.5,12759,nan,0,2.47,0.0000
1743768571.2461112,NR5G-SA,CONNECT,TDD,CFE63F001,-85,-4,14,20,0,0,0,0,0,0,100,0,-67,NR N78,27,94368.0,11.2,11481,nan,0,2.61,0.0000
1743768572.3951125,NR5G-SA,CONNECT,TDD,CFE63F001,-85,-4,14,20,0,0,0,0,0,0,100,0,-67,NR N78,27,104840.0,12.5,12756,nan,0,2.73,0.0000
1743768573.491649,NR5G-SA,CONNECT,TDD,CFE63F001,-85,-4,14,20,0,0,0,0,0,0,100,0,-68,NR N78,27,94375.0,11.2,11482,nan,0,2.82,0.0000
1743768574.6113086,NR5G-SA,CONNECT,TDD,CFE63F001,-86,-4,14,17,0,0,0,0,0,0,100,0,-70,NR N78,27,104867.0,12.5,12759,nan,0,2.89,0.0000
1743768575.7389078,NR5G-SA,CONNECT,TDD,CFE63F001,-86,-4,14,17,0,0,0,0,0,0,100,0,-67,NR N78,27,104876.0,12.5,12760,nan,0,2.94,0.0000
1743768576.8161962,NR5G-SA,CONNECT,TDD,CFE63F001,-85,-4,14,21,0,0,0,0,0,0,100,0,-67,NR N78,27,94357.0,11.2,11480,nan,0,2.98,0.0000
1743768577.9116268,NR5G-SA,CONNECT,TDD,CFE63F001,-86,-4,14,21,0,0,0,0,0,0,100,0,-70,NR N78,27,94369.0,11.2,11482,nan,0,3.01,0.0000
1743768578.986099,NR5G-SA,CONNECT,TDD,CFE63F001,-86,-4,14,21,0,0,0,0,0,0,100,0,-70,NR N78,27,104975.0,12.5,12772,nan,0,3.01,0.0000
1743768580.0861278,NR5G-SA,CONNECT,TDD,CFE63F001,-86,-4,14,21,0,0,0,0,0,0,100,0,-71,NR N78,27,104743.0,12.5,12744,nan,0,3.01,0.0000
1743768581.213783,NR5G-SA,CONNECT,TDD,CFE63F001,-87,-4,13,21,0,0,0,0,0,0,100,0,-73,NR N78,27,94466.0,11.2,11493,nan,0,3.01,0.0000
1743768582.3104832,NR5G-SA,CONNECT,TDD,CFE63F001,-87,-4,12,23,0,0,0,0,0,0,100,0,-74,NR N78,21,104760.0,12.5,12746,nan,0,3.01,0.0000
1743768583.4214566,NR5G-SA,CONNECT,TDD,CFE63F001,-87,-4,12,23,0,0,0,0,0,0,100,0,-74,NR N78,21,83968.0,10.0,10215,nan,1,2.1,0.0000
1743768584.5446925,NR5G-SA,CONNECT,TDD,CFE63F001,-88,-5,11,20,0,0,0,0,0,0,100,0,-74,NR N78,18,115332.0,13.8,14031,nan,1,1.52,0.0000
1743768585.6281474,NR5G-SA,CONNECT,TDD,CFE63F001,-89,-5,10,20,0,0,0,0,0,0,100,0,-73,NR N78,18,94377.0,11.2,11483,nan,0,1.62,0.0000
1743768586.7650433,NR5G-SA,CONNECT,TDD,CFE63F001,-90,-6,9,21,-96,-9,5,-96,-9,5,100,0,-74,NR N78,18,104545.0,12.5,12720,nan,0,1.69,0.0000
1743768587.8504252,NR5G-SA,CONNECT,TDD,CFE63F001,-91,-6,8,21,-95,-8,5,-95,-8,5,100,0,-72,NR N78,16,94370.0,11.2,11482,nan,0,1.79,0.0000
1743768588.949692,NR5G-SA,CONNECT,TDD,CFE63F001,-91,-7,8,21,-94,-8,6,-94,-8,6,100,0,-72,NR N78,16,104844.0,12.5,12756,nan,0,1.81,0.0000
1743768590.08515,NR5G-SA,CONNECT,TDD,CFE63F001,-92,-8,7,21,-93,-8,6,-93,-8,6,100,0,-71,NR N78,16,94371.0,11.2,11482,nan,0,1.83,0.0000
1743768591.1880744,NR5G-SA,CONNECT,TDD,CFE63F001,-93,-8,6,21,-93,-8,6,-93,-8,6,100,0,-71,NR N78,16,115335.0,13.8,14032,nan,0,1.83,0.0000
1743768592.2792025,NR5G-SA,CONNECT,TDD,CFE63F001,-93,-8,6,21,-93,-8,6,-93,-8,6,100,0,-71,NR N78,18,94196.0,11.2,11461,nan,0,1.83,0.0000
1743768593.3739657,NR5G-SA,CONNECT,TDD,CFE63F001,-93,-8,5,21,-92,-7,7,-92,-7,7,100,0,-71,NR N78,18,94563.0,11.2,11505,nan,0,1.83,0.0000
1743768594.460008,NR5G-SA,CONNECT,TDD,CFE63D000,-87,-9,5,20,0,0,0,0,0,0,100,1,-69,NR N78,19,115352.0,13.8,14034,nan,0,1.84,0.0000
1743768595.5611422,NR5G-SA,CONNECT,TDD,CFE63D000,-86,-8,6,20,0,0,0,0,0,0,100,0,-66,NR N78,19,83887.0,10.0,10206,nan,0,1.84,0.0000
1743768596.7084434,NR5G-SA,CONNECT,TDD,CFE63D000,-86,-8,6,20,0,0,0,0,0,0,100,0,-67,NR N78,19,94358.0,11.2,11480,nan,0,1.86,0.0000
1743768597.8151019,NR5G-SA,CONNECT,TDD,CFE63D000,-86,-8,6,20,0,0,0,0,0,0,100,0,-68,NR N78,19,104839.0,12.5,12755,nan,0,1.92,0.0000
1743768598.9644268,NR5G-SA,CONNECT,TDD,CFE63D000,-87,-8,6,21,0,0,0,0,0,0,100,0,-68,NR N78,20,94370.0,11.2,11482,nan,0,1.98,0.0000
1743768600.0648797,NR5G-SA,CONNECT,TDD,CFE63D000,-87,-8,6,21,0,0,0,0,0,0,100,0,-67,NR N78,20,104877.0,12.5,12760,nan,0,2.05,0.0000
1743768601.136248,NR5G-SA,CONNECT,TDD,CFE63D000,-87,-8,6,21,0,0,0,0,0,0,100,0,-67,NR N78,20,104856.0,12.5,12757,nan,0,2.16,0.0000
1743768602.2512033,NR5G-SA,CONNECT,TDD,CFE63D000,-87,-8,6,21,0,0,0,0,0,0,100,0,-64,NR N78,22,94365.0,11.2,11481,nan,0,2.28,0.0000
1743768603.2941175,NR5G-SA,CONNECT,TDD,CFE63D000,-87,-8,7,21,0,0,0,0,0,0,100,0,-65,NR N78,22,104858.0,12.5,12758,nan,0,2.44,0.0000
1743768604.3995497,NR5G-SA,CONNECT,TDD,CFE63D000,-87,-8,7,20,0,0,0,0,0,0,100,0,-64,NR N78,23,82564.0,10.0,10045,nan,0,2.59,0.0000
1743768605.4749432,NR5G-SA,CONNECT,TDD,CFE63D000,-87,-8,7,20,0,0,0,0,0,0,100,0,-64,NR N78,23,117176.0,13.8,14256,nan,0,2.84,0.0000
1743768606.552988,NR5G-SA,CONNECT,TDD,CFE63D000,-86,-7,7,21,0,0,0,0,0,0,100,0,-65,NR N78,23,104744.0,12.5,12744,nan,0,3.08,0.0000
1743768607.6212194,NR5G-SA,CONNECT,TDD,CFE63D000,-86,-7,7,21,0,0,0,0,0,0,100,0,-66,NR N78,23,94501.0,11.2,11498,nan,0,3.08,0.0000
1743768608.670868,NR5G-SA,CONNECT,TDD,CFE63D000,-86,-7,7,21,0,0,0,0,0,0,100,0,-66,NR N78,23,104861.0,12.5,12758,nan,0,3.08,0.0000
1743768609.756192,NR5G-SA,CONNECT,TDD,CFE63D000,-87,-7,7,21,0,0,0,0,0,0,100,0,-66,NR N78,23,94358.0,11.2,11480,nan,0,3.08,0.0000
1743768610.8375852,NR5G-SA,CONNECT,TDD,CFE63D000,-86,-7,7,21,0,0,0,0,0,0,100,0,-65,NR N78,23,104892.0,12.5,12762,nan,0,3.08,0.0000
1743768611.898626,NR5G-SA,CONNECT,TDD,CFE63D000,-86,-7,7,21,0,0,0,0,0,0,100,0,-66,NR N78,23,104630.0,12.5,12730,nan,0,3.08,0.0000
1743768612.9934802,NR5G-SA,CONNECT,TDD,CFE63D000,-87,-7,7,20,0,0,0,0,0,0,100,0,-66,NR N78,23,94111.0,11.2,11450,nan,0,3.08,0.0000
1743768614.0696151,NR5G-SA,CONNECT,TDD,CFE63D000,-87,-7,7,20,0,0,0,0,0,0,100,0,-66,NR N78,24,105377.0,12.5,12821,nan,0,3.08,0.0000
1743768615.118972,NR5G-SA,CONNECT,TDD,CFE63D000,-87,-7,7,20,0,0,0,0,0,0,100,0,-65,NR N78,24,104682.0,12.5,12736,nan,0,3.08,0.0000
1743768616.1720622,NR5G-SA,CONNECT,TDD,CFE63D000,-87,-7,7,20,0,0,0,0,0,0,100,0,-65,NR N78,23,94526.0,11.2,11499,nan,1,2.16,0.0000
1743768617.237328,NR5G-SA,CONNECT,TDD,CFE63D000,-87,-7,7,20,0,0,0,0,0,0,100,0,-66,NR N78,23,104806.0,12.5,12751,nan,0,2.35,0.0000
1743768618.3246088,NR5G-SA,CONNECT,TDD,CFE63D000,-87,-7,7,21,0,0,0,0,0,0,100,0,-67,NR N78,22,94258.0,11.2,11468,nan,0,2.53,0.0000
1743768619.4100933,NR5G-SA,CONNECT,TDD,CFE63D000,-87,-7,7,21,0,0,0,0,0,0,100,0,-67,NR N78,22,104604.0,12.5,12727,nan,0,2.67,0.0000
1743768620.497651,NR5G-SA,CONNECT,TDD,CFE63D000,-87,-7,7,21,0,0,0,0,0,0,100,0,-66,NR N78,23,105101.0,12.5,12787,nan,0,2.79,0.0000
1743768621.618888,NR5G-SA,CONNECT,TDD,CFE63D000,-87,-7,7,21,0,0,0,0,0,0,100,0,-66,NR N78,23,94313.0,11.2,11475,nan,0,2.88,0.0000
1743768622.6967552,NR5G-SA,CONNECT,TDD,CFE63D000,-87,-7,7,21,-86,-7,1,-86,-7,1,100,0,-66,NR N78,22,104872.0,12.5,12759,nan,0,2.95,0.0000
1743768623.7537138,NR5G-SA,CONNECT,TDD,CFE63D000,-87,-7,7,21,-87,-7,1,-87,-7,1,100,0,-66,NR N78,22,104795.0,12.5,12750,nan,0,3.0,0.0000
1743768624.8032312,NR5G-SA,CONNECT,TDD,CFE63D000,-87,-7,7,20,-87,-8,0,-87,-8,0,100,0,-65,NR N78,23,94654.0,11.2,11516,nan,0,3.01,0.0000
1743768625.848595,NR5G-SA,CONNECT,TDD,CFE63D000,-87,-7,7,20,-87,-8,0,-87,-8,0,100,0,-65,NR N78,23,104084.0,12.5,12664,nan,0,3.01,0.0000
1743768626.8973205,NR5G-SA,CONNECT,TDD,CFE63D000,-87,-7,7,21,-87,-7,1,-87,-7,1,100,0,-65,NR N78,22,104873.0,12.5,12760,nan,0,2.28,0.0000
1743768627.992555,NR5G-SA,CONNECT,TDD,CFE63D000,-87,-7,6,21,-87,-8,1,-87,-8,1,100,0,-65,NR N78,23,94398.0,11.2,11485,nan,0,2.37,0.0000
1743768629.1001816,NR5G-SA,CONNECT,TDD,CFE63D000,-87,-8,6,21,-87,-8,0,-87,-8,0,100,0,-65,NR N78,23,104711.0,12.5,12740,nan,0,2.44,0.0000
1743768630.2055833,NR5G-SA,CONNECT,TDD,CFE63D000,-87,-8,6,21,-87,-8,0,-87,-8,0,100,0,-63,NR N78,24,104813.0,12.5,12752,nan,0,2.49,0.0000
1743768631.3073525,NR5G-SA,CONNECT,TDD,CFE63D000,-87,-7,6,21,-87,-8,0,-87,-8,0,100,0,-65,NR N78,24,94017.0,11.2,11439,nan,0,2.52,0.0000
1743768632.3990016,NR5G-SA,CONNECT,TDD,CFE63D000,-87,-7,6,21,-88,-9,0,-88,-9,0,100,0,-65,NR N78,24,105410.0,12.5,12825,nan,0,2.54,0.0000
1743768633.5034356,NR5G-SA,CONNECT,TDD,CFE63D000,-86,-7,6,21,-88,-9,0,-88,-9,0,100,0,-65,NR N78,24,94402.0,11.2,11486,nan,0,2.55,0.0000
1743768634.6145084,NR5G-SA,CONNECT,TDD,CFE63D000,-86,-7,7,21,-88,-9,0,-88,-9,0,100,0,-64,NR N78,23,104867.0,12.5,12759,nan,0,2.56,0.0000
1743768635.6674786,NR5G-SA,CONNECT,TDD,CFE63D000,-86,-7,7,21,-89,-10,0,-89,-10,0,100,0,-65,NR N78,23,94365.0,11.2,11481,nan,0,2.56,0.0000
1743768636.7585728,NR5G-SA,CONNECT,TDD,CFE63D000,-86,-7,7,21,-89,-10,0,-89,-10,0,100,0,-63,NR N78,25,104635.0,12.5,12731,nan,0,2.56,0.0000
1743768637.850756,NR5G-SA,CONNECT,TDD,CFE63D000,-86,-7,7,21,-89,-11,-1,-89,-11,-1,100,0,-62,NR N78,25,94356.0,11.2,11480,nan,0,2.57,0.0000
1743768638.974278,NR5G-SA,CONNECT,TDD,CFE63D000,-85,-7,7,21,0,0,0,0,0,0,100,0,-62,NR N78,26,104882.0,12.5,12761,nan,0,2.59,0.0000
1743768640.0629873,NR5G-SA,CONNECT,TDD,CFE63D000,-85,-7,7,20,0,0,0,0,0,0,100,0,-63,NR N78,25,94374.0,11.2,11482,nan,0,2.62,0.0000
1743768641.1634889,NR5G-SA,CONNECT,TDD,CFE63D000,-85,-7,8,20,0,0,0,0,0,0,100,0,-63,NR N78,25,104877.0,12.5,12760,nan,0,2.66,0.0000
1743768642.214234,NR5G-SA,CONNECT,TDD,CFE63D000,-85,-7,8,21,0,0,0,0,0,0,100,0,-62,NR N78,25,104846.0,12.5,12756,nan,0,2.72,0.0000
1743768643.2892213,NR5G-SA,CONNECT,TDD,CFE63D000,-85,-6,9,21,0,0,0,0,0,0,100,0,-62,NR N78,25,94379.0,11.2,11483,nan,0,2.81,0.0000
1743768644.3665197,NR5G-SA,CONNECT,TDD,CFE63D000,-85,-6,9,21,0,0,0,0,0,0,100,0,-61,NR N78,25,104860.0,12.5,12758,nan,0,2.91,0.0000
1743768645.4598691,NR5G-SA,CONNECT,TDD,CFE63D000,-85,-6,10,21,0,0,0,0,0,0,100,0,-62,NR N78,25,94342.0,11.2,11478,nan,0,3.03,0.0000
1743768646.5319536,NR5G-SA,CONNECT,TDD,CFE63D000,-84,-6,9,21,0,0,0,0,0,0,100,0,-61,NR N78,25,104892.0,12.5,12762,nan,0,3.03,0.0000
1743768647.6314487,NR5G-SA,CONNECT,TDD,CFE63D000,-84,-6,9,21,0,0,0,0,0,0,100,0,-61,NR N78,25,104862.0,12.5,12758,nan,0,3.03,0.0000
1743768648.6998398,NR5G-SA,CONNECT,TDD,CFE63D000,-84,-7,9,20,0,0,0,0,0,0,100,0,-60,NR N78,25,94351.0,11.2,11479,nan,0,3.03,0.0000
1743768649.7395427,NR5G-SA,CONNECT,TDD,CFE63D000,-84,-6,10,20,0,0,0,0,0,0,100,0,-61,NR N78,25,104658.0,12.5,12733,nan,0,3.03,0.0000
1743768650.842731,NR5G-SA,CONNECT,TDD,CFE63D000,-84,-6,10,21,0,0,0,0,0,0,100,0,-61,NR N78,26,94333.0,11.2,11476,nan,1,2.12,0.0000
1743768651.8816094,NR5G-SA,CONNECT,TDD,CFE63D000,-84,-6,10,21,0,0,0,0,0,0,100,0,-61,NR N78,26,94368.0,11.2,11481,nan,0,1.64,0.0000
1743768652.9655564,NR5G-SA,CONNECT,TDD,CFE63D000,-84,-6,11,21,0,0,0,0,0,0,100,0,-61,NR N78,27,104850.0,12.5,12757,nan,0,1.7,0.0000
1743768654.0346475,NR5G-SA,CONNECT,TDD,CFE63D000,-84,-6,11,21,0,0,0,0,0,0,100,0,-61,NR N78,25,94363.0,11.2,11481,nan,0,1.75,0.0000
1743768655.1023312,NR5G-SA,CONNECT,TDD,CFE63D000,-84,-6,11,20,0,0,0,0,0,0,100,0,-60,NR N78,25,104649.0,12.5,12732,nan,0,1.78,0.0000
1743768656.1747193,NR5G-SA,CONNECT,TDD,CFE63D000,-84,-6,11,21,0,0,0,0,0,0,100,0,-60,NR N78,26,105092.0,12.5,12786,nan,0,1.8,0.0000
1743768657.2729995,NR5G-SA,CONNECT,TDD,CFE63D000,-83,-6,11,21,0,0,0,0,0,0,100,0,-61,NR N78,26,94364.0,11.2,11481,nan,0,1.8,0.0000
1743768658.3865006,NR5G-SA,CONNECT,TDD,CFE63D000,-83,-6,11,21,0,0,0,0,0,0,100,0,-61,NR N78,26,104034.0,12.5,12657,nan,0,1.81,0.0000
1743768659.4357758,NR5G-SA,CONNECT,TDD,CFE63D000,-83,-6,10,21,0,0,0,0,0,0,100,0,-60,NR N78,26,105695.0,12.5,12860,nan,0,1.81,0.0000
1743768660.5376313,NR5G-SA,CONNECT,TDD,CFE63D000,-83,-6,10,20,0,0,0,0,0,0,100,0,-60,NR N78,26,94368.0,11.2,11481,nan,0,1.81,0.0000
1743768661.61959,NR5G-SA,CONNECT,TDD,CFE63D000,-83,-6,10,20,0,0,0,0,0,0,100,0,-61,NR N78,26,104865.0,12.5,12759,nan,0,1.81,0.0000
1743768662.7206426,NR5G-SA,CONNECT,TDD,CFE63D000,-83,-6,10,21,0,0,0,0,0,0,100,0,-61,NR N78,25,94366.0,11.2,11481,nan,0,1.82,0.0000
1743768663.819996,NR5G-SA,CONNECT,TDD,CFE63D000,-83,-6,11,21,0,0,0,0,0,0,100,0,-61,NR N78,25,104872.0,12.5,12759,nan,0,1.84,0.0000
1743768664.9025886,NR5G-SA,CONNECT,TDD,CFE63D000,-83,-6,11,21,0,0,0,0,0,0,100,0,-60,NR N78,25,94387.0,11.2,11484,nan,0,1.93,0.0000
1743768665.970534,NR5G-SA,CONNECT,TDD,CFE63D000,-83,-6,11,21,0,0,0,0,0,0,100,0,-59,NR N78,26,104824.0,12.5,12754,nan,0,1.99,0.0000
1743768667.0619383,NR5G-SA,CONNECT,TDD,CFE63D000,-83,-6,11,21,0,0,0,0,0,0,100,0,-61,NR N78,26,93923.0,11.2,11427,nan,0,2.08,0.0000
1743768668.1226916,NR5G-SA,CONNECT,TDD,CFE63D000,-83,-6,11,21,0,0,0,0,0,0,100,0,-61,NR N78,25,105187.0,12.5,12798,nan,0,2.2,0.0000
1743768669.2189481,NR5G-SA,CONNECT,TDD,CFE63D000,-83,-6,11,21,0,0,0,0,0,0,100,0,-61,NR N78,25,104583.0,12.5,12724,nan,0,2.34,0.0000
1743768670.332868,NR5G-SA,CONNECT,TDD,CFE63D000,-83,-6,10,20,0,0,0,0,0,0,100,0,-61,NR N78,26,94698.0,11.2,11522,nan,0,2.51,0.0000
1743768671.4205453,NR5G-SA,CONNECT,TDD,CFE63D000,-83,-6,10,20,0,0,0,0,0,0,100,0,-62,NR N78,26,104796.0,12.5,12750,nan,0,2.72,0.0000
1743768672.4981704,NR5G-SA,CONNECT,TDD,CFE63D000,-83,-6,10,20,0,0,0,0,0,0,100,0,-62,NR N78,26,94430.0,11.2,11489,nan,0,2.97,0.0000
1743768673.5723782,NR5G-SA,CONNECT,TDD,CFE63D000,-83,-7,10,20,0,0,0,0,0,0,100,0,-61,NR N78,26,104620.0,12.5,12729,nan,0,3.06,0.0000
1743768674.626454,NR5G-SA,CONNECT,TDD,CFE63D000,-83,-7,10,21,0,0,0,0,0,0,100,0,-61,NR N78,24,94693.0,11.2,11520,nan,1,2.26,0.0000
1743768675.7098038,NR5G-SA,CONNECT,TDD,CFE63D000,-83,-7,9,21,-83,-7,1,-83,-7,1,100,0,-63,NR N78,24,104851.0,12.5,12757,nan,0,2.45,0.0000
1743768676.7910953,NR5G-SA,CONNECT,TDD,CFE63D000,-83,-7,9,21,-83,-7,1,-83,-7,1,100,0,-61,NR N78,24,92586.0,11.2,11265,nan,0,2.61,0.0000
1743768677.9038363,NR5G-SA,CONNECT,TDD,CFE63D000,-83,-7,9,21,-83,-7,1,-83,-7,1,100,0,-62,NR N78,24,104834.0,12.5,12755,nan,0,2.83,0.0000
1743768679.031708,NR5G-SA,CONNECT,TDD,CFE63D000,-84,-7,8,21,-83,-7,2,-83,-7,2,100,0,-62,NR N78,24,94350.0,11.2,11479,nan,0,2.91,0.0000
1743768680.1027877,NR5G-SA,CONNECT,TDD,CFE63D000,-84,-8,8,21,-83,-7,1,-84,-8,0,100,0,-63,NR N78,22,104447.0,12.5,12708,nan,0,2.97,0.0000
1743768681.1631598,NR5G-SA,CONNECT,TDD,CFE63D000,-85,-8,7,21,-83,-7,1,-84,-8,0,100,0,-62,NR N78,22,94771.0,11.2,11530,nan,0,3.01,0.0000
1743768682.2539494,NR5G-SA,CONNECT,TDD,CFE63D000,-85,-8,7,21,-83,-7,1,-84,-8,0,100,0,-62,NR N78,22,104755.0,12.5,12745,nan,0,3.01,0.0000
1743768683.3273373,NR5G-SA,CONNECT,TDD,CFE63D000,-85,-9,6,21,-83,-7,2,-85,-9,0,100,0,-62,NR N78,22,104978.0,12.5,12772,nan,0,3.01,0.0000
1743768684.3696792,NR5G-SA,CONNECT,TDD,CFE63D000,-85,-9,6,21,-83,-7,2,-85,-9,0,100,0,-62,NR N78,22,94363.0,11.2,11481,nan,0,3.01,0.0000
1743768685.4297404,NR5G-SA,CONNECT,TDD,CFE63D002,-85,-9,6,21,0,0,0,0,0,0,100,1,-63,NR N78,22,104607.0,12.5,12727,nan,0,3.01,0.0000
1743768686.5135415,NR5G-SA,CONNECT,TDD,CFE63D002,-85,-9,6,21,0,0,0,0,0,0,100,0,-63,NR N78,22,94475.0,11.2,11494,nan,0,3.01,0.0000
1743768687.6006336,NR5G-SA,CONNECT,TDD,CFE63D002,-85,-9,6,21,0,0,0,0,0,0,100,0,-63,NR N78,23,105000.0,12.5,12775,nan,0,3.01,0.0000
1743768688.7029016,NR5G-SA,CONNECT,TDD,CFE63D002,-85,-9,5,21,0,0,0,0,0,0,100,0,-62,NR N78,23,94360.0,11.2,11480,nan,0,3.01,0.0000
1743768689.792181,NR5G-SA,CONNECT,TDD,CFE63D002,-85,-9,5,20,0,0,0,0,0,0,100,0,-62,NR N78,27,90971.0,12.5,11068,nan,0,3.01,0.0000
1743768690.83814,NR5G-SA,CONNECT,TDD,CFE63D002,-85,-9,5,20,0,0,0,0,0,0,100,0,-62,NR N78,27,94371.0,11.2,11482,nan,0,2.28,0.0000
1743768691.917992,NR5G-SA,CONNECT,TDD,CFE63D002,-85,-8,5,20,0,0,0,0,0,0,100,0,-62,NR N78,27,104870.0,12.5,12759,nan,0,2.37,0.0000
1743768693.0218654,NR5G-SA,CONNECT,TDD,CFE63D002,-85,-8,5,20,0,0,0,0,0,0,100,0,-62,NR N78,27,94349.0,11.2,11479,nan,0,2.44,0.0000
1743768694.1029887,NR5G-SA,CONNECT,TDD,CFE63D002,-85,-8,5,20,0,0,0,0,0,0,100,0,-62,NR N78,27,104877.0,12.5,12760,nan,0,2.49,0.0000
1743768695.179597,NR5G-SA,CONNECT,TDD,CFE63D002,-84,-8,5,20,0,0,0,0,0,0,100,0,-61,NR N78,27,104845.0,12.5,12756,nan,0,2.52,0.0000
1743768696.258646,NR5G-SA,CONNECT,TDD,CFE63D002,-84,-8,5,21,0,0,0,0,0,0,100,0,-61,NR N78,27,94387.0,11.2,11484,nan,0,2.54,0.0000
1743768697.3821166,NR5G-SA,CONNECT,TDD,CFE63D002,-84,-8,4,21,0,0,0,0,0,0,100,0,-61,NR N78,27,104835.0,12.5,12755,nan,0,2.55,0.0000
1743768698.4944391,NR5G-SA,CONNECT,TDD,CFE63D002,-85,-8,4,21,0,0,0,0,0,0,100,0,-62,NR N78,27,94370.0,11.2,11482,nan,0,2.56,0.0000
1743768699.5761018,NR5G-SA,CONNECT,TDD,CFE63D002,-84,-9,4,21,0,0,0,0,0,0,100,0,-60,NR N78,27,104784.0,12.5,12749,nan,0,2.56,0.0000
1743768700.6248713,NR5G-SA,CONNECT,TDD,CFE63D002,-84,-8,4,21,0,0,0,0,0,0,100,0,-60,NR N78,27,94455.0,11.2,11492,nan,0,2.56,0.0000
1743768701.7305133,NR5G-SA,CONNECT,TDD,CFE63D002,-84,-8,4,20,0,0,0,0,0,0,100,0,-60,NR N78,27,104863.0,12.5,12758,nan,0,2.56,0.0000
1743768702.8127024,NR5G-SA,CONNECT,TDD,CFE63D002,-84,-8,4,20,0,0,0,0,0,0,100,0,-60,NR N78,27,104638.0,12.5,12731,nan,0,2.57,0.0000
1743768703.9010217,NR5G-SA,CONNECT,TDD,CFE63D002,-84,-8,4,21,0,0,0,0,0,0,100,0,-60,NR N78,27,105103.0,12.5,12788,nan,0,2.62,0.0000
1743768704.9988713,NR5G-SA,CONNECT,TDD,CFE63D002,-84,-8,4,21,0,0,0,0,0,0,100,0,-61,NR N78,27,94323.0,11.2,11476,nan,0,2.66,0.0000
1743768706.0781596,NR5G-SA,CONNECT,TDD,CFE63D002,-84,-8,4,21,0,0,0,0,0,0,100,0,-61,NR N78,27,104762.0,12.5,12746,nan,0,2.72,0.0000
1743768707.131612,NR5G-SA,CONNECT,TDD,CFE63D002,-84,-8,3,21,0,0,0,0,0,0,100,0,-61,NR N78,27,105013.0,12.5,12777,nan,0,2.81,0.0000
1743768708.1884842,NR5G-SA,CONNECT,TDD,CFE63D002,-84,-8,3,21,0,0,0,0,0,0,100,0,-61,NR N78,27,94208.0,11.2,11462,nan,0,2.91,0.0000
1743768709.260542,NR5G-SA,CONNECT,TDD,CFE63D002,-84,-8,3,21,0,0,0,0,0,0,100,0,-61,NR N78,27,94530.0,11.2,11500,nan,1,2.1,0.0000
1743768710.3746958,NR5G-SA,CONNECT,TDD,CFE63D002,-84,-8,3,21,0,0,0,0,0,0,100,0,-61,NR N78,27,104730.0,12.5,12742,nan,0,2.29,0.0000
1743768711.4790137,NR5G-SA,CONNECT,TDD,CFE63D002,-84,-8,3,20,0,0,0,0,0,0,100,0,-61,NR N78,27,104852.0,12.5,12757,nan,0,2.46,0.0000
1743768712.555986,NR5G-SA,CONNECT,TDD,CFE63D002,-83,-8,3,20,0,0,0,0,0,0,100,0,-60,NR N78,27,94470.0,11.2,11494,nan,0,2.61,0.0000
1743768713.6553874,NR5G-SA,CONNECT,TDD,CFE63D002,-84,-8,3,21,0,0,0,0,0,0,100,0,-62,NR N78,27,104789.0,12.5,12749,nan,0,2.73,0.0000
1743768714.747178,NR5G-SA,CONNECT,TDD,CFE63D002,-84,-9,2,21,0,0,0,0,0,0,100,0,-63,NR N78,27,104956.0,12.5,12770,nan,0,2.82,0.0000
1743768715.806522,NR5G-SA,CONNECT,TDD,CFE63D002,-84,-9,2,21,0,0,0,0,0,0,100,0,-63,NR N78,27,94353.0,11.2,11480,nan,0,2.88,0.0000
1743768716.851393,NR5G-SA,CONNECT,TDD,CFE715001,-84,-9,2,21,0,0,0,0,0,0,100,1,-63,NR N78,27,104869.0,12.5,12759,nan,0,2.93,0.0000
1743768717.8969543,NR5G-SA,CONNECT,TDD,CFE715001,-83,-7,6,21,0,0,0,0,0,0,100,0,-61,NR N78,27,115276.0,13.8,14025,nan,0,2.99,0.0000
1743768718.9642615,NR5G-SA,CONNECT,TDD,CFE715001,-81,-3,12,21,0,0,0,0,0,0,100,0,-61,NR N78,22,104727.0,12.5,12742,nan,0,3.0,0.0000
1743768720.044248,NR5G-SA,CONNECT,TDD,CFE715001,-82,-4,11,21,-83,-8,8,-87,-11,2,100,0,-63,NR N78,22,94525.0,11.2,11501,nan,0,3.0,0.0000
1743768721.1073625,NR5G-SA,CONNECT,TDD,CFE715001,-81,-4,10,21,-86,-11,4,-90,-16,0,100,0,-61,NR N78,24,104884.0,12.5,12761,nan,0,3.0,0.0000
1743768722.1779451,NR5G-SA,CONNECT,TDD,CFE715001,-82,-5,7,21,-88,-12,1,-92,-17,-4,100,0,-66,NR N78,24,94369.0,11.2,11482,nan,0,3.0,0.0000
1743768723.2641041,NR5G-SA,CONNECT,TDD,CFE715001,-81,-4,11,21,-90,-16,0,-91,-17,-2,100,0,-54,NR N78,24,104852.0,12.5,12757,nan,0,3.0,0.0000
1743768724.3379288,NR5G-SA,CONNECT,TDD,CFE715001,-81,-3,12,21,-90,-16,0,-92,-19,-2,100,0,-57,NR N78,24,94377.0,11.2,11483,nan,0,3.0,0.0000
1743768725.386047,NR5G-SA,CONNECT,TDD,CFE715001,-80,-2,14,21,-92,-20,-3,-93,-24,-3,100,0,-53,NR N78,24,104850.0,12.5,12757,nan,0,3.0,0.0000
1743768726.4857469,NR5G-SA,CONNECT,TDD,CFE715001,-79,-2,16,21,-91,-21,-4,-91,-21,-4,100,0,-58,NR N78,26,104859.0,12.5,12758,nan,0,3.0,0.0000
1743768727.5861423,NR5G-SA,CONNECT,TDD,CFE715001,-78,-1,18,21,-91,-20,-2,-91,-20,-2,100,0,-56,NR N78,26,94359.0,11.2,11480,nan,0,3.0,0.0000
1743768728.6297126,NR5G-SA,CONNECT,TDD,CFE715001,-78,-1,17,21,-92,-19,-2,-92,-19,-2,100,0,-59,NR N78,23,104818.0,12.5,12753,nan,0,3.0,0.0000
1743768729.7075994,NR5G-SA,CONNECT,TDD,CFE715001,-80,-2,13,21,-92,-18,0,-92,-18,0,100,0,-63,NR N78,23,94403.0,11.2,11486,nan,0,3.0,0.0000
1743768730.805085,NR5G-SA,CONNECT,TDD,CFE715001,-82,-4,11,21,-85,-7,1,-87,-10,0,100,0,-63,NR N78,23,104523.0,12.5,12717,nan,0,3.0,0.0000
1743768731.968104,NR5G-SA,CONNECT,TDD,CFE715001,-83,-5,10,21,-83,-6,1,-87,-10,1,100,0,-61,NR N78,23,105208.0,12.5,12800,nan,0,3.0,0.0000
1743768733.0121872,NR5G-SA,CONNECT,TDD,CFE715001,-82,-6,9,21,-79,-5,3,-84,-10,2,100,0,-57,NR N78,24,104851.0,12.5,12757,nan,0,3.0,0.0000
1743768734.0660212,NR5G-SA,CONNECT,TDD,CFE005083,-67,-7,8,21,0,0,0,0,0,0,100,1,-52,NR N78,24,73288.0,8.75,8917,nan,0,3.0,0.0000
1743768735.1615524,NR5G-SA,CONNECT,TDD,CFE005083,-71,-4,12,21,-86,-10,5,-86,-10,5,100,0,-56,NR N78,23,62831.0,7.5,7643,nan,1,2.1,0.0000
1743768736.3039105,NR5G-SA,CONNECT,TDD,CFE005083,-73,-3,13,20,-88,-12,2,-88,-12,2,100,0,-63,NR N78,23,94642.0,11.2,11515,nan,0,2.19,0.0000
1743768737.418803,NR5G-SA,CONNECT,TDD,CFE005083,-76,-3,10,20,-78,-8,5,-83,-11,2,100,0,-57,NR N78,22,73407.0,8.75,8931,nan,0,2.3,0.0000
1743768738.5380285,NR5G-SA,CONNECT,TDD,CFE005083,-77,-4,7,20,-75,-6,11,-81,-9,4,100,0,-61,NR N78,22,73373.0,8.75,8927,nan,0,2.38,0.0000
1743768739.6712933,NR5G-SA,CONNECT,TDD,CFE005083,-79,-7,5,20,-75,-7,11,-79,-7,5,100,0,-56,NR N78,20,62934.0,7.5,7657,nan,0,2.44,0.0000
1743768740.8690522,NR5G-SA,CONNECT,TDD,CFE63D001,-75,-7,5,20,0,0,0,0,0,0,100,1,-56,NR N78,20,105008.0,12.5,12776,nan,0,2.53,0.0000
1743768741.9646378,NR5G-SA,CONNECT,TDD,CFE63D001,-75,-7,5,21,0,0,0,0,0,0,100,0,-59,NR N78,17,94380.0,11.2,11483,nan,0,2.54,0.0000
1743768743.0647109,NR5G-SA,CONNECT,TDD,CFE63D001,-76,-7,6,21,0,0,0,0,0,0,100,0,-59,NR N78,17,103874.0,12.5,12638,nan,0,2.55,0.0000
1743768744.1469162,NR5G-SA,CONNECT,TDD,CFE63D001,-76,-7,6,21,0,0,0,0,0,0,100,0,-60,NR N78,19,105856.0,12.5,12879,nan,0,2.55,0.0000
1743768745.2243354,NR5G-SA,CONNECT,TDD,CFE63D001,-77,-7,6,21,0,0,0,0,0,0,100,0,-59,NR N78,19,84091.0,11.2,10231,nan,0,2.55,0.0000
1743768746.3384578,NR5G-SA,CONNECT,TDD,CFE63D001,-77,-7,6,20,-80,-1,10,-80,-1,10,100,0,-58,NR N78,23,119305.0,12.5,14513,nan,2,1.87,0.0000
1743768747.4622204,NR5G-SA,CONNECT,TDD,CFE63D001,-77,-7,6,20,-80,-2,10,-80,-2,10,100,0,-58,NR N78,23,94370.0,11.2,11482,nan,0,2.04,0.0000
1743768748.4990404,NR5G-SA,CONNECT,TDD,CFE63D001,-77,-7,6,21,-80,-2,10,-80,-2,10,100,0,-58,NR N78,23,104057.0,12.5,12660,nan,0,2.18,0.0000
1743768749.6164055,NR5G-SA,CONNECT,TDD,CFE63D001,-78,-7,6,21,-80,-2,10,-80,-2,10,100,0,-60,NR N78,23,105607.0,12.5,12849,nan,0,2.29,0.0000
1743768750.7303848,NR5G-SA,CONNECT,TDD,CFE63D001,-78,-7,7,21,-80,-2,10,-80,-2,10,100,0,-61,NR N78,21,94542.0,11.2,11503,nan,0,2.38,0.0000
1743768751.8041246,NR5G-SA,CONNECT,TDD,CFE63D001,-79,-8,7,20,-80,-2,10,-80,-2,10,100,0,-62,NR N78,21,104846.0,12.5,12756,nan,0,2.44,0.0000
1743768752.9128842,NR5G-SA,CONNECT,TDD,CFE63D001,-79,-8,7,20,-80,-2,10,-80,-2,10,100,0,-62,NR N78,21,104877.0,12.5,12760,nan,0,2.52,0.0000
1743768754.027426,NR5G-SA,CONNECT,TDD,CFE63D001,-79,-8,7,21,-80,-2,10,-80,-2,10,100,0,-60,NR N78,17,94362.0,11.2,11481,nan,0,2.54,0.0000
1743768755.1005428,NR5G-SA,CONNECT,TDD,CFE63D001,-79,-7,8,21,-79,-2,10,-79,-2,10,100,0,-60,NR N78,17,104862.0,12.5,12758,nan,0,2.55,0.0000
1743768756.23961,NR5G-SA,CONNECT,TDD,CFE63D001,-79,-7,8,20,-79,-2,10,-79,-2,10,100,0,-58,NR N78,19,104863.0,12.5,12758,nan,0,2.55,0.0000
1743768757.3068752,NR5G-SA,CONNECT,TDD,CFE63D001,-80,-8,8,20,-79,-2,10,-79,-2,10,100,0,-58,NR N78,19,94366.0,11.2,11481,nan,0,2.55,0.0000
1743768758.3688889,NR5G-SA,CONNECT,TDD,CFE63D001,-80,-7,9,21,-79,-3,10,-79,-3,10,100,0,-56,NR N78,21,104857.0,12.5,12758,nan,0,2.55,0.0000
1743768759.4513905,NR5G-SA,CONNECT,TDD,CFE63D001,-79,-7,9,21,-79,-3,10,-79,-3,10,100,0,-58,NR N78,21,104852.0,12.5,12757,nan,0,2.56,0.0000
1743768760.5567784,NR5G-SA,CONNECT,TDD,CFE63D001,-80,-7,10,21,-79,-3,10,-79,-3,10,100,0,-59,NR N78,21,94386.0,11.2,11484,nan,0,2.57,0.0000
1743768761.6369655,NR5G-SA,CONNECT,TDD,CFE63D001,-80,-7,10,21,-78,-3,10,-78,-3,10,100,0,-57,NR N78,21,104860.0,12.5,12758,nan,0,2.59,0.0000
1743768762.716631,NR5G-SA,CONNECT,TDD,CFE63D001,-80,-7,10,21,-78,-3,10,-78,-3,10,100,0,-61,NR N78,21,94358.0,11.2,11480,nan,0,2.62,0.0000
1743768763.7997642,NR5G-SA,CONNECT,TDD,CFE63D001,-80,-7,10,21,-78,-3,10,-78,-3,10,100,0,-61,NR N78,22,104749.0,12.5,12744,nan,0,2.67,0.0000
1743768764.9019892,NR5G-SA,CONNECT,TDD,CFE63D001,-80,-7,10,21,-79,-3,10,-79,-3,10,100,0,-61,NR N78,22,104854.0,12.5,12757,nan,0,2.82,0.0000
1743768765.9692972,NR5G-SA,CONNECT,TDD,CFE63D001,-81,-7,10,18,-79,-3,10,-79,-3,10,100,0,-64,NR N78,23,104438.0,12.5,12707,nan,0,2.94,0.0000
1743768767.0324626,NR5G-SA,NOCONN,TDD,CFE63D001,-80,-5,10,0,0,0,0,0,0,0,100,0,-59,NR N78,0,2708.0,8.75,329,nan,0,2.78,0.0000
1743769033.1846526,NR5G-SA,CONNECT,TDD,CFE63D000,-70,-2,19,9,-89,-31,-1,-89,-31,-1,100,1,-47,NR N78,26,nan,nan,nan,nan,nan,nan,nan
1743769034.2275608,NR5G-SA,CONNECT,TDD,CFE63D000,-70,-2,19,9,-89,-30,-1,-89,-30,-1,100,0,-48,NR N78,26,48616.0,5.8,5915,nan,0,295.0,0.0000
1743769035.25981,NR5G-SA,CONNECT,TDD,CFE63D000,-70,-2,19,13,-88,-29,-2,-88,-29,-2,100,0,-48,NR N78,27,169616.0,20.2,20637,nan,0,1.16,0.0000
1743769036.298199,NR5G-SA,CONNECT,TDD,CFE63D000,-71,-2,19,13,-93,-39,-2,-93,-39,-2,100,0,-48,NR N78,27,94374.0,11.2,11482,nan,0,1.76,0.0000
1743769037.3370333,NR5G-SA,CONNECT,TDD,CFE63D000,-71,-2,19,11,-93,-39,-2,-93,-39,-2,100,0,-48,NR N78,27,94370.0,11.2,11482,nan,0,2.95,0.0000
1743769038.3823485,NR5G-SA,CONNECT,TDD,CFE63D000,-71,-2,19,11,-92,-38,-2,-92,-38,-2,100,0,-48,NR N78,27,104875.0,12.5,12760,nan,0,3.15,0.0000
1743769039.4209683,NR5G-SA,CONNECT,TDD,CFE63D000,-71,-2,19,13,-91,-36,-2,-91,-36,-2,100,0,-48,NR N78,27,94306.0,11.2,11474,nan,0,3.15,0.0000
1743769040.4584417,NR5G-SA,CONNECT,TDD,CFE63D000,-71,-2,18,13,-91,-35,-2,-91,-35,-2,100,0,-48,NR N78,27,104911.0,12.5,12764,nan,0,3.15,0.0000
1743769041.494503,NR5G-SA,CONNECT,TDD,CFE63D000,-71,-2,18,11,-90,-34,-2,-90,-34,-2,100,0,-48,NR N78,27,94394.0,11.2,11485,nan,0,3.15,0.0000
1743769042.5333173,NR5G-SA,CONNECT,TDD,CFE63D000,-71,-2,18,11,-90,-34,-2,-90,-34,-2,100,0,-48,NR N78,27,104851.0,12.5,12757,nan,0,3.15,0.0000
1743769043.5706546,NR5G-SA,CONNECT,TDD,CFE63D000,-72,-2,18,12,-89,-32,-2,-89,-32,-2,100,0,-46,NR N78,27,104841.0,12.5,12756,nan,0,3.15,0.0000
1743769044.608553,NR5G-SA,CONNECT,TDD,CFE63D000,-72,-2,18,12,-89,-31,-2,-89,-31,-2,100,0,-47,NR N78,27,94381.0,11.2,11483,nan,0,3.15,0.0000
1743769045.6429071,NR5G-SA,CONNECT,TDD,CFE63D000,-72,-2,18,12,-88,-30,-2,-88,-30,-2,100,0,-49,NR N78,27,104857.0,12.5,12758,nan,0,3.15,0.0000
1743769046.6876361,NR5G-SA,CONNECT,TDD,CFE63D000,-72,-2,18,12,-88,-29,-2,-88,-29,-2,100,0,-49,NR N78,27,94354.0,11.2,11480,nan,0,3.15,0.0000
1743769047.729599,NR5G-SA,CONNECT,TDD,CFE63D000,-72,-2,18,4,-88,-29,-2,-88,-29,-2,100,0,-49,NR N78,27,104897.0,12.5,12762,nan,0,3.15,0.0000
1743769048.7716587,NR5G-SA,CONNECT,TDD,CFE63D000,-72,-2,18,4,-87,-29,-2,-87,-29,-2,100,0,-49,NR N78,27,94323.0,11.2,11476,nan,0,3.15,0.0000
1743769049.812833,NR5G-SA,CONNECT,TDD,CFE63D000,-72,-2,18,9,-87,-28,-2,-87,-28,-2,100,0,-48,NR N78,27,104898.0,12.5,12763,nan,0,3.15,0.0000
1743769050.854747,NR5G-SA,CONNECT,TDD,CFE63D000,-72,-2,18,9,-86,-27,-2,-86,-27,-2,100,0,-46,NR N78,27,94328.0,11.2,11477,nan,0,3.15,0.0000
1743769051.892289,NR5G-SA,CONNECT,TDD,CFE63D000,-72,-2,18,6,-86,-27,-2,-86,-27,-2,100,0,-44,NR N78,27,104907.0,12.5,12764,nan,0,3.15,0.0000
1743769052.9309216,NR5G-SA,CONNECT,TDD,CFE63D000,-72,-2,18,7,-86,-27,-2,-86,-27,-2,100,0,-44,NR N78,27,104862.0,12.5,12758,nan,0,3.15,0.0000
1743769053.9689019,NR5G-SA,CONNECT,TDD,CFE63D000,-72,-2,18,7,-85,-26,-2,-85,-26,-2,100,0,-47,NR N78,27,94369.0,11.2,11480,nan,1,3.15,0.0000
1743769055.0092177,NR5G-SA,CONNECT,TDD,CFE63D000,-72,-2,18,11,-85,-25,-2,-85,-25,-2,100,0,-46,NR N78,27,104866.0,12.5,12759,nan,0,3.15,0.0000
1743769056.0462031,NR5G-SA,CONNECT,TDD,CFE63D000,-71,-2,18,11,-85,-25,-2,-85,-25,-2,100,0,-44,NR N78,27,94343.0,11.2,11478,nan,0,3.15,0.0000
1743769057.0773308,NR5G-SA,CONNECT,TDD,CFE63D000,-72,-2,18,12,-84,-24,-3,-84,-24,-3,100,0,-50,NR N78,27,104885.0,12.5,12761,nan,0,3.15,0.0000
1743770379.5508623,NR5G-SA,CONNECT,TDD,CFE620005,-79,-2,21,20,0,0,0,0,0,0,100,0,-54,NR N78,26,157250.0,18.7,19132,nan,0,1.48,0.0000
1743770380.6287162,NR5G-SA,CONNECT,TDD,CFE620005,-79,-2,21,21,0,0,0,0,0,0,100,0,-54,NR N78,26,94369.0,11.2,11482,nan,0,2.07,0.0000
1743770381.717716,NR5G-SA,CONNECT,TDD,CFE620005,-79,-2,21,21,0,0,0,0,0,0,100,0,-57,NR N78,26,104858.0,12.5,12758,nan,0,2.68,0.0000
1743770382.8118446,NR5G-SA,CONNECT,TDD,CFE620005,-79,-2,21,21,0,0,0,0,0,0,100,0,-56,NR N78,26,104727.0,12.5,12742,nan,0,3.15,0.0000
1743770383.9046853,NR5G-SA,CONNECT,TDD,CFE620005,-79,-2,21,21,0,0,0,0,0,0,100,0,-56,NR N78,26,94491.0,11.2,11496,nan,0,3.15,0.0000
1743770384.987809,NR5G-SA,CONNECT,TDD,CFE620005,-79,-2,20,21,0,0,0,0,0,0,100,0,-57,NR N78,26,104820.0,12.5,12753,nan,0,3.15,0.0000
1743770386.06926,NR5G-SA,CONNECT,TDD,CFE620005,-79,-2,20,21,0,0,0,0,0,0,100,0,-57,NR N78,26,94400.0,11.2,11485,nan,0,3.15,0.0000
1743770387.1520326,NR5G-SA,CONNECT,TDD,CFE620005,-79,-2,20,21,0,0,0,0,0,0,100,0,-57,NR N78,27,104829.0,12.5,12754,nan,0,3.15,0.0000
1743770388.2433474,NR5G-SA,CONNECT,TDD,CFE620005,-79,-2,20,21,0,0,0,0,0,0,100,0,-57,NR N78,26,94401.0,11.2,11485,nan,0,3.15,0.0000
1743770389.3496907,NR5G-SA,CONNECT,TDD,CFE620005,-79,-2,20,21,0,0,0,0,0,0,100,0,-57,NR N78,26,104824.0,12.5,12754,nan,0,3.15,0.0000
1743770390.4401793,NR5G-SA,CONNECT,TDD,CFE620005,-79,-2,20,21,0,0,0,0,0,0,100,0,-56,NR N78,27,94376.0,11.2,11482,nan,0,3.15,0.0000
1743770391.5180109,NR5G-SA,CONNECT,TDD,CFE620005,-79,-2,20,21,0,0,0,0,0,0,100,0,-55,NR N78,27,104872.0,12.5,12759,nan,0,3.15,0.0000
1743770392.6097877,NR5G-SA,CONNECT,TDD,CFE620005,-79,-3,20,21,0,0,0,0,0,0,100,0,-56,NR N78,27,94366.0,11.2,11481,nan,0,3.15,0.0000
1743770393.693106,NR5G-SA,CONNECT,TDD,CFE620005,-79,-3,19,21,0,0,0,0,0,0,100,0,-61,NR N78,27,104875.0,12.5,12760,nan,0,3.15,0.0000
1743770394.777725,NR5G-SA,CONNECT,TDD,CFE620005,-79,-3,19,21,0,0,0,0,0,0,100,0,-61,NR N78,27,94369.0,11.2,11482,nan,0,3.15,0.0000
1743770395.8636541,NR5G-SA,CONNECT,TDD,CFE620005,-79,-3,19,21,0,0,0,0,0,0,100,0,-56,NR N78,27,104861.0,12.5,12758,nan,0,3.15,0.0000
1743771377.616555,NR5G-SA,CONNECT,TDD,CFE614000,-101,-10,6,18,-101,-11,2,-104,-14,0,100,1,-75,NR N78,25,nan,nan,nan,nan,nan,nan,nan
1743771378.7034917,NR5G-SA,CONNECT,TDD,CFE614000,-101,-11,6,21,-101,-12,2,-104,-14,0,100,0,-74,NR N78,20,20278.0,2.42,2467,nan,0,170.0,0.0000
1743771379.7966638,NR5G-SA,CONNECT,TDD,CFE614000,-101,-11,6,21,-101,-11,2,-104,-14,0,100,0,-75,NR N78,20,69950.0,8.34,8511,nan,0,880.0,0.0000
1743771380.890527,NR5G-SA,CONNECT,TDD,CFE614000,-101,-11,6,21,-101,-11,2,-104,-14,0,100,0,-75,NR N78,13,77752.0,9.27,9460,nan,0,1.28,0.0000
1743771381.9818292,NR5G-SA,CONNECT,TDD,CFE614000,-101,-11,5,21,-101,-11,2,-104,-14,0,100,0,-76,NR N78,13,73398.0,8.75,8930,nan,0,1.7,0.0000
1743771383.0787342,NR5G-SA,CONNECT,TDD,CFE614000,-101,-11,5,21,-100,-11,2,-103,-14,0,100,0,-76,NR N78,14,62916.0,7.5,7655,nan,0,2.06,0.0000
1743771384.1710348,NR5G-SA,CONNECT,TDD,CFE614000,-101,-11,5,21,-100,-11,3,-103,-14,0,100,0,-75,NR N78,14,52430.0,6.25,6379,nan,0,2.39,0.0000
1743771385.2816594,NR5G-SA,CONNECT,TDD,CFE614000,-101,-11,5,21,-100,-10,3,-103,-14,0,100,0,-76,NR N78,12,73406.0,8.75,8931,nan,0,2.81,0.0000
1743771386.380093,NR5G-SA,CONNECT,TDD,CFE614000,-101,-11,4,20,-99,-10,3,-103,-13,0,100,0,-73,NR N78,14,41940.0,5.0,5103,nan,0,3.07,0.0000
1743771387.466752,NR5G-SA,CONNECT,TDD,CFE614000,-101,-11,4,20,-99,-10,3,-103,-13,0,100,0,-75,NR N78,14,62919.0,7.5,7655,nan,0,3.18,0.0000
1743771388.554713,NR5G-SA,CONNECT,TDD,CFE614000,-101,-11,4,20,-99,-10,3,-103,-13,0,100,0,-75,NR N78,14,73380.0,8.75,8928,nan,0,3.18,0.0000
1743771389.666699,NR5G-SA,CONNECT,TDD,CFE614000,-101,-11,4,20,-99,-10,3,-103,-13,0,100,0,-76,NR N78,14,62930.0,7.5,7656,nan,0,3.18,0.0000
1743771390.76558,NR5G-SA,CONNECT,TDD,CFE614000,-101,-11,4,21,-99,-10,3,-103,-13,0,100,0,-76,NR N78,12,62908.0,7.5,7654,nan,0,3.18,0.0000
1743771391.8510687,NR5G-SA,CONNECT,TDD,CFE614000,-101,-11,4,21,-99,-10,3,-102,-13,0,100,0,-76,NR N78,12,62915.0,7.5,7655,nan,0,3.18,0.0000
1743771392.9509473,NR5G-SA,CONNECT,TDD,CFE614000,-100,-11,4,20,-99,-9,3,-102,-13,0,100,0,-76,NR N78,13,73400.0,8.75,8930,nan,0,3.18,0.0000
1743771394.042234,NR5G-SA,CONNECT,TDD,CFE614000,-100,-11,4,20,-99,-9,4,-102,-13,0,100,0,-76,NR N78,13,73400.0,8.75,8930,nan,0,3.18,0.0000
1743771395.1310387,NR5G-SA,CONNECT,TDD,CFE614000,-101,-11,3,21,-98,-9,4,-102,-13,0,100,0,-76,NR N78,14,83887.0,10.0,10206,nan,0,3.18,0.0000
1743771396.217835,NR5G-SA,CONNECT,TDD,CFE614000,-101,-11,3,21,-98,-9,4,-102,-13,0,100,0,-76,NR N78,14,62912.0,7.5,7654,nan,0,3.18,0.0000
1743771397.2812696,NR5G-SA,CONNECT,TDD,CFE614000,-101,-11,4,20,-98,-9,4,-102,-13,0,100,0,-76,NR N78,14,83889.0,10.0,10206,nan,0,3.18,0.0000
1743771398.3695722,NR5G-SA,CONNECT,TDD,CFE614000,-100,-10,4,21,-98,-9,4,-102,-13,0,100,0,-76,NR N78,16,83885.0,10.0,10206,nan,0,3.18,0.0000
