timestamp,network_mode,state,duplex_mode,cell_id,rsrp,rsrq,sinr,tx_power,max_neighbor_rsrp,max_neighbor_rsrq,max_neighbor_sinr,avg_neighbor_rsrp,avg_neighbor_rsrq,avg_neighbor_sinr,bandwidth,cell_changed,rssi,band,mcs,ul_bandwidth,ul_throughput,raw_ul_throughput,rtt,retry,cwnd,loss_rate
1743478796.0535152,NR5G-SA,CONNECT,TDD,CFE63D100,-90,-4,3,21,-91,-6,3,-96,-11,1,100,1,-73,NR N78,22,nan,nan,nan,nan,nan,nan,nan
1743478797.1518152,NR5G-SA,CONNECT,TDD,CFE63D100,-90,-3,3,20,-91,-6,3,-96,-11,1,100,0,-72,NR N78,12,nan,nan,nan,nan,nan,nan,nan
1743478798.2397213,NR5G-SA,CONNECT,TDD,CFE63D100,-90,-3,3,20,-91,-6,3,-96,-11,0,100,0,-72,NR N78,12,23660.0,2.82,2879,nan,0,248.0,0.0000
1743478799.359615,NR5G-SA,CONNECT,TDD,CFE63D100,-90,-3,3,21,-91,-6,3,-96,-11,0,100,0,-71,NR N78,6,25719.0,3.07,3129,nan,0,390.0,0.0000
1743478800.461707,NR5G-SA,CONNECT,TDD,CFE63D100,-90,-3,3,21,-91,-6,3,-96,-11,0,100,0,-71,NR N78,6,26745.0,3.19,3254,nan,0,545.0,0.0000
1743478801.509801,NR5G-SA,CONNECT,TDD,CFE63D100,-90,-3,3,21,-91,-6,2,-96,-11,0,100,0,-72,NR N78,7,29318.0,3.5,3567,nan,0,705.0,0.0000
1743478802.590461,NR5G-SA,CONNECT,TDD,CFE63D100,-90,-4,3,21,-91,-5,2,-96,-11,0,100,0,-72,NR N78,8,29837.0,3.56,3630,nan,0,851.0,0.0000
1743478803.7002616,NR5G-SA,CONNECT,TDD,CFE63D100,-90,-3,3,21,-91,-5,2,-96,-11,0,100,0,-72,NR N78,8,26225.0,3.13,3191,nan,0,1005.0,0.0000
1743478804.8181665,NR5G-SA,CONNECT,TDD,CFE63D100,-90,-4,3,21,-91,-5,2,-96,-10,0,100,0,-72,NR N78,8,20064.0,2.39,2441,nan,0,1.09,0.0000
1743478805.95584,NR5G-SA,CONNECT,TDD,CFE63D100,-90,-4,3,21,-91,-5,3,-96,-11,0,100,0,-71,NR N78,8,20969.0,2.5,2551,nan,0,1.23,0.0000
1743478807.0737455,NR5G-SA,CONNECT,TDD,CFE63D100,-90,-4,2,21,-91,-6,3,-96,-11,0,100,0,-71,NR N78,8,20970.0,2.5,2551,nan,0,1.32,0.0000
1743478808.16834,NR5G-SA,CONNECT,TDD,CFE63D100,-91,-4,2,21,-91,-6,3,-96,-11,0,100,0,-72,NR N78,8,20975.0,2.5,2552,nan,0,1.44,0.0000
1743478809.240052,NR5G-SA,CONNECT,TDD,CFE63D100,-90,-4,3,21,-91,-6,3,-96,-11,0,100,0,-71,NR N78,7,31461.0,3.75,3828,nan,0,1.8,0.0000
1743478810.303706,NR5G-SA,CONNECT,TDD,CFE63D100,-90,-4,3,21,-91,-5,3,-96,-10,0,100,0,-71,NR N78,7,20970.0,2.5,2551,nan,0,1.93,0.0000
1743478811.4172661,NR5G-SA,CONNECT,TDD,CFE63D100,-90,-4,3,21,-91,-6,3,-96,-11,1,100,0,-71,NR N78,9,20969.0,2.5,2551,nan,0,2.1,0.0000
1743478812.5077384,NR5G-SA,CONNECT,TDD,CFE63D100,-90,-4,3,21,-91,-6,3,-96,-11,0,100,0,-71,NR N78,9,31459.0,3.75,3828,nan,0,2.26,0.0000
1743478813.5908997,NR5G-SA,CONNECT,TDD,CFE63D100,-90,-5,3,21,-91,-6,3,-96,-11,0,100,0,-73,NR N78,8,31456.0,3.75,3827,nan,0,2.44,0.0000
1743478814.6495414,NR5G-SA,CONNECT,TDD,CFE63D100,-90,-4,3,21,-91,-6,3,-96,-11,0,100,0,-72,NR N78,8,20970.0,2.5,2551,nan,0,2.74,0.0000
1743478815.7374725,NR5G-SA,CONNECT,TDD,CFE63D100,-90,-5,3,21,-91,-6,3,-96,-11,0,100,0,-71,NR N78,8,20968.0,2.5,2551,nan,0,3.1,0.0000
1743478816.8307843,NR5G-SA,CONNECT,TDD,CFE63D100,-90,-5,3,21,-91,-6,3,-96,-11,0,100,0,-71,NR N78,8,20971.0,2.5,2551,nan,0,3.58,0.0000
1743478817.9052112,NR5G-SA,CONNECT,TDD,CFE63D100,-90,-5,3,21,-91,-6,3,-96,-11,0,100,0,-72,NR N78,8,41959.0,5.0,5105,nan,0,3.61,0.0000
1743478819.0037181,NR5G-SA,CONNECT,TDD,CFE63D100,-90,-5,3,21,-91,-6,3,-96,-11,1,100,0,-72,NR N78,7,31457.0,3.75,3827,nan,0,3.61,0.0000
1743478820.0757983,NR5G-SA,CONNECT,TDD,CFE63D100,-90,-4,3,21,-91,-6,3,-96,-11,1,100,0,-71,NR N78,7,20967.0,2.5,2551,nan,0,3.61,0.0000
1743478821.1639748,NR5G-SA,CONNECT,TDD,CFE63D100,-90,-3,4,21,-91,-6,3,-96,-11,1,100,0,-72,NR N78,8,20972.0,2.5,2552,nan,0,3.61,0.0000
1743478822.2569034,NR5G-SA,CONNECT,TDD,CFE63D100,-89,-3,4,21,-91,-5,3,-96,-11,0,100,0,-72,NR N78,8,31461.0,3.75,3828,nan,0,3.61,0.0000
1743478823.3471165,NR5G-SA,CONNECT,TDD,CFE63D100,-89,-3,4,21,-91,-5,3,-96,-11,1,100,0,-73,NR N78,7,31457.0,3.75,3827,nan,0,3.61,0.0000
1743478824.4531898,NR5G-SA,CONNECT,TDD,CFE63D100,-89,-3,4,21,-91,-5,3,-96,-11,0,100,0,-72,NR N78,7,31455.0,3.75,3827,nan,0,3.61,0.0000
1743478825.5185094,NR5G-SA,CONNECT,TDD,CFE63D100,-89,-3,4,21,-91,-5,2,-96,-10,0,100,0,-73,NR N78,8,31461.0,3.75,3828,nan,0,3.61,0.0000
1743478826.6152813,NR5G-SA,CONNECT,TDD,CFE63D100,-89,-3,4,21,-91,-5,2,-96,-10,0,100,0,-72,NR N78,7,31452.0,3.75,3827,nan,0,3.61,0.0000
1743478827.7279096,NR5G-SA,CONNECT,TDD,CFE63D100,-89,-3,4,21,-90,-5,2,-96,-10,0,100,0,-72,NR N78,7,31458.0,3.75,3827,nan,0,3.61,0.0000
1743478828.8015277,NR5G-SA,CONNECT,TDD,CFE63D100,-89,-3,4,21,-90,-5,2,-95,-10,0,100,0,-73,NR N78,7,31461.0,3.75,3828,nan,0,3.61,0.0000
1743478829.8895152,NR5G-SA,CONNECT,TDD,CFE63D100,-89,-3,3,21,-91,-5,3,-96,-10,0,100,0,-72,NR N78,7,20969.0,2.5,2551,nan,0,3.61,0.0000
1743479006.2274992,NR5G-SA,NOCONN,TDD,CFE63D100,-89,-4,4,20,-90,-6,2,-95,-11,0,100,1,-72,NR N78,18,nan,nan,nan,nan,nan,nan,nan
1743479007.3457828,NR5G-SA,CONNECT,TDD,CFE63D100,-90,-5,2,20,-93,-8,1,-97,-11,0,100,0,-73,NR N78,18,nan,nan,nan,nan,nan,nan,nan
1743479008.4426038,NR5G-SA,CONNECT,TDD,CFE63D100,-91,-5,1,21,-93,-7,1,-97,-11,0,100,0,-71,NR N78,5,7901.0,965.0,961,nan,0,94.9,0.0000
1743479009.5703006,NR5G-SA,CONNECT,TDD,CFE63D100,-91,-6,0,21,-92,-7,2,-96,-11,0,100,0,-70,NR N78,5,12345.0,1.47,1502,nan,0,203.0,0.0000
1743479010.6822536,NR5G-SA,CONNECT,TDD,CFE63D100,-91,-6,0,21,-92,-7,2,-96,-11,0,100,0,-72,NR N78,6,11831.0,1.41,1439,nan,0,265.0,0.0000
1743479011.7872398,NR5G-SA,CONNECT,TDD,CFE63D100,-90,-6,1,21,-92,-7,2,-96,-11,0,100,0,-71,NR N78,6,11829.0,1.41,1439,nan,0,341.0,0.0000
1743479012.8940551,NR5G-SA,CONNECT,TDD,CFE63D100,-91,-6,0,21,-92,-7,2,-96,-11,0,100,0,-72,NR N78,8,19036.0,2.27,2316,nan,0,433.0,0.0000
1743479013.9782214,NR5G-SA,CONNECT,TDD,CFE63D100,-91,-6,1,21,-92,-6,2,-96,-11,0,100,0,-71,NR N78,8,19030.0,2.27,2315,nan,0,545.0,0.0000
1743479015.0911639,NR5G-SA,CONNECT,TDD,CFE63D100,-91,-6,1,21,-92,-7,2,-96,-11,-1,100,0,-71,NR N78,8,29831.0,3.56,3629,nan,0,716.0,0.0000
1743479016.197413,NR5G-SA,CONNECT,TDD,CFE63D100,-91,-6,0,21,-92,-7,2,-96,-11,-1,100,0,-72,NR N78,7,22112.0,2.64,2690,nan,0,830.0,0.0000
1743479017.3233984,NR5G-SA,CONNECT,TDD,CFE63D100,-91,-5,0,21,-92,-7,1,-96,-11,-1,100,0,-72,NR N78,7,24696.0,2.94,3005,nan,0,942.0,0.0000
1743479018.4243743,NR5G-SA,CONNECT,TDD,CFE63D100,-91,-5,0,21,-93,-7,2,-97,-11,0,100,0,-72,NR N78,6,29324.0,3.5,3568,nan,0,1.07,0.0000
1743479019.5560117,NR5G-SA,CONNECT,TDD,CFE63D100,-91,-5,0,21,-92,-7,2,-96,-11,0,100,0,-72,NR N78,6,31464.0,3.75,3828,nan,0,1.38,0.0000
1743479020.6442435,NR5G-SA,CONNECT,TDD,CFE63D100,-91,-5,0,21,-92,-7,2,-97,-11,0,100,0,-72,NR N78,7,31460.0,3.75,3828,nan,0,1.56,0.0000
1743479021.7250237,NR5G-SA,CONNECT,TDD,CFE63D100,-91,-5,0,21,-92,-7,2,-96,-11,0,100,0,-72,NR N78,7,20967.0,2.5,2551,nan,0,1.72,0.0000
1743479022.8216558,NR5G-SA,CONNECT,TDD,CFE63D100,-91,-5,1,21,-92,-7,2,-96,-11,0,100,0,-71,NR N78,7,31461.0,3.75,3828,nan,0,1.93,0.0000
1743479023.8888838,NR5G-SA,CONNECT,TDD,CFE63D100,-90,-5,1,21,-93,-7,1,-97,-11,-1,100,0,-71,NR N78,7,31459.0,3.75,3828,nan,0,2.29,0.0000
1743479025.027241,NR5G-SA,CONNECT,TDD,CFE63D100,-90,-5,1,22,-93,-8,1,-97,-12,-1,100,0,-71,NR N78,7,20964.0,2.5,2551,nan,0,2.65,0.0000
1743479026.1229799,NR5G-SA,CONNECT,TDD,CFE63D100,-90,-4,2,22,-93,-8,0,-97,-12,-1,100,0,-72,NR N78,7,31462.0,3.75,3828,nan,0,3.12,0.0000
1743479027.2024057,NR5G-SA,CONNECT,TDD,CFE63D100,-91,-5,2,21,-93,-8,0,-97,-12,-1,100,0,-73,NR N78,6,31459.0,3.75,3828,nan,0,3.26,0.0000
1743479028.3007987,NR5G-SA,CONNECT,TDD,CFE63D100,-91,-5,1,21,-93,-8,1,-97,-12,-1,100,0,-71,NR N78,6,31457.0,3.75,3827,nan,0,3.26,0.0000
1743479029.3977425,NR5G-SA,CONNECT,TDD,CFE63D100,-92,-5,0,21,-93,-8,2,-97,-11,0,100,0,-71,NR N78,6,20975.0,2.5,2552,nan,0,3.26,0.0000
1743479030.4333177,NR5G-SA,CONNECT,TDD,CFE63D100,-92,-5,0,21,-93,-7,2,-97,-11,0,100,0,-72,NR N78,6,20970.0,2.5,2551,nan,0,3.26,0.0000
1743479031.5320997,NR5G-SA,CONNECT,TDD,CFE63D100,-91,-6,0,21,-93,-8,1,-97,-11,-1,100,0,-71,NR N78,6,20965.0,2.5,2551,nan,0,3.26,0.0000
1743479032.6403835,NR5G-SA,CONNECT,TDD,CFE63D100,-91,-5,1,21,-93,-8,2,-96,-11,0,100,0,-72,NR N78,7,20973.0,2.5,2552,nan,0,3.26,0.0000
1743479033.7473707,NR5G-SA,CONNECT,TDD,CFE63D100,-91,-5,1,21,-93,-8,1,-96,-12,-1,100,0,-72,NR N78,7,20973.0,2.5,2552,nan,0,3.26,0.0000
1743479034.8474934,NR5G-SA,CONNECT,TDD,CFE63D100,-91,-5,1,21,-93,-8,2,-97,-11,0,100,0,-71,NR N78,8,10482.0,1.25,1275,nan,0,3.26,0.0000
1743479035.8908677,NR5G-SA,CONNECT,TDD,CFE63D100,-91,-5,1,21,-76,-2,2,-88,-10,0,100,0,-73,NR N78,8,20983.0,2.5,2553,nan,0,3.26,0.0000
1743479036.9426813,NR5G-SA,CONNECT,TDD,CFE63D100,-91,-5,1,21,-76,-2,2,-88,-11,0,100,0,-71,NR N78,7,31461.0,3.75,3828,nan,0,3.26,0.0000
1743479038.0523093,NR5G-SA,CONNECT,TDD,CFE63D100,-91,-5,1,21,-76,-2,2,-89,-11,0,100,0,-72,NR N78,7,20966.0,2.5,2551,nan,0,3.26,0.0000
1743479039.152599,NR5G-SA,CONNECT,TDD,CFE63D100,-90,-4,1,21,-76,-2,2,-88,-10,0,100,0,-72,NR N78,6,20969.0,2.5,2551,nan,0,3.26,0.0000
1743479040.2480853,NR5G-SA,CONNECT,TDD,CFE63D100,-91,-5,1,21,-76,-1,2,-89,-11,0,100,0,-72,NR N78,7,31461.0,3.75,3828,nan,0,3.26,0.0000
1743479041.343839,NR5G-SA,CONNECT,TDD,CFE63D100,-91,-5,1,21,-94,-8,1,-98,-11,-1,100,0,-73,NR N78,7,31462.0,3.75,3828,nan,0,3.26,0.0000
1743479042.4387178,NR5G-SA,CONNECT,TDD,CFE63D100,-91,-5,1,21,-94,-8,1,-98,-12,-1,100,0,-73,NR N78,7,10479.0,1.25,1275,nan,0,3.26,0.0000
1743479043.5130703,NR5G-SA,CONNECT,TDD,CFE63D100,-91,-5,1,21,-94,-8,1,-98,-12,-1,100,0,-73,NR N78,7,20970.0,2.5,2551,nan,0,3.26,0.0000
1743479044.6238577,NR5G-SA,CONNECT,TDD,CFE63D100,-91,-5,1,21,-94,-8,1,-98,-11,-1,100,0,-73,NR N78,7,31459.0,3.75,3828,nan,0,3.26,0.0000
1743479045.7219992,NR5G-SA,CONNECT,TDD,CFE63D100,-91,-5,1,21,-94,-8,1,-98,-12,-1,100,0,-73,NR N78,7,31465.0,3.75,3828,nan,0,3.26,0.0000
1743479046.8249981,NR5G-SA,CONNECT,TDD,CFE63D100,-92,-5,1,21,-94,-8,1,-98,-12,-1,100,0,-73,NR N78,7,20968.0,2.5,2551,nan,0,3.26,0.0000
1743479047.9527574,NR5G-SA,CONNECT,TDD,CFE63D100,-92,-5,1,21,-94,-8,1,-98,-11,-1,100,0,-73,NR N78,7,20969.0,2.5,2551,nan,0,3.26,0.0000
1743479049.0526755,NR5G-SA,CONNECT,TDD,CFE63D100,-91,-5,1,21,-94,-8,1,-98,-12,-1,100,0,-73,NR N78,6,20975.0,2.5,2552,nan,0,3.26,0.0000
1743479050.1508765,NR5G-SA,CONNECT,TDD,CFE63D100,-91,-5,2,21,-94,-8,1,-98,-11,-1,100,0,-72,NR N78,6,31461.0,3.75,3828,nan,0,3.26,0.0000
1743479051.2451181,NR5G-SA,CONNECT,TDD,CFE63D100,-91,-5,2,21,-95,-8,1,-98,-12,-1,100,0,-73,NR N78,7,31455.0,3.75,3827,nan,0,3.26,0.0000
1743479052.338683,NR5G-SA,CONNECT,TDD,CFE63D100,-91,-4,2,21,-94,-8,1,-98,-12,-1,100,0,-73,NR N78,8,31457.0,3.75,3827,nan,0,3.26,0.0000
1743479053.4309795,NR5G-SA,CONNECT,TDD,CFE63D100,-91,-5,2,21,-94,-8,1,-98,-12,-1,100,0,-73,NR N78,8,31458.0,3.75,3827,nan,0,3.26,0.0000
1743479054.4691412,NR5G-SA,CONNECT,TDD,CFE63D100,-91,-5,2,21,-94,-8,1,-98,-12,-1,100,0,-72,NR N78,8,31457.0,3.75,3827,nan,0,3.26,0.0000
1743479055.5641172,NR5G-SA,CONNECT,TDD,CFE63D100,-91,-5,1,21,-94,-8,1,-98,-11,-1,100,0,-72,NR N78,8,20967.0,2.5,2551,nan,0,3.26,0.0000
1743479056.6426344,NR5G-SA,CONNECT,TDD,CFE63D100,-91,-5,1,21,-93,-8,1,-97,-12,-1,100,0,-72,NR N78,7,31465.0,3.75,3828,nan,0,3.26,0.0000
1743479057.7540815,NR5G-SA,CONNECT,TDD,CFE63D100,-91,-5,1,21,-94,-8,1,-98,-12,-1,100,0,-72,NR N78,7,31461.0,3.75,3828,nan,0,3.26,0.0000
1743479058.8243902,NR5G-SA,CONNECT,TDD,CFE63D100,-91,-4,2,21,-94,-8,1,-98,-11,-1,100,0,-72,NR N78,8,31458.0,3.75,3827,nan,0,3.26,0.0000
1743479059.8842635,NR5G-SA,CONNECT,TDD,CFE63D100,-91,-5,2,21,-94,-8,1,-98,-11,-1,100,0,-73,NR N78,8,31457.0,3.75,3827,nan,0,3.26,0.0000
1743479060.9925158,NR5G-SA,CONNECT,TDD,CFE63D100,-91,-5,1,21,-94,-8,1,-98,-12,-1,100,0,-72,NR N78,8,20963.0,2.5,2550,nan,0,3.26,0.0000
1743479062.0466168,NR5G-SA,CONNECT,TDD,CFE63D100,-91,-5,1,21,-94,-8,1,-98,-11,-1,100,0,-72,NR N78,8,31468.0,3.75,3829,nan,0,3.26,0.0000
1743479063.1008286,NR5G-SA,CONNECT,TDD,CFE63D100,-91,-5,1,21,-94,-8,1,-98,-11,-1,100,0,-73,NR N78,8,31461.0,3.75,3828,nan,0,3.26,0.0000
1743479064.20257,NR5G-SA,CONNECT,TDD,CFE63D100,-91,-5,1,21,-93,-7,1,-97,-11,-1,100,0,-73,NR N78,8,20967.0,2.5,2551,nan,0,3.26,0.0000
1743479065.2969465,NR5G-SA,CONNECT,TDD,CFE63D100,-91,-5,1,21,-93,-7,1,-97,-11,-1,100,0,-73,NR N78,8,31465.0,3.75,3828,nan,0,3.26,0.0000
1743479066.3843384,NR5G-SA,CONNECT,TDD,CFE63D100,-91,-5,0,21,-93,-7,2,-97,-11,0,100,0,-72,NR N78,8,20970.0,2.5,2551,nan,0,3.26,0.0000
1743479067.4909208,NR5G-SA,CONNECT,TDD,CFE63D100,-91,-6,0,21,-93,-7,2,-97,-11,0,100,0,-73,NR N78,8,31462.0,3.75,3828,nan,0,3.26,0.0000
1743479068.5942051,NR5G-SA,CONNECT,TDD,CFE63D100,-91,-5,0,21,-93,-7,1,-97,-11,-1,100,0,-73,NR N78,8,31463.0,3.75,3828,nan,0,3.26,0.0000
1743479069.6604228,NR5G-SA,CONNECT,TDD,CFE63D100,-92,-6,0,21,-94,-7,2,-98,-11,0,100,0,-72,NR N78,8,20969.0,2.5,2551,nan,0,3.26,0.0000
1743479070.750512,NR5G-SA,CONNECT,TDD,CFE63D100,-92,-6,0,21,-93,-8,2,-97,-11,0,100,0,-72,NR N78,8,31463.0,3.75,3828,nan,0,3.26,0.0000
1743479071.8611012,NR5G-SA,CONNECT,TDD,CFE63D100,-92,-6,0,21,-93,-7,2,-97,-11,-1,100,0,-72,NR N78,8,20970.0,2.5,2551,nan,0,3.26,0.0000
1743479072.9604251,NR5G-SA,CONNECT,TDD,CFE63D100,-92,-6,0,21,-94,-8,1,-97,-12,-1,100,0,-72,NR N78,10,20970.0,2.5,2551,nan,0,3.26,0.0000
1743479074.0360258,NR5G-SA,CONNECT,TDD,CFE63D100,-92,-5,0,21,-93,-7,1,-97,-11,-1,100,0,-73,NR N78,10,31459.0,3.75,3828,nan,0,3.26,0.0000
1743479075.1325731,NR5G-SA,CONNECT,TDD,CFE63D100,-92,-5,0,21,-94,-8,1,-97,-12,-1,100,0,-72,NR N78,9,20967.0,2.5,2551,nan,0,3.26,0.0000
1743479076.2404218,NR5G-SA,CONNECT,TDD,CFE63D100,-92,-6,0,21,-94,-7,1,-98,-11,-1,100,0,-73,NR N78,8,31453.0,3.75,3827,nan,0,3.26,0.0000
1743479077.345065,NR5G-SA,CONNECT,TDD,CFE63D100,-91,-5,1,21,-94,-8,1,-98,-12,-1,100,0,-73,NR N78,8,31461.0,3.75,3828,nan,0,3.26,0.0000
1743479078.469738,NR5G-SA,CONNECT,TDD,CFE63D100,-91,-5,1,21,-94,-8,1,-98,-12,-1,100,0,-73,NR N78,7,31449.0,3.75,3826,nan,0,3.26,0.0000
1743479079.5698855,NR5G-SA,CONNECT,TDD,CFE63D100,-91,-5,1,21,-94,-8,1,-98,-12,-1,100,0,-72,NR N78,7,31462.0,3.75,3828,nan,0,3.26,0.0000
1743479080.6729813,NR5G-SA,CONNECT,TDD,CFE63D100,-91,-5,1,21,-93,-7,1,-97,-11,-1,100,0,-72,NR N78,8,31465.0,3.75,3828,nan,0,3.26,0.0000
1743479081.7804263,NR5G-SA,CONNECT,TDD,CFE63D100,-91,-4,1,21,-94,-8,1,-98,-12,-1,100,0,-73,NR N78,8,31456.0,3.75,3827,nan,0,3.26,0.0000
1743479082.8657277,NR5G-SA,CONNECT,TDD,CFE63D100,-91,-4,1,21,-94,-7,1,-98,-11,-1,100,0,-73,NR N78,8,31454.0,3.75,3827,nan,0,3.26,0.0000
1743479083.9233727,NR5G-SA,CONNECT,TDD,CFE63D100,-91,-5,1,21,-94,-8,1,-98,-12,-1,100,0,-73,NR N78,8,20969.0,2.5,2551,nan,0,3.26,0.0000
1743479085.0109603,NR5G-SA,CONNECT,TDD,CFE63D100,-91,-5,1,21,-94,-8,1,-98,-12,-1,100,0,-73,NR N78,9,20972.0,2.5,2552,nan,0,3.26,0.0000
1743479086.1273487,NR5G-SA,CONNECT,TDD,CFE63D100,-91,-5,1,21,-93,-8,1,-97,-12,-1,100,0,-72,NR N78,9,20973.0,2.5,2552,nan,0,3.26,0.0000
1743479087.1706004,NR5G-SA,CONNECT,TDD,CFE63D100,-91,-5,1,21,-94,-8,1,-97,-11,-1,100,0,-73,NR N78,9,20972.0,2.5,2552,nan,0,3.26,0.0000
1743479088.2390947,NR5G-SA,CONNECT,TDD,CFE63D100,-91,-5,2,21,-94,-8,1,-97,-11,-1,100,0,-72,NR N78,8,31455.0,3.75,3827,nan,0,3.26,0.0000
1743479089.3097677,NR5G-SA,CONNECT,TDD,CFE63D100,-91,-5,1,21,-94,-8,1,-97,-11,-1,100,0,-72,NR N78,8,20971.0,2.5,2551,nan,0,3.26,0.0000
1743479090.395219,NR5G-SA,CONNECT,TDD,CFE63D100,-91,-5,1,21,-94,-8,1,-98,-11,-1,100,0,-73,NR N78,8,31460.0,3.75,3828,nan,0,3.26,0.0000
1743479091.5003788,NR5G-SA,CONNECT,TDD,CFE63D100,-91,-5,1,21,-94,-8,1,-98,-12,-1,100,0,-73,NR N78,8,31462.0,3.75,3828,nan,0,3.26,0.0000
1743479092.6013832,NR5G-SA,CONNECT,TDD,CFE63D100,-91,-4,2,21,-94,-8,1,-98,-12,-1,100,0,-72,NR N78,9,31462.0,3.75,3828,nan,0,3.26,0.0000
1743479093.7298205,NR5G-SA,CONNECT,TDD,CFE63D100,-91,-4,2,21,-94,-8,1,-98,-12,-1,100,0,-73,NR N78,9,20964.0,2.5,2551,nan,0,3.26,0.0000
1743479094.824097,NR5G-SA,CONNECT,TDD,CFE63D100,-91,-5,2,21,-94,-8,1,-98,-12,-1,100,0,-72,NR N78,9,31456.0,3.75,3827,nan,0,3.26,0.0000
1743479095.8964167,NR5G-SA,CONNECT,TDD,CFE63D100,-91,-5,2,21,-94,-8,0,-98,-12,-2,100,0,-73,NR N78,9,31467.0,3.75,3828,nan,0,3.26,0.0000
1743479096.9451206,NR5G-SA,CONNECT,TDD,CFE63D100,-91,-4,2,21,-94,-8,1,-98,-12,-1,100,0,-73,NR N78,8,20964.0,2.5,2551,nan,0,3.26,0.0000
1743479098.02866,NR5G-SA,CONNECT,TDD,CFE63D100,-90,-4,2,21,-94,-8,1,-98,-12,-1,100,0,-71,NR N78,8,31466.0,3.75,3828,nan,0,3.26,0.0000
1743479099.11567,NR5G-SA,CONNECT,TDD,CFE63D100,-89,-4,2,21,-93,-8,1,-97,-11,-1,100,0,-71,NR N78,8,20968.0,2.5,2551,nan,0,3.26,0.0000
1743479100.1707134,NR5G-SA,CONNECT,TDD,CFE63D100,-89,-4,3,21,-93,-8,1,-97,-12,-1,100,0,-72,NR N78,8,20970.0,2.5,2551,nan,0,3.26,0.0000
1743479101.2640915,NR5G-SA,CONNECT,TDD,CFE63D100,-90,-4,2,21,-93,-8,1,-97,-12,-1,100,0,-72,NR N78,8,20973.0,2.5,2552,nan,0,3.26,0.0000
1743479102.3769495,NR5G-SA,CONNECT,TDD,CFE63D100,-90,-4,3,21,-93,-7,2,-97,-11,-1,100,0,-73,NR N78,8,10483.0,1.25,1275,nan,0,3.26,0.0000
1743479103.4174802,NR5G-SA,CONNECT,TDD,CFE63D100,-90,-4,2,21,-94,-8,1,-98,-11,-1,100,0,-73,NR N78,8,10483.0,1.25,1275,nan,0,3.26,0.0000
1743479104.5082543,NR5G-SA,CONNECT,TDD,CFE63D100,-90,-4,2,21,-94,-8,0,-98,-12,-2,100,0,-72,NR N78,8,20989.0,2.5,2554,nan,0,3.26,0.0000
1743479105.5541048,NR5G-SA,CONNECT,TDD,CFE63D100,-90,-4,2,21,-94,-8,0,-98,-12,-2,100,0,-72,NR N78,8,20963.0,2.5,2550,nan,0,3.26,0.0000
1743479106.6229234,NR5G-SA,CONNECT,TDD,CFE63D100,-90,-4,2,21,-94,-8,1,-98,-12,-1,100,0,-72,NR N78,9,20975.0,2.5,2552,nan,0,3.26,0.0000
1743479107.708256,NR5G-SA,CONNECT,TDD,CFE63D100,-90,-4,2,21,-93,-8,1,-98,-12,-1,100,0,-72,NR N78,9,10483.0,1.25,1275,nan,0,3.26,0.0000
1743479108.797122,NR5G-SA,CONNECT,TDD,CFE63D100,-90,-4,2,21,-94,-8,0,-98,-12,-2,100,0,-72,NR N78,9,20977.0,2.5,2552,nan,0,3.26,0.0000
1743479109.912452,NR5G-SA,CONNECT,TDD,CFE63D100,-90,-4,2,21,-94,-8,0,-98,-12,-2,100,0,-72,NR N78,9,31462.0,3.75,3828,nan,0,3.26,0.0000
1743479110.9672253,NR5G-SA,CONNECT,TDD,CFE63D100,-90,-4,2,21,-94,-8,0,-98,-12,-2,100,0,-73,NR N78,9,20975.0,2.5,2552,nan,0,3.26,0.0000
1743479112.029942,NR5G-SA,CONNECT,TDD,CFE63D100,-90,-4,2,21,-94,-8,1,-98,-12,-1,100,0,-72,NR N78,9,20968.0,2.5,2551,nan,0,3.26,0.0000
1743479113.145038,NR5G-SA,CONNECT,TDD,CFE63D100,-90,-4,2,21,-94,-8,0,-98,-12,-1,100,0,-72,NR N78,8,10481.0,1.25,1275,nan,0,3.26,0.0000
1743479114.2531111,NR5G-SA,CONNECT,TDD,CFE63D100,-91,-5,1,21,-93,-8,0,-97,-12,-2,100,0,-72,NR N78,8,20983.0,2.5,2553,nan,0,3.26,0.0000
1743479115.3203766,NR5G-SA,CONNECT,TDD,CFE63D100,-90,-5,1,21,-93,-8,0,-97,-12,-2,100,0,-72,NR N78,8,31459.0,3.75,3828,nan,0,3.26,0.0000
1743479116.4237142,NR5G-SA,CONNECT,TDD,CFE63D100,-90,-5,1,21,-93,-8,0,-97,-12,-2,100,0,-72,NR N78,8,20965.0,2.5,2551,nan,0,3.26,0.0000
1743479118.5492618,NR5G-SA,CONNECT,TDD,CFE63D100,-90,-5,1,21,-93,-7,1,-97,-11,-1,100,0,-72,NR N78,8,10481.0,1.25,1275,nan,0,3.26,0.0000
1743479119.6207182,NR5G-SA,CONNECT,TDD,CFE63D100,-90,-4,2,21,-93,-8,1,-97,-12,-1,100,0,-72,NR N78,8,20984.0,2.5,2553,nan,0,3.26,0.0000
1743479120.711905,NR5G-SA,CONNECT,TDD,CFE63D100,-90,-4,1,21,-93,-8,1,-98,-12,-1,100,0,-72,NR N78,8,20967.0,2.5,2551,nan,0,3.26,0.0000
1743479121.8190446,NR5G-SA,CONNECT,TDD,CFE63D100,-90,-4,1,21,-93,-7,1,-97,-11,-1,100,0,-72,NR N78,8,20968.0,2.5,2551,nan,0,3.26,0.0000
1743479122.9295647,NR5G-SA,CONNECT,TDD,CFE63D100,-90,-4,1,21,-93,-7,1,-97,-12,-1,100,0,-72,NR N78,8,20977.0,2.5,2552,nan,0,3.26,0.0000
1743479124.0243163,NR5G-SA,CONNECT,TDD,CFE63D100,-90,-4,2,21,-93,-7,1,-97,-12,-1,100,0,-72,NR N78,8,10485.0,1.25,1276,nan,0,3.26,0.0000
1743479125.072385,NR5G-SA,CONNECT,TDD,CFE63D100,-90,-4,2,21,-93,-7,1,-98,-12,-1,100,0,-72,NR N78,8,20974.0,2.5,2552,nan,0,3.26,0.0000
1743479126.1724703,NR5G-SA,CONNECT,TDD,CFE63D100,-90,-4,1,21,-93,-7,1,-97,-12,-1,100,0,-72,NR N78,8,20968.0,2.5,2551,nan,0,3.26,0.0000
1743479127.2885568,NR5G-SA,CONNECT,TDD,CFE63D100,-90,-4,1,21,-93,-7,1,-97,-11,-1,100,0,-72,NR N78,8,20975.0,2.5,2552,nan,0,3.26,0.0000
1743479128.3625417,NR5G-SA,CONNECT,TDD,CFE63D100,-90,-5,1,21,-92,-7,1,-97,-11,-1,100,0,-72,NR N78,8,20967.0,2.5,2551,nan,0,3.26,0.0000
1743479129.447863,NR5G-SA,CONNECT,TDD,CFE63D100,-90,-5,1,21,-93,-7,1,-97,-11,-1,100,0,-72,NR N78,8,31464.0,3.75,3828,nan,0,3.26,0.0000
1743479130.4940841,NR5G-SA,CONNECT,TDD,CFE63D100,-90,-5,1,21,-93,-7,1,-98,-12,-1,100,0,-72,NR N78,7,31453.0,3.75,3827,nan,0,3.26,0.0000
1743479131.5745993,NR5G-SA,CONNECT,TDD,CFE63D100,-90,-4,1,21,-93,-7,1,-98,-12,-1,100,0,-72,NR N78,7,20964.0,2.5,2551,nan,0,3.26,0.0000
1743479132.6406896,NR5G-SA,CONNECT,TDD,CFE63D100,-90,-4,2,21,-93,-8,1,-97,-12,-1,100,0,-72,NR N78,7,31466.0,3.75,3828,nan,0,3.26,0.0000
1743479133.7190573,NR5G-SA,CONNECT,TDD,CFE63D100,-90,-4,2,21,-93,-8,1,-97,-12,-1,100,0,-72,NR N78,7,31455.0,3.75,3827,nan,0,3.26,0.0000
1743479134.8068159,NR5G-SA,CONNECT,TDD,CFE63D100,-90,-4,2,21,-93,-7,0,-98,-12,-2,100,0,-72,NR N78,8,20970.0,2.5,2551,nan,0,3.26,0.0000
1743479135.8621247,NR5G-SA,CONNECT,TDD,CFE63D100,-90,-4,2,21,-93,-8,0,-98,-12,-2,100,0,-72,NR N78,8,31461.0,3.75,3828,nan,0,3.26,0.0000
1743479136.9852028,NR5G-SA,CONNECT,TDD,CFE63D100,-90,-4,2,21,-93,-8,0,-98,-12,-2,100,0,-72,NR N78,7,31462.0,3.75,3828,nan,0,3.26,0.0000
1743479138.073011,NR5G-SA,CONNECT,TDD,CFE63D100,-90,-4,2,21,-93,-8,0,-98,-12,-2,100,0,-72,NR N78,7,20965.0,2.5,2551,nan,0,3.26,0.0000
1743479139.1342843,NR5G-SA,CONNECT,TDD,CFE63D100,-90,-4,2,22,-93,-7,0,-98,-12,-1,100,0,-72,NR N78,8,31465.0,3.75,3828,nan,0,3.26,0.0000
1743479140.237538,NR5G-SA,CONNECT,TDD,CFE63D100,-90,-4,2,22,-93,-7,1,-98,-12,-1,100,0,-72,NR N78,9,31462.0,3.75,3828,nan,0,3.26,0.0000
1743479141.3765023,NR5G-SA,CONNECT,TDD,CFE63D100,-91,-5,2,21,-93,-7,1,-98,-12,-1,100,0,-73,NR N78,9,20969.0,2.5,2551,nan,0,3.26,0.0000
1743479142.4512124,NR5G-SA,CONNECT,TDD,CFE63D100,-90,-5,2,21,-93,-7,1,-98,-12,-1,100,0,-72,NR N78,7,31461.0,3.75,3828,nan,0,3.26,0.0000
1743479143.5394504,NR5G-SA,CONNECT,TDD,CFE63D100,-90,-5,1,21,-93,-7,1,-98,-12,-1,100,0,-72,NR N78,7,31458.0,3.75,3827,nan,0,3.26,0.0000
1743479144.6240766,NR5G-SA,CONNECT,TDD,CFE63D100,-91,-5,0,21,-92,-7,1,-97,-12,-1,100,0,-72,NR N78,7,31458.0,3.75,3827,nan,0,3.26,0.0000
1743479145.7145004,NR5G-SA,CONNECT,TDD,CFE63D100,-90,-5,1,21,-92,-7,1,-97,-11,-1,100,0,-72,NR N78,7,20968.0,2.5,2551,nan,0,3.26,0.0000
1743479146.8381553,NR5G-SA,CONNECT,TDD,CFE63D100,-91,-5,0,21,-93,-7,1,-97,-11,-1,100,0,-72,NR N78,7,20970.0,2.5,2551,nan,0,3.26,0.0000
1743479147.9174356,NR5G-SA,CONNECT,TDD,CFE63D100,-90,-5,1,21,-93,-7,1,-97,-12,-1,100,0,-72,NR N78,7,31467.0,3.75,3828,nan,0,3.26,0.0000
1743479148.9748695,NR5G-SA,CONNECT,TDD,CFE63D100,-90,-4,1,21,-93,-7,1,-97,-12,-1,100,0,-72,NR N78,8,20971.0,2.5,2551,nan,0,3.26,0.0000
1743479150.0190697,NR5G-SA,CONNECT,TDD,CFE63D100,-89,-4,2,21,-93,-8,1,-97,-12,-1,100,0,-72,NR N78,8,20970.0,2.5,2551,nan,0,3.26,0.0000
1743479151.10727,NR5G-SA,CONNECT,TDD,CFE63D100,-89,-4,2,21,-93,-8,1,-97,-12,-1,100,0,-72,NR N78,8,20968.0,2.5,2551,nan,0,3.26,0.0000
1743479152.1401758,NR5G-SA,CONNECT,TDD,CFE63D100,-89,-4,2,21,-93,-8,1,-98,-12,-2,100,0,-72,NR N78,8,20968.0,2.5,2551,nan,0,3.26,0.0000
1743479153.1907973,NR5G-SA,CONNECT,TDD,CFE63D100,-90,-4,2,21,-93,-8,1,-97,-12,-2,100,0,-72,NR N78,8,20973.0,2.5,2552,nan,0,3.26,0.0000
1743479154.3064246,NR5G-SA,CONNECT,TDD,CFE63D100,-89,-4,3,21,-93,-8,1,-97,-12,-2,100,0,-72,NR N78,8,20969.0,2.5,2551,nan,0,3.26,0.0000
1743479155.3647866,NR5G-SA,CONNECT,TDD,CFE63D100,-89,-4,3,21,-94,-8,1,-98,-12,-2,100,0,-72,NR N78,8,20976.0,2.5,2552,nan,0,3.26,0.0000
1743479156.4162378,NR5G-SA,CONNECT,TDD,CFE63D100,-90,-4,2,21,-94,-8,1,-98,-12,-2,100,0,-73,NR N78,7,31464.0,3.75,3828,nan,0,3.26,0.0000
1743479157.5006032,NR5G-SA,CONNECT,TDD,CFE63D100,-90,-4,2,21,-93,-8,0,-98,-12,-2,100,0,-72,NR N78,7,31467.0,3.75,3828,nan,0,3.26,0.0000
1743479158.5754588,NR5G-SA,CONNECT,TDD,CFE63D100,-90,-4,2,21,-93,-7,0,-98,-11,-2,100,0,-72,NR N78,8,20964.0,2.5,2551,nan,0,3.26,0.0000
1743479159.6143851,NR5G-SA,CONNECT,TDD,CFE63D100,-90,-4,2,21,-94,-8,0,-98,-12,-2,100,0,-73,NR N78,8,31471.0,3.75,3829,nan,0,3.26,0.0000
1743479160.6730266,NR5G-SA,CONNECT,TDD,CFE63D100,-90,-4,2,21,-93,-7,1,-98,-11,-2,100,0,-72,NR N78,9,20966.0,2.5,2551,nan,0,3.26,0.0000
1743479161.7220798,NR5G-SA,CONNECT,TDD,CFE63D100,-90,-4,2,21,-93,-8,0,-98,-12,-2,100,0,-72,NR N78,9,31457.0,3.75,3827,nan,0,3.26,0.0000
1743479162.7881536,NR5G-SA,CONNECT,TDD,CFE63D100,-90,-4,2,21,-93,-8,0,-98,-12,-2,100,0,-72,NR N78,8,20971.0,2.5,2551,nan,0,3.26,0.0000
1743479163.9030669,NR5G-SA,CONNECT,TDD,CFE63D100,-90,-4,2,21,-93,-7,0,-98,-12,-2,100,0,-72,NR N78,8,31462.0,3.75,3828,nan,0,3.26,0.0000
1743479164.9977143,NR5G-SA,CONNECT,TDD,CFE63D100,-90,-5,1,22,-93,-7,1,-97,-11,-2,100,0,-71,NR N78,8,31462.0,3.75,3828,nan,0,3.26,0.0000
1743479166.1117182,NR5G-SA,CONNECT,TDD,CFE63D100,-89,-4,2,22,-93,-8,0,-97,-12,-2,100,0,-71,NR N78,8,10482.0,1.25,1275,nan,0,3.26,0.0000
1743479167.1588664,NR5G-SA,CONNECT,TDD,CFE63D100,-90,-4,3,21,-94,-9,0,-98,-13,-2,100,0,-72,NR N78,9,31463.0,3.75,3828,nan,0,3.26,0.0000
1743479168.2443287,NR5G-SA,CONNECT,TDD,CFE63D100,-90,-4,2,21,-93,-8,0,-97,-12,-2,100,0,-72,NR N78,10,20969.0,2.5,2551,nan,0,3.26,0.0000
1743479169.3400404,NR5G-SA,CONNECT,TDD,CFE63D100,-90,-4,1,22,-93,-7,1,-97,-12,-1,100,0,-72,NR N78,10,31464.0,3.75,3828,nan,0,3.26,0.0000
1743479170.4373603,NR5G-SA,CONNECT,TDD,CFE63D100,-90,-4,2,21,-93,-7,1,-98,-12,-2,100,0,-72,NR N78,9,31459.0,3.75,3828,nan,0,3.26,0.0000
1743479171.5501828,NR5G-SA,CONNECT,TDD,CFE63D100,-90,-4,2,21,-93,-8,0,-98,-12,-2,100,0,-72,NR N78,9,31462.0,3.75,3828,nan,0,3.26,0.0000
1743479172.5937252,NR5G-SA,CONNECT,TDD,CFE63D100,-90,-5,2,21,-93,-8,1,-97,-12,-2,100,0,-71,NR N78,9,31461.0,3.75,3828,nan,0,3.26,0.0000
1743479173.6834185,NR5G-SA,CONNECT,TDD,CFE63D100,-90,-5,2,21,-94,-8,0,-98,-12,-2,100,0,-71,NR N78,9,31454.0,3.75,3827,nan,0,3.26,0.0000
1743479174.7815502,NR5G-SA,CONNECT,TDD,CFE63D100,-90,-5,2,21,-93,-7,1,-97,-12,-1,100,0,-72,NR N78,8,31458.0,3.75,3827,nan,0,3.26,0.0000
1743479175.8754773,NR5G-SA,CONNECT,TDD,CFE63D100,-90,-5,2,21,-78,0,11,-90,-10,2,100,0,-72,NR N78,8,20966.0,2.5,2551,nan,0,3.26,0.0000
1743479176.9895897,NR5G-SA,CONNECT,TDD,CFE63D100,-90,-5,2,21,-77,0,11,-90,-10,1,100,0,-71,NR N78,8,31465.0,3.75,3828,nan,0,3.26,0.0000
1743479178.0574996,NR5G-SA,CONNECT,TDD,CFE63D100,-90,-5,2,21,-78,0,10,-90,-10,1,100,0,-72,NR N78,8,20973.0,2.5,2552,nan,0,3.26,0.0000
1743479179.104909,NR5G-SA,CONNECT,TDD,CFE63D100,-90,-5,2,21,-78,0,11,-89,-8,2,100,0,-73,NR N78,9,10481.0,1.25,1275,nan,0,3.26,0.0000
1743479180.2023118,NR5G-SA,CONNECT,TDD,CFE63D100,-90,-4,3,21,-78,0,11,-90,-9,2,100,0,-72,NR N78,9,20983.0,2.5,2553,nan,0,3.26,0.0000
1743479181.2943466,NR5G-SA,CONNECT,TDD,CFE63D100,-90,-3,3,21,-92,-6,2,-97,-11,0,100,0,-72,NR N78,9,10480.0,1.25,1275,nan,0,3.26,0.0000
1743479182.403905,NR5G-SA,CONNECT,TDD,CFE63D100,-90,-3,3,22,-91,-5,2,-97,-11,0,100,0,-72,NR N78,9,31472.0,3.75,3829,nan,0,3.26,0.0000
1743479183.5399265,NR5G-SA,CONNECT,TDD,CFE63D100,-90,-3,4,22,-91,-5,2,-96,-11,0,100,0,-72,NR N78,9,20965.0,2.5,2551,nan,0,3.26,0.0000
1743479184.6298962,NR5G-SA,CONNECT,TDD,CFE63D100,-90,-3,4,21,-91,-5,2,-96,-11,0,100,0,-72,NR N78,8,31454.0,3.75,3827,nan,0,3.26,0.0000
1743479185.6643524,NR5G-SA,CONNECT,TDD,CFE63D100,-90,-3,4,21,-91,-5,2,-96,-11,0,100,0,-72,NR N78,8,31461.0,3.75,3828,nan,0,3.26,0.0000
1743479186.7363966,NR5G-SA,CONNECT,TDD,CFE63D100,-90,-3,4,21,-91,-6,2,-96,-11,0,100,0,-72,NR N78,8,31463.0,3.75,3828,nan,0,3.26,0.0000
1743479187.824043,NR5G-SA,CONNECT,TDD,CFE63D100,-90,-3,4,21,-91,-6,2,-96,-11,0,100,0,-73,NR N78,8,20968.0,2.5,2551,nan,0,3.26,0.0000
1743479188.908103,NR5G-SA,CONNECT,TDD,CFE63D100,-90,-3,4,21,-91,-5,3,-96,-11,0,100,0,-73,NR N78,8,10480.0,1.25,1275,nan,0,3.26,0.0000
1743479190.0507972,NR5G-SA,CONNECT,TDD,CFE63D100,-90,-3,4,21,-91,-5,3,-96,-11,0,100,0,-72,NR N78,8,20984.0,2.5,2553,nan,0,3.26,0.0000
1743479191.1100898,NR5G-SA,CONNECT,TDD,CFE63D100,-90,-3,4,21,-91,-6,3,-96,-11,0,100,0,-72,NR N78,10,10483.0,1.25,1275,nan,0,3.26,0.0000
1743479192.2095766,NR5G-SA,CONNECT,TDD,CFE63D100,-90,-3,4,21,-91,-6,3,-96,-11,0,100,0,-72,NR N78,10,10481.0,1.25,1275,nan,0,3.26,0.0000
1743479193.309687,NR5G-SA,CONNECT,TDD,CFE63D100,-90,-3,4,21,-91,-6,2,-96,-11,0,100,0,-73,NR N78,10,20983.0,2.5,2553,nan,0,3.26,0.0000
1743479194.415326,NR5G-SA,CONNECT,TDD,CFE63D100,-90,-3,4,21,-91,-5,2,-96,-11,0,100,0,-72,NR N78,7,31469.0,3.75,3829,nan,0,3.26,0.0000
1743479195.4502468,NR5G-SA,CONNECT,TDD,CFE63D100,-90,-3,4,21,-92,-5,2,-97,-11,0,100,0,-73,NR N78,7,20970.0,2.5,2551,nan,0,3.26,0.0000
1743479196.5030167,NR5G-SA,CONNECT,TDD,CFE63D100,-90,-3,4,21,-91,-6,2,-96,-11,0,100,0,-72,NR N78,8,20972.0,2.5,2552,nan,0,3.26,0.0000
1743479197.563009,NR5G-SA,CONNECT,TDD,CFE63D100,-90,-3,4,21,-91,-5,2,-96,-11,0,100,0,-72,NR N78,8,10481.0,1.25,1275,nan,0,3.26,0.0000
1743479198.6554773,NR5G-SA,CONNECT,TDD,CFE63D100,-90,-3,4,21,-92,-5,2,-97,-11,0,100,0,-73,NR N78,12,20978.0,2.5,2552,nan,0,3.26,0.0000
1743479199.756021,NR5G-SA,CONNECT,TDD,CFE63D100,-90,-3,3,21,-91,-5,2,-96,-11,0,100,0,-72,NR N78,12,20972.0,2.5,2552,nan,0,3.26,0.0000
1743479200.8173807,NR5G-SA,CONNECT,TDD,CFE63D100,-90,-3,4,21,-91,-5,2,-96,-11,0,100,0,-72,NR N78,10,31465.0,3.75,3828,nan,0,3.26,0.0000
1743479201.9137611,NR5G-SA,CONNECT,TDD,CFE63D100,-90,-4,3,21,-92,-5,3,-97,-11,0,100,0,-72,NR N78,10,20968.0,2.5,2551,nan,0,3.26,0.0000
1743479203.0332563,NR5G-SA,CONNECT,TDD,CFE63D100,-90,-4,3,21,-91,-5,3,-96,-11,0,100,0,-73,NR N78,8,31458.0,3.75,3827,nan,0,3.26,0.0000
1743479204.1037135,NR5G-SA,CONNECT,TDD,CFE63D100,-90,-4,4,21,-91,-5,2,-96,-11,0,100,0,-72,NR N78,8,31459.0,3.75,3828,nan,0,3.26,0.0000
1743479205.1874518,NR5G-SA,CONNECT,TDD,CFE63D100,-90,-3,4,21,-91,-5,2,-96,-10,0,100,0,-73,NR N78,8,31458.0,3.75,3827,nan,0,3.26,0.0000
1743479206.3005285,NR5G-SA,CONNECT,TDD,CFE63D100,-90,-3,3,21,-91,-5,3,-96,-11,0,100,0,-72,NR N78,7,20968.0,2.5,2551,nan,0,3.26,0.0000
1743479207.3962715,NR5G-SA,CONNECT,TDD,CFE63D100,-90,-4,3,21,-91,-5,2,-96,-11,0,100,0,-72,NR N78,7,20977.0,2.5,2552,nan,0,3.26,0.0000
1743479208.492067,NR5G-SA,CONNECT,TDD,CFE63D100,-90,-4,3,21,-92,-5,2,-97,-11,0,100,0,-72,NR N78,8,10481.0,1.25,1275,nan,0,3.26,0.0000
1743479209.584082,NR5G-SA,CONNECT,TDD,CFE63D100,-91,-4,3,21,-92,-5,3,-97,-11,0,100,0,-74,NR N78,8,10485.0,1.25,1276,nan,0,3.26,0.0000
1743479210.6854513,NR5G-SA,CONNECT,TDD,CFE63D100,-91,-4,3,21,-91,-5,3,-96,-10,0,100,0,-72,NR N78,8,20973.0,2.5,2552,nan,0,3.26,0.0000
1743479211.783071,NR5G-SA,CONNECT,TDD,CFE63D100,-91,-4,3,21,-92,-5,2,-97,-10,0,100,0,-73,NR N78,8,10483.0,1.25,1275,nan,0,3.26,0.0000
1743479212.882388,NR5G-SA,CONNECT,TDD,CFE63D100,-90,-4,3,21,-92,-5,2,-97,-11,0,100,0,-72,NR N78,8,20977.0,2.5,2552,nan,0,3.26,0.0000
1743479213.985182,NR5G-SA,CONNECT,TDD,CFE63D100,-90,-4,3,21,-91,-5,2,-96,-11,0,100,0,-72,NR N78,8,20979.0,2.5,2552,nan,0,3.26,0.0000
1743479215.0550487,NR5G-SA,CONNECT,TDD,CFE63D100,-90,-4,3,21,-91,-5,2,-96,-11,0,100,0,-74,NR N78,8,20970.0,2.5,2551,nan,0,3.26,0.0000
1743479591.527272,NR5G-SA,NOCONN,TDD,CFE63D100,-92,-5,2,18,-92,-8,0,-96,-12,0,100,1,-73,NR N78,20,nan,nan,nan,nan,nan,nan,nan
1743479592.6348794,NR5G-SA,CONNECT,TDD,CFE63D100,-91,-5,1,18,-92,-6,1,-99,-14,-2,100,0,-72,NR N78,20,nan,nan,nan,nan,nan,nan,nan
1743479593.7388513,NR5G-SA,CONNECT,TDD,CFE63D100,-91,-5,1,21,-91,-6,2,-96,-11,0,100,0,-73,NR N78,9,nan,nan,nan,nan,nan,nan,nan
1743479594.8536286,NR5G-SA,CONNECT,TDD,CFE63D100,-90,-4,2,21,-91,-5,3,-96,-10,0,100,0,-72,NR N78,9,12943.0,1.54,1575,nan,0,271.0,0.0000
1743479595.930166,NR5G-SA,CONNECT,TDD,CFE63D100,-90,-4,2,21,-91,-5,3,-96,-10,0,100,0,-72,NR N78,6,20063.0,2.39,2441,nan,0,369.0,0.0000
1743479597.0281613,NR5G-SA,CONNECT,TDD,CFE63D100,-90,-4,2,21,-90,-5,3,-96,-10,0,100,0,-73,NR N78,6,20574.0,2.45,2503,nan,0,478.0,0.0000
1743479598.1031587,NR5G-SA,CONNECT,TDD,CFE63D100,-90,-3,3,21,-91,-5,3,-96,-10,0,100,0,-72,NR N78,8,32405.0,3.86,3943,nan,0,772.0,0.0000
1743479599.2220206,NR5G-SA,CONNECT,TDD,CFE63D100,-90,-4,2,21,-91,-5,3,-96,-11,0,100,0,-73,NR N78,8,31890.0,3.8,3880,nan,0,957.0,0.0000
1743479600.3088093,NR5G-SA,CONNECT,TDD,CFE63D100,-91,-5,2,22,-91,-6,3,-96,-11,0,100,0,-72,NR N78,7,39293.0,4.68,4781,nan,0,1.11,0.0000
1743479601.4317763,NR5G-SA,CONNECT,TDD,CFE63D100,-90,-4,3,22,-91,-6,3,-96,-11,0,100,0,-73,NR N78,7,20968.0,2.5,2551,nan,0,1.28,0.0000
1743479602.536873,NR5G-SA,CONNECT,TDD,CFE63D100,-90,-4,3,21,-91,-6,3,-96,-11,1,100,0,-73,NR N78,7,31459.0,3.75,3828,nan,0,1.44,0.0000
1743479603.6223738,NR5G-SA,CONNECT,TDD,CFE63D100,-90,-3,3,21,-91,-5,3,-96,-10,0,100,0,-73,NR N78,7,31465.0,3.75,3828,nan,0,1.61,0.0000
1743479604.6962664,NR5G-SA,CONNECT,TDD,CFE63D100,-90,-3,3,21,-91,-5,3,-96,-10,1,100,0,-72,NR N78,7,31455.0,3.75,3827,nan,0,1.79,0.0000
1743479605.8057425,NR5G-SA,CONNECT,TDD,CFE63D100,-90,-3,3,21,-90,-5,3,-96,-10,1,100,0,-73,NR N78,8,31459.0,3.75,3828,nan,0,1.98,0.0000
1743479606.8917856,NR5G-SA,CONNECT,TDD,CFE63D100,-90,-3,3,21,-90,-5,3,-95,-10,1,100,0,-72,NR N78,8,20966.0,2.5,2551,nan,0,2.16,0.0000
1743479607.9476762,NR5G-SA,CONNECT,TDD,CFE63D100,-89,-3,3,21,-90,-5,3,-96,-10,1,100,0,-73,NR N78,8,31459.0,3.75,3828,nan,0,2.33,0.0000
1743479609.0462055,NR5G-SA,CONNECT,TDD,CFE63D100,-89,-3,3,21,-90,-5,3,-96,-10,1,100,0,-73,NR N78,8,31462.0,3.75,3828,nan,0,2.49,0.0000
1743479610.109104,NR5G-SA,CONNECT,TDD,CFE63D100,-90,-4,3,21,-91,-5,2,-96,-10,0,100,0,-72,NR N78,8,31461.0,3.75,3828,nan,0,2.79,0.0000
1743479611.1725552,NR5G-SA,CONNECT,TDD,CFE63D100,-90,-4,3,21,-91,-6,3,-96,-11,0,100,0,-73,NR N78,8,20964.0,2.5,2551,nan,0,2.97,0.0000
1743479612.2588563,NR5G-SA,CONNECT,TDD,CFE63D100,-90,-4,3,21,-91,-5,3,-96,-10,1,100,0,-73,NR N78,8,31467.0,3.75,3828,nan,0,3.25,0.0000
1743479613.354407,NR5G-SA,CONNECT,TDD,CFE63D100,-90,-4,3,21,-91,-5,3,-96,-10,1,100,0,-71,NR N78,8,20966.0,2.5,2551,nan,0,3.37,0.0000
1743479614.4593036,NR5G-SA,CONNECT,TDD,CFE63D100,-90,-4,3,21,-91,-6,3,-96,-10,1,100,0,-71,NR N78,7,31457.0,3.75,3827,nan,0,3.37,0.0000
1743479615.5602286,NR5G-SA,CONNECT,TDD,CFE63D100,-90,-4,3,21,-91,-6,3,-96,-10,1,100,0,-73,NR N78,7,31463.0,3.75,3828,nan,0,3.37,0.0000
1743479616.623144,NR5G-SA,CONNECT,TDD,CFE63D100,-90,-4,3,21,-91,-6,3,-96,-10,1,100,0,-71,NR N78,7,31456.0,3.75,3827,nan,0,3.37,0.0000
1743479617.6624072,NR5G-SA,CONNECT,TDD,CFE63D100,-90,-4,3,21,-91,-6,3,-96,-11,1,100,0,-73,NR N78,7,31456.0,3.75,3827,nan,0,3.37,0.0000
1743479618.772989,NR5G-SA,CONNECT,TDD,CFE63D100,-90,-4,3,21,-91,-6,3,-96,-11,1,100,0,-72,NR N78,7,20969.0,2.5,2551,nan,0,3.37,0.0000
1743479619.8243482,NR5G-SA,CONNECT,TDD,CFE63D100,-90,-3,3,21,-91,-6,3,-96,-11,0,100,0,-72,NR N78,7,31462.0,3.75,3828,nan,0,3.37,0.0000
1743479620.91945,NR5G-SA,CONNECT,TDD,CFE63D100,-90,-3,4,21,-91,-5,2,-96,-10,1,100,0,-72,NR N78,7,31461.0,3.75,3828,nan,0,3.37,0.0000
1743479622.0265229,NR5G-SA,CONNECT,TDD,CFE63D100,-90,-3,4,21,-91,-5,2,-96,-10,0,100,0,-73,NR N78,7,20966.0,2.5,2551,nan,0,3.37,0.0000
1743479623.117818,NR5G-SA,CONNECT,TDD,CFE63D100,-90,-3,3,21,-91,-5,3,-96,-10,1,100,0,-72,NR N78,7,31461.0,3.75,3828,nan,0,3.37,0.0000
1743479624.2209914,NR5G-SA,CONNECT,TDD,CFE63D100,-90,-3,3,21,-91,-5,3,-96,-10,1,100,0,-73,NR N78,7,20968.0,2.5,2551,nan,0,3.37,0.0000
1743479625.305495,NR5G-SA,CONNECT,TDD,CFE63D100,-90,-3,3,21,-90,-5,3,-96,-10,1,100,0,-72,NR N78,7,31466.0,3.75,3828,nan,0,3.37,0.0000
1743479626.4114273,NR5G-SA,CONNECT,TDD,CFE63D100,-90,-3,3,21,-90,-5,3,-95,-10,1,100,0,-72,NR N78,8,10479.0,1.25,1275,nan,0,3.37,0.0000
1743479627.536569,NR5G-SA,CONNECT,TDD,CFE63D100,-89,-3,3,21,-90,-5,3,-95,-10,0,100,0,-72,NR N78,8,31473.0,3.75,3829,nan,0,3.37,0.0000
1743479628.6182983,NR5G-SA,CONNECT,TDD,CFE63D100,-89,-3,4,21,-91,-5,3,-96,-10,0,100,0,-72,NR N78,8,31457.0,3.75,3827,nan,0,3.37,0.0000
1743479629.7127738,NR5G-SA,CONNECT,TDD,CFE63D100,-89,-3,4,21,-91,-5,3,-96,-10,0,100,0,-73,NR N78,7,20972.0,2.5,2552,nan,0,3.37,0.0000
1743479630.8203697,NR5G-SA,CONNECT,TDD,CFE63D100,-89,-3,4,21,-91,-5,3,-96,-10,1,100,0,-74,NR N78,7,20967.0,2.5,2551,nan,0,3.37,0.0000
1743479631.9067507,NR5G-SA,CONNECT,TDD,CFE63D100,-90,-3,4,21,-91,-6,3,-96,-10,1,100,0,-72,NR N78,6,31461.0,3.75,3828,nan,0,3.37,0.0000
1743479632.9998534,NR5G-SA,CONNECT,TDD,CFE63D100,-90,-3,4,21,-91,-6,3,-96,-10,1,100,0,-73,NR N78,6,31460.0,3.75,3828,nan,0,3.37,0.0000
1743479634.0988464,NR5G-SA,CONNECT,TDD,CFE63D100,-90,-3,3,21,-91,-5,3,-96,-10,0,100,0,-73,NR N78,7,31460.0,3.75,3828,nan,0,3.37,0.0000
1743479635.173444,NR5G-SA,CONNECT,TDD,CFE63D100,-89,-3,3,21,-91,-5,3,-96,-10,1,100,0,-73,NR N78,7,31460.0,3.75,3828,nan,0,3.37,0.0000
1743479636.2045007,NR5G-SA,CONNECT,TDD,CFE63D100,-90,-3,3,21,-91,-5,3,-96,-10,1,100,0,-72,NR N78,7,20967.0,2.5,2551,nan,0,3.37,0.0000
1743479637.2384212,NR5G-SA,CONNECT,TDD,CFE63D100,-90,-3,3,21,-91,-5,3,-96,-10,1,100,0,-73,NR N78,7,31461.0,3.75,3828,nan,0,3.37,0.0000
1743479638.3206775,NR5G-SA,CONNECT,TDD,CFE63D100,-90,-3,3,21,-91,-5,3,-96,-10,0,100,0,-72,NR N78,7,31461.0,3.75,3828,nan,0,3.37,0.0000
1743479639.4089904,NR5G-SA,CONNECT,TDD,CFE63D100,-89,-3,3,21,-91,-5,3,-96,-10,1,100,0,-72,NR N78,7,31457.0,3.75,3827,nan,0,3.37,0.0000
1743479640.4861763,NR5G-SA,CONNECT,TDD,CFE63D100,-89,-3,4,21,-90,-5,3,-96,-10,1,100,0,-72,NR N78,7,20963.0,2.5,2550,nan,0,3.37,0.0000
1743479641.5731723,NR5G-SA,CONNECT,TDD,CFE63D100,-89,-2,5,21,-90,-5,3,-96,-10,0,100,0,-72,NR N78,6,31466.0,3.75,3828,nan,0,3.37,0.0000
1743479642.603858,NR5G-SA,CONNECT,TDD,CFE63D100,-89,-2,5,21,-91,-5,3,-96,-10,0,100,0,-72,NR N78,6,20970.0,2.5,2551,nan,0,3.37,0.0000
1743479643.7154348,NR5G-SA,CONNECT,TDD,CFE63D100,-89,-2,5,22,-91,-6,3,-95,-11,0,100,0,-72,NR N78,6,31457.0,3.75,3827,nan,0,3.37,0.0000
1743479644.811068,NR5G-SA,CONNECT,TDD,CFE63D100,-89,-3,4,22,-91,-5,3,-96,-10,0,100,0,-72,NR N78,6,20969.0,2.5,2551,nan,0,3.37,0.0000
1743479645.9368556,NR5G-SA,CONNECT,TDD,CFE63D100,-89,-3,3,21,-90,-5,3,-95,-10,1,100,0,-72,NR N78,6,31462.0,3.75,3828,nan,0,3.37,0.0000
1743479647.037968,NR5G-SA,CONNECT,TDD,CFE63D100,-89,-3,3,21,-90,-5,3,-96,-10,1,100,0,-72,NR N78,6,20963.0,2.5,2550,nan,0,3.37,0.0000
1743479648.0768697,NR5G-SA,CONNECT,TDD,CFE63D100,-89,-3,3,21,-90,-5,3,-96,-11,0,100,0,-72,NR N78,7,20966.0,2.5,2551,nan,0,3.37,0.0000
1743479649.1764157,NR5G-SA,CONNECT,TDD,CFE63D100,-90,-3,3,21,-90,-5,3,-96,-10,1,100,0,-72,NR N78,7,31462.0,3.75,3828,nan,0,3.37,0.0000
1743479650.2853565,NR5G-SA,CONNECT,TDD,CFE63D100,-90,-3,2,21,-90,-5,3,-96,-10,1,100,0,-72,NR N78,7,31463.0,3.75,3828,nan,0,3.37,0.0000
1743479651.3893673,NR5G-SA,CONNECT,TDD,CFE63D100,-89,-3,3,21,-90,-5,4,-95,-10,1,100,0,-72,NR N78,7,31451.0,3.75,3827,nan,0,3.37,0.0000
1743479652.4429755,NR5G-SA,CONNECT,TDD,CFE63D100,-89,-3,3,21,-90,-5,4,-95,-10,1,100,0,-72,NR N78,7,31464.0,3.75,3828,nan,0,3.37,0.0000
1743479653.4863338,NR5G-SA,CONNECT,TDD,CFE63D100,-90,-3,3,21,-90,-5,3,-96,-10,0,100,0,-72,NR N78,7,31458.0,3.75,3827,nan,0,3.37,0.0000
1743479654.5266244,NR5G-SA,CONNECT,TDD,CFE63D100,-90,-4,3,21,-91,-5,3,-96,-10,0,100,0,-72,NR N78,6,20963.0,2.5,2550,nan,0,3.37,0.0000
1743479655.5748227,NR5G-SA,CONNECT,TDD,CFE63D100,-90,-4,3,21,-91,-5,3,-96,-10,1,100,0,-72,NR N78,7,31462.0,3.75,3828,nan,0,3.37,0.0000
1743479656.6390336,NR5G-SA,CONNECT,TDD,CFE63D100,-90,-3,3,21,-91,-5,3,-96,-10,1,100,0,-72,NR N78,7,31459.0,3.75,3828,nan,0,3.37,0.0000
1743479657.6733053,NR5G-SA,CONNECT,TDD,CFE63D100,-90,-3,3,21,-91,-5,3,-96,-10,1,100,0,-73,NR N78,7,31459.0,3.75,3828,nan,0,3.37,0.0000
1743479658.715145,NR5G-SA,CONNECT,TDD,CFE63D100,-90,-3,4,21,-91,-5,3,-96,-10,1,100,0,-73,NR N78,7,31460.0,3.75,3828,nan,0,3.37,0.0000
1743479659.7551954,NR5G-SA,CONNECT,TDD,CFE63D100,-90,-3,4,21,-91,-5,3,-96,-10,1,100,0,-74,NR N78,7,31459.0,3.75,3828,nan,0,3.37,0.0000
1743479660.8204947,NR5G-SA,CONNECT,TDD,CFE63D100,-90,-3,4,21,-91,-5,3,-96,-10,1,100,0,-73,NR N78,7,31455.0,3.75,3827,nan,0,3.37,0.0000
1743479661.940133,NR5G-SA,CONNECT,TDD,CFE63D100,-90,-3,4,21,-91,-5,3,-96,-10,1,100,0,-73,NR N78,8,20967.0,2.5,2551,nan,0,3.37,0.0000
1743479663.0701163,NR5G-SA,CONNECT,TDD,CFE63D100,-90,-3,4,21,-91,-5,3,-96,-10,1,100,0,-72,NR N78,8,31463.0,3.75,3828,nan,0,3.37,0.0000
1743479664.1132915,NR5G-SA,CONNECT,TDD,CFE63D100,-90,-3,4,21,-91,-5,3,-96,-10,1,100,0,-72,NR N78,7,31459.0,3.75,3828,nan,0,3.37,0.0000
1743479665.2133172,NR5G-SA,CONNECT,TDD,CFE63D100,-90,-3,4,21,-91,-5,3,-96,-10,1,100,0,-72,NR N78,7,31451.0,3.75,3827,nan,0,3.37,0.0000
1743479666.2736561,NR5G-SA,CONNECT,TDD,CFE63D100,-90,-3,4,21,-91,-5,3,-96,-10,1,100,0,-73,NR N78,7,31458.0,3.75,3827,nan,0,3.37,0.0000
1743479667.3222213,NR5G-SA,CONNECT,TDD,CFE63D100,-90,-3,3,21,-91,-5,3,-96,-10,1,100,0,-72,NR N78,7,31457.0,3.75,3827,nan,0,3.37,0.0000
1743479668.357899,NR5G-SA,CONNECT,TDD,CFE63D100,-90,-3,3,21,-91,-5,3,-96,-10,1,100,0,-72,NR N78,7,31463.0,3.75,3828,nan,0,3.37,0.0000
1743479669.418296,NR5G-SA,CONNECT,TDD,CFE63D100,-90,-3,3,21,-91,-5,3,-96,-10,1,100,0,-73,NR N78,7,31460.0,3.75,3828,nan,0,3.37,0.0000
1743479670.5632045,NR5G-SA,CONNECT,TDD,CFE63D100,-90,-3,3,21,-91,-5,4,-96,-10,1,100,0,-73,NR N78,8,20969.0,2.5,2551,nan,0,3.37,0.0000
1743479671.5932088,NR5G-SA,CONNECT,TDD,CFE63D100,-90,-3,3,21,-91,-5,4,-96,-10,1,100,0,-73,NR N78,7,31458.0,3.75,3827,nan,0,3.37,0.0000
1743479672.6977918,NR5G-SA,CONNECT,TDD,CFE63D100,-91,-4,2,21,-91,-5,4,-96,-10,1,100,0,-72,NR N78,7,20971.0,2.5,2551,nan,0,3.37,0.0000
1743479673.7378366,NR5G-SA,CONNECT,TDD,CFE63D100,-90,-4,2,21,-91,-5,4,-96,-10,1,100,0,-72,NR N78,7,31461.0,3.75,3828,nan,0,3.37,0.0000
1743479674.8779664,NR5G-SA,CONNECT,TDD,CFE63D100,-90,-4,3,21,-91,-5,3,-96,-10,1,100,0,-72,NR N78,7,20970.0,2.5,2551,nan,0,3.37,0.0000
1743479675.9695237,NR5G-SA,CONNECT,TDD,CFE63D100,-90,-3,3,21,-91,-5,3,-96,-10,1,100,0,-73,NR N78,8,31456.0,3.75,3827,nan,0,3.37,0.0000
1743479677.070904,NR5G-SA,CONNECT,TDD,CFE63D100,-90,-3,3,21,-91,-5,4,-96,-10,1,100,0,-72,NR N78,8,41968.0,5.0,5106,nan,0,2.41,0.0000
1743479678.169823,NR5G-SA,CONNECT,TDD,CFE63D100,-90,-3,2,21,-91,-5,3,-96,-10,1,100,0,-73,NR N78,9,31464.0,3.75,3828,nan,0,2.58,0.0000
1743479679.2112062,NR5G-SA,CONNECT,TDD,CFE63D100,-90,-3,3,21,-91,-5,3,-96,-10,1,100,0,-72,NR N78,9,20966.0,2.5,2551,nan,0,2.76,0.0000
1743479680.2586045,NR5G-SA,CONNECT,TDD,CFE63D100,-90,-4,2,21,-91,-5,3,-96,-10,1,100,0,-72,NR N78,9,31462.0,3.75,3828,nan,0,2.9,0.0000
1743479681.3131578,NR5G-SA,CONNECT,TDD,CFE63D100,-90,-4,2,21,-91,-5,3,-96,-10,1,100,0,-73,NR N78,9,41949.0,5.0,5104,nan,0,3.04,0.0000
1743479682.4063187,NR5G-SA,CONNECT,TDD,CFE63D100,-91,-4,2,21,-91,-5,3,-96,-10,1,100,0,-73,NR N78,7,31456.0,3.75,3827,nan,0,3.07,0.0000
1743479683.4539993,NR5G-SA,CONNECT,TDD,CFE63D100,-91,-4,3,21,-91,-6,3,-96,-10,0,100,0,-73,NR N78,7,31459.0,3.75,3828,nan,0,3.07,0.0000
1743479684.4939277,NR5G-SA,CONNECT,TDD,CFE63D100,-91,-4,2,21,-92,-5,3,-97,-10,1,100,0,-74,NR N78,7,20966.0,2.5,2551,nan,0,3.07,0.0000
1743479685.5645134,NR5G-SA,CONNECT,TDD,CFE63D100,-91,-4,2,21,-91,-5,3,-96,-10,1,100,0,-73,NR N78,8,31461.0,3.75,3828,nan,0,3.07,0.0000
1743479686.672989,NR5G-SA,CONNECT,TDD,CFE63D100,-90,-3,3,21,-91,-5,3,-96,-10,1,100,0,-73,NR N78,8,31460.0,3.75,3828,nan,0,3.07,0.0000
1743479687.7442052,NR5G-SA,CONNECT,TDD,CFE63D100,-90,-3,2,21,-91,-5,4,-96,-10,1,100,0,-73,NR N78,7,31459.0,3.75,3828,nan,0,3.07,0.0000
1743479688.8705616,NR5G-SA,CONNECT,TDD,CFE63D100,-90,-3,2,21,-91,-5,4,-96,-10,1,100,0,-73,NR N78,7,20967.0,2.5,2551,nan,0,3.07,0.0000
1743479689.947097,NR5G-SA,CONNECT,TDD,CFE63D100,-90,-4,2,21,-91,-5,4,-96,-10,1,100,0,-72,NR N78,7,31455.0,3.75,3827,nan,0,3.07,0.0000
1743479691.011166,NR5G-SA,CONNECT,TDD,CFE63D100,-90,-4,2,21,-91,-5,4,-96,-10,1,100,0,-73,NR N78,7,31457.0,3.75,3827,nan,0,3.07,0.0000
1743479692.0782351,NR5G-SA,CONNECT,TDD,CFE63D100,-90,-4,2,21,-91,-5,4,-96,-10,1,100,0,-73,NR N78,9,20969.0,2.5,2551,nan,0,3.07,0.0000
1743479693.2219265,NR5G-SA,CONNECT,TDD,CFE63D100,-90,-4,2,21,-91,-5,4,-96,-10,1,100,0,-73,NR N78,9,31468.0,3.75,3829,nan,0,3.07,0.0000
1743479694.3000627,NR5G-SA,CONNECT,TDD,CFE63D100,-90,-4,2,21,-91,-5,4,-96,-10,1,100,0,-73,NR N78,9,31456.0,3.75,3827,nan,0,3.07,0.0000
1743479695.39283,NR5G-SA,CONNECT,TDD,CFE63D100,-90,-4,2,21,-91,-5,4,-96,-10,1,100,0,-73,NR N78,9,20966.0,2.5,2551,nan,0,3.07,0.0000
1743479696.494198,NR5G-SA,CONNECT,TDD,CFE63D100,-90,-4,2,21,-91,-5,4,-96,-10,1,100,0,-73,NR N78,8,31456.0,3.75,3827,nan,0,3.07,0.0000
1743479697.6002593,NR5G-SA,CONNECT,TDD,CFE63D100,-90,-3,3,21,-90,-5,4,-96,-10,1,100,0,-73,NR N78,9,31461.0,3.75,3828,nan,0,3.07,0.0000
1743479698.6843753,NR5G-SA,CONNECT,TDD,CFE63D100,-90,-3,3,21,-90,-5,3,-96,-10,1,100,0,-72,NR N78,9,31458.0,3.75,3827,nan,0,3.07,0.0000
1743479699.75351,NR5G-SA,CONNECT,TDD,CFE63D100,-90,-3,3,22,-91,-5,3,-96,-10,0,100,0,-73,NR N78,8,31456.0,3.75,3827,nan,0,3.07,0.0000
1743479700.8695424,NR5G-SA,CONNECT,TDD,CFE63D100,-90,-3,3,22,-91,-5,3,-96,-10,1,100,0,-73,NR N78,8,31463.0,3.75,3828,nan,0,3.07,0.0000
1743479701.9862738,NR5G-SA,CONNECT,TDD,CFE63D100,-90,-4,2,21,-91,-5,3,-96,-10,1,100,0,-73,NR N78,9,31457.0,3.75,3827,nan,0,3.07,0.0000
1743479703.0887065,NR5G-SA,CONNECT,TDD,CFE63D100,-90,-4,2,21,-91,-5,3,-96,-10,0,100,0,-72,NR N78,9,31458.0,3.75,3827,nan,0,3.07,0.0000
1743479704.1260111,NR5G-SA,CONNECT,TDD,CFE63D100,-90,-4,2,21,-91,-5,3,-96,-10,0,100,0,-72,NR N78,8,20965.0,2.5,2551,nan,0,3.07,0.0000
1743479705.21552,NR5G-SA,CONNECT,TDD,CFE63D100,-91,-4,2,21,-79,-3,5,-89,-8,1,100,0,-72,NR N78,8,31461.0,3.75,3828,nan,0,3.07,0.0000
1743479706.3244455,NR5G-SA,CONNECT,TDD,CFE63D100,-90,-4,2,21,-79,-2,8,-89,-8,2,100,0,-72,NR N78,9,20975.0,2.5,2552,nan,0,3.07,0.0000
1743479707.4344566,NR5G-SA,CONNECT,TDD,CFE63D100,-90,-3,3,21,-78,-2,7,-89,-8,2,100,0,-74,NR N78,9,10481.0,1.25,1275,nan,0,3.07,0.0000
1743479708.5389845,NR5G-SA,CONNECT,TDD,CFE63D100,-90,-3,3,21,-77,-1,9,-89,-7,2,100,0,-73,NR N78,11,31472.0,3.75,3829,nan,0,3.07,0.0000
1743479709.6153007,NR5G-SA,CONNECT,TDD,CFE63D100,-90,-3,3,21,-78,-1,8,-89,-7,2,100,0,-73,NR N78,12,10479.0,1.25,1275,nan,0,3.07,0.0000
1743479710.6855574,NR5G-SA,CONNECT,TDD,CFE63D100,-90,-3,3,21,-91,-5,3,-96,-10,1,100,0,-72,NR N78,12,20971.0,2.5,2551,nan,0,3.07,0.0000
1743479711.7898042,NR5G-SA,CONNECT,TDD,CFE63D100,-90,-3,3,21,-91,-5,3,-96,-10,1,100,0,-72,NR N78,12,20980.0,2.5,2553,nan,0,3.07,0.0000
1743479712.8760443,NR5G-SA,CONNECT,TDD,CFE63D100,-90,-3,3,21,-91,-5,3,-96,-10,1,100,0,-72,NR N78,12,20969.0,2.5,2551,nan,0,3.07,0.0000
1743479713.9685843,NR5G-SA,CONNECT,TDD,CFE63D100,-90,-3,3,22,-91,-5,3,-96,-10,0,100,0,-72,NR N78,13,20974.0,2.5,2552,nan,0,3.07,0.0000
1743479715.0604188,NR5G-SA,CONNECT,TDD,CFE63D100,-90,-3,3,22,-91,-5,3,-96,-10,0,100,0,-72,NR N78,13,20973.0,2.5,2552,nan,0,3.07,0.0000
1743479716.1687853,NR5G-SA,CONNECT,TDD,CFE63D100,-90,-3,3,21,-91,-5,3,-96,-11,0,100,0,-73,NR N78,13,20969.0,2.5,2551,nan,0,3.07,0.0000
1743479717.2361782,NR5G-SA,CONNECT,TDD,CFE63D100,-90,-3,3,21,-91,-5,3,-96,-10,0,100,0,-72,NR N78,13,20975.0,2.5,2552,nan,0,3.07,0.0000
1743479718.3164592,NR5G-SA,CONNECT,TDD,CFE63D100,-90,-3,3,21,-91,-5,3,-96,-11,0,100,0,-72,NR N78,13,20974.0,2.5,2552,nan,0,3.07,0.0000
1743479719.4175398,NR5G-SA,CONNECT,TDD,CFE63D100,-90,-3,3,21,-91,-5,3,-96,-10,0,100,0,-72,NR N78,13,10481.0,1.25,1275,nan,0,3.07,0.0000
1743479720.5127997,NR5G-SA,CONNECT,TDD,CFE63D100,-90,-4,4,21,-91,-5,3,-96,-10,0,100,0,-72,NR N78,12,20979.0,2.5,2552,nan,0,3.07,0.0000
1743479721.5558712,NR5G-SA,CONNECT,TDD,CFE63D100,-90,-4,3,21,-92,-6,3,-96,-10,1,100,0,-74,NR N78,11,20978.0,2.5,2552,nan,0,3.07,0.0000
1743479722.644913,NR5G-SA,CONNECT,TDD,CFE63D100,-91,-3,4,21,-92,-6,4,-97,-10,1,100,0,-72,NR N78,11,10481.0,1.25,1275,nan,0,3.07,0.0000
1743479723.746983,NR5G-SA,CONNECT,TDD,CFE63D100,-91,-3,3,21,-92,-6,3,-97,-10,1,100,0,-74,NR N78,11,20975.0,2.5,2552,nan,0,3.07,0.0000
1743479724.8558044,NR5G-SA,CONNECT,TDD,CFE63D100,-91,-4,3,21,-92,-5,3,-97,-10,1,100,0,-73,NR N78,11,20972.0,2.5,2552,nan,0,3.07,0.0000
1743479725.9181557,NR5G-SA,CONNECT,TDD,CFE63D100,-91,-4,3,22,-91,-5,3,-96,-10,1,100,0,-72,NR N78,10,20968.0,2.5,2551,nan,0,3.07,0.0000
1743479727.003823,NR5G-SA,CONNECT,TDD,CFE63D100,-91,-4,2,22,-91,-6,3,-96,-10,1,100,0,-72,NR N78,10,20973.0,2.5,2552,nan,0,3.07,0.0000
1743479728.1104813,NR5G-SA,CONNECT,TDD,CFE63D100,-91,-4,3,22,-92,-6,3,-97,-10,1,100,0,-73,NR N78,12,20977.0,2.5,2552,nan,0,3.07,0.0000
1743479729.2161014,NR5G-SA,CONNECT,TDD,CFE63D100,-91,-3,3,22,-92,-6,3,-97,-10,1,100,0,-73,NR N78,12,10480.0,1.25,1275,nan,0,3.07,0.0000
1743479730.2640793,NR5G-SA,CONNECT,TDD,CFE63D100,-91,-3,4,21,-92,-5,3,-97,-10,1,100,0,-74,NR N78,11,20977.0,2.5,2552,nan,0,3.07,0.0000
1743479731.4022748,NR5G-SA,CONNECT,TDD,CFE63D100,-91,-3,3,21,-92,-5,4,-97,-10,1,100,0,-74,NR N78,11,10485.0,1.25,1276,nan,0,3.07,0.0000
1743479732.4943419,NR5G-SA,CONNECT,TDD,CFE63D100,-91,-3,3,22,-92,-6,4,-97,-10,1,100,0,-72,NR N78,12,20976.0,2.5,2552,nan,0,3.07,0.0000
1743479733.593551,NR5G-SA,CONNECT,TDD,CFE63D100,-91,-3,3,22,-92,-5,3,-97,-10,1,100,0,-74,NR N78,12,20973.0,2.5,2552,nan,0,3.07,0.0000
1743479734.7033482,NR5G-SA,CONNECT,TDD,CFE63D100,-91,-3,3,22,-92,-5,3,-97,-10,1,100,0,-73,NR N78,12,20973.0,2.5,2552,nan,0,3.07,0.0000
1743479735.8091733,NR5G-SA,CONNECT,TDD,CFE63D100,-90,-3,4,21,-92,-6,3,-97,-10,1,100,0,-73,NR N78,12,20973.0,2.5,2552,nan,0,3.07,0.0000
1743479736.9114683,NR5G-SA,CONNECT,TDD,CFE63D100,-90,-3,3,21,-92,-5,3,-97,-10,1,100,0,-73,NR N78,12,20975.0,2.5,2552,nan,0,3.07,0.0000
1743479738.002672,NR5G-SA,CONNECT,TDD,CFE63D100,-91,-4,3,22,-91,-5,3,-96,-10,1,100,0,-73,NR N78,12,10481.0,1.25,1275,nan,0,3.07,0.0000
1743479739.0616314,NR5G-SA,CONNECT,TDD,CFE63D100,-91,-4,3,22,-91,-5,3,-96,-10,1,100,0,-74,NR N78,12,20976.0,2.5,2552,nan,0,3.07,0.0000
1743479740.1760597,NR5G-SA,CONNECT,TDD,CFE63D100,-91,-4,2,21,-91,-5,3,-96,-10,1,100,0,-73,NR N78,12,20978.0,2.5,2552,nan,0,3.07,0.0000
1743479741.276481,NR5G-SA,CONNECT,TDD,CFE63D100,-91,-4,2,21,-91,-5,3,-96,-10,1,100,0,-73,NR N78,12,20974.0,2.5,2552,nan,0,3.07,0.0000
1743479742.3500822,NR5G-SA,CONNECT,TDD,CFE63D100,-91,-4,2,21,-92,-5,3,-97,-10,1,100,0,-74,NR N78,11,10480.0,1.25,1275,nan,0,3.07,0.0000
1743479743.444101,NR5G-SA,CONNECT,TDD,CFE63D100,-91,-4,2,21,-92,-5,3,-97,-10,1,100,0,-74,NR N78,11,20975.0,2.5,2552,nan,0,3.07,0.0000
1743479744.5403419,NR5G-SA,CONNECT,TDD,CFE63D100,-91,-4,2,21,-92,-5,3,-97,-10,1,100,0,-74,NR N78,12,20975.0,2.5,2552,nan,0,3.07,0.0000
1743479745.6189857,NR5G-SA,CONNECT,TDD,CFE63D100,-91,-4,2,21,-91,-5,3,-96,-10,1,100,0,-72,NR N78,11,20974.0,2.5,2552,nan,0,3.07,0.0000
1743479746.691529,NR5G-SA,CONNECT,TDD,CFE63D100,-91,-4,2,21,-91,-5,3,-96,-10,1,100,0,-73,NR N78,11,20977.0,2.5,2552,nan,0,3.07,0.0000
1743479747.7408936,NR5G-SA,CONNECT,TDD,CFE63D100,-91,-4,3,22,-92,-5,2,-96,-10,1,100,0,-73,NR N78,12,10481.0,1.25,1275,nan,0,3.07,0.0000
1743479748.790401,NR5G-SA,CONNECT,TDD,CFE63D100,-90,-3,3,22,-92,-5,2,-96,-10,1,100,0,-72,NR N78,12,20971.0,2.5,2551,nan,0,3.07,0.0000
1743479749.8470333,NR5G-SA,CONNECT,TDD,CFE63D100,-90,-3,3,22,-92,-5,3,-96,-10,1,100,0,-74,NR N78,13,20973.0,2.5,2552,nan,0,3.07,0.0000
1743479750.8976448,NR5G-SA,CONNECT,TDD,CFE63D100,-90,-3,3,22,-92,-5,3,-96,-10,1,100,0,-72,NR N78,13,20973.0,2.5,2552,nan,0,3.07,0.0000
1743479751.9986777,NR5G-SA,CONNECT,TDD,CFE63D100,-90,-4,3,21,-91,-5,3,-96,-10,1,100,0,-73,NR N78,12,20976.0,2.5,2552,nan,0,3.07,0.0000
1743479753.1398294,NR5G-SA,CONNECT,TDD,CFE63D100,-91,-4,2,21,-91,-5,3,-96,-10,1,100,0,-73,NR N78,12,10479.0,1.25,1275,nan,0,3.07,0.0000
1743479754.2064304,NR5G-SA,CONNECT,TDD,CFE63D100,-91,-4,2,22,-92,-5,3,-97,-10,1,100,0,-73,NR N78,11,20973.0,2.5,2552,nan,0,3.07,0.0000
1743479755.2483814,NR5G-SA,CONNECT,TDD,CFE63D100,-91,-4,2,22,-92,-5,3,-97,-10,1,100,0,-73,NR N78,11,20975.0,2.5,2552,nan,0,3.07,0.0000
1743479756.3436987,NR5G-SA,CONNECT,TDD,CFE63D100,-91,-4,2,21,-92,-5,3,-97,-10,1,100,0,-72,NR N78,10,31461.0,3.75,3828,nan,0,3.07,0.0000
1743479757.409689,NR5G-SA,CONNECT,TDD,CFE63D100,-91,-4,2,21,-92,-5,3,-97,-10,0,100,0,-73,NR N78,10,31462.0,3.75,3828,nan,0,3.07,0.0000
1743479758.5009058,NR5G-SA,CONNECT,TDD,CFE63D100,-91,-4,2,21,-92,-5,3,-97,-10,1,100,0,-74,NR N78,8,20968.0,2.5,2551,nan,0,3.07,0.0000
1743479759.6098115,NR5G-SA,CONNECT,TDD,CFE63D100,-91,-4,2,21,-92,-5,3,-97,-10,1,100,0,-72,NR N78,9,31464.0,3.75,3828,nan,0,3.07,0.0000
1743479760.7175436,NR5G-SA,CONNECT,TDD,CFE63D100,-91,-4,3,21,-92,-6,3,-97,-11,1,100,0,-72,NR N78,9,20968.0,2.5,2551,nan,0,3.07,0.0000
1743479761.788342,NR5G-SA,CONNECT,TDD,CFE63D100,-90,-3,3,21,-91,-5,3,-96,-10,1,100,0,-73,NR N78,9,31458.0,3.75,3827,nan,0,3.07,0.0000
1743479762.8467014,NR5G-SA,CONNECT,TDD,CFE63D100,-90,-4,3,21,-92,-6,3,-97,-11,0,100,0,-72,NR N78,9,20968.0,2.5,2551,nan,0,3.07,0.0000
1743479763.8884006,NR5G-SA,CONNECT,TDD,CFE63D100,-90,-4,3,21,-92,-6,3,-97,-10,0,100,0,-74,NR N78,12,20973.0,2.5,2552,nan,0,3.07,0.0000
1743479764.9671533,NR5G-SA,CONNECT,TDD,CFE63D100,-91,-4,3,21,-92,-6,3,-97,-11,1,100,0,-72,NR N78,12,20971.0,2.5,2551,nan,0,3.07,0.0000
1743479766.073362,NR5G-SA,CONNECT,TDD,CFE63D100,-91,-4,3,21,-92,-6,3,-97,-11,0,100,0,-74,NR N78,11,31468.0,3.75,3829,nan,0,3.07,0.0000
1743479767.1655421,NR5G-SA,CONNECT,TDD,CFE63D100,-91,-4,4,21,-93,-6,3,-98,-11,0,100,0,-74,NR N78,11,20969.0,2.5,2551,nan,0,3.07,0.0000
1743479768.2325933,NR5G-SA,CONNECT,TDD,CFE63D100,-91,-3,4,21,-92,-6,3,-97,-11,1,100,0,-72,NR N78,12,20969.0,2.5,2551,nan,0,3.07,0.0000
1743479769.3170912,NR5G-SA,CONNECT,TDD,CFE63D100,-90,-3,5,21,-92,-6,3,-97,-11,1,100,0,-72,NR N78,12,20973.0,2.5,2552,nan,0,3.07,0.0000
1743479770.4113276,NR5G-SA,CONNECT,TDD,CFE63D100,-90,-3,5,21,-92,-6,3,-97,-11,0,100,0,-72,NR N78,12,20973.0,2.5,2552,nan,0,3.07,0.0000
1743479771.5189261,NR5G-SA,CONNECT,TDD,CFE63D100,-90,-3,4,21,-92,-6,3,-97,-11,0,100,0,-72,NR N78,12,20971.0,2.5,2551,nan,0,3.07,0.0000
1743479772.6423576,NR5G-SA,CONNECT,TDD,CFE63D100,-90,-3,5,21,-92,-6,3,-97,-11,1,100,0,-72,NR N78,12,20974.0,2.5,2552,nan,0,3.07,0.0000
1743479773.7320874,NR5G-SA,CONNECT,TDD,CFE63D100,-90,-3,4,22,-92,-6,3,-96,-11,1,100,0,-72,NR N78,12,20970.0,2.5,2551,nan,0,3.07,0.0000
1743479774.8397577,NR5G-SA,CONNECT,TDD,CFE63D100,-90,-3,4,22,-92,-6,3,-96,-11,1,100,0,-72,NR N78,12,10481.0,1.25,1275,nan,0,3.07,0.0000
1743479775.8862982,NR5G-SA,CONNECT,TDD,CFE63D100,-90,-4,4,22,-92,-6,2,-97,-11,0,100,0,-74,NR N78,12,20973.0,2.5,2552,nan,0,3.07,0.0000
1743479776.9594283,NR5G-SA,CONNECT,TDD,CFE63D100,-90,-4,4,22,-92,-6,2,-97,-11,0,100,0,-72,NR N78,12,10486.0,1.25,1276,nan,0,3.07,0.0000
1743479778.0532656,NR5G-SA,CONNECT,TDD,CFE63D100,-91,-4,3,21,-92,-6,3,-97,-10,1,100,0,-72,NR N78,10,20976.0,2.5,2552,nan,0,3.07,0.0000
1743479779.1542802,NR5G-SA,CONNECT,TDD,CFE63D100,-91,-4,4,21,-92,-7,3,-97,-11,1,100,0,-73,NR N78,10,20970.0,2.5,2551,nan,0,3.07,0.0000
1743479780.2575502,NR5G-SA,CONNECT,TDD,CFE63D100,-91,-5,3,21,-92,-7,3,-97,-11,1,100,0,-72,NR N78,10,20974.0,2.5,2552,nan,0,3.07,0.0000
1743479781.3587098,NR5G-SA,CONNECT,TDD,CFE63D100,-91,-5,3,21,-92,-7,3,-97,-11,1,100,0,-73,NR N78,10,20971.0,2.5,2551,nan,0,3.07,0.0000
1743479782.401039,NR5G-SA,CONNECT,TDD,CFE63D100,-91,-4,3,21,-92,-6,2,-96,-10,0,100,0,-74,NR N78,11,31461.0,3.75,3828,nan,0,3.07,0.0000
1743479783.499841,NR5G-SA,CONNECT,TDD,CFE63D100,-91,-5,3,21,-92,-6,3,-97,-11,1,100,0,-72,NR N78,9,20972.0,2.5,2552,nan,0,3.07,0.0000
1743479784.6010754,NR5G-SA,CONNECT,TDD,CFE63D100,-91,-5,3,21,-92,-6,3,-96,-10,1,100,0,-72,NR N78,9,31456.0,3.75,3827,nan,0,3.07,0.0000
1743479785.7120168,NR5G-SA,CONNECT,TDD,CFE63D100,-91,-4,3,21,-92,-7,3,-96,-11,1,100,0,-72,NR N78,8,31459.0,3.75,3828,nan,0,3.07,0.0000
1743479786.7569666,NR5G-SA,CONNECT,TDD,CFE63D100,-91,-4,3,21,-92,-7,3,-97,-11,1,100,0,-72,NR N78,8,20964.0,2.5,2551,nan,0,3.07,0.0000
1743479787.832769,NR5G-SA,CONNECT,TDD,CFE63D100,-91,-4,4,21,-92,-7,3,-97,-11,1,100,0,-72,NR N78,9,41963.0,5.0,5105,nan,0,3.07,0.0000
1743479788.878389,NR5G-SA,CONNECT,TDD,CFE63D100,-91,-4,4,21,-92,-6,2,-96,-10,1,100,0,-72,NR N78,9,31454.0,3.75,3827,nan,0,3.07,0.0000
1743479789.9752972,NR5G-SA,CONNECT,TDD,CFE63D100,-90,-4,4,21,-92,-6,2,-96,-10,1,100,0,-72,NR N78,8,31457.0,3.75,3827,nan,0,3.07,0.0000
1743479791.1005447,NR5G-SA,CONNECT,TDD,CFE63D100,-90,-3,4,21,-92,-6,2,-96,-10,1,100,0,-73,NR N78,8,31459.0,3.75,3828,nan,0,3.07,0.0000
1743479792.1977284,NR5G-SA,CONNECT,TDD,CFE63D100,-90,-3,4,21,-92,-6,2,-96,-10,1,100,0,-74,NR N78,9,31455.0,3.75,3827,nan,0,3.07,0.0000
1743479793.2603219,NR5G-SA,CONNECT,TDD,CFE63D100,-90,-3,4,21,-92,-5,2,-97,-10,1,100,0,-73,NR N78,9,31452.0,3.75,3827,nan,0,3.07,0.0000
1743479794.3155184,NR5G-SA,CONNECT,TDD,CFE63D100,-90,-3,4,21,-92,-6,2,-96,-10,1,100,0,-73,NR N78,9,31462.0,3.75,3828,nan,0,3.07,0.0000
1743479795.4191334,NR5G-SA,CONNECT,TDD,CFE63D100,-90,-3,4,21,-92,-5,2,-96,-10,1,100,0,-73,NR N78,9,41953.0,5.0,5104,nan,0,3.07,0.0000
1743479796.4510722,NR5G-SA,CONNECT,TDD,CFE63D100,-90,-3,4,21,-92,-6,2,-96,-10,1,100,0,-74,NR N78,8,31450.0,3.75,3826,nan,0,3.07,0.0000
1743479797.5191448,NR5G-SA,CONNECT,TDD,CFE63D100,-90,-3,4,21,-92,-6,2,-96,-10,1,100,0,-73,NR N78,9,31457.0,3.75,3827,nan,0,3.07,0.0000
1743479798.6451635,NR5G-SA,CONNECT,TDD,CFE63D100,-90,-3,4,21,-92,-6,2,-96,-10,1,100,0,-72,NR N78,9,20974.0,2.5,2552,nan,0,3.07,0.0000
1743479799.7494786,NR5G-SA,CONNECT,TDD,CFE63D100,-90,-3,4,21,-92,-5,2,-96,-10,1,100,0,-73,NR N78,12,20973.0,2.5,2552,nan,0,3.07,0.0000
1743479800.8479426,NR5G-SA,CONNECT,TDD,CFE63D100,-90,-3,4,21,-92,-6,2,-96,-10,1,100,0,-73,NR N78,12,20964.0,2.5,2551,nan,0,3.07,0.0000
1743479801.8949776,NR5G-SA,CONNECT,TDD,CFE63D100,-90,-3,4,21,-92,-6,2,-96,-10,1,100,0,-73,NR N78,9,41961.0,5.0,5105,nan,0,3.07,0.0000
1743479802.9547036,NR5G-SA,CONNECT,TDD,CFE63D100,-90,-3,4,21,-92,-6,2,-96,-10,1,100,0,-74,NR N78,9,20967.0,2.5,2551,nan,0,3.07,0.0000
1743479804.042615,NR5G-SA,CONNECT,TDD,CFE63D100,-90,-3,4,21,-92,-6,2,-96,-10,1,100,0,-73,NR N78,9,31457.0,3.75,3827,nan,0,3.07,0.0000
1743479805.1435459,NR5G-SA,CONNECT,TDD,CFE63D100,-90,-3,4,21,-92,-6,2,-96,-10,1,100,0,-73,NR N78,9,31462.0,3.75,3828,nan,0,3.07,0.0000
1743479806.1882226,NR5G-SA,CONNECT,TDD,CFE63D100,-90,-3,4,21,-92,-6,2,-96,-11,0,100,0,-73,NR N78,8,31455.0,3.75,3827,nan,0,3.07,0.0000
1743479807.309547,NR5G-SA,CONNECT,TDD,CFE63D100,-90,-3,4,21,-92,-6,2,-96,-10,0,100,0,-73,NR N78,8,31454.0,3.75,3827,nan,0,3.07,0.0000
1743479808.3898292,NR5G-SA,CONNECT,TDD,CFE63D100,-90,-3,4,21,-92,-6,2,-96,-10,1,100,0,-73,NR N78,8,31456.0,3.75,3827,nan,0,3.07,0.0000
1743479809.4455373,NR5G-SA,CONNECT,TDD,CFE63D100,-90,-3,4,21,-92,-6,2,-96,-10,1,100,0,-72,NR N78,8,31460.0,3.75,3828,nan,0,3.07,0.0000
1743479810.547174,NR5G-SA,CONNECT,TDD,CFE63D100,-90,-3,4,21,-92,-6,2,-96,-10,1,100,0,-73,NR N78,8,31460.0,3.75,3828,nan,0,3.07,0.0000
1743479811.6571774,NR5G-SA,CONNECT,TDD,CFE63D100,-90,-3,4,21,-92,-6,2,-96,-10,1,100,0,-74,NR N78,7,31459.0,3.75,3828,nan,0,3.07,0.0000
1743479812.7418785,NR5G-SA,CONNECT,TDD,CFE63D100,-90,-3,4,21,-92,-6,2,-96,-11,1,100,0,-73,NR N78,7,31454.0,3.75,3827,nan,0,3.07,0.0000
1743479813.8693743,NR5G-SA,CONNECT,TDD,CFE63D100,-90,-3,4,21,-92,-6,2,-96,-10,1,100,0,-72,NR N78,8,31459.0,3.75,3828,nan,0,3.07,0.0000
1743479814.981466,NR5G-SA,CONNECT,TDD,CFE63D100,-90,-3,4,21,-92,-5,2,-96,-10,1,100,0,-73,NR N78,8,31457.0,3.75,3827,nan,0,3.07,0.0000
1743479816.0885422,NR5G-SA,CONNECT,TDD,CFE63D100,-90,-3,3,21,-92,-6,2,-96,-10,1,100,0,-73,NR N78,8,31457.0,3.75,3827,nan,0,3.07,0.0000
1743479817.1648986,NR5G-SA,CONNECT,TDD,CFE63D100,-90,-3,4,21,-92,-6,2,-96,-10,1,100,0,-72,NR N78,8,20964.0,2.5,2551,nan,0,3.07,0.0000
1743479818.2667718,NR5G-SA,CONNECT,TDD,CFE63D100,-90,-3,4,21,-92,-6,2,-96,-10,1,100,0,-73,NR N78,9,31460.0,3.75,3828,nan,0,3.07,0.0000
1743479819.3538141,NR5G-SA,CONNECT,TDD,CFE63D100,-90,-3,4,21,-92,-6,2,-96,-10,1,100,0,-73,NR N78,9,31460.0,3.75,3828,nan,0,3.07,0.0000
1743479820.454223,NR5G-SA,CONNECT,TDD,CFE63D100,-90,-3,4,21,-92,-6,2,-96,-10,1,100,0,-74,NR N78,8,31456.0,3.75,3827,nan,0,3.07,0.0000
1743479821.5550332,NR5G-SA,CONNECT,TDD,CFE63D100,-90,-3,4,21,-92,-6,2,-96,-10,1,100,0,-72,NR N78,9,20969.0,2.5,2551,nan,0,3.07,0.0000
1743479822.651728,NR5G-SA,CONNECT,TDD,CFE63D100,-90,-3,4,22,-92,-6,2,-96,-10,1,100,0,-72,NR N78,9,20973.0,2.5,2552,nan,0,3.07,0.0000
1743479823.7543356,NR5G-SA,CONNECT,TDD,CFE63D100,-90,-3,4,21,-92,-6,2,-96,-10,1,100,0,-73,NR N78,9,31463.0,3.75,3828,nan,0,3.07,0.0000
1743479824.8542776,NR5G-SA,CONNECT,TDD,CFE63D100,-90,-3,4,21,-92,-6,2,-96,-10,1,100,0,-73,NR N78,9,20967.0,2.5,2551,nan,0,3.07,0.0000
1743479825.9566073,NR5G-SA,CONNECT,TDD,CFE63D100,-90,-3,4,21,-92,-6,2,-96,-10,1,100,0,-73,NR N78,9,31461.0,3.75,3828,nan,0,3.07,0.0000
1743479827.0605087,NR5G-SA,CONNECT,TDD,CFE63D100,-90,-3,4,21,-92,-6,2,-96,-10,1,100,0,-73,NR N78,9,20968.0,2.5,2551,nan,0,3.07,0.0000
1743479828.1547854,NR5G-SA,CONNECT,TDD,CFE63D100,-90,-3,4,22,-92,-6,2,-96,-10,1,100,0,-74,NR N78,10,31459.0,3.75,3828,nan,0,3.07,0.0000
1743479829.2687633,NR5G-SA,CONNECT,TDD,CFE63D100,-90,-3,4,22,-92,-6,3,-96,-10,1,100,0,-73,NR N78,10,20973.0,2.5,2552,nan,0,3.07,0.0000
1743479830.3227742,NR5G-SA,CONNECT,TDD,CFE63D100,-90,-3,4,22,-92,-6,2,-96,-10,1,100,0,-73,NR N78,9,31462.0,3.75,3828,nan,0,3.07,0.0000
1743479831.35856,NR5G-SA,CONNECT,TDD,CFE63D100,-90,-3,4,22,-92,-6,2,-96,-10,1,100,0,-73,NR N78,9,31459.0,3.75,3828,nan,0,3.07,0.0000
1743479832.4545379,NR5G-SA,CONNECT,TDD,CFE63D100,-90,-3,5,21,-92,-6,2,-96,-11,1,100,0,-73,NR N78,10,20969.0,2.5,2551,nan,0,3.07,0.0000
1743479833.5122828,NR5G-SA,CONNECT,TDD,CFE63D100,-89,-3,5,21,-92,-6,2,-96,-10,0,100,0,-73,NR N78,11,20972.0,2.5,2552,nan,0,3.07,0.0000
1743479834.6105332,NR5G-SA,CONNECT,TDD,CFE63D100,-90,-3,5,21,-92,-6,3,-96,-10,1,100,0,-73,NR N78,11,20970.0,2.5,2551,nan,0,3.07,0.0000
1743479835.642167,NR5G-SA,CONNECT,TDD,CFE63D100,-89,-3,5,22,-91,-6,3,-96,-11,1,100,0,-73,NR N78,10,31460.0,3.75,3828,nan,0,3.07,0.0000
1743479836.7146945,NR5G-SA,CONNECT,TDD,CFE63D100,-90,-3,5,22,-92,-6,3,-96,-10,1,100,0,-72,NR N78,10,31462.0,3.75,3828,nan,0,3.07,0.0000
1743479837.822008,NR5G-SA,CONNECT,TDD,CFE63D100,-90,-3,5,21,-92,-6,3,-96,-10,1,100,0,-73,NR N78,10,31390.0,3.75,3819,nan,0,3.07,0.0000
1743479838.8860304,NR5G-SA,CONNECT,TDD,CFE63D100,-90,-3,5,21,-92,-6,3,-96,-10,1,100,0,-73,NR N78,10,21010.0,2.5,2556,nan,0,3.07,0.0000
1743479840.0018802,NR5G-SA,CONNECT,TDD,CFE63D100,-90,-3,5,21,-92,-6,3,-96,-10,1,100,0,-73,NR N78,10,20968.0,2.5,2551,nan,0,3.07,0.0000
1743479841.111546,NR5G-SA,CONNECT,TDD,CFE63D100,-90,-3,4,21,-92,-6,3,-96,-10,1,100,0,-73,NR N78,10,31454.0,3.75,3827,nan,0,3.07,0.0000
1743479842.1795788,NR5G-SA,CONNECT,TDD,CFE63D100,-90,-3,4,21,-92,-6,3,-97,-10,1,100,0,-73,NR N78,8,20969.0,2.5,2551,nan,0,3.07,0.0000
1743479843.2469013,NR5G-SA,CONNECT,TDD,CFE63D100,-90,-3,5,21,-92,-6,3,-96,-10,1,100,0,-73,NR N78,8,31463.0,3.75,3828,nan,0,3.07,0.0000
1743479844.3256307,NR5G-SA,CONNECT,TDD,CFE63D100,-90,-3,5,21,-92,-6,2,-96,-10,1,100,0,-73,NR N78,8,31457.0,3.75,3827,nan,0,3.07,0.0000
1743479845.4185913,NR5G-SA,CONNECT,TDD,CFE63D100,-90,-3,5,21,-92,-6,2,-96,-10,1,100,0,-73,NR N78,8,20968.0,2.5,2551,nan,0,3.07,0.0000
1743479846.5238504,NR5G-SA,CONNECT,TDD,CFE63D100,-90,-3,5,21,-92,-6,2,-96,-10,1,100,0,-73,NR N78,9,31463.0,3.75,3828,nan,0,3.07,0.0000
1743479847.5975618,NR5G-SA,CONNECT,TDD,CFE63D100,-90,-3,5,21,-92,-6,2,-96,-10,1,100,0,-73,NR N78,8,20971.0,2.5,2551,nan,0,3.07,0.0000
1743479848.7112443,NR5G-SA,CONNECT,TDD,CFE63D100,-90,-3,5,21,-92,-6,2,-96,-10,1,100,0,-73,NR N78,8,31458.0,3.75,3827,nan,0,3.07,0.0000
1743479849.7768164,NR5G-SA,CONNECT,TDD,CFE63D100,-90,-3,5,21,-92,-6,2,-96,-10,1,100,0,-73,NR N78,8,31462.0,3.75,3828,nan,0,3.07,0.0000
1743479850.896089,NR5G-SA,CONNECT,TDD,CFE63D100,-89,-3,5,21,-92,-6,3,-96,-10,1,100,0,-73,NR N78,8,20966.0,2.5,2551,nan,0,3.07,0.0000
1743479851.941065,NR5G-SA,CONNECT,TDD,CFE63D100,-89,-2,5,21,-92,-6,3,-96,-10,1,100,0,-73,NR N78,8,31458.0,3.75,3827,nan,0,3.07,0.0000
1743479853.0113697,NR5G-SA,CONNECT,TDD,CFE63D100,-89,-2,5,21,-92,-6,2,-97,-11,0,100,0,-73,NR N78,8,31460.0,3.75,3828,nan,0,3.07,0.0000
1743479854.0848825,NR5G-SA,CONNECT,TDD,CFE63D100,-90,-3,5,21,-92,-6,3,-97,-11,1,100,0,-73,NR N78,9,31457.0,3.75,3827,nan,0,3.07,0.0000
1743479855.1776643,NR5G-SA,CONNECT,TDD,CFE63D100,-90,-3,5,21,-92,-6,3,-97,-10,1,100,0,-73,NR N78,9,31461.0,3.75,3828,nan,0,3.07,0.0000
1743479856.2685275,NR5G-SA,CONNECT,TDD,CFE63D100,-90,-3,5,21,-92,-6,3,-97,-11,1,100,0,-73,NR N78,9,31456.0,3.75,3827,nan,0,3.07,0.0000
1743479857.3510633,NR5G-SA,CONNECT,TDD,CFE63D100,-90,-3,5,21,-92,-6,3,-97,-11,1,100,0,-73,NR N78,9,31460.0,3.75,3828,nan,0,3.07,0.0000
1743479858.432473,NR5G-SA,CONNECT,TDD,CFE63D100,-90,-3,5,21,-92,-6,2,-97,-11,0,100,0,-73,NR N78,9,31457.0,3.75,3827,nan,0,3.07,0.0000
1743479859.4794452,NR5G-SA,CONNECT,TDD,CFE63D100,-90,-3,5,21,-92,-6,2,-97,-11,0,100,0,-73,NR N78,9,31457.0,3.75,3827,nan,0,3.07,0.0000
1743479860.5275457,NR5G-SA,CONNECT,TDD,CFE63D100,-90,-3,5,22,-92,-6,3,-97,-10,1,100,0,-73,NR N78,9,31458.0,3.75,3827,nan,0,3.07,0.0000
1743479861.590871,NR5G-SA,CONNECT,TDD,CFE63D100,-90,-3,5,21,-92,-6,3,-97,-10,1,100,0,-73,NR N78,8,31453.0,3.75,3827,nan,0,3.07,0.0000
1743479862.6977732,NR5G-SA,CONNECT,TDD,CFE63D100,-90,-3,5,21,-92,-6,2,-97,-10,0,100,0,-73,NR N78,8,20968.0,2.5,2551,nan,0,3.07,0.0000
1743479863.760969,NR5G-SA,CONNECT,TDD,CFE63D100,-90,-3,5,21,-92,-6,3,-97,-11,1,100,0,-73,NR N78,9,31462.0,3.75,3828,nan,0,3.07,0.0000
1743479864.7933311,NR5G-SA,CONNECT,TDD,CFE63D100,-90,-3,5,21,-92,-6,3,-97,-11,1,100,0,-73,NR N78,9,20966.0,2.5,2551,nan,0,3.07,0.0000
1743479865.8927734,NR5G-SA,CONNECT,TDD,CFE63D100,-90,-3,5,21,-77,0,7,-91,-10,1,100,0,-73,NR N78,9,20969.0,2.5,2551,nan,0,3.07,0.0000
1743479867.0134566,NR5G-SA,CONNECT,TDD,CFE63D100,-90,-3,5,21,-78,-1,7,-91,-10,1,100,0,-74,NR N78,9,20974.0,2.5,2552,nan,0,3.07,0.0000
1743479868.1115782,NR5G-SA,CONNECT,TDD,CFE63D100,-90,-3,5,21,-78,0,9,-91,-9,1,100,0,-73,NR N78,10,20975.0,2.5,2552,nan,0,3.07,0.0000
1743479869.197783,NR5G-SA,CONNECT,TDD,CFE63D100,-90,-3,5,21,-77,0,9,-91,-9,1,100,0,-73,NR N78,10,31463.0,3.75,3828,nan,0,3.07,0.0000
1743479870.2947042,NR5G-SA,CONNECT,TDD,CFE63D100,-90,-3,5,22,-77,0,9,-91,-9,1,100,0,-73,NR N78,9,20969.0,2.5,2551,nan,0,3.07,0.0000
1743479871.3910959,NR5G-SA,CONNECT,TDD,CFE63D100,-90,-3,5,22,-92,-6,2,-96,-10,0,100,0,-73,NR N78,9,20971.0,2.5,2551,nan,0,3.07,0.0000
1743479872.4764454,NR5G-SA,CONNECT,TDD,CFE63D100,-89,-3,5,21,-91,-5,2,-96,-10,0,100,0,-73,NR N78,9,20969.0,2.5,2551,nan,0,3.07,0.0000
1743479873.5729342,NR5G-SA,CONNECT,TDD,CFE63D100,-89,-3,5,21,-91,-5,2,-96,-10,0,100,0,-74,NR N78,11,20970.0,2.5,2551,nan,0,3.07,0.0000
1743479874.712349,NR5G-SA,CONNECT,TDD,CFE63D100,-89,-3,5,21,-91,-6,2,-96,-11,0,100,0,-73,NR N78,11,31469.0,3.75,3829,nan,0,3.07,0.0000
1743479875.8092635,NR5G-SA,CONNECT,TDD,CFE63D100,-89,-2,5,21,-91,-6,2,-96,-11,0,100,0,-73,NR N78,9,20969.0,2.5,2551,nan,0,3.07,0.0000
1743479876.9079556,NR5G-SA,CONNECT,TDD,CFE63D100,-89,-2,5,21,-91,-6,2,-96,-11,0,100,0,-72,NR N78,9,20974.0,2.5,2552,nan,0,3.07,0.0000
1743479877.9926622,NR5G-SA,CONNECT,TDD,CFE63D100,-89,-2,6,21,-91,-6,3,-96,-11,1,100,0,-74,NR N78,11,20971.0,2.5,2551,nan,0,3.07,0.0000
1743479879.104545,NR5G-SA,CONNECT,TDD,CFE63D100,-89,-2,6,21,-92,-6,3,-97,-11,1,100,0,-73,NR N78,11,20970.0,2.5,2551,nan,0,3.07,0.0000
1743479880.210493,NR5G-SA,CONNECT,TDD,CFE63D100,-89,-2,6,21,-92,-6,3,-97,-11,1,100,0,-72,NR N78,11,31459.0,3.75,3828,nan,0,3.07,0.0000
1743479881.334928,NR5G-SA,CONNECT,TDD,CFE63D100,-89,-2,6,21,-92,-6,3,-96,-10,1,100,0,-73,NR N78,11,10481.0,1.25,1275,nan,0,3.07,0.0000
1743479882.4010553,NR5G-SA,CONNECT,TDD,CFE63D100,-89,-2,6,22,-92,-6,3,-97,-11,0,100,0,-73,NR N78,12,20977.0,2.5,2552,nan,0,3.07,0.0000
1743479883.4741187,NR5G-SA,CONNECT,TDD,CFE63D100,-89,-2,6,22,-92,-6,3,-97,-11,0,100,0,-73,NR N78,12,20974.0,2.5,2552,nan,0,3.07,0.0000
1743479884.5693555,NR5G-SA,CONNECT,TDD,CFE63D100,-89,-2,6,21,-92,-6,3,-97,-11,0,100,0,-74,NR N78,11,31458.0,3.75,3827,nan,0,3.07,0.0000
1743479885.6712213,NR5G-SA,CONNECT,TDD,CFE63D100,-89,-2,6,21,-92,-6,3,-97,-11,1,100,0,-73,NR N78,10,31460.0,3.75,3828,nan,0,3.07,0.0000
1743479886.7799444,NR5G-SA,CONNECT,TDD,CFE63D100,-90,-2,6,21,-92,-6,3,-97,-11,1,100,0,-74,NR N78,10,20965.0,2.5,2551,nan,0,3.07,0.0000
1743479887.8801277,NR5G-SA,CONNECT,TDD,CFE63D100,-90,-3,5,21,-92,-6,3,-97,-11,1,100,0,-73,NR N78,9,31461.0,3.75,3828,nan,0,3.07,0.0000
1743479888.976619,NR5G-SA,CONNECT,TDD,CFE63D100,-91,-3,5,21,-92,-6,3,-97,-11,1,100,0,-74,NR N78,9,31460.0,3.75,3828,nan,0,3.07,0.0000
1743479890.0393133,NR5G-SA,CONNECT,TDD,CFE63D100,-90,-3,5,21,-92,-6,3,-97,-11,1,100,0,-74,NR N78,8,31455.0,3.75,3827,nan,0,3.07,0.0000
1743479891.1341424,NR5G-SA,CONNECT,TDD,CFE63D100,-90,-2,5,21,-92,-6,3,-97,-11,1,100,0,-75,NR N78,8,31457.0,3.75,3827,nan,0,3.07,0.0000
1743479892.2011428,NR5G-SA,CONNECT,TDD,CFE63D100,-90,-3,5,21,-92,-6,3,-97,-10,1,100,0,-74,NR N78,8,31462.0,3.75,3828,nan,0,3.07,0.0000
1743479893.2776628,NR5G-SA,CONNECT,TDD,CFE63D100,-90,-2,6,21,-92,-6,4,-97,-11,1,100,0,-72,NR N78,8,31458.0,3.75,3827,nan,0,3.07,0.0000
1743479894.3881555,NR5G-SA,CONNECT,TDD,CFE63D100,-90,-3,5,21,-92,-6,4,-97,-11,1,100,0,-72,NR N78,10,31460.0,3.75,3828,nan,0,3.07,0.0000
1743479895.4800892,NR5G-SA,CONNECT,TDD,CFE63D100,-90,-3,5,21,-92,-6,4,-97,-10,1,100,0,-73,NR N78,10,20971.0,2.5,2551,nan,0,3.07,0.0000
1743479896.5852757,NR5G-SA,CONNECT,TDD,CFE63D100,-90,-2,6,21,-92,-6,3,-97,-11,1,100,0,-74,NR N78,11,31457.0,3.75,3827,nan,0,3.07,0.0000
1743479897.6155775,NR5G-SA,CONNECT,TDD,CFE63D100,-90,-3,6,21,-92,-6,3,-97,-10,1,100,0,-74,NR N78,9,31458.0,3.75,3827,nan,0,3.07,0.0000
1743479898.647569,NR5G-SA,CONNECT,TDD,CFE63D100,-90,-3,5,21,-92,-6,3,-97,-11,0,100,0,-73,NR N78,9,31459.0,3.75,3828,nan,0,3.07,0.0000
1743479899.7428162,NR5G-SA,CONNECT,TDD,CFE63D100,-90,-2,6,22,-92,-6,4,-97,-11,1,100,0,-74,NR N78,9,31456.0,3.75,3827,nan,0,3.07,0.0000
1743479900.7788942,NR5G-SA,CONNECT,TDD,CFE63D100,-90,-2,5,22,-92,-6,3,-97,-11,1,100,0,-73,NR N78,9,31458.0,3.75,3827,nan,0,3.07,0.0000
1743479901.8120823,NR5G-SA,CONNECT,TDD,CFE63D100,-90,-2,5,21,-92,-6,3,-97,-11,1,100,0,-73,NR N78,10,31462.0,3.75,3828,nan,0,3.07,0.0000
1743479902.9425724,NR5G-SA,CONNECT,TDD,CFE63D100,-90,-2,5,21,-92,-6,3,-97,-11,1,100,0,-73,NR N78,10,20967.0,2.5,2551,nan,0,3.07,0.0000
1743479904.0044825,NR5G-SA,CONNECT,TDD,CFE63D100,-90,-2,6,21,-92,-6,3,-97,-10,1,100,0,-74,NR N78,10,31457.0,3.75,3827,nan,0,3.07,0.0000
1743479905.1069498,NR5G-SA,CONNECT,TDD,CFE63D100,-90,-2,6,21,-92,-6,3,-97,-11,0,100,0,-73,NR N78,10,31457.0,3.75,3827,nan,0,3.07,0.0000
1743479906.2183013,NR5G-SA,CONNECT,TDD,CFE63D100,-90,-2,5,21,-92,-6,3,-97,-11,0,100,0,-73,NR N78,9,31456.0,3.75,3827,nan,0,3.07,0.0000
1743479907.3172727,NR5G-SA,CONNECT,TDD,CFE63D100,-90,-2,5,21,-92,-6,3,-97,-10,1,100,0,-74,NR N78,9,31460.0,3.75,3828,nan,0,3.07,0.0000
1743479908.3501568,NR5G-SA,CONNECT,TDD,CFE63D100,-90,-2,5,21,-92,-6,2,-97,-10,1,100,0,-73,NR N78,10,31460.0,3.75,3828,nan,0,3.07,0.0000
1743479909.4542072,NR5G-SA,CONNECT,TDD,CFE63D100,-90,-3,5,21,-92,-6,2,-97,-10,0,100,0,-74,NR N78,10,20966.0,2.5,2551,nan,0,3.07,0.0000
1743479910.5018377,NR5G-SA,CONNECT,TDD,CFE63D100,-90,-2,5,21,-92,-6,3,-97,-10,1,100,0,-74,NR N78,9,31463.0,3.75,3828,nan,0,3.07,0.0000
1743479911.5480986,NR5G-SA,CONNECT,TDD,CFE63D100,-90,-2,6,21,-92,-6,3,-97,-11,0,100,0,-72,NR N78,10,20969.0,2.5,2551,nan,0,3.07,0.0000
1743479912.6532934,NR5G-SA,CONNECT,TDD,CFE63D100,-90,-3,6,21,-92,-6,3,-97,-11,0,100,0,-73,NR N78,10,20973.0,2.5,2552,nan,0,3.07,0.0000
1743479913.697899,NR5G-SA,CONNECT,TDD,CFE63D100,-90,-3,5,21,-92,-6,3,-97,-11,0,100,0,-73,NR N78,10,31464.0,3.75,3828,nan,0,3.07,0.0000
1743479914.809933,NR5G-SA,CONNECT,TDD,CFE63D100,-90,-2,6,21,-92,-6,3,-97,-11,0,100,0,-72,NR N78,10,31456.0,3.75,3827,nan,0,3.07,0.0000
1743479915.8901258,NR5G-SA,CONNECT,TDD,CFE63D100,-90,-2,6,22,-92,-6,3,-97,-11,0,100,0,-74,NR N78,8,31455.0,3.75,3827,nan,0,3.07,0.0000
1743479916.9859853,NR5G-SA,CONNECT,TDD,CFE63D100,-90,-2,5,22,-92,-6,3,-97,-11,0,100,0,-74,NR N78,8,31459.0,3.75,3828,nan,0,3.07,0.0000
1743479918.1088326,NR5G-SA,CONNECT,TDD,CFE63D100,-90,-2,5,21,-92,-6,3,-97,-11,1,100,0,-74,NR N78,9,31468.0,3.75,3829,nan,0,3.07,0.0000
1743479919.1526775,NR5G-SA,CONNECT,TDD,CFE63D100,-90,-3,5,21,-92,-6,3,-97,-11,0,100,0,-73,NR N78,9,20966.0,2.5,2551,nan,0,3.07,0.0000
1743479920.2528303,NR5G-SA,CONNECT,TDD,CFE63D100,-91,-3,4,21,-93,-6,3,-98,-11,1,100,0,-73,NR N78,8,31460.0,3.75,3828,nan,0,3.07,0.0000
1743479921.3570545,NR5G-SA,CONNECT,TDD,CFE63D100,-91,-3,5,21,-93,-6,3,-97,-10,1,100,0,-75,NR N78,8,31462.0,3.75,3828,nan,0,3.07,0.0000
1743479922.3920367,NR5G-SA,CONNECT,TDD,CFE63D100,-91,-3,4,21,-93,-6,3,-97,-10,1,100,0,-74,NR N78,9,31456.0,3.75,3827,nan,0,3.07,0.0000
1743479923.4311347,NR5G-SA,CONNECT,TDD,CFE63D100,-91,-4,4,21,-93,-6,2,-97,-10,1,100,0,-73,NR N78,9,31456.0,3.75,3827,nan,0,3.07,0.0000
1743479924.466715,NR5G-SA,CONNECT,TDD,CFE63D100,-91,-3,4,21,-93,-6,2,-97,-10,1,100,0,-73,NR N78,9,31456.0,3.75,3827,nan,0,3.07,0.0000
1743479925.4991872,NR5G-SA,CONNECT,TDD,CFE63D100,-91,-3,4,21,-92,-6,2,-97,-10,0,100,0,-74,NR N78,9,31458.0,3.75,3827,nan,0,3.07,0.0000
1743479926.536025,NR5G-SA,CONNECT,TDD,CFE63D100,-90,-3,4,21,-92,-5,2,-97,-10,1,100,0,-73,NR N78,8,20965.0,2.5,2551,nan,0,3.07,0.0000
1743479927.6079102,NR5G-SA,CONNECT,TDD,CFE63D100,-90,-3,4,21,-92,-5,2,-97,-10,1,100,0,-74,NR N78,9,31465.0,3.75,3828,nan,0,3.07,0.0000
1743479928.7175665,NR5G-SA,CONNECT,TDD,CFE63D100,-90,-3,4,21,-92,-5,2,-97,-10,0,100,0,-73,NR N78,9,20968.0,2.5,2551,nan,0,3.07,0.0000
1743479929.7999709,NR5G-SA,CONNECT,TDD,CFE63D100,-90,-3,5,21,-92,-6,1,-97,-11,0,100,0,-73,NR N78,9,31463.0,3.75,3828,nan,0,3.07,0.0000
1743479930.9049551,NR5G-SA,CONNECT,TDD,CFE63D100,-90,-4,4,21,-92,-6,1,-97,-11,0,100,0,-72,NR N78,9,31460.0,3.75,3828,nan,0,3.07,0.0000
1743479931.9903173,NR5G-SA,CONNECT,TDD,CFE63D100,-90,-4,4,21,-92,-6,2,-97,-11,0,100,0,-71,NR N78,9,31458.0,3.75,3827,nan,0,3.07,0.0000
1743479933.090647,NR5G-SA,CONNECT,TDD,CFE63D100,-90,-4,5,21,-92,-6,2,-96,-11,1,100,0,-72,NR N78,9,31461.0,3.75,3828,nan,0,3.07,0.0000
1743479934.1919544,NR5G-SA,CONNECT,TDD,CFE63D100,-90,-4,4,21,-92,-6,2,-97,-10,1,100,0,-72,NR N78,9,31457.0,3.75,3827,nan,0,3.07,0.0000
1743479935.2696273,NR5G-SA,CONNECT,TDD,CFE63D100,-90,-3,5,21,-92,-6,2,-97,-11,1,100,0,-73,NR N78,9,31458.0,3.75,3827,nan,0,3.07,0.0000
1743479936.3042083,NR5G-SA,CONNECT,TDD,CFE63D100,-90,-3,5,21,-92,-6,2,-97,-11,0,100,0,-72,NR N78,9,31456.0,3.75,3827,nan,0,3.07,0.0000
1743479937.3924272,NR5G-SA,CONNECT,TDD,CFE63D100,-90,-3,5,21,-92,-6,2,-97,-10,0,100,0,-72,NR N78,9,31458.0,3.75,3827,nan,0,3.07,0.0000
1743479938.4985187,NR5G-SA,CONNECT,TDD,CFE63D100,-90,-3,5,21,-92,-6,2,-97,-10,1,100,0,-74,NR N78,10,41953.0,5.0,5104,nan,0,3.07,0.0000
1743479939.5531301,NR5G-SA,CONNECT,TDD,CFE63D100,-90,-3,5,21,-92,-7,2,-97,-11,0,100,0,-73,NR N78,9,31453.0,3.75,3827,nan,0,3.07,0.0000
1743479940.6573718,NR5G-SA,CONNECT,TDD,CFE63D100,-90,-3,5,21,-92,-6,2,-96,-10,1,100,0,-72,NR N78,9,31456.0,3.75,3827,nan,0,3.07,0.0000
1743479941.7100332,NR5G-SA,CONNECT,TDD,CFE63D100,-90,-3,6,21,-92,-6,2,-96,-10,1,100,0,-73,NR N78,9,31456.0,3.75,3827,nan,0,3.07,0.0000
1743479942.8149514,NR5G-SA,CONNECT,TDD,CFE63D100,-90,-3,5,21,-92,-6,2,-97,-10,1,100,0,-73,NR N78,9,31456.0,3.75,3827,nan,0,3.07,0.0000
1743479943.8845606,NR5G-SA,CONNECT,TDD,CFE63D100,-90,-3,5,21,-92,-6,2,-97,-10,1,100,0,-72,NR N78,8,31455.0,3.75,3827,nan,0,3.07,0.0000
1743479944.9611542,NR5G-SA,CONNECT,TDD,CFE63D100,-90,-3,5,21,-93,-6,2,-97,-10,1,100,0,-73,NR N78,8,31457.0,3.75,3827,nan,0,3.07,0.0000
1743479946.03226,NR5G-SA,CONNECT,TDD,CFE63D100,-90,-3,5,21,-93,-6,2,-97,-10,1,100,0,-73,NR N78,9,31461.0,3.75,3828,nan,0,3.07,0.0000
1743479947.073013,NR5G-SA,CONNECT,TDD,CFE63D100,-91,-3,4,21,-93,-6,2,-97,-10,0,100,0,-73,NR N78,9,31456.0,3.75,3827,nan,0,3.07,0.0000
1743479948.1737409,NR5G-SA,CONNECT,TDD,CFE63D100,-91,-3,4,21,-92,-6,2,-97,-11,0,100,0,-73,NR N78,9,31452.0,3.75,3827,nan,0,3.07,0.0000
1743479949.2506127,NR5G-SA,CONNECT,TDD,CFE63D100,-90,-3,4,21,-92,-6,2,-97,-11,0,100,0,-73,NR N78,9,31463.0,3.75,3828,nan,0,3.07,0.0000
1743479950.331716,NR5G-SA,CONNECT,TDD,CFE63D100,-90,-3,4,21,-92,-6,2,-97,-11,1,100,0,-73,NR N78,8,31463.0,3.75,3828,nan,0,3.07,0.0000
1743479951.4258616,NR5G-SA,CONNECT,TDD,CFE63D100,-91,-3,4,21,-93,-6,3,-97,-11,1,100,0,-74,NR N78,8,20967.0,2.5,2551,nan,0,3.07,0.0000
1743479952.5323389,NR5G-SA,CONNECT,TDD,CFE63D100,-91,-3,4,21,-92,-6,3,-97,-10,1,100,0,-73,NR N78,7,31458.0,3.75,3827,nan,0,3.07,0.0000
1743479953.6101341,NR5G-SA,CONNECT,TDD,CFE63D100,-90,-3,4,21,-92,-5,3,-97,-10,1,100,0,-73,NR N78,7,31455.0,3.75,3827,nan,0,3.07,0.0000
1743479954.7160387,NR5G-SA,CONNECT,TDD,CFE63D100,-90,-3,4,21,-92,-6,3,-97,-10,1,100,0,-73,NR N78,7,31462.0,3.75,3828,nan,0,3.07,0.0000
1743479955.8007038,NR5G-SA,CONNECT,TDD,CFE63D100,-90,-3,4,21,-92,-6,3,-97,-10,1,100,0,-73,NR N78,8,20967.0,2.5,2551,nan,0,3.07,0.0000
1743479956.9160676,NR5G-SA,CONNECT,TDD,CFE63D100,-90,-3,4,21,-92,-6,3,-96,-10,1,100,0,-74,NR N78,8,31460.0,3.75,3828,nan,0,3.07,0.0000
1743479958.0153105,NR5G-SA,CONNECT,TDD,CFE63D100,-90,-3,4,21,-92,-6,3,-97,-10,1,100,0,-73,NR N78,8,31461.0,3.75,3828,nan,0,3.07,0.0000
1743479959.1174898,NR5G-SA,CONNECT,TDD,CFE63D100,-90,-3,4,21,-92,-5,3,-97,-10,1,100,0,-73,NR N78,8,31467.0,3.75,3828,nan,0,3.07,0.0000
1743479960.2209547,NR5G-SA,CONNECT,TDD,CFE63D100,-90,-3,4,21,-92,-6,2,-97,-10,1,100,0,-73,NR N78,8,31459.0,3.75,3828,nan,0,3.07,0.0000
1743479961.323211,NR5G-SA,CONNECT,TDD,CFE63D100,-91,-3,4,21,-92,-6,2,-97,-11,0,100,0,-74,NR N78,8,20969.0,2.5,2551,nan,0,3.07,0.0000
1743479962.3838592,NR5G-SA,CONNECT,TDD,CFE63D100,-91,-3,4,21,-92,-6,2,-97,-11,0,100,0,-73,NR N78,9,31464.0,3.75,3828,nan,0,3.07,0.0000
1743479963.4700139,NR5G-SA,CONNECT,TDD,CFE63D100,-91,-3,4,21,-92,-6,2,-97,-11,0,100,0,-73,NR N78,9,31451.0,3.75,3827,nan,0,3.07,0.0000
1743479964.536595,NR5G-SA,CONNECT,TDD,CFE63D100,-91,-3,4,21,-93,-6,2,-97,-10,0,100,0,-74,NR N78,8,31451.0,3.75,3827,nan,0,3.07,0.0000
1743479965.6237414,NR5G-SA,CONNECT,TDD,CFE63D100,-91,-3,4,21,-93,-6,3,-97,-10,1,100,0,-73,NR N78,7,41961.0,5.0,5105,nan,0,3.07,0.0000
1743479966.7286792,NR5G-SA,CONNECT,TDD,CFE63D100,-91,-3,4,21,-93,-6,3,-97,-10,1,100,0,-74,NR N78,7,20966.0,2.5,2551,nan,0,3.07,0.0000
1743479967.8385475,NR5G-SA,CONNECT,TDD,CFE63D100,-91,-4,3,21,-93,-6,2,-97,-11,0,100,0,-72,NR N78,8,41938.0,5.0,5102,nan,0,3.07,0.0000
1743479968.88319,NR5G-SA,CONNECT,TDD,CFE63D100,-91,-5,3,21,-92,-7,2,-97,-11,0,100,0,-73,NR N78,8,31469.0,3.75,3829,nan,0,3.07,0.0000
1743479969.9712722,NR5G-SA,CONNECT,TDD,CFE63D100,-92,-5,3,21,-93,-6,2,-97,-11,1,100,0,-72,NR N78,8,20968.0,2.5,2551,nan,0,3.07,0.0000
1743479971.009087,NR5G-SA,CONNECT,TDD,CFE63D100,-92,-5,3,21,-92,-6,2,-97,-10,1,100,0,-73,NR N78,8,31457.0,3.75,3827,nan,0,3.07,0.0000
1743479972.0997322,NR5G-SA,CONNECT,TDD,CFE63D100,-91,-4,3,21,-92,-6,2,-97,-11,0,100,0,-73,NR N78,8,31457.0,3.75,3827,nan,0,3.07,0.0000
1743479973.2110615,NR5G-SA,CONNECT,TDD,CFE63D100,-91,-4,3,21,-92,-6,2,-97,-11,0,100,0,-73,NR N78,8,31461.0,3.75,3828,nan,0,3.07,0.0000
1743479974.320112,NR5G-SA,CONNECT,TDD,CFE63D100,-91,-3,3,21,-92,-5,2,-97,-10,0,100,0,-73,NR N78,9,31454.0,3.75,3827,nan,0,3.07,0.0000
1743479975.4286523,NR5G-SA,CONNECT,TDD,CFE63D100,-91,-3,3,21,-92,-6,2,-97,-11,0,100,0,-74,NR N78,9,41952.0,5.0,5104,nan,0,3.07,0.0000
1743479976.4616675,NR5G-SA,CONNECT,TDD,CFE63D100,-91,-3,4,21,-93,-6,3,-97,-11,1,100,0,-73,NR N78,8,31455.0,3.75,3827,nan,0,3.07,0.0000
1743479977.5712101,NR5G-SA,CONNECT,TDD,CFE63D100,-91,-3,4,21,-93,-6,3,-97,-11,1,100,0,-73,NR N78,8,31450.0,3.75,3826,nan,0,3.07,0.0000
1743479978.6760645,NR5G-SA,CONNECT,TDD,CFE63D100,-91,-3,4,21,-92,-6,2,-97,-11,0,100,0,-74,NR N78,8,41958.0,5.0,5105,nan,0,3.07,0.0000
1743479979.738479,NR5G-SA,CONNECT,TDD,CFE63D100,-91,-3,4,21,-92,-6,2,-97,-10,0,100,0,-73,NR N78,8,31454.0,3.75,3827,nan,0,3.07,0.0000
1743479980.825969,NR5G-SA,CONNECT,TDD,CFE63D100,-91,-3,4,21,-92,-6,2,-97,-11,0,100,0,-75,NR N78,8,31452.0,3.75,3827,nan,0,3.07,0.0000
1743479981.8880792,NR5G-SA,CONNECT,TDD,CFE63D100,-91,-3,4,21,-92,-5,2,-97,-10,0,100,0,-74,NR N78,8,41928.0,5.0,5101,nan,0,3.07,0.0000
1743479982.9696631,NR5G-SA,CONNECT,TDD,CFE63D100,-91,-4,3,21,-92,-6,2,-97,-10,0,100,0,-73,NR N78,8,20980.0,2.5,2553,nan,0,3.07,0.0000
1743479984.0832977,NR5G-SA,CONNECT,TDD,CFE63D100,-91,-4,3,21,-92,-6,2,-97,-10,0,100,0,-74,NR N78,9,31457.0,3.75,3827,nan,0,3.07,0.0000
1743479985.2270465,NR5G-SA,CONNECT,TDD,CFE63D100,-91,-4,3,21,-92,-5,3,-97,-10,1,100,0,-73,NR N78,9,31461.0,3.75,3828,nan,0,3.07,0.0000
1743479986.3273807,NR5G-SA,CONNECT,TDD,CFE63D100,-91,-4,3,21,-92,-5,2,-97,-10,1,100,0,-74,NR N78,8,31457.0,3.75,3827,nan,0,3.07,0.0000
1743479987.4565456,NR5G-SA,CONNECT,TDD,CFE63D100,-91,-3,4,21,-92,-5,2,-97,-10,0,100,0,-74,NR N78,8,31458.0,3.75,3827,nan,0,3.07,0.0000
1743479988.55445,NR5G-SA,CONNECT,TDD,CFE63D100,-91,-3,4,21,-92,-5,2,-97,-10,0,100,0,-74,NR N78,9,20967.0,2.5,2551,nan,0,3.07,0.0000
1743479989.661214,NR5G-SA,CONNECT,TDD,CFE63D100,-91,-3,3,21,-93,-5,2,-97,-10,0,100,0,-74,NR N78,10,20968.0,2.5,2551,nan,0,3.07,0.0000
1743479990.7378116,NR5G-SA,CONNECT,TDD,CFE63D100,-91,-3,3,21,-93,-6,2,-97,-10,0,100,0,-74,NR N78,10,31465.0,3.75,3828,nan,0,3.07,0.0000
1743479991.8312132,NR5G-SA,CONNECT,TDD,CFE63D100,-91,-3,3,21,-93,-6,2,-97,-10,0,100,0,-74,NR N78,10,31451.0,3.75,3827,nan,0,3.07,0.0000
1743479992.8867779,NR5G-SA,CONNECT,TDD,CFE63D100,-91,-3,4,21,-93,-6,2,-97,-10,0,100,0,-75,NR N78,10,20971.0,2.5,2551,nan,0,3.07,0.0000
1743479993.949161,NR5G-SA,CONNECT,TDD,CFE63D100,-91,-3,4,21,-93,-6,2,-97,-10,1,100,0,-74,NR N78,9,31460.0,3.75,3828,nan,0,3.07,0.0000
1743479995.0654068,NR5G-SA,CONNECT,TDD,CFE63D100,-91,-3,4,21,-92,-6,2,-97,-10,1,100,0,-74,NR N78,9,31451.0,3.75,3827,nan,0,3.07,0.0000
1743479996.2193274,NR5G-SA,CONNECT,TDD,CFE63D100,-91,-3,4,21,-92,-6,2,-97,-10,1,100,0,-73,NR N78,10,31464.0,3.75,3828,nan,0,3.07,0.0000
1743479997.3168547,NR5G-SA,CONNECT,TDD,CFE63D100,-91,-3,4,21,-92,-6,2,-97,-10,0,100,0,-72,NR N78,10,31457.0,3.75,3827,nan,0,3.07,0.0000
1743479998.3578546,NR5G-SA,CONNECT,TDD,CFE63D100,-90,-3,4,21,-92,-6,2,-97,-10,1,100,0,-73,NR N78,8,20966.0,2.5,2551,nan,0,3.07,0.0000
1743479999.4360063,NR5G-SA,CONNECT,TDD,CFE63D100,-90,-3,5,21,-92,-6,2,-96,-10,1,100,0,-73,NR N78,8,41959.0,5.0,5105,nan,0,3.07,0.0000
1743480000.536873,NR5G-SA,CONNECT,TDD,CFE63D100,-90,-3,5,21,-92,-6,2,-97,-11,1,100,0,-73,NR N78,9,20966.0,2.5,2551,nan,0,3.07,0.0000
1743480001.5767412,NR5G-SA,CONNECT,TDD,CFE63D100,-90,-2,5,21,-92,-6,2,-96,-11,1,100,0,-73,NR N78,9,41952.0,5.0,5104,nan,0,3.07,0.0000
1743480002.674243,NR5G-SA,CONNECT,TDD,CFE63D100,-91,-3,4,21,-92,-6,2,-97,-10,1,100,0,-73,NR N78,9,20965.0,2.5,2551,nan,0,3.07,0.0000
1743480003.779205,NR5G-SA,CONNECT,TDD,CFE63D100,-91,-4,3,21,-92,-6,2,-97,-10,0,100,0,-75,NR N78,9,41947.0,5.0,5104,nan,0,3.07,0.0000
1743480004.9020174,NR5G-SA,CONNECT,TDD,CFE63D100,-92,-4,3,21,-92,-6,2,-97,-10,1,100,0,-75,NR N78,9,20969.0,2.5,2551,nan,0,3.07,0.0000
1743480006.015896,NR5G-SA,CONNECT,TDD,CFE63D100,-91,-4,3,21,-92,-6,2,-97,-10,1,100,0,-74,NR N78,9,31465.0,3.75,3828,nan,0,3.07,0.0000
1743480007.1496627,NR5G-SA,CONNECT,TDD,CFE63D100,-91,-3,4,21,-92,-6,2,-97,-10,1,100,0,-73,NR N78,9,31455.0,3.75,3827,nan,0,3.07,0.0000
1743480008.2644653,NR5G-SA,CONNECT,TDD,CFE63D100,-91,-3,5,21,-92,-6,2,-97,-10,0,100,0,-73,NR N78,9,31461.0,3.75,3828,nan,0,3.07,0.0000
1743480009.3050463,NR5G-SA,CONNECT,TDD,CFE63D100,-90,-3,5,21,-92,-6,2,-97,-10,0,100,0,-74,NR N78,9,31453.0,3.75,3827,nan,0,3.07,0.0000
1743480010.4073162,NR5G-SA,CONNECT,TDD,CFE63D100,-90,-3,5,21,-92,-6,2,-97,-10,0,100,0,-73,NR N78,8,41951.0,5.0,5104,nan,0,3.07,0.0000
1743480011.4795306,NR5G-SA,CONNECT,TDD,CFE63D100,-90,-3,5,21,-92,-6,2,-97,-11,0,100,0,-73,NR N78,8,31452.0,3.75,3827,nan,0,3.07,0.0000
1743480012.5647275,NR5G-SA,CONNECT,TDD,CFE63D100,-90,-3,5,21,-92,-6,2,-96,-10,1,100,0,-73,NR N78,8,41950.0,5.0,5104,nan,0,3.07,0.0000
1743480013.701962,NR5G-SA,CONNECT,TDD,CFE63D100,-90,-3,4,21,-92,-6,2,-97,-10,0,100,0,-73,NR N78,9,31458.0,3.75,3827,nan,0,3.07,0.0000
1743480014.7983422,NR5G-SA,CONNECT,TDD,CFE63D100,-90,-3,5,21,-92,-6,2,-97,-10,1,100,0,-74,NR N78,9,20968.0,2.5,2551,nan,0,3.07,0.0000
1743480015.891668,NR5G-SA,CONNECT,TDD,CFE63D100,-90,-3,5,22,-93,-6,2,-97,-10,1,100,0,-73,NR N78,8,31461.0,3.75,3828,nan,0,3.07,0.0000
1743480017.0015228,NR5G-SA,CONNECT,TDD,CFE63D100,-90,-3,5,22,-93,-6,2,-97,-10,1,100,0,-73,NR N78,8,31454.0,3.75,3827,nan,0,3.07,0.0000
1743480018.0775511,NR5G-SA,CONNECT,TDD,CFE63D100,-90,-3,5,21,-93,-6,2,-97,-11,0,100,0,-74,NR N78,8,31465.0,3.75,3828,nan,0,3.07,0.0000
1743480019.1703641,NR5G-SA,CONNECT,TDD,CFE63D100,-90,-3,4,21,-92,-6,2,-97,-11,0,100,0,-74,NR N78,8,31458.0,3.75,3827,nan,0,3.07,0.0000
1743480020.2343147,NR5G-SA,CONNECT,TDD,CFE63D100,-91,-3,4,22,-93,-6,3,-97,-10,1,100,0,-73,NR N78,8,31455.0,3.75,3827,nan,0,3.07,0.0000
1743480021.3302824,NR5G-SA,CONNECT,TDD,CFE63D100,-91,-3,4,22,-93,-6,3,-98,-10,1,100,0,-75,NR N78,8,31455.0,3.75,3827,nan,0,3.07,0.0000
1743480022.365689,NR5G-SA,CONNECT,TDD,CFE63D100,-91,-3,4,21,-93,-6,2,-98,-11,0,100,0,-75,NR N78,8,31457.0,3.75,3827,nan,0,3.07,0.0000
1743480023.4609299,NR5G-SA,CONNECT,TDD,CFE63D100,-91,-4,3,21,-93,-6,3,-98,-10,1,100,0,-73,NR N78,9,31456.0,3.75,3827,nan,0,3.07,0.0000
1743480024.5899367,NR5G-SA,CONNECT,TDD,CFE63D100,-91,-4,3,21,-93,-6,2,-98,-11,0,100,0,-74,NR N78,9,31455.0,3.75,3827,nan,0,3.07,0.0000
1743480025.6900213,NR5G-SA,CONNECT,TDD,CFE63D100,-90,-3,4,21,-92,-6,3,-97,-11,0,100,0,-73,NR N78,8,41957.0,5.0,5105,nan,0,3.07,0.0000
1743480026.7917416,NR5G-SA,CONNECT,TDD,CFE63D100,-90,-3,5,21,-92,-6,2,-97,-10,0,100,0,-74,NR N78,8,31456.0,3.75,3827,nan,0,3.07,0.0000
1743480027.8868403,NR5G-SA,CONNECT,TDD,CFE63D100,-90,-2,6,21,-92,-6,2,-97,-10,0,100,0,-74,NR N78,8,31457.0,3.75,3827,nan,0,3.07,0.0000
1743480028.9275074,NR5G-SA,CONNECT,TDD,CFE63D100,-89,-2,6,21,-92,-6,2,-97,-10,0,100,0,-73,NR N78,8,20961.0,2.5,2550,nan,0,3.07,0.0000
1743480030.0087936,NR5G-SA,CONNECT,TDD,CFE63D100,-89,-2,6,21,-92,-6,3,-97,-11,1,100,0,-73,NR N78,8,31465.0,3.75,3828,nan,0,3.07,0.0000
1743480031.0936713,NR5G-SA,CONNECT,TDD,CFE63D100,-89,-2,6,21,-92,-6,3,-97,-11,1,100,0,-74,NR N78,8,41952.0,5.0,5104,nan,0,3.07,0.0000
1743480032.1480486,NR5G-SA,CONNECT,TDD,CFE63D100,-89,-2,6,21,-92,-6,2,-97,-11,0,100,0,-73,NR N78,8,31452.0,3.75,3827,nan,0,3.07,0.0000
1743480033.2484822,NR5G-SA,CONNECT,TDD,CFE63D100,-89,-2,6,21,-92,-6,3,-97,-11,1,100,0,-74,NR N78,8,31455.0,3.75,3827,nan,0,3.07,0.0000
1743480034.3218966,NR5G-SA,CONNECT,TDD,CFE63D100,-90,-3,5,21,-92,-6,3,-97,-11,1,100,0,-74,NR N78,8,31458.0,3.75,3827,nan,0,3.07,0.0000
1743480035.3695993,NR5G-SA,CONNECT,TDD,CFE63D100,-91,-3,4,21,-77,-2,6,-89,-8,2,100,0,-74,NR N78,8,31462.0,3.75,3828,nan,0,3.07,0.0000
1743480036.4059148,NR5G-SA,CONNECT,TDD,CFE63D100,-90,-3,5,21,-79,-2,6,-90,-8,2,100,0,-74,NR N78,7,31454.0,3.75,3827,nan,0,3.07,0.0000
1743480037.5091295,NR5G-SA,CONNECT,TDD,CFE63D100,-90,-3,5,21,-79,-3,4,-90,-8,2,100,0,-74,NR N78,9,31454.0,3.75,3827,nan,0,3.07,0.0000
1743480038.6140337,NR5G-SA,CONNECT,TDD,CFE63D100,-91,-3,4,21,-78,-3,5,-90,-7,2,100,0,-73,NR N78,9,31460.0,3.75,3828,nan,0,3.07,0.0000
1743480039.7218578,NR5G-SA,CONNECT,TDD,CFE63D100,-91,-3,4,21,-78,-2,5,-90,-7,2,100,0,-73,NR N78,9,20972.0,2.5,2552,nan,0,3.07,0.0000
1743480040.8349302,NR5G-SA,CONNECT,TDD,CFE63D100,-91,-3,4,21,-93,-6,4,-97,-10,1,100,0,-73,NR N78,9,20969.0,2.5,2551,nan,0,3.07,0.0000
1743480041.9029524,NR5G-SA,CONNECT,TDD,CFE63D100,-91,-3,4,21,-93,-6,3,-98,-11,1,100,0,-75,NR N78,8,31459.0,3.75,3828,nan,0,3.07,0.0000
1743480042.9888766,NR5G-SA,CONNECT,TDD,CFE63D100,-91,-3,4,21,-93,-6,3,-98,-11,0,100,0,-74,NR N78,8,41954.0,5.0,5104,nan,0,3.07,0.0000
1743480044.0459454,NR5G-SA,CONNECT,TDD,CFE63D100,-91,-3,4,21,-93,-6,3,-98,-10,1,100,0,-75,NR N78,8,31453.0,3.75,3827,nan,0,3.07,0.0000
1743480045.1743379,NR5G-SA,CONNECT,TDD,CFE63D100,-91,-3,4,21,-93,-6,3,-98,-10,1,100,0,-75,NR N78,8,31454.0,3.75,3827,nan,0,3.07,0.0000
1743480046.3239384,NR5G-SA,CONNECT,TDD,CFE63D100,-91,-3,4,21,-93,-6,3,-98,-10,1,100,0,-73,NR N78,8,31466.0,3.75,3828,nan,0,3.07,0.0000
1743480047.4243374,NR5G-SA,CONNECT,TDD,CFE63D100,-91,-3,4,21,-93,-6,3,-98,-10,1,100,0,-74,NR N78,8,31454.0,3.75,3827,nan,0,3.07,0.0000
1743480048.5321572,NR5G-SA,CONNECT,TDD,CFE63D100,-91,-3,4,21,-93,-6,3,-98,-11,0,100,0,-74,NR N78,9,31457.0,3.75,3827,nan,0,3.07,0.0000
1743480049.6367486,NR5G-SA,CONNECT,TDD,CFE63D100,-91,-3,3,21,-93,-6,3,-98,-11,0,100,0,-74,NR N78,9,31454.0,3.75,3827,nan,0,3.07,0.0000
1743480050.7712443,NR5G-SA,CONNECT,TDD,CFE63D100,-91,-3,3,21,-92,-5,3,-97,-10,0,100,0,-74,NR N78,9,31455.0,3.75,3827,nan,0,3.07,0.0000
1743480051.8621697,NR5G-SA,CONNECT,TDD,CFE63D100,-91,-3,3,21,-92,-5,3,-97,-10,0,100,0,-74,NR N78,10,31458.0,3.75,3827,nan,0,3.07,0.0000
1743480052.9633646,NR5G-SA,CONNECT,TDD,CFE63D100,-91,-3,3,21,-92,-5,2,-97,-10,0,100,0,-74,NR N78,10,31463.0,3.75,3828,nan,0,3.07,0.0000
1743480054.0734398,NR5G-SA,CONNECT,TDD,CFE63D100,-91,-3,3,21,-92,-5,2,-97,-10,0,100,0,-74,NR N78,9,31453.0,3.75,3827,nan,0,3.07,0.0000
1743480055.1875606,NR5G-SA,CONNECT,TDD,CFE63D100,-91,-3,3,21,-92,-5,2,-98,-11,0,100,0,-74,NR N78,9,31455.0,3.75,3827,nan,0,3.07,0.0000
1743480056.2294602,NR5G-SA,CONNECT,TDD,CFE63D100,-91,-3,3,21,-92,-5,2,-98,-11,0,100,0,-73,NR N78,8,41949.0,5.0,5104,nan,0,3.07,0.0000
1743480057.3177767,NR5G-SA,CONNECT,TDD,CFE63D100,-91,-3,4,21,-92,-5,2,-97,-10,0,100,0,-74,NR N78,8,31454.0,3.75,3827,nan,0,3.07,0.0000
1743480058.3637438,NR5G-SA,CONNECT,TDD,CFE63D100,-91,-3,4,21,-92,-5,2,-98,-11,0,100,0,-74,NR N78,8,31454.0,3.75,3827,nan,0,3.07,0.0000
1743480059.448167,NR5G-SA,CONNECT,TDD,CFE63D100,-91,-3,4,21,-93,-6,2,-98,-10,0,100,0,-75,NR N78,8,41953.0,5.0,5104,nan,0,3.07,0.0000
1743480060.5227113,NR5G-SA,CONNECT,TDD,CFE63D100,-91,-3,4,21,-93,-6,2,-98,-10,0,100,0,-75,NR N78,9,31453.0,3.75,3827,nan,0,3.07,0.0000
1743480061.6271925,NR5G-SA,CONNECT,TDD,CFE63D100,-91,-4,3,22,-93,-6,3,-98,-11,0,100,0,-75,NR N78,8,31453.0,3.75,3827,nan,0,3.07,0.0000
1743480062.740645,NR5G-SA,CONNECT,TDD,CFE63D100,-91,-3,3,22,-93,-6,2,-98,-10,0,100,0,-75,NR N78,8,31460.0,3.75,3828,nan,0,3.07,0.0000
1743480063.8376813,NR5G-SA,CONNECT,TDD,CFE63D100,-91,-3,4,21,-93,-6,2,-98,-10,0,100,0,-73,NR N78,9,41949.0,5.0,5104,nan,0,3.07,0.0000
1743480064.9106028,NR5G-SA,CONNECT,TDD,CFE63D100,-91,-3,4,21,-93,-6,3,-98,-10,0,100,0,-74,NR N78,9,31459.0,3.75,3828,nan,0,3.07,0.0000
1743480066.0065155,NR5G-SA,CONNECT,TDD,CFE63D100,-91,-3,4,21,-93,-6,3,-98,-10,1,100,0,-74,NR N78,10,31456.0,3.75,3827,nan,0,3.07,0.0000
1743480067.1074846,NR5G-SA,CONNECT,TDD,CFE63D100,-91,-3,4,21,-93,-6,3,-98,-11,1,100,0,-75,NR N78,10,31459.0,3.75,3828,nan,0,3.07,0.0000
1743480068.2165709,NR5G-SA,CONNECT,TDD,CFE63D100,-92,-3,4,21,-93,-6,3,-98,-11,1,100,0,-75,NR N78,10,41955.0,5.0,5105,nan,0,3.07,0.0000
1743480069.2583985,NR5G-SA,CONNECT,TDD,CFE63D100,-91,-3,4,21,-93,-5,2,-98,-10,0,100,0,-75,NR N78,10,31459.0,3.75,3828,nan,0,3.07,0.0000
1743480070.3450131,NR5G-SA,CONNECT,TDD,CFE63D100,-92,-4,3,21,-93,-5,3,-98,-10,1,100,0,-75,NR N78,9,31452.0,3.75,3827,nan,0,3.07,0.0000
1743480071.3813689,NR5G-SA,CONNECT,TDD,CFE63D100,-92,-4,3,21,-93,-6,2,-98,-10,0,100,0,-74,NR N78,9,31455.0,3.75,3827,nan,0,3.07,0.0000
1743480072.4910269,NR5G-SA,CONNECT,TDD,CFE63D100,-91,-4,4,21,-92,-6,3,-97,-10,1,100,0,-74,NR N78,9,41953.0,5.0,5104,nan,0,3.07,0.0000
1743480073.530059,NR5G-SA,CONNECT,TDD,CFE63D100,-91,-3,4,21,-92,-6,3,-97,-10,1,100,0,-73,NR N78,9,31452.0,3.75,3827,nan,0,3.07,0.0000
1743480074.6170475,NR5G-SA,CONNECT,TDD,CFE63D100,-90,-3,4,21,-92,-6,3,-97,-10,1,100,0,-74,NR N78,9,31457.0,3.75,3827,nan,0,3.07,0.0000
1743480075.6709058,NR5G-SA,CONNECT,TDD,CFE63D100,-90,-3,5,21,-92,-6,3,-97,-10,1,100,0,-73,NR N78,9,31453.0,3.75,3827,nan,0,3.07,0.0000
1743480076.7890499,NR5G-SA,CONNECT,TDD,CFE63D100,-90,-3,5,21,-92,-6,3,-97,-10,1,100,0,-73,NR N78,9,41954.0,5.0,5104,nan,0,3.07,0.0000
1743480077.8502517,NR5G-SA,CONNECT,TDD,CFE63D100,-90,-3,5,21,-92,-6,3,-97,-10,1,100,0,-73,NR N78,8,31458.0,3.75,3827,nan,0,3.07,0.0000
1743480078.9528315,NR5G-SA,CONNECT,TDD,CFE63D100,-90,-3,5,21,-92,-6,2,-96,-11,1,100,0,-73,NR N78,8,20961.0,2.5,2550,nan,0,3.07,0.0000
1743480080.0490437,NR5G-SA,CONNECT,TDD,CFE63D100,-90,-2,5,21,-92,-6,3,-97,-11,1,100,0,-73,NR N78,10,41965.0,5.0,5106,nan,0,3.07,0.0000
1743480081.1572921,NR5G-SA,CONNECT,TDD,CFE63D100,-90,-2,5,21,-92,-6,2,-97,-11,0,100,0,-73,NR N78,10,10485.0,1.25,1276,nan,0,3.07,0.0000
1743480082.2170718,NR5G-SA,CONNECT,TDD,CFE63D100,-89,-2,6,21,-92,-6,2,-97,-11,1,100,0,-73,NR N78,9,41967.0,5.0,5106,nan,0,3.07,0.0000
1743480083.318551,NR5G-SA,CONNECT,TDD,CFE63D100,-89,-2,6,21,-92,-6,2,-97,-11,0,100,0,-73,NR N78,9,20966.0,2.5,2551,nan,0,3.07,0.0000
1743480084.4123163,NR5G-SA,CONNECT,TDD,CFE63D100,-90,-2,5,21,-92,-6,2,-97,-11,0,100,0,-73,NR N78,9,31459.0,3.75,3828,nan,0,3.07,0.0000
1743480085.5127323,NR5G-SA,CONNECT,TDD,CFE63D100,-90,-3,5,21,-92,-6,2,-97,-11,0,100,0,-74,NR N78,9,31463.0,3.75,3828,nan,0,3.07,0.0000
1743480086.617001,NR5G-SA,CONNECT,TDD,CFE63D100,-90,-3,5,21,-92,-6,2,-97,-11,0,100,0,-74,NR N78,9,10480.0,1.25,1275,nan,0,3.07,0.0000
1743480087.7172694,NR5G-SA,CONNECT,TDD,CFE63D100,-90,-3,5,21,-92,-6,3,-97,-11,0,100,0,-74,NR N78,11,20976.0,2.5,2552,nan,0,3.07,0.0000
1743480088.7651823,NR5G-SA,CONNECT,TDD,CFE63D100,-90,-2,5,21,-92,-6,2,-97,-11,0,100,0,-74,NR N78,11,31462.0,3.75,3828,nan,0,3.07,0.0000
1743480089.8702772,NR5G-SA,CONNECT,TDD,CFE63D100,-90,-2,5,21,-92,-6,2,-97,-11,0,100,0,-72,NR N78,9,31459.0,3.75,3828,nan,0,3.07,0.0000
1743480091.0005786,NR5G-SA,CONNECT,TDD,CFE63D100,-90,-3,5,21,-92,-6,2,-97,-11,0,100,0,-73,NR N78,9,31456.0,3.75,3827,nan,0,3.07,0.0000
1743480092.106481,NR5G-SA,CONNECT,TDD,CFE63D100,-90,-2,5,21,-92,-6,2,-97,-11,0,100,0,-73,NR N78,9,20964.0,2.5,2551,nan,0,3.07,0.0000
1743480093.1834419,NR5G-SA,CONNECT,TDD,CFE63D100,-90,-2,5,21,-92,-6,2,-97,-11,0,100,0,-73,NR N78,9,41957.0,5.0,5105,nan,0,3.07,0.0000
1743480094.2210758,NR5G-SA,CONNECT,TDD,CFE63D100,-90,-2,6,21,-93,-7,2,-97,-11,0,100,0,-73,NR N78,9,31457.0,3.75,3827,nan,0,3.07,0.0000
1743480095.3291218,NR5G-SA,CONNECT,TDD,CFE63D100,-90,-2,6,21,-93,-6,1,-98,-11,0,100,0,-74,NR N78,9,31453.0,3.75,3827,nan,0,3.07,0.0000
1743480096.434098,NR5G-SA,CONNECT,TDD,CFE63D100,-90,-2,5,21,-92,-6,1,-97,-11,0,100,0,-73,NR N78,9,20968.0,2.5,2551,nan,0,3.07,0.0000
1743480097.521155,NR5G-SA,CONNECT,TDD,CFE63D100,-90,-3,4,21,-92,-5,2,-97,-11,0,100,0,-73,NR N78,9,41955.0,5.0,5105,nan,0,3.07,0.0000
1743480098.5858057,NR5G-SA,CONNECT,TDD,CFE63D100,-91,-3,4,21,-92,-6,2,-97,-11,0,100,0,-73,NR N78,9,20968.0,2.5,2551,nan,0,3.07,0.0000
1743480099.6859152,NR5G-SA,CONNECT,TDD,CFE63D100,-90,-3,4,21,-92,-5,2,-97,-11,0,100,0,-73,NR N78,9,31460.0,3.75,3828,nan,0,3.07,0.0000
1743480100.7686691,NR5G-SA,CONNECT,TDD,CFE63D100,-90,-3,4,21,-92,-5,2,-97,-10,0,100,0,-74,NR N78,9,31460.0,3.75,3828,nan,0,3.07,0.0000
1743480101.8462837,NR5G-SA,CONNECT,TDD,CFE63D100,-90,-3,4,21,-92,-5,2,-97,-10,0,100,0,-74,NR N78,9,31453.0,3.75,3827,nan,0,3.07,0.0000
1743480102.9525912,NR5G-SA,CONNECT,TDD,CFE63D100,-90,-3,4,21,-92,-5,2,-97,-10,0,100,0,-74,NR N78,9,31461.0,3.75,3828,nan,0,3.07,0.0000
1743480104.0540986,NR5G-SA,CONNECT,TDD,CFE63D100,-90,-3,4,21,-92,-5,2,-97,-10,0,100,0,-74,NR N78,8,31457.0,3.75,3827,nan,0,3.07,0.0000
1743480105.1134346,NR5G-SA,CONNECT,TDD,CFE63D100,-90,-3,4,21,-92,-5,2,-97,-10,0,100,0,-73,NR N78,8,31454.0,3.75,3827,nan,0,3.07,0.0000
1743480106.2305188,NR5G-SA,CONNECT,TDD,CFE63D100,-90,-2,5,21,-92,-5,2,-97,-11,0,100,0,-73,NR N78,8,31459.0,3.75,3828,nan,0,3.07,0.0000
1743480107.342607,NR5G-SA,CONNECT,TDD,CFE63D100,-90,-3,5,21,-92,-5,2,-97,-10,0,100,0,-74,NR N78,8,31459.0,3.75,3828,nan,0,3.07,0.0000
1743480108.43014,NR5G-SA,CONNECT,TDD,CFE63D100,-90,-2,5,21,-92,-6,2,-97,-11,0,100,0,-74,NR N78,9,20966.0,2.5,2551,nan,0,3.07,0.0000
1743480109.469109,NR5G-SA,CONNECT,TDD,CFE63D100,-90,-2,5,21,-92,-6,2,-97,-11,0,100,0,-74,NR N78,9,31461.0,3.75,3828,nan,0,3.07,0.0000
1743480110.5817106,NR5G-SA,CONNECT,TDD,CFE63D100,-89,-2,5,21,-92,-6,2,-97,-11,0,100,0,-74,NR N78,8,31456.0,3.75,3827,nan,0,3.07,0.0000
1743480111.6878083,NR5G-SA,CONNECT,TDD,CFE63D100,-89,-2,5,21,-92,-6,2,-97,-11,0,100,0,-73,NR N78,9,31460.0,3.75,3828,nan,0,3.07,0.0000
1743480112.7554152,NR5G-SA,CONNECT,TDD,CFE63D100,-89,-3,5,21,-92,-6,1,-97,-11,0,100,0,-74,NR N78,9,20965.0,2.5,2551,nan,0,3.07,0.0000
1743480113.8957653,NR5G-SA,CONNECT,TDD,CFE63D100,-91,-4,3,21,-92,-6,2,-97,-11,1,100,0,-73,NR N78,9,20974.0,2.5,2552,nan,0,3.07,0.0000
1743480115.0517724,NR5G-SA,CONNECT,TDD,CFE63D100,-92,-4,3,21,-93,-6,2,-97,-10,0,100,0,-74,NR N78,9,31466.0,3.75,3828,nan,0,3.07,0.0000
1743480116.1622155,NR5G-SA,CONNECT,TDD,CFE63D100,-92,-4,3,21,-93,-5,2,-97,-10,1,100,0,-75,NR N78,8,31447.0,3.75,3826,nan,0,3.07,0.0000
1743480117.2487876,NR5G-SA,CONNECT,TDD,CFE63D100,-93,-4,2,21,-93,-6,3,-97,-10,1,100,0,-75,NR N78,8,31460.0,3.75,3828,nan,0,3.07,0.0000
1743480118.2899652,NR5G-SA,CONNECT,TDD,CFE63D100,-92,-4,2,21,-93,-5,2,-97,-9,1,100,0,-74,NR N78,8,31455.0,3.75,3827,nan,0,3.07,0.0000
1743480119.3718176,NR5G-SA,CONNECT,TDD,CFE63D100,-91,-4,3,21,-93,-5,2,-98,-10,1,100,0,-74,NR N78,8,41952.0,5.0,5104,nan,0,3.07,0.0000
1743480120.4299874,NR5G-SA,CONNECT,TDD,CFE63D100,-91,-3,4,21,-93,-5,2,-97,-10,1,100,0,-74,NR N78,9,31452.0,3.75,3827,nan,0,3.07,0.0000
1743480121.505991,NR5G-SA,CONNECT,TDD,CFE63D100,-91,-3,4,21,-93,-5,3,-97,-10,1,100,0,-75,NR N78,9,41947.0,5.0,5104,nan,0,3.07,0.0000
1743480122.6043131,NR5G-SA,CONNECT,TDD,CFE63D100,-91,-3,4,21,-93,-5,3,-97,-10,1,100,0,-74,NR N78,9,41949.0,5.0,5104,nan,0,3.07,0.0000
1743480123.7232442,NR5G-SA,CONNECT,TDD,CFE63D100,-91,-3,3,21,-93,-5,2,-97,-10,1,100,0,-75,NR N78,9,31453.0,3.75,3827,nan,0,3.07,0.0000
1743480124.8401964,NR5G-SA,CONNECT,TDD,CFE63D100,-92,-4,3,21,-93,-5,2,-97,-10,1,100,0,-75,NR N78,9,31454.0,3.75,3827,nan,0,3.07,0.0000
1743480125.9167192,NR5G-SA,CONNECT,TDD,CFE63D100,-93,-4,2,21,-93,-5,3,-97,-9,1,100,0,-74,NR N78,8,41948.0,5.0,5104,nan,0,3.07,0.0000
1743480127.0153246,NR5G-SA,CONNECT,TDD,CFE63D100,-91,-3,4,21,-93,-5,2,-98,-10,1,100,0,-74,NR N78,8,31448.0,3.75,3826,nan,0,3.07,0.0000
1743480128.1291783,NR5G-SA,CONNECT,TDD,CFE63D100,-91,-3,4,21,-93,-5,2,-98,-10,1,100,0,-74,NR N78,10,20964.0,2.5,2551,nan,0,3.07,0.0000
1743480129.250023,NR5G-SA,CONNECT,TDD,CFE63D100,-90,-3,4,21,-92,-5,3,-97,-10,1,100,0,-74,NR N78,10,31467.0,3.75,3828,nan,0,3.07,0.0000
1743480130.3546283,NR5G-SA,CONNECT,TDD,CFE63D100,-90,-3,4,22,-92,-5,2,-97,-10,0,100,0,-73,NR N78,9,31455.0,3.75,3827,nan,0,3.07,0.0000
1743480131.4477909,NR5G-SA,CONNECT,TDD,CFE63D100,-90,-3,5,22,-92,-5,2,-97,-11,1,100,0,-74,NR N78,9,31453.0,3.75,3827,nan,0,3.07,0.0000
1743480132.5266135,NR5G-SA,CONNECT,TDD,CFE63D100,-90,-3,4,21,-92,-5,2,-97,-10,0,100,0,-73,NR N78,9,41957.0,5.0,5105,nan,0,3.07,0.0000
1743480133.572784,NR5G-SA,CONNECT,TDD,CFE63D100,-90,-3,4,21,-91,-5,2,-96,-10,0,100,0,-72,NR N78,9,20966.0,2.5,2551,nan,0,3.07,0.0000
1743480134.6089165,NR5G-SA,CONNECT,TDD,CFE63D100,-90,-3,4,21,-91,-5,3,-96,-10,1,100,0,-72,NR N78,9,41945.0,5.0,5103,nan,0,3.07,0.0000
1743480135.647072,NR5G-SA,CONNECT,TDD,CFE63D100,-90,-3,4,21,-92,-5,3,-96,-10,1,100,0,-74,NR N78,9,31456.0,3.75,3827,nan,0,3.07,0.0000
1743480136.7373695,NR5G-SA,CONNECT,TDD,CFE63D100,-90,-3,3,21,-92,-5,3,-96,-10,1,100,0,-73,NR N78,9,31454.0,3.75,3827,nan,0,3.07,0.0000
1743480137.831602,NR5G-SA,CONNECT,TDD,CFE63D100,-90,-3,4,21,-92,-6,3,-97,-11,1,100,0,-72,NR N78,10,31460.0,3.75,3828,nan,0,3.07,0.0000
1743480138.9353812,NR5G-SA,CONNECT,TDD,CFE63D100,-90,-3,4,21,-92,-6,3,-97,-11,1,100,0,-74,NR N78,10,31463.0,3.75,3828,nan,0,3.07,0.0000
1743480140.0403678,NR5G-SA,CONNECT,TDD,CFE63D100,-90,-3,4,21,-92,-6,3,-96,-10,1,100,0,-72,NR N78,13,20968.0,2.5,2551,nan,0,3.07,0.0000
1743480141.0937026,NR5G-SA,CONNECT,TDD,CFE63D100,-90,-3,5,21,-92,-6,3,-96,-10,1,100,0,-73,NR N78,13,20968.0,2.5,2551,nan,0,3.07,0.0000
1743480142.186633,NR5G-SA,CONNECT,TDD,CFE63D100,-90,-3,5,21,-92,-6,2,-97,-10,1,100,0,-73,NR N78,12,31462.0,3.75,3828,nan,0,3.07,0.0000
1743480143.2999933,NR5G-SA,CONNECT,TDD,CFE63D100,-90,-3,4,21,-92,-6,3,-97,-10,1,100,0,-73,NR N78,12,31455.0,3.75,3827,nan,0,3.07,0.0000
1743480144.4033942,NR5G-SA,CONNECT,TDD,CFE63D100,-90,-3,4,21,-92,-6,4,-96,-10,2,100,0,-72,NR N78,10,31454.0,3.75,3827,nan,0,3.07,0.0000
1743480145.5044708,NR5G-SA,CONNECT,TDD,CFE63D100,-90,-3,4,21,-92,-6,3,-97,-10,1,100,0,-74,NR N78,10,31464.0,3.75,3828,nan,0,3.07,0.0000
1743480146.6412861,NR5G-SA,CONNECT,TDD,CFE63D100,-90,-3,4,21,-92,-6,3,-97,-10,1,100,0,-74,NR N78,10,31454.0,3.75,3827,nan,0,3.07,0.0000
1743480147.731411,NR5G-SA,CONNECT,TDD,CFE63D100,-90,-3,5,21,-92,-6,3,-97,-11,1,100,0,-74,NR N78,9,41951.0,5.0,5104,nan,0,3.07,0.0000
1743480148.8080642,NR5G-SA,CONNECT,TDD,CFE63D100,-91,-3,4,21,-92,-5,3,-97,-10,1,100,0,-73,NR N78,9,31456.0,3.75,3827,nan,0,3.07,0.0000
1743480149.9175527,NR5G-SA,CONNECT,TDD,CFE63D100,-92,-4,3,21,-93,-6,2,-97,-10,0,100,0,-73,NR N78,9,31458.0,3.75,3827,nan,0,3.07,0.0000
1743480150.9555893,NR5G-SA,CONNECT,TDD,CFE63D100,-92,-4,3,21,-93,-6,3,-97,-10,1,100,0,-73,NR N78,9,31454.0,3.75,3827,nan,0,3.07,0.0000
1743480152.060515,NR5G-SA,CONNECT,TDD,CFE63D100,-92,-4,3,21,-93,-6,3,-97,-10,1,100,0,-74,NR N78,9,31453.0,3.75,3827,nan,0,3.07,0.0000
1743480153.1059077,NR5G-SA,CONNECT,TDD,CFE63D100,-92,-4,2,21,-93,-6,3,-97,-10,1,100,0,-73,NR N78,9,31459.0,3.75,3828,nan,0,3.07,0.0000
1743480154.164733,NR5G-SA,CONNECT,TDD,CFE63D100,-92,-4,2,21,-92,-5,3,-97,-10,1,100,0,-74,NR N78,8,31453.0,3.75,3827,nan,0,3.07,0.0000
1743480155.2312117,NR5G-SA,CONNECT,TDD,CFE63D100,-92,-4,2,21,-93,-5,3,-97,-10,1,100,0,-74,NR N78,8,31462.0,3.75,3828,nan,0,3.07,0.0000
1743480156.331049,NR5G-SA,CONNECT,TDD,CFE63D100,-92,-4,3,21,-93,-6,3,-97,-10,1,100,0,-75,NR N78,9,31455.0,3.75,3827,nan,0,3.07,0.0000
1743480157.3822618,NR5G-SA,CONNECT,TDD,CFE63D100,-92,-4,3,21,-93,-6,3,-97,-10,1,100,0,-73,NR N78,9,31453.0,3.75,3827,nan,0,3.07,0.0000
1743480158.4616196,NR5G-SA,CONNECT,TDD,CFE63D100,-91,-3,4,21,-93,-6,3,-97,-10,1,100,0,-73,NR N78,10,41947.0,5.0,5104,nan,0,3.07,0.0000
1743480159.5578227,NR5G-SA,CONNECT,TDD,CFE63D100,-91,-4,3,21,-93,-6,3,-97,-10,1,100,0,-75,NR N78,10,31455.0,3.75,3827,nan,0,3.07,0.0000
1743480160.6089597,NR5G-SA,CONNECT,TDD,CFE63D100,-91,-4,3,21,-92,-6,2,-97,-10,1,100,0,-73,NR N78,10,31454.0,3.75,3827,nan,0,3.07,0.0000
1743480161.6711285,NR5G-SA,CONNECT,TDD,CFE63D100,-91,-3,4,21,-93,-6,2,-97,-10,0,100,0,-74,NR N78,9,31458.0,3.75,3827,nan,0,3.07,0.0000
1743480162.7621913,NR5G-SA,CONNECT,TDD,CFE63D100,-91,-3,3,21,-92,-5,3,-97,-10,1,100,0,-73,NR N78,9,20964.0,2.5,2551,nan,0,3.07,0.0000
1743480163.8328745,NR5G-SA,CONNECT,TDD,CFE63D100,-91,-3,3,21,-92,-5,2,-97,-10,1,100,0,-74,NR N78,10,10484.0,1.25,1276,nan,0,3.07,0.0000
1743480164.9265263,NR5G-SA,CONNECT,TDD,CFE63D100,-90,-3,4,21,-92,-5,2,-97,-10,1,100,0,-74,NR N78,10,31477.0,3.75,3830,nan,0,3.07,0.0000
1743480166.0216005,NR5G-SA,CONNECT,TDD,CFE63D100,-90,-3,4,21,-92,-5,2,-97,-10,1,100,0,-73,NR N78,10,20968.0,2.5,2551,nan,0,3.07,0.0000
1743480167.1012056,NR5G-SA,CONNECT,TDD,CFE63D100,-90,-3,4,21,-92,-5,2,-97,-10,0,100,0,-73,NR N78,10,41955.0,5.0,5105,nan,0,3.07,0.0000
1743480168.1599941,NR5G-SA,CONNECT,TDD,CFE63D100,-90,-3,4,21,-91,-5,2,-96,-10,1,100,0,-73,NR N78,9,20967.0,2.5,2551,nan,0,3.07,0.0000
1743480169.2680907,NR5G-SA,CONNECT,TDD,CFE63D100,-90,-3,3,21,-91,-5,3,-97,-11,1,100,0,-73,NR N78,9,31453.0,3.75,3827,nan,0,3.07,0.0000
1743480170.3723254,NR5G-SA,CONNECT,TDD,CFE63D100,-90,-3,3,21,-91,-5,3,-97,-11,1,100,0,-73,NR N78,9,41949.0,5.0,5104,nan,0,3.07,0.0000
1743480171.4105246,NR5G-SA,CONNECT,TDD,CFE63D100,-90,-3,3,21,-91,-5,3,-97,-11,1,100,0,-74,NR N78,9,31450.0,3.75,3826,nan,0,3.07,0.0000
1743480172.5143676,NR5G-SA,CONNECT,TDD,CFE63D100,-90,-3,4,21,-91,-5,2,-97,-11,0,100,0,-74,NR N78,9,31463.0,3.75,3828,nan,0,3.07,0.0000
1743480173.612167,NR5G-SA,CONNECT,TDD,CFE63D100,-90,-3,4,22,-91,-5,3,-97,-11,0,100,0,-73,NR N78,10,20966.0,2.5,2551,nan,0,3.07,0.0000
1743480174.6490133,NR5G-SA,CONNECT,TDD,CFE63D100,-90,-3,3,22,-91,-5,3,-97,-11,1,100,0,-73,NR N78,10,31465.0,3.75,3828,nan,0,3.07,0.0000
1743480175.7454536,NR5G-SA,CONNECT,TDD,CFE63D100,-90,-3,3,21,-91,-5,3,-97,-11,1,100,0,-73,NR N78,10,31455.0,3.75,3827,nan,0,3.07,0.0000
1743480176.856208,NR5G-SA,CONNECT,TDD,CFE63D100,-90,-3,4,21,-91,-5,3,-97,-11,1,100,0,-73,NR N78,10,31460.0,3.75,3828,nan,0,3.07,0.0000
1743480177.9031212,NR5G-SA,CONNECT,TDD,CFE63D100,-90,-3,4,21,-91,-5,3,-97,-11,0,100,0,-72,NR N78,10,31449.0,3.75,3826,nan,0,3.07,0.0000
1743480179.0062068,NR5G-SA,CONNECT,TDD,CFE63D100,-90,-3,3,21,-91,-5,3,-97,-11,0,100,0,-73,NR N78,10,41964.0,5.0,5106,nan,0,3.07,0.0000
1743480180.10749,NR5G-SA,CONNECT,TDD,CFE63D100,-90,-3,4,21,-91,-5,3,-97,-11,0,100,0,-73,NR N78,9,31470.0,3.75,3829,nan,0,3.07,0.0000
1743480181.2088652,NR5G-SA,CONNECT,TDD,CFE63D100,-90,-3,3,21,-91,-5,3,-97,-11,1,100,0,-72,NR N78,9,41950.0,5.0,5104,nan,0,3.07,0.0000
1743480182.306669,NR5G-SA,CONNECT,TDD,CFE63D100,-90,-3,3,21,-91,-5,3,-97,-11,1,100,0,-72,NR N78,9,31454.0,3.75,3827,nan,0,3.07,0.0000
1743480183.3538814,NR5G-SA,CONNECT,TDD,CFE63D100,-90,-3,3,21,-91,-5,3,-97,-10,1,100,0,-73,NR N78,9,31454.0,3.75,3827,nan,0,3.07,0.0000
1743480184.4648473,NR5G-SA,CONNECT,TDD,CFE63D100,-90,-3,3,21,-91,-5,3,-96,-11,1,100,0,-72,NR N78,10,41950.0,5.0,5104,nan,0,3.07,0.0000
1743480185.53311,NR5G-SA,CONNECT,TDD,CFE63D100,-90,-3,3,21,-91,-5,3,-96,-11,1,100,0,-72,NR N78,10,20966.0,2.5,2551,nan,0,3.07,0.0000
1743480186.6334925,NR5G-SA,CONNECT,TDD,CFE63D100,-90,-3,3,21,-91,-5,3,-96,-11,1,100,0,-72,NR N78,10,31461.0,3.75,3828,nan,0,3.07,0.0000
1743480187.7327065,NR5G-SA,CONNECT,TDD,CFE63D100,-90,-3,3,21,-91,-5,3,-96,-11,1,100,0,-73,NR N78,10,20969.0,2.5,2551,nan,0,3.07,0.0000
1743480188.8335915,NR5G-SA,CONNECT,TDD,CFE63D100,-90,-3,3,21,-91,-5,3,-96,-11,1,100,0,-73,NR N78,10,31467.0,3.75,3828,nan,0,3.07,0.0000
1743480189.9266284,NR5G-SA,CONNECT,TDD,CFE63D100,-91,-3,3,21,-91,-5,3,-96,-11,1,100,0,-74,NR N78,9,31458.0,3.75,3827,nan,0,3.07,0.0000
1743480191.0242531,NR5G-SA,CONNECT,TDD,CFE63D100,-91,-3,2,21,-91,-5,3,-97,-10,1,100,0,-73,NR N78,9,20964.0,2.5,2551,nan,0,3.07,0.0000
1743480192.0911436,NR5G-SA,CONNECT,TDD,CFE63D100,-90,-3,3,21,-91,-5,3,-96,-10,1,100,0,-73,NR N78,10,31466.0,3.75,3828,nan,0,3.07,0.0000
1743480193.1223981,NR5G-SA,CONNECT,TDD,CFE63D100,-90,-3,4,21,-91,-5,2,-97,-11,0,100,0,-74,NR N78,10,41942.0,5.0,5103,nan,0,3.07,0.0000
1743480194.1589756,NR5G-SA,CONNECT,TDD,CFE63D100,-89,-3,4,21,-91,-5,2,-97,-11,1,100,0,-74,NR N78,11,41947.0,5.0,5104,nan,0,3.07,0.0000
1743480195.2030897,NR5G-SA,CONNECT,TDD,CFE63D100,-90,-3,4,21,-91,-5,3,-97,-10,1,100,0,-74,NR N78,11,20966.0,2.5,2551,nan,0,3.07,0.0000
1743480196.2709627,NR5G-SA,CONNECT,TDD,CFE63D100,-91,-3,3,21,-92,-5,3,-97,-10,1,100,0,-72,NR N78,11,31463.0,3.75,3828,nan,0,3.07,0.0000
1743480197.3445256,NR5G-SA,CONNECT,TDD,CFE63D100,-91,-4,3,21,-92,-5,3,-97,-10,1,100,0,-73,NR N78,11,31455.0,3.75,3827,nan,0,3.07,0.0000
1743480198.3967135,NR5G-SA,CONNECT,TDD,CFE63D100,-91,-4,3,21,-92,-5,3,-97,-10,1,100,0,-73,NR N78,9,31465.0,3.75,3828,nan,0,3.07,0.0000
1743480199.4982038,NR5G-SA,CONNECT,TDD,CFE63D100,-91,-4,2,21,-92,-5,3,-97,-10,1,100,0,-74,NR N78,9,20967.0,2.5,2551,nan,0,3.07,0.0000
1743480200.5797558,NR5G-SA,CONNECT,TDD,CFE63D100,-91,-4,3,21,-92,-5,3,-97,-10,1,100,0,-73,NR N78,9,31461.0,3.75,3828,nan,0,3.07,0.0000
1743480201.6752062,NR5G-SA,CONNECT,TDD,CFE63D100,-91,-3,3,21,-91,-5,3,-97,-10,0,100,0,-74,NR N78,10,31456.0,3.75,3827,nan,0,3.07,0.0000
1743480202.716082,NR5G-SA,CONNECT,TDD,CFE63D100,-91,-3,3,21,-91,-5,3,-97,-10,0,100,0,-73,NR N78,10,31457.0,3.75,3827,nan,0,3.07,0.0000
1743480203.7891984,NR5G-SA,CONNECT,TDD,CFE63D100,-91,-3,3,21,-92,-5,3,-97,-10,1,100,0,-73,NR N78,9,31459.0,3.75,3828,nan,0,3.07,0.0000
1743480204.865945,NR5G-SA,CONNECT,TDD,CFE63D100,-91,-3,3,21,-92,-5,3,-97,-10,1,100,0,-73,NR N78,9,20967.0,2.5,2551,nan,0,3.07,0.0000
1743480205.9631326,NR5G-SA,CONNECT,TDD,CFE63D100,-91,-3,3,21,-78,-2,4,-91,-9,1,100,0,-74,NR N78,10,31464.0,3.75,3828,nan,0,3.07,0.0000
1743480207.0495923,NR5G-SA,CONNECT,TDD,CFE63D100,-91,-3,3,21,-79,-2,3,-90,-9,1,100,0,-73,NR N78,10,20968.0,2.5,2551,nan,0,3.07,0.0000
1743480208.1461692,NR5G-SA,CONNECT,TDD,CFE63D100,-90,-3,3,21,-79,-2,3,-90,-8,1,100,0,-74,NR N78,9,31471.0,3.75,3829,nan,0,3.07,0.0000
1743480209.2306588,NR5G-SA,CONNECT,TDD,CFE63D100,-91,-3,3,21,-79,0,12,-90,-9,2,100,0,-73,NR N78,9,31461.0,3.75,3828,nan,0,3.07,0.0000
1743480210.3402977,NR5G-SA,CONNECT,TDD,CFE63D100,-90,-4,3,21,-78,-1,8,-89,-7,2,100,0,-72,NR N78,9,31327.0,3.75,3811,nan,0,3.07,0.0000
1743480211.4206576,NR5G-SA,CONNECT,TDD,CFE63D100,-91,-4,3,21,-92,-5,3,-97,-10,1,100,0,-73,NR N78,9,21056.0,2.5,2562,nan,0,3.07,0.0000
1743480212.5353599,NR5G-SA,CONNECT,TDD,CFE63D100,-91,-4,4,21,-92,-5,3,-97,-10,1,100,0,-73,NR N78,9,31454.0,3.75,3827,nan,0,3.07,0.0000
1743480213.6331863,NR5G-SA,CONNECT,TDD,CFE63D100,-91,-3,4,21,-92,-6,3,-97,-10,1,100,0,-73,NR N78,10,20969.0,2.5,2551,nan,0,3.07,0.0000
1743480214.730608,NR5G-SA,CONNECT,TDD,CFE63D100,-91,-4,3,21,-92,-5,3,-97,-10,1,100,0,-73,NR N78,10,20971.0,2.5,2551,nan,0,3.07,0.0000
1743480215.8093963,NR5G-SA,CONNECT,TDD,CFE63D100,-91,-4,3,21,-92,-5,3,-97,-10,1,100,0,-72,NR N78,8,31464.0,3.75,3828,nan,0,3.07,0.0000
1743480216.8798807,NR5G-SA,CONNECT,TDD,CFE63D100,-91,-4,3,21,-92,-5,3,-97,-10,0,100,0,-73,NR N78,8,20971.0,2.5,2551,nan,0,3.07,0.0000
1743480217.9195569,NR5G-SA,CONNECT,TDD,CFE63D100,-91,-4,3,21,-92,-5,4,-97,-10,1,100,0,-73,NR N78,8,31457.0,3.75,3827,nan,0,3.07,0.0000
1743480218.9635193,NR5G-SA,CONNECT,TDD,CFE63D100,-91,-4,2,21,-92,-5,3,-97,-10,1,100,0,-74,NR N78,8,31459.0,3.75,3828,nan,0,3.07,0.0000
1743480220.047094,NR5G-SA,CONNECT,TDD,CFE63D100,-91,-3,3,22,-92,-5,3,-97,-10,1,100,0,-73,NR N78,10,31461.0,3.75,3828,nan,0,3.07,0.0000
1743480221.1297162,NR5G-SA,CONNECT,TDD,CFE63D100,-90,-3,4,22,-92,-5,3,-97,-10,1,100,0,-73,NR N78,10,31465.0,3.75,3828,nan,0,3.07,0.0000
1743480222.2109945,NR5G-SA,CONNECT,TDD,CFE63D100,-90,-3,3,21,-92,-5,3,-97,-10,1,100,0,-73,NR N78,10,31462.0,3.75,3828,nan,0,3.07,0.0000
1743480223.3024292,NR5G-SA,CONNECT,TDD,CFE63D100,-90,-3,4,21,-91,-5,3,-97,-10,1,100,0,-74,NR N78,10,20968.0,2.5,2551,nan,0,3.07,0.0000
1743480224.3844626,NR5G-SA,CONNECT,TDD,CFE63D100,-90,-3,4,21,-92,-5,2,-97,-10,0,100,0,-72,NR N78,9,31456.0,3.75,3827,nan,0,3.07,0.0000
1743480225.453364,NR5G-SA,CONNECT,TDD,CFE63D100,-90,-3,4,21,-91,-5,3,-97,-10,1,100,0,-72,NR N78,9,31460.0,3.75,3828,nan,0,3.07,0.0000
1743480226.5430677,NR5G-SA,CONNECT,TDD,CFE63D100,-90,-4,4,21,-91,-5,3,-97,-11,0,100,0,-72,NR N78,8,31460.0,3.75,3828,nan,0,3.07,0.0000
1743480227.5760112,NR5G-SA,CONNECT,TDD,CFE63D100,-90,-4,4,21,-91,-5,3,-97,-11,1,100,0,-73,NR N78,9,31461.0,3.75,3828,nan,0,3.07,0.0000
1743480228.6733143,NR5G-SA,CONNECT,TDD,CFE63D100,-90,-3,4,21,-92,-5,3,-97,-11,1,100,0,-74,NR N78,9,31456.0,3.75,3827,nan,0,3.07,0.0000
1743480229.7527332,NR5G-SA,CONNECT,TDD,CFE63D100,-90,-3,4,21,-92,-5,3,-97,-11,0,100,0,-73,NR N78,9,31456.0,3.75,3827,nan,0,3.07,0.0000
1743480230.8612647,NR5G-SA,CONNECT,TDD,CFE63D100,-90,-3,4,21,-92,-6,3,-97,-11,0,100,0,-72,NR N78,9,20966.0,2.5,2551,nan,0,3.07,0.0000
1743480231.9189124,NR5G-SA,CONNECT,TDD,CFE63D100,-90,-3,4,22,-92,-6,3,-97,-11,0,100,0,-72,NR N78,8,31456.0,3.75,3827,nan,0,3.07,0.0000
1743480233.0151772,NR5G-SA,CONNECT,TDD,CFE63D100,-90,-4,4,22,-91,-6,3,-97,-11,0,100,0,-73,NR N78,8,41942.0,5.0,5103,nan,0,3.07,0.0000
1743480234.115462,NR5G-SA,CONNECT,TDD,CFE63D100,-91,-4,4,21,-92,-6,3,-97,-11,0,100,0,-74,NR N78,9,31460.0,3.75,3828,nan,0,3.07,0.0000
1743480235.2190192,NR5G-SA,CONNECT,TDD,CFE63D100,-91,-5,3,21,-92,-6,3,-97,-11,1,100,0,-75,NR N78,9,31459.0,3.75,3828,nan,0,3.07,0.0000
1743480236.3169415,NR5G-SA,CONNECT,TDD,CFE63D100,-91,-5,3,21,-92,-6,3,-97,-11,1,100,0,-72,NR N78,8,20968.0,2.5,2551,nan,0,3.07,0.0000
1743480237.403531,NR5G-SA,CONNECT,TDD,CFE63D100,-91,-5,3,21,-92,-6,3,-97,-11,0,100,0,-72,NR N78,8,31464.0,3.75,3828,nan,0,3.07,0.0000
1743480238.489897,NR5G-SA,CONNECT,TDD,CFE63D100,-91,-5,3,21,-92,-6,3,-97,-11,0,100,0,-73,NR N78,9,20971.0,2.5,2551,nan,0,3.07,0.0000
1743480239.5929346,NR5G-SA,CONNECT,TDD,CFE63D100,-91,-4,3,22,-92,-6,3,-97,-11,1,100,0,-73,NR N78,9,31457.0,3.75,3827,nan,0,3.07,0.0000
1743480240.645635,NR5G-SA,CONNECT,TDD,CFE63D100,-91,-4,3,22,-92,-6,3,-97,-11,1,100,0,-73,NR N78,9,31460.0,3.75,3828,nan,0,3.07,0.0000
1743480241.6890035,NR5G-SA,CONNECT,TDD,CFE63D100,-91,-4,4,21,-92,-7,3,-97,-11,1,100,0,-73,NR N78,8,31455.0,3.75,3827,nan,0,3.07,0.0000
1743480242.7461765,NR5G-SA,CONNECT,TDD,CFE63D100,-91,-4,3,21,-92,-6,3,-97,-11,0,100,0,-73,NR N78,8,31463.0,3.75,3828,nan,0,3.07,0.0000
1743480243.841898,NR5G-SA,CONNECT,TDD,CFE63D100,-91,-4,4,21,-92,-6,3,-97,-11,0,100,0,-75,NR N78,8,20966.0,2.5,2551,nan,0,3.07,0.0000
1743480244.9423134,NR5G-SA,CONNECT,TDD,CFE63D100,-91,-4,4,21,-92,-6,3,-97,-11,1,100,0,-74,NR N78,8,31458.0,3.75,3827,nan,0,3.07,0.0000
1743480246.0495474,NR5G-SA,CONNECT,TDD,CFE63D100,-91,-4,3,21,-92,-6,3,-97,-11,0,100,0,-73,NR N78,9,31462.0,3.75,3828,nan,0,3.07,0.0000
1743480247.149413,NR5G-SA,CONNECT,TDD,CFE63D100,-90,-4,3,21,-91,-6,3,-96,-11,1,100,0,-72,NR N78,9,20968.0,2.5,2551,nan,0,3.07,0.0000
1743480248.2373033,NR5G-SA,CONNECT,TDD,CFE63D100,-90,-4,3,21,-91,-6,3,-96,-11,0,100,0,-72,NR N78,10,31465.0,3.75,3828,nan,0,3.07,0.0000
1743480249.3351727,NR5G-SA,CONNECT,TDD,CFE63D100,-90,-5,3,21,-91,-6,3,-96,-11,0,100,0,-72,NR N78,10,20967.0,2.5,2551,nan,0,3.07,0.0000
1743480250.3779633,NR5G-SA,CONNECT,TDD,CFE63D100,-90,-4,3,21,-91,-6,2,-96,-11,0,100,0,-72,NR N78,10,20968.0,2.5,2551,nan,0,3.07,0.0000
1743480251.5139222,NR5G-SA,CONNECT,TDD,CFE63D100,-90,-4,3,21,-91,-6,3,-96,-11,1,100,0,-73,NR N78,10,31463.0,3.75,3828,nan,0,3.07,0.0000
1743480252.5599997,NR5G-SA,CONNECT,TDD,CFE63D100,-91,-4,3,21,-91,-5,3,-97,-10,1,100,0,-74,NR N78,10,20971.0,2.5,2551,nan,0,3.07,0.0000
1743480253.6620402,NR5G-SA,CONNECT,TDD,CFE63D100,-91,-4,3,21,-92,-5,3,-97,-10,1,100,0,-72,NR N78,9,20970.0,2.5,2551,nan,0,3.07,0.0000
1743480254.761966,NR5G-SA,CONNECT,TDD,CFE63D100,-91,-4,3,21,-91,-5,3,-97,-10,1,100,0,-74,NR N78,9,31458.0,3.75,3827,nan,0,3.07,0.0000
1743480255.8592515,NR5G-SA,CONNECT,TDD,CFE63D100,-91,-4,3,21,-91,-5,3,-97,-10,1,100,0,-74,NR N78,8,31461.0,3.75,3828,nan,0,3.07,0.0000
1743480256.962801,NR5G-SA,CONNECT,TDD,CFE63D100,-91,-4,3,21,-92,-5,3,-97,-10,1,100,0,-74,NR N78,8,20967.0,2.5,2551,nan,0,3.07,0.0000
1743480258.0041976,NR5G-SA,CONNECT,TDD,CFE63D100,-91,-4,3,21,-92,-5,3,-97,-10,1,100,0,-75,NR N78,9,31466.0,3.75,3828,nan,0,3.07,0.0000
1743480259.1075575,NR5G-SA,CONNECT,TDD,CFE63D100,-92,-4,3,21,-92,-5,3,-97,-10,1,100,0,-74,NR N78,9,31469.0,3.75,3829,nan,0,3.07,0.0000
1743480260.2043505,NR5G-SA,CONNECT,TDD,CFE63D100,-91,-4,3,21,-92,-5,3,-97,-10,1,100,0,-75,NR N78,9,31456.0,3.75,3827,nan,0,3.07,0.0000
1743480261.2733448,NR5G-SA,CONNECT,TDD,CFE63D100,-91,-3,3,21,-92,-5,3,-98,-11,1,100,0,-75,NR N78,9,31456.0,3.75,3827,nan,0,3.07,0.0000
1743480262.3715243,NR5G-SA,CONNECT,TDD,CFE63D100,-91,-4,3,21,-92,-5,2,-98,-11,0,100,0,-75,NR N78,8,31461.0,3.75,3828,nan,0,3.07,0.0000
1743480263.4749022,NR5G-SA,CONNECT,TDD,CFE63D100,-92,-4,2,21,-93,-5,2,-98,-10,0,100,0,-75,NR N78,8,31461.0,3.75,3828,nan,0,3.07,0.0000
1743480264.5661814,NR5G-SA,CONNECT,TDD,CFE63D100,-92,-4,2,21,-93,-5,2,-98,-11,0,100,0,-74,NR N78,8,20968.0,2.5,2551,nan,0,3.07,0.0000
1743480265.6625683,NR5G-SA,CONNECT,TDD,CFE63D100,-92,-4,3,21,-93,-5,2,-98,-11,0,100,0,-75,NR N78,8,20972.0,2.5,2552,nan,0,3.07,0.0000
1743480266.7658606,NR5G-SA,CONNECT,TDD,CFE63D100,-92,-4,2,21,-93,-5,2,-98,-11,0,100,0,-75,NR N78,8,20969.0,2.5,2551,nan,0,3.07,0.0000
1743480267.8442574,NR5G-SA,CONNECT,TDD,CFE63D100,-92,-4,3,21,-92,-5,2,-98,-11,0,100,0,-74,NR N78,8,31468.0,3.75,3829,nan,0,3.07,0.0000
1743480268.917582,NR5G-SA,CONNECT,TDD,CFE63D100,-92,-4,3,21,-92,-5,2,-98,-11,0,100,0,-74,NR N78,8,20967.0,2.5,2551,nan,0,3.07,0.0000
1743480270.0296657,NR5G-SA,CONNECT,TDD,CFE63D100,-91,-3,3,21,-92,-5,2,-98,-11,0,100,0,-75,NR N78,8,31465.0,3.75,3828,nan,0,3.07,0.0000
1743480271.1366189,NR5G-SA,CONNECT,TDD,CFE63D100,-91,-3,4,21,-93,-5,2,-99,-11,0,100,0,-75,NR N78,8,20969.0,2.5,2551,nan,0,3.07,0.0000
1743480272.247698,NR5G-SA,CONNECT,TDD,CFE63D100,-92,-3,4,21,-93,-6,2,-98,-11,0,100,0,-75,NR N78,8,31463.0,3.75,3828,nan,0,3.07,0.0000
1743480273.3514555,NR5G-SA,CONNECT,TDD,CFE63D100,-92,-3,4,21,-93,-6,2,-99,-11,0,100,0,-75,NR N78,8,31455.0,3.75,3827,nan,0,3.07,0.0000
1743480274.4607606,NR5G-SA,CONNECT,TDD,CFE63D100,-92,-4,4,21,-93,-6,2,-98,-11,0,100,0,-75,NR N78,8,20971.0,2.5,2551,nan,0,3.07,0.0000
1743480275.5607412,NR5G-SA,CONNECT,TDD,CFE63D100,-92,-3,4,21,-93,-6,2,-98,-11,0,100,0,-75,NR N78,8,31464.0,3.75,3828,nan,0,3.07,0.0000
1743480276.61989,NR5G-SA,CONNECT,TDD,CFE63D100,-92,-3,4,21,-94,-6,1,-98,-11,0,100,0,-75,NR N78,8,20968.0,2.5,2551,nan,0,3.07,0.0000
1743480277.7176542,NR5G-SA,CONNECT,TDD,CFE63D100,-92,-3,4,21,-94,-6,2,-99,-11,0,100,0,-75,NR N78,7,20973.0,2.5,2552,nan,0,3.07,0.0000
1743480278.7590454,NR5G-SA,CONNECT,TDD,CFE63D100,-92,-3,4,21,-94,-6,2,-99,-11,0,100,0,-75,NR N78,7,20962.0,2.5,2550,nan,0,3.07,0.0000
1743480279.8223007,NR5G-SA,CONNECT,TDD,CFE63D100,-92,-3,4,21,-94,-6,2,-99,-11,0,100,0,-75,NR N78,7,31469.0,3.75,3829,nan,0,3.07,0.0000
1743480280.9151435,NR5G-SA,CONNECT,TDD,CFE63D100,-92,-3,4,21,-94,-6,2,-99,-11,0,100,0,-75,NR N78,7,31463.0,3.75,3828,nan,0,3.07,0.0000
1743480281.9532866,NR5G-SA,CONNECT,TDD,CFE63D100,-92,-3,4,21,-94,-6,2,-99,-11,0,100,0,-75,NR N78,8,20967.0,2.5,2551,nan,0,3.07,0.0000
1743480282.9907367,NR5G-SA,CONNECT,TDD,CFE63D100,-92,-3,4,21,-93,-6,2,-99,-11,0,100,0,-75,NR N78,8,31461.0,3.75,3828,nan,0,3.07,0.0000
1743480284.0685005,NR5G-SA,CONNECT,TDD,CFE63D100,-92,-3,4,21,-93,-6,2,-98,-11,0,100,0,-74,NR N78,8,31462.0,3.75,3828,nan,0,3.07,0.0000
1743480285.133171,NR5G-SA,CONNECT,TDD,CFE63D100,-91,-3,4,21,-93,-6,3,-98,-11,1,100,0,-75,NR N78,8,20971.0,2.5,2551,nan,0,3.07,0.0000
1743480286.2178717,NR5G-SA,CONNECT,TDD,CFE63D100,-91,-3,4,21,-93,-6,3,-98,-11,0,100,0,-75,NR N78,8,20970.0,2.5,2551,nan,0,3.07,0.0000
1743480287.2681313,NR5G-SA,CONNECT,TDD,CFE63D100,-91,-3,5,21,-93,-6,3,-98,-11,0,100,0,-75,NR N78,8,20972.0,2.5,2552,nan,0,3.07,0.0000
1743480288.3738694,NR5G-SA,CONNECT,TDD,CFE63D100,-91,-3,5,21,-94,-6,3,-99,-11,0,100,0,-75,NR N78,8,20976.0,2.5,2552,nan,0,3.07,0.0000
1743480289.489248,NR5G-SA,CONNECT,TDD,CFE63D100,-91,-3,5,21,-93,-6,3,-99,-11,1,100,0,-75,NR N78,8,20971.0,2.5,2551,nan,0,3.07,0.0000
1743480290.6011302,NR5G-SA,CONNECT,TDD,CFE63D100,-91,-3,5,21,-93,-6,3,-99,-11,1,100,0,-75,NR N78,8,31461.0,3.75,3828,nan,0,3.07,0.0000
1743480291.686476,NR5G-SA,CONNECT,TDD,CFE63D100,-91,-2,5,22,-93,-6,3,-99,-11,1,100,0,-74,NR N78,8,20965.0,2.5,2551,nan,0,3.07,0.0000
1743480292.7492144,NR5G-SA,CONNECT,TDD,CFE63D100,-91,-3,5,22,-93,-5,3,-98,-11,1,100,0,-75,NR N78,8,31468.0,3.75,3829,nan,0,3.07,0.0000
1743480293.8501658,NR5G-SA,CONNECT,TDD,CFE63D100,-91,-3,5,21,-93,-6,3,-98,-11,0,100,0,-73,NR N78,8,20967.0,2.5,2551,nan,0,3.07,0.0000
1743480294.964291,NR5G-SA,CONNECT,TDD,CFE63D100,-91,-3,5,21,-93,-6,3,-98,-11,0,100,0,-74,NR N78,8,20967.0,2.5,2551,nan,0,3.07,0.0000
1743480296.040981,NR5G-SA,CONNECT,TDD,CFE63D100,-91,-3,4,21,-93,-6,3,-98,-11,0,100,0,-75,NR N78,8,31471.0,3.75,3829,nan,0,3.07,0.0000
1743480297.1102488,NR5G-SA,CONNECT,TDD,CFE63D100,-91,-3,5,21,-93,-6,3,-99,-11,0,100,0,-75,NR N78,8,10483.0,1.25,1275,nan,0,3.07,0.0000
1743480298.1973202,NR5G-SA,CONNECT,TDD,CFE63D100,-91,-3,5,21,-93,-6,3,-99,-11,0,100,0,-75,NR N78,13,20975.0,2.5,2552,nan,0,3.07,0.0000
1743480299.2956836,NR5G-SA,CONNECT,TDD,CFE63D100,-91,-3,5,21,-93,-6,3,-98,-11,0,100,0,-75,NR N78,13,10481.0,1.25,1275,nan,0,3.07,0.0000
1743480300.4073076,NR5G-SA,CONNECT,TDD,CFE63D100,-91,-3,5,21,-93,-6,3,-98,-11,1,100,0,-75,NR N78,13,20979.0,2.5,2552,nan,0,3.07,0.0000
1743480301.511175,NR5G-SA,CONNECT,TDD,CFE63D100,-91,-3,5,21,-94,-6,3,-99,-11,1,100,0,-75,NR N78,14,20956.0,2.5,2550,nan,0,3.07,0.0000
1743480302.6088514,NR5G-SA,CONNECT,TDD,CFE63D100,-91,-3,5,21,-93,-6,3,-99,-11,1,100,0,-75,NR N78,14,10492.0,1.25,1277,nan,0,3.07,0.0000
1743480303.714203,NR5G-SA,CONNECT,TDD,CFE63D100,-91,-2,5,21,-93,-6,3,-98,-11,1,100,0,-75,NR N78,14,20975.0,2.5,2552,nan,0,3.07,0.0000
1743480304.8151004,NR5G-SA,CONNECT,TDD,CFE63D100,-91,-3,4,21,-93,-6,2,-98,-10,0,100,0,-75,NR N78,14,20972.0,2.5,2552,nan,0,3.07,0.0000
1743480305.9152908,NR5G-SA,CONNECT,TDD,CFE63D100,-92,-3,3,21,-93,-6,3,-98,-10,1,100,0,-75,NR N78,13,10481.0,1.25,1275,nan,0,3.07,0.0000
1743480307.0082264,NR5G-SA,CONNECT,TDD,CFE63D100,-91,-3,3,21,-93,-6,3,-98,-10,1,100,0,-75,NR N78,13,20978.0,2.5,2552,nan,0,3.07,0.0000
1743480308.096652,NR5G-SA,CONNECT,TDD,CFE63D100,-91,-3,4,21,-93,-6,2,-98,-11,0,100,0,-74,NR N78,13,20976.0,2.5,2552,nan,0,3.07,0.0000
1743480309.1693501,NR5G-SA,CONNECT,TDD,CFE63D100,-91,-3,4,21,-93,-6,2,-98,-11,0,100,0,-73,NR N78,13,20972.0,2.5,2552,nan,0,3.07,0.0000
1743480310.2640145,NR5G-SA,CONNECT,TDD,CFE63D100,-91,-3,4,21,-93,-6,2,-98,-11,0,100,0,-74,NR N78,14,10481.0,1.25,1275,nan,0,3.07,0.0000
1743480311.3625734,NR5G-SA,CONNECT,TDD,CFE63D100,-91,-3,4,21,-93,-6,2,-98,-11,0,100,0,-74,NR N78,14,20983.0,2.5,2553,nan,0,3.07,0.0000
1743480312.468304,NR5G-SA,CONNECT,TDD,CFE63D100,-91,-3,4,22,-93,-6,2,-98,-11,0,100,0,-73,NR N78,14,10480.0,1.25,1275,nan,0,3.07,0.0000
1743480313.5514433,NR5G-SA,CONNECT,TDD,CFE63D100,-91,-3,4,22,-93,-6,2,-98,-11,1,100,0,-73,NR N78,14,20982.0,2.5,2553,nan,0,3.07,0.0000
1743480314.6636505,NR5G-SA,CONNECT,TDD,CFE63D100,-91,-3,4,21,-93,-6,2,-98,-11,1,100,0,-73,NR N78,14,10485.0,1.25,1276,nan,0,3.07,0.0000
1743480315.768767,NR5G-SA,CONNECT,TDD,CFE63D100,-91,-3,4,21,-93,-6,2,-98,-11,1,100,0,-74,NR N78,14,20976.0,2.5,2552,nan,0,3.07,0.0000
1743480316.8799717,NR5G-SA,CONNECT,TDD,CFE63D100,-91,-3,4,21,-93,-6,2,-98,-11,1,100,0,-75,NR N78,14,10482.0,1.25,1275,nan,0,3.07,0.0000
1743480317.9763346,NR5G-SA,CONNECT,TDD,CFE63D100,-91,-3,4,22,-93,-6,2,-98,-11,1,100,0,-75,NR N78,13,10485.0,1.25,1276,nan,0,3.07,0.0000
1743480319.085938,NR5G-SA,CONNECT,TDD,CFE63D100,-91,-3,4,22,-93,-6,2,-98,-11,0,100,0,-74,NR N78,13,20983.0,2.5,2553,nan,0,3.07,0.0000
1743480320.2014928,NR5G-SA,CONNECT,TDD,CFE63D100,-91,-3,4,22,-93,-6,2,-98,-11,0,100,0,-74,NR N78,13,20975.0,2.5,2552,nan,0,3.07,0.0000
1743480321.309349,NR5G-SA,CONNECT,TDD,CFE63D100,-91,-3,4,22,-93,-6,2,-98,-11,0,100,0,-74,NR N78,13,10481.0,1.25,1275,nan,0,3.07,0.0000
1743480322.4148042,NR5G-SA,CONNECT,TDD,CFE63D100,-91,-3,4,21,-93,-6,2,-98,-11,0,100,0,-74,NR N78,13,20975.0,2.5,2552,nan,0,3.07,0.0000
1743480323.4726098,NR5G-SA,CONNECT,TDD,CFE63D100,-91,-3,4,21,-93,-6,2,-98,-11,1,100,0,-73,NR N78,13,20975.0,2.5,2552,nan,0,3.07,0.0000
1743480324.5950398,NR5G-SA,CONNECT,TDD,CFE63D100,-91,-3,4,22,-93,-6,2,-98,-11,1,100,0,-74,NR N78,13,10483.0,1.25,1275,nan,0,3.07,0.0000
1743480325.7137773,NR5G-SA,CONNECT,TDD,CFE63D100,-91,-3,4,21,-93,-6,2,-98,-11,0,100,0,-74,NR N78,13,20972.0,2.5,2552,nan,0,3.07,0.0000
1743480326.783812,NR5G-SA,CONNECT,TDD,CFE63D100,-91,-4,4,21,-93,-6,2,-98,-11,0,100,0,-73,NR N78,13,20972.0,2.5,2552,nan,0,3.07,0.0000
1743480327.8229322,NR5G-SA,CONNECT,TDD,CFE63D100,-91,-4,3,21,-93,-6,2,-98,-11,0,100,0,-74,NR N78,14,20974.0,2.5,2552,nan,0,3.07,0.0000
1743480328.926405,NR5G-SA,CONNECT,TDD,CFE63D100,-91,-4,4,21,-93,-6,2,-98,-11,0,100,0,-75,NR N78,14,20970.0,2.5,2551,nan,0,3.07,0.0000
1743480330.0330157,NR5G-SA,CONNECT,TDD,CFE63D100,-91,-3,4,21,-92,-6,2,-97,-11,0,100,0,-74,NR N78,14,31469.0,3.75,3829,nan,0,3.07,0.0000
1743480331.128344,NR5G-SA,CONNECT,TDD,CFE63D100,-91,-3,4,21,-92,-6,3,-97,-11,1,100,0,-74,NR N78,14,20971.0,2.5,2551,nan,0,3.07,0.0000
1743480332.2304635,NR5G-SA,CONNECT,TDD,CFE63D100,-91,-3,5,22,-93,-6,3,-98,-11,1,100,0,-74,NR N78,12,20979.0,2.5,2552,nan,0,3.07,0.0000
1743480333.3339152,NR5G-SA,CONNECT,TDD,CFE63D100,-91,-3,5,22,-93,-6,2,-98,-11,0,100,0,-74,NR N78,12,20969.0,2.5,2551,nan,0,3.07,0.0000
1743480334.4420283,NR5G-SA,CONNECT,TDD,CFE63D100,-91,-3,4,22,-93,-6,3,-98,-11,1,100,0,-74,NR N78,12,20975.0,2.5,2552,nan,0,3.07,0.0000
1743480335.5443225,NR5G-SA,CONNECT,TDD,CFE63D100,-90,-3,5,22,-92,-6,2,-98,-11,0,100,0,-74,NR N78,13,20976.0,2.5,2552,nan,0,3.07,0.0000
1743480336.617963,NR5G-SA,CONNECT,TDD,CFE63D100,-90,-3,5,21,-92,-6,3,-97,-11,1,100,0,-74,NR N78,13,20970.0,2.5,2551,nan,0,3.07,0.0000
1743480337.7200532,NR5G-SA,CONNECT,TDD,CFE63D100,-91,-3,4,21,-93,-6,2,-98,-11,0,100,0,-74,NR N78,7,31457.0,3.75,3827,nan,0,3.07,0.0000
1743480338.811524,NR5G-SA,CONNECT,TDD,CFE63D100,-91,-3,4,21,-93,-6,2,-98,-11,0,100,0,-74,NR N78,7,31454.0,3.75,3827,nan,0,3.07,0.0000
1743480339.9088552,NR5G-SA,CONNECT,TDD,CFE63D100,-91,-3,4,21,-92,-5,2,-97,-10,0,100,0,-74,NR N78,9,20966.0,2.5,2551,nan,0,3.07,0.0000
1743480340.9631088,NR5G-SA,CONNECT,TDD,CFE63D100,-90,-3,4,21,-92,-5,2,-97,-10,0,100,0,-74,NR N78,9,20977.0,2.5,2552,nan,0,3.07,0.0000
1743480342.0298083,NR5G-SA,CONNECT,TDD,CFE63D100,-90,-3,5,22,-92,-6,2,-98,-11,0,100,0,-73,NR N78,13,20969.0,2.5,2551,nan,0,3.07,0.0000
1743480343.124995,NR5G-SA,CONNECT,TDD,CFE63D100,-90,-2,5,22,-92,-6,2,-98,-11,0,100,0,-74,NR N78,13,20976.0,2.5,2552,nan,0,3.07,0.0000
1743480344.189468,NR5G-SA,CONNECT,TDD,CFE63D100,-90,-2,5,22,-93,-6,2,-98,-11,0,100,0,-74,NR N78,14,10483.0,1.25,1275,nan,0,3.07,0.0000
1743480345.2825966,NR5G-SA,CONNECT,TDD,CFE63D100,-90,-3,5,22,-93,-6,2,-98,-11,0,100,0,-75,NR N78,14,10481.0,1.25,1275,nan,0,3.07,0.0000
1743480346.379889,NR5G-SA,CONNECT,TDD,CFE63D100,-91,-3,4,22,-93,-5,2,-98,-10,0,100,0,-74,NR N78,13,20979.0,2.5,2552,nan,0,3.07,0.0000
1743480347.492001,NR5G-SA,CONNECT,TDD,CFE63D100,-91,-3,4,22,-92,-5,2,-98,-11,0,100,0,-74,NR N78,13,20972.0,2.5,2552,nan,0,3.07,0.0000
1743480348.5300503,NR5G-SA,CONNECT,TDD,CFE63D100,-90,-3,4,21,-92,-5,2,-98,-11,0,100,0,-74,NR N78,13,20976.0,2.5,2552,nan,0,3.07,0.0000
1743480349.630626,NR5G-SA,CONNECT,TDD,CFE63D100,-90,-3,4,21,-92,-5,2,-98,-11,0,100,0,-74,NR N78,13,10481.0,1.25,1275,nan,0,3.07,0.0000
1743480350.7217546,NR5G-SA,CONNECT,TDD,CFE63D100,-90,-3,4,21,-92,-5,2,-97,-11,0,100,0,-74,NR N78,13,10486.0,1.25,1276,nan,0,3.07,0.0000
1743480351.8169546,NR5G-SA,CONNECT,TDD,CFE63D100,-90,-3,4,21,-92,-5,2,-97,-10,0,100,0,-74,NR N78,12,0.0,0.0,0,nan,0,3.07,0.0000
1743480352.8586752,NR5G-SA,CONNECT,TDD,CFE63D100,-90,-3,4,21,-92,-5,2,-97,-11,1,100,0,-73,NR N78,12,10487.0,1.25,1276,nan,0,3.07,0.0000
1743480353.9752965,NR5G-SA,CONNECT,TDD,CFE63D100,-90,-3,4,21,-92,-6,2,-97,-11,1,100,0,-74,NR N78,11,10491.0,1.25,1276,nan,0,3.07,0.0000
1743480355.0815585,NR5G-SA,CONNECT,TDD,CFE63D100,-90,-3,4,21,-92,-6,2,-97,-11,1,100,0,-74,NR N78,11,10488.0,1.25,1276,nan,0,3.07,0.0000
1743480356.1845975,NR5G-SA,CONNECT,TDD,CFE63D100,-90,-3,4,20,-92,-6,2,-97,-11,1,100,0,-73,NR N78,12,10482.0,1.25,1275,nan,0,3.07,0.0000
1743480357.3015,NR5G-SA,CONNECT,TDD,CFE63D100,-91,-3,3,20,-92,-5,2,-97,-10,1,100,0,-75,NR N78,12,20977.0,2.5,2552,nan,0,3.07,0.0000
1743480358.3972297,NR5G-SA,CONNECT,TDD,CFE63D100,-91,-3,3,21,-92,-5,2,-97,-10,0,100,0,-74,NR N78,11,10482.0,1.25,1275,nan,0,3.07,0.0000
1743480359.5010526,NR5G-SA,CONNECT,TDD,CFE63D100,-92,-4,3,21,-93,-6,3,-98,-10,1,100,0,-75,NR N78,11,20979.0,2.5,2552,nan,0,3.07,0.0000
1743480360.5933938,NR5G-SA,CONNECT,TDD,CFE63D100,-92,-4,3,21,-93,-6,3,-97,-10,1,100,0,-74,NR N78,11,20975.0,2.5,2552,nan,0,3.07,0.0000
1743480361.6766448,NR5G-SA,CONNECT,TDD,CFE63D100,-92,-4,3,21,-93,-6,3,-97,-10,1,100,0,-75,NR N78,13,0.0,0.0,0,nan,0,3.07,0.0000
1743480362.785928,NR5G-SA,CONNECT,TDD,CFE63D100,-92,-4,3,21,-93,-6,3,-97,-10,1,100,0,-73,NR N78,13,20993.0,2.5,2554,nan,0,3.07,0.0000
1743480363.8239765,NR5G-SA,CONNECT,TDD,CFE63D100,-92,-4,3,21,-93,-5,3,-97,-10,1,100,0,-75,NR N78,11,10482.0,1.25,1275,nan,0,3.07,0.0000
1743480364.9221826,NR5G-SA,CONNECT,TDD,CFE63D100,-92,-4,3,21,-93,-5,3,-97,-9,1,100,0,-73,NR N78,11,20976.0,2.5,2552,nan,0,3.07,0.0000
1743480365.968313,NR5G-SA,CONNECT,TDD,CFE63D100,-92,-4,3,22,-93,-5,3,-97,-9,1,100,0,-75,NR N78,11,20970.0,2.5,2551,nan,0,3.07,0.0000
1743480367.007091,NR5G-SA,CONNECT,TDD,CFE63D100,-92,-4,3,22,-93,-6,3,-97,-10,1,100,0,-74,NR N78,11,20971.0,2.5,2551,nan,0,3.07,0.0000
1743480368.1045973,NR5G-SA,CONNECT,TDD,CFE63D100,-92,-4,3,21,-93,-6,3,-97,-10,1,100,0,-75,NR N78,12,20970.0,2.5,2551,nan,0,3.07,0.0000
1743480369.1481867,NR5G-SA,CONNECT,TDD,CFE63D100,-92,-4,3,21,-93,-6,4,-97,-10,1,100,0,-73,NR N78,12,31464.0,3.75,3828,nan,0,3.07,0.0000
1743480370.2492678,NR5G-SA,CONNECT,TDD,CFE63D100,-92,-4,4,21,-93,-6,4,-97,-10,2,100,0,-75,NR N78,12,20966.0,2.5,2551,nan,0,3.07,0.0000
1743480371.317297,NR5G-SA,CONNECT,TDD,CFE63D100,-92,-3,4,21,-93,-6,4,-97,-10,1,100,0,-74,NR N78,12,20967.0,2.5,2551,nan,0,3.07,0.0000
1743480372.409539,NR5G-SA,CONNECT,TDD,CFE63D100,-92,-3,4,22,-93,-6,4,-97,-10,1,100,0,-75,NR N78,12,20977.0,2.5,2552,nan,0,3.07,0.0000
1743480373.470978,NR5G-SA,CONNECT,TDD,CFE63D100,-92,-3,4,22,-93,-6,3,-97,-10,1,100,0,-74,NR N78,12,20968.0,2.5,2551,nan,0,3.07,0.0000
1743480374.5010576,NR5G-SA,CONNECT,TDD,CFE63D100,-92,-4,4,22,-93,-6,3,-97,-10,1,100,0,-74,NR N78,12,20977.0,2.5,2552,nan,0,3.07,0.0000
1743480375.5701168,NR5G-SA,CONNECT,TDD,CFE63D100,-92,-4,4,22,-93,-6,3,-97,-10,1,100,0,-74,NR N78,13,20974.0,2.5,2552,nan,0,3.07,0.0000
1743480376.6850142,NR5G-SA,CONNECT,TDD,CFE63D100,-92,-4,3,22,-93,-6,4,-97,-10,1,100,0,-75,NR N78,13,20966.0,2.5,2551,nan,0,3.07,0.0000
1743480377.7887042,NR5G-SA,CONNECT,TDD,CFE63D100,-92,-4,3,21,-93,-6,3,-97,-10,1,100,0,-73,NR N78,13,20974.0,2.5,2552,nan,0,3.07,0.0000
1743480378.8988712,NR5G-SA,CONNECT,TDD,CFE63D100,-92,-4,4,21,-93,-6,3,-97,-10,1,100,0,-75,NR N78,13,20972.0,2.5,2552,nan,0,3.07,0.0000
1743480380.0024767,NR5G-SA,CONNECT,TDD,CFE63D100,-92,-3,4,22,-93,-6,3,-98,-10,1,100,0,-74,NR N78,13,20967.0,2.5,2551,nan,0,3.07,0.0000
1743480381.1021242,NR5G-SA,CONNECT,TDD,CFE63D100,-92,-4,3,22,-93,-6,3,-97,-10,1,100,0,-73,NR N78,13,20978.0,2.5,2552,nan,0,3.07,0.0000
1743480382.202097,NR5G-SA,CONNECT,TDD,CFE63D100,-91,-3,4,21,-93,-6,3,-97,-10,1,100,0,-73,NR N78,13,20973.0,2.5,2552,nan,0,3.07,0.0000
1743480383.309197,NR5G-SA,CONNECT,TDD,CFE63D100,-91,-4,4,21,-93,-6,3,-97,-10,1,100,0,-75,NR N78,13,20953.0,2.5,2549,nan,0,3.07,0.0000
1743480384.434131,NR5G-SA,CONNECT,TDD,CFE63D100,-92,-4,3,21,-93,-6,3,-97,-10,1,100,0,-73,NR N78,12,20987.0,2.5,2553,nan,0,3.07,0.0000
1743480385.5270417,NR5G-SA,CONNECT,TDD,CFE63D100,-92,-4,3,21,-93,-6,2,-98,-10,1,100,0,-73,NR N78,12,10482.0,1.25,1275,nan,0,3.07,0.0000
1743480386.615712,NR5G-SA,CONNECT,TDD,CFE63D100,-92,-4,3,22,-93,-6,3,-98,-10,1,100,0,-75,NR N78,12,20982.0,2.5,2553,nan,0,3.07,0.0000
1743480387.7129626,NR5G-SA,CONNECT,TDD,CFE63D100,-92,-4,3,22,-93,-6,3,-98,-10,1,100,0,-75,NR N78,11,20972.0,2.5,2552,nan,0,3.07,0.0000
1743480388.8133838,NR5G-SA,CONNECT,TDD,CFE63D100,-92,-4,3,22,-94,-6,3,-98,-10,1,100,0,-75,NR N78,11,20972.0,2.5,2552,nan,0,3.07,0.0000
1743480389.9087894,NR5G-SA,CONNECT,TDD,CFE63D100,-92,-4,3,21,-93,-6,2,-98,-10,1,100,0,-75,NR N78,11,20970.0,2.5,2551,nan,0,3.07,0.0000
1743480391.0192678,NR5G-SA,CONNECT,TDD,CFE63D100,-92,-4,3,21,-93,-6,2,-98,-10,1,100,0,-75,NR N78,11,20974.0,2.5,2552,nan,0,3.07,0.0000
1743480392.087541,NR5G-SA,CONNECT,TDD,CFE63D100,-92,-4,3,21,-93,-6,2,-98,-10,1,100,0,-75,NR N78,10,10480.0,1.25,1275,nan,0,3.07,0.0000
1743480393.1850102,NR5G-SA,CONNECT,TDD,CFE63D100,-92,-4,3,21,-93,-5,2,-98,-10,1,100,0,-75,NR N78,10,31474.0,3.75,3829,nan,0,3.07,0.0000
1743480394.2418497,NR5G-SA,CONNECT,TDD,CFE63D100,-92,-4,3,21,-93,-5,2,-98,-10,1,100,0,-75,NR N78,10,20970.0,2.5,2551,nan,0,3.07,0.0000
1743480395.3613412,NR5G-SA,CONNECT,TDD,CFE63D100,-92,-4,3,21,-93,-6,2,-98,-10,1,100,0,-75,NR N78,10,20966.0,2.5,2551,nan,0,3.07,0.0000
1743480396.402102,NR5G-SA,CONNECT,TDD,CFE63D100,-92,-4,3,22,-94,-6,2,-98,-10,1,100,0,-75,NR N78,12,20972.0,2.5,2552,nan,0,3.07,0.0000
1743480397.510468,NR5G-SA,CONNECT,TDD,CFE63D100,-93,-4,2,22,-94,-6,2,-98,-10,1,100,0,-75,NR N78,13,20968.0,2.5,2551,nan,0,3.07,0.0000
1743480398.6126306,NR5G-SA,CONNECT,TDD,CFE63D100,-93,-4,2,21,-94,-6,2,-98,-10,1,100,0,-75,NR N78,13,20973.0,2.5,2552,nan,0,3.07,0.0000
1743480399.7143033,NR5G-SA,CONNECT,TDD,CFE63D100,-92,-4,3,21,-93,-6,3,-98,-10,1,100,0,-72,NR N78,12,20973.0,2.5,2552,nan,0,3.07,0.0000
1743480400.799517,NR5G-SA,CONNECT,TDD,CFE63D100,-92,-4,3,21,-93,-6,3,-97,-10,1,100,0,-76,NR N78,12,20975.0,2.5,2552,nan,0,3.07,0.0000
1743480401.9123151,NR5G-SA,CONNECT,TDD,CFE63D100,-93,-5,3,21,-93,-6,3,-97,-10,1,100,0,-75,NR N78,13,20965.0,2.5,2551,nan,0,3.07,0.0000
1743480402.947671,NR5G-SA,CONNECT,TDD,CFE63D100,-92,-4,3,21,-93,-6,3,-97,-10,1,100,0,-74,NR N78,13,20973.0,2.5,2552,nan,0,3.07,0.0000
1743480404.00243,NR5G-SA,CONNECT,TDD,CFE63D100,-92,-4,3,21,-93,-6,3,-97,-10,1,100,0,-73,NR N78,11,31460.0,3.75,3828,nan,0,3.07,0.0000
1743480405.1098847,NR5G-SA,CONNECT,TDD,CFE63D100,-92,-4,3,21,-93,-6,3,-97,-10,1,100,0,-75,NR N78,11,20972.0,2.5,2552,nan,0,3.07,0.0000
1743480406.1591728,NR5G-SA,CONNECT,TDD,CFE63D100,-92,-5,2,22,-93,-6,3,-97,-10,1,100,0,-73,NR N78,12,20967.0,2.5,2551,nan,0,3.07,0.0000
1743480407.251023,NR5G-SA,CONNECT,TDD,CFE63D100,-92,-5,3,22,-93,-6,3,-97,-10,1,100,0,-73,NR N78,12,20969.0,2.5,2551,nan,0,3.07,0.0000
1743480408.3061733,NR5G-SA,CONNECT,TDD,CFE63D100,-92,-5,3,21,-93,-6,3,-97,-10,1,100,0,-75,NR N78,13,31466.0,3.75,3828,nan,0,3.07,0.0000
1743480409.3686612,NR5G-SA,CONNECT,TDD,CFE63D100,-92,-5,2,21,-93,-6,3,-98,-10,1,100,0,-75,NR N78,13,31455.0,3.75,3827,nan,0,3.07,0.0000
1743480410.4501984,NR5G-SA,CONNECT,TDD,CFE63D100,-92,-4,2,21,-93,-6,3,-98,-10,1,100,0,-75,NR N78,11,20968.0,2.5,2551,nan,0,3.07,0.0000
1743480411.5343428,NR5G-SA,CONNECT,TDD,CFE63D100,-93,-4,2,21,-94,-6,3,-98,-10,1,100,0,-75,NR N78,12,31462.0,3.75,3828,nan,0,3.07,0.0000
1743480412.6454828,NR5G-SA,CONNECT,TDD,CFE63D100,-93,-4,2,21,-93,-6,2,-98,-10,1,100,0,-75,NR N78,12,31465.0,3.75,3828,nan,0,3.07,0.0000
1743480413.735741,NR5G-SA,CONNECT,TDD,CFE63D100,-93,-4,2,22,-93,-6,2,-98,-10,1,100,0,-75,NR N78,12,20966.0,2.5,2551,nan,0,3.07,0.0000
1743480414.8282702,NR5G-SA,CONNECT,TDD,CFE63D100,-93,-4,2,22,-93,-6,2,-98,-10,1,100,0,-75,NR N78,12,31463.0,3.75,3828,nan,0,3.07,0.0000
1743480415.9070249,NR5G-SA,CONNECT,TDD,CFE63D100,-93,-4,2,21,-93,-6,2,-97,-10,1,100,0,-75,NR N78,12,20968.0,2.5,2551,nan,0,3.07,0.0000
1743480417.0046556,NR5G-SA,CONNECT,TDD,CFE63D100,-93,-4,3,21,-94,-6,2,-98,-10,1,100,0,-75,NR N78,12,20969.0,2.5,2551,nan,0,3.07,0.0000
1743480418.0425348,NR5G-SA,CONNECT,TDD,CFE63D100,-93,-4,3,21,-94,-6,2,-98,-10,1,100,0,-74,NR N78,11,31463.0,3.75,3828,nan,0,3.07,0.0000
1743480419.1391168,NR5G-SA,CONNECT,TDD,CFE63D100,-93,-4,3,21,-94,-6,2,-98,-10,1,100,0,-74,NR N78,11,20967.0,2.5,2551,nan,0,3.07,0.0000
1743480420.2328877,NR5G-SA,CONNECT,TDD,CFE63D100,-93,-4,3,21,-94,-6,3,-98,-10,1,100,0,-75,NR N78,12,31467.0,3.75,3828,nan,0,3.07,0.0000
1743480421.3345394,NR5G-SA,CONNECT,TDD,CFE63D100,-93,-4,2,21,-94,-6,2,-98,-10,1,100,0,-75,NR N78,12,20968.0,2.5,2551,nan,0,3.07,0.0000
1743480422.4088192,NR5G-SA,CONNECT,TDD,CFE63D100,-93,-4,2,22,-94,-6,3,-98,-10,1,100,0,-73,NR N78,12,20964.0,2.5,2551,nan,0,3.07,0.0000
1743480423.5096567,NR5G-SA,CONNECT,TDD,CFE63D100,-92,-4,3,22,-93,-6,3,-98,-10,1,100,0,-73,NR N78,12,31469.0,3.75,3829,nan,0,3.07,0.0000
1743480424.5646265,NR5G-SA,CONNECT,TDD,CFE63D100,-92,-4,4,21,-93,-6,4,-97,-10,1,100,0,-74,NR N78,12,20964.0,2.5,2551,nan,0,3.07,0.0000
1743480425.6519542,NR5G-SA,CONNECT,TDD,CFE63D100,-91,-4,4,21,-93,-6,4,-97,-10,1,100,0,-72,NR N78,12,31471.0,3.75,3829,nan,0,3.07,0.0000
1743480426.766834,NR5G-SA,CONNECT,TDD,CFE63D100,-92,-4,3,21,-93,-6,3,-97,-10,1,100,0,-75,NR N78,12,31458.0,3.75,3827,nan,0,3.07,0.0000
1743480427.869675,NR5G-SA,CONNECT,TDD,CFE63D100,-92,-4,3,21,-93,-6,3,-97,-10,1,100,0,-73,NR N78,12,20966.0,2.5,2551,nan,0,3.07,0.0000
1743480428.9544857,NR5G-SA,CONNECT,TDD,CFE63D100,-92,-4,3,21,-93,-6,2,-97,-10,1,100,0,-75,NR N78,12,31467.0,3.75,3828,nan,0,3.07,0.0000
1743480430.050239,NR5G-SA,CONNECT,TDD,CFE63D100,-91,-4,4,21,-93,-6,3,-97,-10,1,100,0,-74,NR N78,12,20972.0,2.5,2552,nan,0,3.07,0.0000
1743480431.120629,NR5G-SA,CONNECT,TDD,CFE63D100,-92,-4,3,21,-93,-5,2,-97,-10,1,100,0,-75,NR N78,12,31459.0,3.75,3828,nan,0,3.07,0.0000
1743480432.1600368,NR5G-SA,CONNECT,TDD,CFE63D100,-92,-4,3,21,-93,-5,2,-97,-9,1,100,0,-74,NR N78,13,20970.0,2.5,2551,nan,0,3.07,0.0000
1743480433.260787,NR5G-SA,CONNECT,TDD,CFE63D100,-92,-4,2,21,-93,-6,2,-97,-10,1,100,0,-75,NR N78,13,31457.0,3.75,3827,nan,0,3.07,0.0000
1743480434.3049338,NR5G-SA,CONNECT,TDD,CFE63D100,-92,-4,2,21,-93,-5,2,-97,-10,1,100,0,-75,NR N78,9,41947.0,5.0,5104,nan,0,3.07,0.0000
1743480435.4372702,NR5G-SA,CONNECT,TDD,CFE63D100,-92,-4,2,21,-78,-4,4,-90,-7,2,100,0,-74,NR N78,9,20966.0,2.5,2551,nan,0,3.07,0.0000
1743480436.5347605,NR5G-SA,CONNECT,TDD,CFE63D100,-92,-4,2,21,-79,-3,3,-90,-7,1,100,0,-73,NR N78,10,20974.0,2.5,2552,nan,0,3.07,0.0000
1743480437.5919955,NR5G-SA,CONNECT,TDD,CFE63D100,-92,-4,2,22,-80,-3,3,-90,-7,1,100,0,-75,NR N78,14,20976.0,2.5,2552,nan,0,3.07,0.0000
1743480438.6413481,NR5G-SA,CONNECT,TDD,CFE63D100,-92,-4,2,22,-79,-3,3,-90,-7,2,100,0,-75,NR N78,14,10482.0,1.25,1275,nan,0,3.07,0.0000
1743480439.696459,NR5G-SA,CONNECT,TDD,CFE63D100,-92,-4,3,21,-78,-3,5,-90,-7,2,100,0,-74,NR N78,13,31465.0,3.75,3828,nan,0,3.07,0.0000
1743480440.8131213,NR5G-SA,CONNECT,TDD,CFE63D100,-92,-4,3,21,-93,-5,3,-97,-10,1,100,0,-75,NR N78,13,20972.0,2.5,2552,nan,0,3.07,0.0000
1743480441.9146156,NR5G-SA,CONNECT,TDD,CFE63D100,-91,-4,3,21,-93,-6,3,-97,-10,1,100,0,-74,NR N78,12,20968.0,2.5,2551,nan,0,3.07,0.0000
1743480443.0057495,NR5G-SA,CONNECT,TDD,CFE63D100,-91,-4,4,21,-93,-6,2,-98,-10,0,100,0,-74,NR N78,12,20969.0,2.5,2551,nan,0,3.07,0.0000
1743480444.1138191,NR5G-SA,CONNECT,TDD,CFE63D100,-91,-4,3,21,-93,-6,2,-98,-10,0,100,0,-73,NR N78,12,20967.0,2.5,2551,nan,0,3.07,0.0000
1743480445.2020426,NR5G-SA,CONNECT,TDD,CFE63D100,-91,-4,4,21,-92,-6,2,-97,-10,0,100,0,-73,NR N78,12,20972.0,2.5,2552,nan,0,3.07,0.0000
1743480446.3001595,NR5G-SA,CONNECT,TDD,CFE63D100,-91,-4,3,22,-93,-6,3,-97,-10,1,100,0,-73,NR N78,12,20969.0,2.5,2551,nan,0,3.07,0.0000
1743480447.425367,NR5G-SA,CONNECT,TDD,CFE63D100,-91,-4,3,22,-93,-5,2,-97,-10,0,100,0,-75,NR N78,12,20971.0,2.5,2551,nan,0,3.07,0.0000
1743480448.5347247,NR5G-SA,CONNECT,TDD,CFE63D100,-91,-4,3,22,-93,-5,2,-98,-10,1,100,0,-75,NR N78,12,20974.0,2.5,2552,nan,0,3.07,0.0000
1743480449.641787,NR5G-SA,CONNECT,TDD,CFE63D100,-92,-4,3,21,-93,-5,2,-98,-10,0,100,0,-75,NR N78,12,31468.0,3.75,3829,nan,0,3.07,0.0000
1743480450.7365332,NR5G-SA,CONNECT,TDD,CFE63D100,-92,-4,3,21,-93,-5,2,-98,-10,0,100,0,-73,NR N78,12,20965.0,2.5,2551,nan,0,3.07,0.0000
1743480451.8226469,NR5G-SA,CONNECT,TDD,CFE63D100,-91,-3,3,21,-93,-5,2,-98,-10,0,100,0,-74,NR N78,12,20973.0,2.5,2552,nan,0,3.07,0.0000
1743480452.8843074,NR5G-SA,CONNECT,TDD,CFE63D100,-91,-3,3,21,-93,-5,2,-98,-10,1,100,0,-75,NR N78,12,20971.0,2.5,2551,nan,0,3.07,0.0000
1743480453.964067,NR5G-SA,CONNECT,TDD,CFE63D100,-92,-4,3,21,-93,-5,2,-98,-10,1,100,0,-73,NR N78,13,31461.0,3.75,3828,nan,0,3.07,0.0000
1743480455.0753849,NR5G-SA,CONNECT,TDD,CFE63D100,-92,-4,3,21,-93,-5,2,-98,-10,1,100,0,-75,NR N78,13,20972.0,2.5,2552,nan,0,3.07,0.0000
1743480456.155878,NR5G-SA,CONNECT,TDD,CFE63D100,-92,-4,3,21,-93,-5,2,-98,-10,1,100,0,-75,NR N78,13,20967.0,2.5,2551,nan,0,3.07,0.0000
1743480457.2506003,NR5G-SA,CONNECT,TDD,CFE63D100,-92,-4,3,21,-93,-5,2,-98,-10,1,100,0,-75,NR N78,13,31464.0,3.75,3828,nan,0,3.07,0.0000
1743480458.3448384,NR5G-SA,CONNECT,TDD,CFE63D100,-92,-4,3,21,-93,-5,2,-98,-10,1,100,0,-74,NR N78,12,20969.0,2.5,2551,nan,0,3.07,0.0000
1743480459.4469147,NR5G-SA,CONNECT,TDD,CFE63D100,-92,-4,3,21,-93,-6,2,-97,-10,1,100,0,-75,NR N78,12,20972.0,2.5,2552,nan,0,3.07,0.0000
1743480688.460057,LTE,NOCONN,FDD,48D2C04,-71,-7,10,0,-71,-7,3,-76,-11,2,5,1,-45,LTE BAND 1,13,nan,nan,nan,nan,nan,nan,nan
1743480689.5615551,LTE,CONNECT,FDD,48D2C04,-71,-7,10,-4,-71,-7,1,-76,-12,0,5,0,-44,LTE BAND 1,26,nan,nan,nan,nan,nan,nan,nan
1743480690.6503866,LTE,CONNECT,FDD,48D2C04,-71,-7,18,-4,-71,-7,1,-71,-7,1,5,0,-45,LTE BAND 1,26,22508.0,2.68,2738,nan,0,201.0,0.0000
1743480691.7216904,LTE,CONNECT,FDD,48D2C04,-71,-7,13,-4,-71,-7,1,-71,-7,1,5,0,-44,LTE BAND 1,27,51365.0,6.12,6249,nan,0,469.0,0.0000
1743480692.8009214,LTE,CONNECT,FDD,48D2C04,-71,-8,9,-4,-71,-8,1,-75,-12,1,5,0,-44,LTE BAND 1,27,52400.0,6.25,6375,nan,0,1.08,0.0000
1743480693.9292576,LTE,CONNECT,FDD,48D2C04,-73,-7,17,-2,-73,-7,2,-76,-11,1,5,0,-47,LTE BAND 1,27,62815.0,7.49,7642,nan,0,1.31,0.0000
1743480695.064748,LTE,CONNECT,FDD,48D2C04,-71,-6,18,-4,-71,-6,1,-71,-6,1,5,0,-45,LTE BAND 1,27,52429.0,6.25,6379,nan,0,1.31,0.0000
1743480696.2066429,LTE,CONNECT,FDD,48D2C04,-72,-7,16,-3,-72,-7,1,-76,-11,0,5,0,-47,LTE BAND 1,27,52431.0,6.25,6379,nan,0,1.31,0.0000
1743480697.3408046,LTE,CONNECT,FDD,48D2C04,-71,-7,17,-4,-71,-7,1,-75,-11,0,5,0,-45,LTE BAND 1,27,52428.0,6.25,6379,nan,0,1.31,0.0000
1743480698.462986,LTE,CONNECT,FDD,48D2C04,-71,-7,9,-4,-71,-7,1,-71,-7,1,5,0,-45,LTE BAND 1,27,52424.0,6.25,6378,nan,0,1.31,0.0000
1743480699.581747,LTE,CONNECT,FDD,48D2C04,-71,-7,9,-3,-71,-7,1,-71,-7,1,5,0,-45,LTE BAND 1,27,52427.0,6.25,6379,nan,0,1.31,0.0000
1743480700.639579,LTE,CONNECT,FDD,48D2C04,-71,-7,17,-3,-71,-7,1,-76,-11,1,5,0,-45,LTE BAND 1,27,52433.0,6.25,6379,nan,0,1.31,0.0000
1743480701.7492235,LTE,CONNECT,FDD,48D2C04,-71,-7,14,-2,-71,-7,1,-75,-11,0,5,0,-45,LTE BAND 1,27,52424.0,6.25,6378,nan,0,1.31,0.0000
1743480702.8325107,LTE,CONNECT,FDD,48D2C04,-72,-7,11,0,-72,-7,1,-76,-12,-1,5,0,-45,LTE BAND 1,27,62911.0,7.5,7654,nan,0,1.46,0.0000
1743480703.933129,LTE,CONNECT,FDD,48D2C04,-72,-7,11,-1,-68,-4,17,-74,-9,5,5,0,-45,LTE BAND 1,27,62912.0,7.5,7654,nan,0,1.46,0.0000
1743480705.044874,LTE,CONNECT,FDD,48D2C33,-66,-6,20,-14,-66,-6,4,-68,-8,2,5,1,-41,LTE BAND 3,26,31445.0,3.75,3826,nan,0,1.46,0.0000
1743480706.1585143,LTE,CONNECT,FDD,48D2C33,-67,-5,20,-6,-67,-5,4,-69,-7,2,5,0,-42,LTE BAND 3,26,20973.0,2.5,2552,nan,0,1.46,0.0000
1743480707.296246,LTE,CONNECT,FDD,48D2C33,-67,-5,20,-6,-67,-5,4,-69,-7,2,5,0,-42,LTE BAND 3,26,52452.0,6.25,6382,nan,0,1.46,0.0000
1743480708.3804343,LTE,CONNECT,FDD,48D2C33,-67,-5,15,-6,-67,-5,4,-69,-7,2,5,0,-42,LTE BAND 3,26,41935.0,5.0,5102,nan,0,1.46,0.0000
1743480709.4662004,LTE,CONNECT,FDD,48D2C33,-66,-5,14,-6,-67,-5,4,-69,-7,2,5,0,-42,LTE BAND 3,26,41947.0,5.0,5104,nan,0,1.46,0.0000
1743480710.5975115,LTE,CONNECT,FDD,48D2C33,-67,-5,16,-6,-67,-5,4,-69,-7,2,5,0,-42,LTE BAND 3,26,41945.0,5.0,5103,nan,0,1.46,0.0000
1743480711.6740503,LTE,CONNECT,FDD,48D2C33,-66,-5,13,-6,-66,-5,4,-69,-7,2,5,0,-42,LTE BAND 3,26,31449.0,3.75,3826,nan,0,1.46,0.0000
1743480712.771463,LTE,CONNECT,FDD,48D2C33,-66,-5,14,-7,-66,-5,4,-69,-7,2,5,0,-42,LTE BAND 3,25,41948.0,5.0,5104,nan,0,1.46,0.0000
1743480713.8824384,LTE,CONNECT,FDD,48D2C33,-66,-5,12,-7,-66,-5,4,-69,-7,2,5,0,-42,LTE BAND 3,25,41950.0,5.0,5104,nan,0,1.46,0.0000
1743480714.9794078,LTE,CONNECT,FDD,48D2C33,-66,-5,12,-2,-66,-5,4,-69,-7,2,5,0,-42,LTE BAND 3,25,31449.0,3.75,3826,nan,0,1.46,0.0000
1743480716.0907228,LTE,CONNECT,FDD,48D2C33,-67,-5,12,0,-67,-5,4,-70,-8,2,5,0,-42,LTE BAND 3,26,62934.0,7.5,7657,nan,0,1.46,0.0000
1743480717.150853,LTE,CONNECT,FDD,48D2C33,-66,-5,17,0,-67,-5,4,-70,-7,2,5,0,-42,LTE BAND 3,26,52421.0,6.25,6378,nan,0,1.46,0.0000
1743480718.2221982,LTE,CONNECT,FDD,48D2C33,-66,-5,11,2,-66,-5,4,-69,-7,2,5,0,-42,LTE BAND 3,26,62917.0,7.5,7655,nan,0,1.46,0.0000
1743480719.2924328,LTE,CONNECT,FDD,48D2C33,-67,-5,18,2,-67,-5,4,-69,-7,2,5,0,-42,LTE BAND 3,26,62908.0,7.5,7654,nan,0,1.46,0.0000
1743480720.3547845,LTE,CONNECT,FDD,48D2C33,-67,-5,16,1,-67,-5,4,-69,-7,2,5,0,-42,LTE BAND 3,26,62913.0,7.5,7654,nan,0,1.46,0.0000
1743480721.4155421,LTE,CONNECT,FDD,48D2C33,-67,-5,13,0,-67,-5,4,-69,-7,2,5,0,-42,LTE BAND 3,26,73412.0,8.75,8932,nan,0,1.46,0.0000
1743480722.4731789,LTE,CONNECT,FDD,48D2C33,-69,-5,9,3,-69,-5,4,-74,-9,0,5,0,-45,LTE BAND 3,26,62858.0,7.5,7648,nan,0,1.46,0.0000
1743480723.5564349,LTE,CONNECT,FDD,48D2C33,-71,-6,8,4,-70,-6,4,-70,-6,2,5,0,-45,LTE BAND 3,26,52473.0,6.25,6384,nan,0,1.46,0.0000
1743480724.6656086,LTE,CONNECT,FDD,48D2C04,-72,-8,19,-17,-72,-8,1,-75,-11,1,5,1,-45,LTE BAND 1,26,62910.0,7.5,7654,nan,0,1.46,0.0000
1743480725.7909522,LTE,CONNECT,FDD,48D2C04,-73,-7,16,-13,-73,-7,1,-76,-10,1,5,0,-46,LTE BAND 1,25,20983.0,2.5,2553,nan,0,1.46,0.0000
1743480726.8539934,LTE,CONNECT,FDD,48D2C04,-73,-7,12,-9,-73,-7,1,-76,-10,1,5,0,-47,LTE BAND 1,25,20967.0,2.5,2551,nan,0,1.46,0.0000
1743480727.9264467,LTE,CONNECT,FDD,48D2C04,-73,-7,17,-2,-73,-7,1,-76,-10,1,5,0,-47,LTE BAND 1,25,41946.0,5.0,5103,nan,0,1.46,0.0000
1743480729.015827,LTE,CONNECT,FDD,48D2C04,-73,-7,15,-1,-73,-7,1,-76,-10,1,5,0,-46,LTE BAND 1,25,62924.0,7.5,7656,nan,0,1.46,0.0000
1743480730.089049,LTE,CONNECT,FDD,48D2C04,-73,-7,7,-1,-73,-7,1,-76,-10,1,5,0,-47,LTE BAND 1,25,52421.0,6.25,6378,nan,0,1.46,0.0000
1743480731.1923382,LTE,CONNECT,FDD,48D2C04,-73,-7,10,-1,-73,-7,1,-76,-10,1,5,0,-46,LTE BAND 1,25,52430.0,6.25,6379,nan,0,1.46,0.0000
1743480732.2751987,LTE,CONNECT,FDD,48D2C04,-73,-7,14,-1,-73,-7,1,-76,-10,1,5,0,-47,LTE BAND 1,25,52434.0,6.25,6379,nan,0,1.46,0.0000
1743480733.372755,LTE,CONNECT,FDD,48D2C04,-73,-7,15,-1,-73,-7,1,-76,-10,1,5,0,-47,LTE BAND 1,25,52427.0,6.25,6379,nan,0,1.46,0.0000
1743480734.4665875,LTE,CONNECT,FDD,48D2C04,-73,-7,16,-2,-63,-3,23,-77,-7,8,5,0,-47,LTE BAND 1,25,52424.0,6.25,6378,nan,0,1.46,0.0000
1743480735.578385,LTE,CONNECT,FDD,48D2C04,-73,-7,16,-2,-63,-3,23,-81,-11,5,5,0,-47,LTE BAND 1,25,31454.0,3.75,3406,nan,295,2.02,0.0001
1743480736.6666172,LTE,CONNECT,FDD,48D2C04,-73,-7,15,-2,-63,-3,23,-81,-11,5,5,0,-47,LTE BAND 1,25,52435.0,6.25,5517,nan,605,1.44,0.0001
1743480737.7491817,LTE,CONNECT,FDD,48D2C04,-73,-7,15,-2,-63,-3,23,-79,-11,6,5,0,-47,LTE BAND 1,25,62919.0,7.5,7655,nan,0,1.5,0.0000
1743480738.8582566,LTE,CONNECT,FDD,48D2C04,-73,-7,19,-2,-63,-3,23,-77,-8,8,5,0,-46,LTE BAND 1,25,52431.0,6.25,6379,nan,0,1.65,0.0000
1743480739.9112315,LTE,CONNECT,FDD,48D2C04,-73,-7,18,-2,-63,-3,23,-77,-8,8,5,0,-46,LTE BAND 1,25,41938.0,5.0,5102,nan,0,1.69,0.0000
1743480740.9938655,LTE,CONNECT,FDD,48D2C04,-73,-7,17,-2,-62,-3,23,-78,-9,6,5,0,-46,LTE BAND 1,25,52427.0,6.25,6379,nan,0,1.72,0.0000
1743480742.0937223,LTE,CONNECT,FDD,48D2C04,-73,-7,14,-2,-62,-3,23,-80,-10,6,5,0,-46,LTE BAND 1,26,52439.0,6.25,6380,nan,0,1.73,0.0000
1743480743.1580672,LTE,CONNECT,FDD,48D2C04,-73,-7,18,-2,-62,-3,23,-77,-8,8,5,0,-46,LTE BAND 1,26,41940.0,5.0,5103,nan,0,1.74,0.0000
1743480744.237061,LTE,CONNECT,FDD,48D2C04,-73,-7,14,-2,-73,-7,1,-76,-10,1,5,0,-46,LTE BAND 1,26,52420.0,6.25,6378,nan,0,1.75,0.0000
1743480745.3095438,LTE,CONNECT,FDD,48D2C04,-73,-7,16,-2,-73,-7,1,-76,-10,1,5,0,-46,LTE BAND 1,26,52437.0,6.25,6380,nan,0,1.75,0.0000
1743480746.379657,LTE,CONNECT,FDD,48D2C04,-73,-7,18,-2,-73,-7,1,-76,-10,1,5,0,-46,LTE BAND 1,26,52432.0,6.25,6379,nan,0,1.75,0.0000
1743480747.4586647,LTE,CONNECT,FDD,48D2C04,-73,-7,13,-2,-73,-7,1,-76,-10,1,5,0,-46,LTE BAND 1,26,52427.0,6.25,6379,nan,0,1.75,0.0000
1743480748.5521226,LTE,CONNECT,FDD,48D2C04,-73,-7,17,-2,-73,-7,1,-76,-10,1,5,0,-46,LTE BAND 1,26,52430.0,6.25,6379,nan,0,1.76,0.0000
1743480749.628795,LTE,CONNECT,FDD,48D2C04,-73,-7,16,-2,-73,-7,1,-76,-10,1,5,0,-46,LTE BAND 1,26,52426.0,6.25,6378,nan,0,1.79,0.0000
1743480750.6931987,LTE,CONNECT,FDD,48D2C04,-72,-7,18,-3,-72,-7,1,-76,-10,1,5,0,-46,LTE BAND 1,26,52430.0,6.25,6379,nan,0,1.82,0.0000
1743480751.8014996,LTE,CONNECT,FDD,48D2C04,-72,-7,14,-3,-72,-7,1,-75,-10,1,5,0,-46,LTE BAND 1,26,52431.0,6.25,6349,nan,21,1.35,0.0000
1743480752.8869874,LTE,CONNECT,FDD,48D2C04,-72,-7,18,-3,-72,-7,1,-75,-10,1,5,0,-46,LTE BAND 1,26,52427.0,6.25,6379,nan,0,1.48,0.0000
1743480753.9432745,LTE,CONNECT,FDD,48D2C04,-73,-7,17,-2,-73,-7,1,-76,-10,1,5,0,-46,LTE BAND 1,26,52434.0,6.25,6379,nan,0,1.6,0.0000
1743480755.0626895,LTE,CONNECT,FDD,48D2C04,-73,-7,19,0,-73,-7,1,-76,-10,1,5,0,-46,LTE BAND 1,26,52418.0,6.25,6378,nan,0,1.7,0.0000
1743480756.2249157,LTE,CONNECT,FDD,48D2C04,-73,-7,18,4,-73,-7,1,-76,-10,1,5,0,-46,LTE BAND 1,26,62917.0,7.5,7655,nan,0,1.76,0.0000
1743480757.301452,LTE,CONNECT,FDD,48D2C04,-73,-7,14,4,-73,-7,1,-76,-10,1,5,0,-46,LTE BAND 1,26,73401.0,8.75,8930,nan,0,1.81,0.0000
1743480758.3699589,LTE,CONNECT,FDD,48D2C04,-73,-7,16,3,-73,-7,1,-76,-10,1,5,0,-46,LTE BAND 1,26,73397.0,8.75,8930,nan,0,1.85,0.0000
1743480759.4349523,LTE,CONNECT,FDD,48D2C04,-71,-7,16,3,-71,-7,1,-75,-11,1,5,0,-45,LTE BAND 1,26,73415.0,8.75,8932,nan,0,1.87,0.0000
1743480760.5496907,LTE,CONNECT,FDD,48D2C04,-71,-7,13,4,-71,-7,1,-75,-11,0,5,0,-45,LTE BAND 1,26,73392.0,8.75,8929,nan,0,1.88,0.0000
1743480761.6657457,LTE,CONNECT,FDD,48D2C04,-71,-7,13,4,-72,-7,1,-75,-11,0,5,0,-45,LTE BAND 1,26,62917.0,7.5,7655,nan,0,1.88,0.0000
1743480762.7370281,LTE,CONNECT,FDD,48D2C04,-71,-7,17,3,-71,-7,1,-75,-10,0,5,0,-45,LTE BAND 1,26,73402.0,8.75,8931,nan,0,1.88,0.0000
1743480763.8039925,LTE,CONNECT,FDD,48D2C04,-71,-7,16,2,-71,-7,1,-71,-7,1,5,0,-45,LTE BAND 1,26,73417.0,8.75,8932,nan,0,1.89,0.0000
1743480764.9149714,LTE,CONNECT,FDD,48D2C04,-69,-7,18,1,-69,-7,1,-74,-12,0,5,0,-43,LTE BAND 1,26,73395.0,8.75,8930,nan,0,1.9,0.0000
1743480766.0614994,LTE,CONNECT,FDD,48D2C04,-69,-7,10,4,-69,-7,1,-74,-12,0,5,0,-42,LTE BAND 1,26,62908.0,7.5,7654,nan,0,1.91,0.0000
1743480767.1464078,LTE,CONNECT,FDD,48D2C04,-69,-7,20,4,-69,-7,1,-74,-12,0,5,0,-42,LTE BAND 1,26,73410.0,8.75,8919,nan,9,1.43,0.0000
1743480768.2255988,LTE,CONNECT,FDD,48D2C04,-69,-7,20,3,-69,-7,1,-69,-7,1,5,0,-42,LTE BAND 1,26,73390.0,8.75,8929,nan,0,1.56,0.0000
1743480769.29352,LTE,CONNECT,FDD,48D2C04,-69,-7,18,2,-69,-7,1,-69,-7,1,5,0,-42,LTE BAND 1,26,62918.0,7.5,7655,nan,0,1.67,0.0000
1743480770.3801394,LTE,CONNECT,FDD,48D2C04,-69,-7,20,2,-69,-7,1,-69,-7,1,5,0,-43,LTE BAND 1,26,73395.0,8.75,8930,nan,0,1.75,0.0000
1743480771.480763,LTE,CONNECT,FDD,48D2C04,-69,-7,17,3,-69,-7,1,-73,-11,0,5,0,-43,LTE BAND 1,26,73407.0,8.75,8931,nan,0,1.81,0.0000
1743480772.5541713,LTE,CONNECT,FDD,48D2C04,-69,-7,18,2,-69,-7,1,-73,-12,0,5,0,-42,LTE BAND 1,26,62921.0,7.5,7655,nan,0,1.86,0.0000
1743480773.651836,LTE,CONNECT,FDD,48D2C04,-70,-7,18,4,-70,-7,1,-70,-7,1,5,0,-44,LTE BAND 1,26,62907.0,7.5,7654,nan,0,1.89,0.0000
1743480774.762319,LTE,CONNECT,FDD,48D2C04,-70,-7,17,5,-61,-4,23,-78,-10,5,5,0,-41,LTE BAND 3,26,52427.0,6.25,6379,nan,0,1.42,0.0000
1743480775.8488848,LTE,CONNECT,FDD,48D2C33,-67,-5,15,-8,-67,-5,8,-73,-9,2,5,1,-43,LTE BAND 3,26,20969.0,2.5,2551,nan,0,1.48,0.0000
1743480776.930585,LTE,CONNECT,FDD,48D2C33,-67,-5,14,-5,-67,-5,8,-69,-5,4,5,0,-43,LTE BAND 3,26,31456.0,3.75,3827,nan,0,1.54,0.0000
1743480778.042028,LTE,CONNECT,FDD,48D2C33,-68,-5,17,0,-68,-5,8,-70,-5,4,5,0,-43,LTE BAND 3,26,52438.0,6.25,6380,nan,0,1.58,0.0000
1743480779.127209,LTE,CONNECT,FDD,48D2C33,-68,-5,10,0,-68,-5,8,-70,-5,4,5,0,-43,LTE BAND 3,26,62915.0,7.5,7655,nan,0,1.6,0.0000
1743480780.230872,LTE,CONNECT,FDD,48D2C33,-67,-5,10,-1,-67,-5,8,-69,-5,4,5,0,-42,LTE BAND 3,26,52423.0,6.25,6378,nan,0,1.61,0.0000
1743480781.3450537,LTE,CONNECT,FDD,48D2C33,-68,-6,9,0,-68,-6,8,-70,-6,4,5,0,-43,LTE BAND 3,26,52439.0,6.25,6380,nan,0,1.61,0.0000
1743480782.4233239,LTE,CONNECT,FDD,48D2C33,-68,-5,12,0,-68,-5,8,-70,-5,4,5,0,-43,LTE BAND 3,26,52422.0,6.25,6378,nan,0,1.61,0.0000
1743480783.4889328,LTE,CONNECT,FDD,48D2C33,-68,-5,16,0,-68,-5,9,-72,-6,6,5,0,-44,LTE BAND 3,26,52428.0,6.25,6379,nan,0,1.61,0.0000
1743480784.5821261,LTE,CONNECT,FDD,48D2C04,-71,-8,9,-17,-71,-8,1,-74,-11,0,5,1,-44,LTE BAND 1,26,52429.0,6.25,6379,nan,0,1.61,0.0000
1743480785.650516,LTE,CONNECT,FDD,48D2C04,-71,-7,19,-14,-71,-7,1,-74,-11,0,5,0,-44,LTE BAND 1,26,10485.0,1.25,1276,nan,0,1.62,0.0000
1743480786.7649965,LTE,CONNECT,FDD,48D2C04,-69,-7,17,-5,-69,-7,1,-73,-11,0,5,0,-42,LTE BAND 1,26,41965.0,5.0,5106,nan,0,1.67,0.0000
1743480787.8724034,LTE,CONNECT,FDD,48D2C04,-67,-7,20,-7,-67,-7,1,-73,-13,0,5,0,-41,LTE BAND 1,26,41943.0,5.0,5103,nan,0,1.71,0.0000
1743480788.9655135,LTE,CONNECT,FDD,48D2C04,-69,-7,18,-6,-69,-7,1,-74,-12,0,5,0,-43,LTE BAND 1,26,31455.0,3.75,3827,nan,0,1.78,0.0000
1743480790.0699456,LTE,CONNECT,FDD,48D2C04,-69,-7,18,-5,-69,-7,1,-69,-7,1,5,0,-42,LTE BAND 1,26,41941.0,5.0,5103,nan,0,1.86,0.0000
1743480791.1335123,LTE,CONNECT,FDD,48D2C04,-68,-7,19,-6,-68,-7,1,-68,-7,1,5,0,-42,LTE BAND 1,26,41950.0,5.0,5068,nan,25,1.34,0.0000
1743480792.2254822,LTE,CONNECT,FDD,48D2C04,-68,-7,18,-6,-68,-7,1,-68,-7,1,5,0,-42,LTE BAND 1,26,31448.0,3.75,3826,nan,0,1.47,0.0000
1743480793.3331296,LTE,CONNECT,FDD,48D2C04,-68,-7,19,-6,-68,-7,1,-73,-12,0,5,0,-41,LTE BAND 1,26,41952.0,5.0,5104,nan,0,1.58,0.0000
1743480794.3927784,LTE,CONNECT,FDD,48D2C33,-68,-5,12,-9,-68,-5,7,-69,-6,4,5,1,-41,LTE BAND 3,26,31452.0,3.75,3827,nan,0,1.67,0.0000
1743480795.4572415,LTE,CONNECT,FDD,48D2C33,-68,-6,15,-12,-68,-6,7,-74,-10,0,5,0,-42,LTE BAND 3,25,31464.0,3.75,3828,nan,0,1.73,0.0000
1743480796.5344505,LTE,CONNECT,FDD,48D2C33,-68,-6,15,-5,-68,-6,7,-73,-11,1,5,0,-42,LTE BAND 3,25,10482.0,1.25,1275,nan,0,1.78,0.0000
1743480797.653243,LTE,CONNECT,FDD,48D2C33,-68,-6,18,-4,-68,-6,7,-73,-11,1,5,0,-42,LTE BAND 3,25,41963.0,5.0,5098,nan,5,1.25,0.0000
1743480798.7916787,LTE,CONNECT,FDD,48D2C33,-68,-6,14,-5,-68,-6,7,-70,-7,4,5,0,-42,LTE BAND 3,25,31446.0,3.75,3826,nan,0,1.4,0.0000
1743480799.8763297,LTE,CONNECT,FDD,48D2C33,-67,-6,15,-5,-67,-6,7,-69,-7,4,5,0,-42,LTE BAND 3,25,41951.0,5.0,5104,nan,0,1.45,0.0000
1743480800.9411764,LTE,CONNECT,FDD,48D2C33,-68,-6,14,-4,-68,-6,7,-70,-7,4,5,0,-42,LTE BAND 3,25,41944.0,5.0,5103,nan,0,1.48,0.0000
1743480802.0246284,LTE,CONNECT,FDD,48D2C33,-68,-6,17,-4,-68,-6,7,-70,-7,4,5,0,-42,LTE BAND 3,25,41947.0,5.0,5104,nan,0,1.5,0.0000
1743480803.1368468,LTE,CONNECT,FDD,48D2C33,-67,-6,19,-4,-67,-6,7,-73,-11,1,5,0,-42,LTE BAND 3,25,41944.0,5.0,5103,nan,0,1.52,0.0000
1743480804.197769,LTE,CONNECT,FDD,48D2C33,-68,-6,17,-4,-68,-6,7,-70,-7,4,5,0,-42,LTE BAND 3,25,41939.0,5.0,5103,nan,0,1.52,0.0000
1743480805.2809691,LTE,CONNECT,FDD,48D2C33,-68,-6,16,2,-68,-6,7,-69,-7,4,5,0,-42,LTE BAND 3,25,41940.0,5.0,5103,nan,0,1.52,0.0000
1743480806.3435829,LTE,CONNECT,FDD,48D2C33,-67,-7,17,1,-67,-7,7,-69,-8,4,5,0,-41,LTE BAND 3,25,62918.0,7.5,7655,nan,0,1.52,0.0000
1743480807.4065614,LTE,CONNECT,FDD,48D2C33,-67,-5,17,2,-67,-5,7,-69,-6,4,5,0,-42,LTE BAND 3,25,62923.0,7.5,7656,nan,0,1.53,0.0000
1743480808.4880555,LTE,CONNECT,FDD,48D2C33,-70,-6,17,4,-70,-6,7,-70,-6,4,5,0,-45,LTE BAND 3,25,62913.0,7.5,7654,nan,0,1.53,0.0000
1743480809.5454059,LTE,CONNECT,FDD,48D2C33,-68,-5,12,2,-68,-5,7,-70,-6,4,5,0,-43,LTE BAND 3,25,62919.0,7.5,7655,nan,0,1.55,0.0000
1743480810.6476908,LTE,CONNECT,FDD,48D2C33,-68,-5,18,1,-68,-5,7,-70,-6,4,5,0,-43,LTE BAND 3,25,52415.0,6.25,6377,nan,0,1.58,0.0000
1743480811.7647586,LTE,CONNECT,FDD,48D2C33,-68,-5,15,4,-68,-5,7,-70,-6,4,5,0,-43,LTE BAND 3,25,62927.0,7.5,7656,nan,0,1.63,0.0000
1743480812.8420596,LTE,CONNECT,FDD,48D2C33,-68,-5,16,5,-68,-5,7,-70,-6,4,5,0,-43,LTE BAND 3,25,62910.0,7.5,7654,nan,0,1.78,0.0000
1743480813.9091735,LTE,CONNECT,FDD,48D2C33,-68,-5,14,4,-68,-5,7,-70,-6,4,5,0,-44,LTE BAND 3,26,62919.0,7.5,7655,nan,0,1.89,0.0000
1743480814.960186,LTE,CONNECT,FDD,48D2C33,-68,-5,12,-15,-68,-6,7,-70,-7,4,5,0,-42,LTE BAND 3,26,41924.0,5.0,5058,nan,30,1.38,0.0000
1743480816.0106637,LTE,CONNECT,FDD,48D2C33,-68,-5,15,4,-68,-5,7,-70,-6,4,5,0,-43,LTE BAND 3,26,73432.0,8.75,8934,nan,0,1.03,0.0000
1743480817.0690928,LTE,CONNECT,FDD,48D2C33,-67,-5,10,4,-67,-5,7,-69,-6,4,5,0,-42,LTE BAND 3,26,62915.0,7.5,7655,nan,0,1.09,0.0000
1743480818.1446266,LTE,CONNECT,FDD,48D2C33,-67,-5,13,3,-67,-5,7,-69,-6,4,5,0,-42,LTE BAND 3,26,62912.0,7.5,7654,nan,0,1.13,0.0000
1743480819.2279856,LTE,CONNECT,FDD,48D2C33,-67,-6,10,4,-67,-6,7,-69,-7,4,5,0,-41,LTE BAND 3,26,62910.0,7.5,7654,nan,0,1.15,0.0000
1743480820.307544,LTE,CONNECT,FDD,48D2C33,-67,-5,14,3,-67,-5,7,-69,-6,4,5,0,-43,LTE BAND 3,26,52427.0,6.25,6379,nan,0,1.17,0.0000
1743480821.3688946,LTE,CONNECT,FDD,48D2C33,-67,-5,13,4,-67,-5,7,-69,-6,4,5,0,-42,LTE BAND 3,26,62919.0,7.5,7655,nan,0,1.18,0.0000
1743480822.4927762,LTE,CONNECT,FDD,48D2C33,-67,-5,12,4,-67,-5,7,-69,-6,4,5,0,-43,LTE BAND 3,26,62911.0,7.5,7654,nan,0,1.18,0.0000
1743480823.5678856,LTE,CONNECT,FDD,48D2C33,-68,-5,11,4,-68,-5,7,-70,-6,4,5,0,-43,LTE BAND 3,26,62921.0,7.5,7655,nan,0,1.18,0.0000
1743480824.6119573,LTE,CONNECT,FDD,48D2C04,-72,-7,19,-16,-72,-7,1,-76,-10,0,5,1,-46,LTE BAND 1,26,62917.0,7.5,7655,nan,0,1.18,0.0000
1743480825.7181194,LTE,CONNECT,FDD,48D2C04,-71,-7,10,-15,-71,-7,1,-71,-7,1,5,0,-45,LTE BAND 1,25,20965.0,2.5,2551,nan,0,1.18,0.0000
1743480826.8399315,LTE,CONNECT,FDD,48D2C04,-72,-7,10,-10,-72,-7,1,-72,-7,1,5,0,-45,LTE BAND 1,25,20966.0,2.5,2551,nan,0,1.22,0.0000
1743480827.9332342,LTE,CONNECT,FDD,48D2C04,-71,-7,10,-4,-71,-7,1,-71,-7,1,5,0,-45,LTE BAND 1,25,41951.0,5.0,5104,nan,0,1.26,0.0000
1743480828.983738,LTE,CONNECT,FDD,48D2C04,-71,-6,17,-4,-71,-6,1,-71,-6,1,5,0,-45,LTE BAND 1,25,52425.0,6.25,6378,nan,0,1.31,0.0000
1743480830.0573409,LTE,CONNECT,FDD,48D2C04,-71,-7,10,-4,-71,-7,1,-75,-11,0,5,0,-45,LTE BAND 1,25,52429.0,6.25,6379,nan,0,1.39,0.0000
1743480831.1197896,LTE,CONNECT,FDD,48D2C04,-71,-7,17,-4,-71,-7,1,-75,-11,0,5,0,-45,LTE BAND 1,25,52433.0,6.25,6379,nan,0,1.49,0.0000
1743480832.229652,LTE,CONNECT,FDD,48D2C04,-72,-6,16,-3,-72,-6,1,-72,-6,1,5,0,-46,LTE BAND 1,25,52426.0,6.25,6378,nan,0,1.61,0.0000
1743480833.3088844,LTE,CONNECT,FDD,48D2C04,-72,-7,18,-3,-72,-7,1,-72,-7,1,5,0,-46,LTE BAND 1,25,52428.0,6.25,6379,nan,0,1.76,0.0000
1743480834.3895795,LTE,CONNECT,FDD,48D2C04,-72,-7,13,-3,-60,-3,24,-80,-11,5,5,0,-46,LTE BAND 1,25,52435.0,6.25,6348,nan,22,1.72,0.0000
1743480835.4878678,LTE,CONNECT,FDD,48D2C33,-68,-6,12,-15,-68,-6,7,-70,-6,4,5,1,-42,LTE BAND 3,25,31446.0,3.75,3772,nan,38,984.0,0.0000
1743480836.587683,LTE,CONNECT,FDD,48D2C33,-68,-5,13,-10,-68,-5,7,-69,-6,4,5,0,-43,LTE BAND 3,25,20980.0,2.5,2553,nan,0,1.02,0.0000
1743480837.725126,LTE,CONNECT,FDD,48D2C33,-68,-6,13,-5,-68,-6,7,-70,-6,4,5,0,-42,LTE BAND 3,25,20970.0,2.5,2551,nan,0,1.08,0.0000
1743480838.8518162,LTE,CONNECT,FDD,48D2C33,-67,-5,15,-6,-67,-5,7,-69,-6,4,5,0,-43,LTE BAND 3,25,41945.0,5.0,5103,nan,0,1.13,0.0000
1743480839.9180923,LTE,CONNECT,FDD,48D2C33,-67,-5,14,-6,-67,-5,7,-69,-6,4,5,0,-43,LTE BAND 3,25,31453.0,3.75,3827,nan,0,1.14,0.0000
1743480841.0465715,LTE,CONNECT,FDD,48D2C33,-67,-7,16,-10,-67,-7,7,-69,-7,4,5,0,-39,LTE BAND 3,25,41944.0,5.0,5103,nan,0,1.14,0.0000
1743480842.1231554,LTE,CONNECT,FDD,48D2C33,-68,-5,14,-5,-68,-5,7,-70,-6,4,5,0,-43,LTE BAND 3,25,41948.0,5.0,5104,nan,0,1.14,0.0000
1743480843.2238085,LTE,CONNECT,FDD,48D2C33,-67,-5,14,-6,-67,-5,7,-69,-6,4,5,0,-43,LTE BAND 3,25,41944.0,5.0,5103,nan,0,1.14,0.0000
1743480844.340034,LTE,CONNECT,FDD,48D2C33,-67,-5,13,-5,-60,-3,24,-79,-9,6,5,0,-43,LTE BAND 3,25,31446.0,3.75,3826,nan,0,1.15,0.0000
1743480845.4908972,LTE,CONNECT,FDD,48D2C04,-72,-7,16,-15,-72,-7,1,-75,-10,0,5,1,-46,LTE BAND 1,25,31455.0,3.75,3827,nan,0,1.16,0.0000
1743480846.5653217,LTE,CONNECT,FDD,48D2C04,-71,-6,14,-12,-71,-6,1,-75,-10,0,5,0,-46,LTE BAND 1,25,10486.0,1.25,1276,nan,0,1.17,0.0000
1743480847.660825,LTE,CONNECT,FDD,48D2C04,-72,-7,16,-3,-72,-7,1,-75,-10,0,5,0,-46,LTE BAND 1,25,31464.0,3.75,3828,nan,0,1.21,0.0000
1743480848.7443783,LTE,CONNECT,FDD,48D2C04,-72,-7,15,-3,-72,-7,1,-75,-10,0,5,0,-46,LTE BAND 1,25,52434.0,6.25,6379,nan,0,1.26,0.0000
1743480849.8248675,LTE,CONNECT,FDD,48D2C04,-72,-7,14,-3,-72,-7,1,-75,-10,0,5,0,-45,LTE BAND 1,25,52431.0,6.25,6379,nan,0,1.42,0.0000
1743480850.9449086,LTE,CONNECT,FDD,48D2C04,-72,-7,10,-4,-72,-7,1,-75,-10,0,5,0,-45,LTE BAND 1,25,52428.0,6.25,6379,nan,0,1.54,0.0000
1743480852.0141015,LTE,CONNECT,FDD,48D2C04,-72,-7,17,-3,-72,-7,1,-75,-10,0,5,0,-46,LTE BAND 1,25,52426.0,6.25,6378,nan,0,1.68,0.0000
1743480853.1396751,LTE,CONNECT,FDD,48D2C04,-72,-7,17,-3,-72,-7,1,-76,-11,0,5,0,-46,LTE BAND 1,25,52434.0,6.25,6379,nan,0,1.85,0.0000
1743480854.2331276,LTE,CONNECT,FDD,48D2C04,-72,-7,9,-3,-61,-3,23,-80,-8,7,5,0,-46,LTE BAND 3,25,31455.0,3.75,3729,nan,69,1.37,0.0000
1743480855.3281915,LTE,CONNECT,FDD,48D2C33,-68,-5,16,-13,-68,-5,8,-73,-10,2,5,1,-43,LTE BAND 3,25,41944.0,5.0,5103,nan,0,1.46,0.0000
1743480856.467254,LTE,CONNECT,FDD,48D2C33,-68,-5,17,-4,-68,-5,8,-69,-6,4,5,0,-43,LTE BAND 3,25,20970.0,2.5,2551,nan,0,1.59,0.0000
1743480857.5516515,LTE,CONNECT,FDD,48D2C33,-68,-5,15,-3,-68,-5,8,-70,-6,4,5,0,-43,LTE BAND 3,25,41948.0,5.0,5104,nan,0,1.71,0.0000
1743480858.639933,LTE,CONNECT,FDD,48D2C33,-68,-5,9,-3,-68,-5,8,-70,-6,4,5,0,-43,LTE BAND 3,25,41940.0,5.0,5103,nan,0,1.8,0.0000
1743480859.741274,LTE,CONNECT,FDD,48D2C33,-67,-5,14,-4,-67,-5,8,-69,-6,4,5,0,-43,LTE BAND 3,25,41941.0,5.0,5076,nan,19,1.33,0.0000
1743480860.8678792,LTE,CONNECT,FDD,48D2C33,-66,-5,11,-5,-66,-5,8,-74,-10,0,5,0,-42,LTE BAND 3,25,41941.0,5.0,5103,nan,0,1.41,0.0000
1743480861.9411292,LTE,CONNECT,FDD,48D2C33,-67,-6,9,-4,-67,-6,8,-72,-10,1,5,0,-42,LTE BAND 3,25,41940.0,5.0,5103,nan,0,1.48,0.0000
1743480863.057886,LTE,CONNECT,FDD,48D2C33,-68,-7,8,-3,-67,-6,8,-72,-11,1,5,0,-42,LTE BAND 3,25,41944.0,5.0,5103,nan,0,1.52,0.0000
1743480864.1323009,LTE,CONNECT,FDD,48D2C33,-68,-6,9,-3,-63,-3,20,-80,-11,6,5,0,-42,LTE BAND 3,25,52435.0,6.25,6380,nan,0,1.56,0.0000
1743480865.2451112,LTE,CONNECT,FDD,48D2C04,-69,-6,17,-12,-69,-6,1,-75,-12,-1,5,1,-43,LTE BAND 1,25,20961.0,2.5,2550,nan,0,1.57,0.0000
1743480866.3368828,LTE,CONNECT,FDD,48D2C04,-69,-7,17,-5,-69,-7,1,-69,-7,1,5,0,-43,LTE BAND 1,25,31472.0,3.75,3829,nan,0,1.58,0.0000
1743480867.4372087,LTE,CONNECT,FDD,48D2C04,-73,-7,14,-2,-73,-7,1,-75,-10,1,5,0,-46,LTE BAND 1,25,41939.0,5.0,5103,nan,0,1.59,0.0000
1743480868.5447824,LTE,CONNECT,FDD,48D2C04,-72,-7,17,-3,-72,-7,1,-76,-11,1,5,0,-46,LTE BAND 1,25,52436.0,6.25,6380,nan,0,1.59,0.0000
1743480869.667175,LTE,CONNECT,FDD,48D2C04,-71,-6,14,-4,-71,-6,1,-76,-11,0,5,0,-46,LTE BAND 1,25,52429.0,6.25,6379,nan,0,1.59,0.0000
1743480870.7709842,LTE,CONNECT,FDD,48D2C04,-73,-7,16,-1,-72,-7,1,-76,-10,1,5,0,-46,LTE BAND 1,25,41940.0,5.0,5103,nan,0,1.6,0.0000
1743480871.8381202,LTE,CONNECT,FDD,48D2C04,-72,-7,16,-3,-72,-7,1,-72,-7,1,5,0,-46,LTE BAND 1,25,52429.0,6.25,6379,nan,0,1.62,0.0000
1743480872.8937964,LTE,CONNECT,FDD,48D2C04,-73,-7,20,-2,-73,-7,1,-77,-11,0,5,0,-46,LTE BAND 1,25,52432.0,6.25,6379,nan,0,1.66,0.0000
1743480874.0131385,LTE,CONNECT,FDD,48D2C04,-72,-6,18,-3,-62,-4,21,-84,-14,2,5,0,-46,LTE BAND 1,25,52432.0,6.25,6379,nan,0,1.71,0.0000
1743480875.1260655,LTE,CONNECT,FDD,48D2C33,-69,-6,10,-14,-69,-6,9,-70,-6,5,5,1,-43,LTE BAND 3,25,20961.0,2.5,2550,nan,0,1.75,0.0000
1743480876.2405014,LTE,CONNECT,FDD,48D2C33,-69,-6,11,-10,-69,-6,9,-70,-6,5,5,0,-42,LTE BAND 3,25,10484.0,1.25,1258,nan,12,1.28,0.0000
1743480877.3408594,LTE,CONNECT,FDD,48D2C33,-68,-6,14,-5,-68,-6,9,-70,-6,5,5,0,-42,LTE BAND 3,25,41971.0,5.0,5106,nan,0,1.34,0.0000
1743480878.4497573,LTE,CONNECT,FDD,48D2C33,-68,-6,14,-5,-68,-6,9,-70,-6,5,5,0,-42,LTE BAND 3,25,41944.0,5.0,5103,nan,0,1.46,0.0000
1743480879.5519547,LTE,CONNECT,FDD,48D2C33,-68,-5,17,-5,-68,-5,9,-70,-6,5,5,0,-43,LTE BAND 3,25,31454.0,3.75,3827,nan,0,1.56,0.0000
1743480880.6471136,LTE,CONNECT,FDD,48D2C33,-68,-5,15,-5,-68,-5,9,-70,-6,5,5,0,-43,LTE BAND 3,25,41950.0,5.0,5104,nan,0,1.63,0.0000
1743480881.7256415,LTE,CONNECT,FDD,48D2C33,-68,-5,11,-5,-68,-5,9,-70,-6,5,5,0,-43,LTE BAND 3,25,31453.0,3.75,3827,nan,0,1.68,0.0000
1743480882.8204365,LTE,CONNECT,FDD,48D2C33,-68,-5,10,-5,-68,-5,9,-70,-6,5,5,0,-43,LTE BAND 3,25,31452.0,3.75,3827,nan,0,1.75,0.0000
1743480883.9501796,LTE,CONNECT,FDD,48D2C33,-68,-6,12,-5,-68,-6,17,-73,-9,8,5,0,-43,LTE BAND 3,25,41944.0,5.0,5103,nan,0,1.76,0.0000
1743480885.012682,LTE,CONNECT,FDD,48D2C04,-72,-7,17,-16,-72,-7,1,-76,-11,0,5,1,-45,LTE BAND 1,25,10481.0,1.25,1275,nan,0,1.77,0.0000
1743480886.1406636,LTE,CONNECT,FDD,48D2C04,-71,-7,17,-13,-71,-7,1,-75,-11,0,5,0,-44,LTE BAND 1,25,10483.0,1.25,1208,nan,47,1.25,0.0001
1743480887.2704184,LTE,CONNECT,FDD,48D2C04,-71,-7,16,-9,-71,-7,1,-75,-11,0,5,0,-44,LTE BAND 1,25,41981.0,5.0,5108,nan,0,1.29,0.0000
1743480888.4121406,LTE,CONNECT,FDD,48D2C04,-72,-7,19,-4,-72,-7,1,-75,-10,0,5,0,-46,LTE BAND 1,25,31452.0,3.75,3827,nan,0,1.37,0.0000
1743480889.5316427,LTE,CONNECT,FDD,48D2C04,-72,-7,19,-3,-72,-7,1,-76,-11,0,5,0,-45,LTE BAND 1,25,52431.0,6.25,6379,nan,0,1.42,0.0000
1743480890.6132593,LTE,CONNECT,FDD,48D2C04,-71,-7,19,-4,-71,-7,1,-71,-7,1,5,0,-45,LTE BAND 1,25,52426.0,6.25,6378,nan,0,1.46,0.0000
1743480891.6753016,LTE,CONNECT,FDD,48D2C04,-71,-7,11,-4,-71,-7,1,-71,-7,1,5,0,-45,LTE BAND 1,25,52435.0,6.25,6380,nan,0,1.48,0.0000
1743480892.755032,LTE,CONNECT,FDD,48D2C04,-72,-8,10,-3,-72,-8,1,-75,-11,0,5,0,-45,LTE BAND 1,25,41934.0,5.0,5102,nan,0,1.5,0.0000
1743480893.838345,LTE,CONNECT,FDD,48D2C04,-71,-6,9,-4,-71,-6,1,-75,-10,0,5,0,-45,LTE BAND 1,25,52429.0,6.25,6379,nan,0,1.5,0.0000
1743480894.9462206,LTE,CONNECT,FDD,48D2C33,-68,-6,19,-13,-68,-6,9,-69,-6,5,5,1,-43,LTE BAND 3,25,31449.0,3.75,3826,nan,0,1.5,0.0000
1743480896.0604846,LTE,CONNECT,FDD,48D2C33,-68,-6,12,-14,-68,-6,9,-69,-6,5,5,0,-42,LTE BAND 3,25,10483.0,1.25,1275,nan,0,1.51,0.0000
1743480897.1362138,LTE,CONNECT,FDD,48D2C33,-68,-6,15,-3,-68,-6,9,-69,-6,5,5,0,-43,LTE BAND 3,25,31473.0,3.75,3829,nan,0,1.51,0.0000
1743480898.212222,LTE,CONNECT,FDD,48D2C33,-68,-6,15,-3,-68,-6,9,-69,-6,5,5,0,-43,LTE BAND 3,25,41943.0,5.0,5103,nan,0,1.53,0.0000
1743480899.2743804,LTE,CONNECT,FDD,48D2C33,-68,-6,15,-3,-68,-6,9,-69,-6,5,5,0,-43,LTE BAND 3,25,52427.0,6.25,6379,nan,0,1.56,0.0000
1743480900.3767753,LTE,CONNECT,FDD,48D2C33,-68,-6,15,-4,-68,-6,9,-69,-6,5,5,0,-43,LTE BAND 3,25,41944.0,5.0,5103,nan,0,1.6,0.0000
1743480901.4314046,LTE,CONNECT,FDD,48D2C33,-67,-5,16,-4,-67,-5,9,-69,-7,5,5,0,-42,LTE BAND 3,25,52433.0,6.25,6379,nan,0,1.66,0.0000
1743480902.486385,LTE,CONNECT,FDD,48D2C33,-67,-5,16,-4,-67,-5,9,-69,-8,5,5,0,-42,LTE BAND 3,25,52431.0,6.25,6379,nan,0,1.73,0.0000
1743480903.537411,LTE,CONNECT,FDD,48D2C33,-68,-6,14,-3,-68,-6,14,-76,-8,7,5,0,-42,LTE BAND 3,25,52427.0,6.25,6379,nan,0,1.84,0.0000
1743480904.64835,LTE,CONNECT,FDD,48D2C04,-71,-7,18,-17,-71,-7,1,-71,-7,1,5,1,-45,LTE BAND 1,25,31446.0,3.75,3749,nan,54,1.43,0.0000
1743480905.7080028,LTE,CONNECT,FDD,48D2C04,-73,-7,20,-3,-73,-7,1,-76,-10,0,5,0,-46,LTE BAND 1,25,20977.0,2.5,2505,nan,33,1.35,0.0000
1743480906.8158762,LTE,CONNECT,FDD,48D2C04,-72,-6,20,-3,-72,-6,1,-76,-10,0,5,0,-46,LTE BAND 1,25,52424.0,6.25,6378,nan,0,1.61,0.0000
1743480907.8932676,LTE,CONNECT,FDD,48D2C04,-71,-6,19,-3,-71,-6,1,-75,-10,0,5,0,-46,LTE BAND 1,25,62924.0,7.5,7656,nan,0,1.71,0.0000
1743480908.9625628,LTE,CONNECT,FDD,48D2C04,-72,-6,18,-4,-72,-6,1,-72,-6,1,5,0,-46,LTE BAND 1,25,52433.0,6.25,6379,nan,0,1.79,0.0000
1743480910.0525448,LTE,CONNECT,FDD,48D2C04,-72,-7,10,-3,-72,-7,1,-76,-10,0,5,0,-46,LTE BAND 1,25,41931.0,5.0,5102,nan,0,1.84,0.0000
1743480911.133998,LTE,CONNECT,FDD,48D2C04,-72,-6,13,-3,-72,-6,1,-72,-6,1,5,0,-46,LTE BAND 1,25,62929.0,7.5,7656,nan,0,1.88,0.0000
1743480912.1805809,LTE,CONNECT,FDD,48D2C04,-72,-6,19,-4,-72,-6,1,-72,-6,1,5,0,-46,LTE BAND 1,25,52431.0,6.25,6346,nan,23,1.34,0.0000
1743480913.2365282,LTE,CONNECT,FDD,48D2C04,-72,-6,20,-3,-72,-6,1,-72,-6,1,5,0,-46,LTE BAND 1,25,52428.0,6.25,6379,nan,0,1.42,0.0000
1743480914.3415782,LTE,CONNECT,FDD,48D2C04,-72,-6,18,-3,-61,-3,22,-76,-10,8,5,0,-47,LTE BAND 1,25,41936.0,5.0,5102,nan,0,1.49,0.0000
1743480915.4564216,LTE,CONNECT,FDD,48D2C33,-68,-6,17,-17,-68,-6,5,-69,-7,3,5,1,-43,LTE BAND 3,25,31447.0,3.75,3826,nan,0,1.53,0.0000
1743480916.5375836,LTE,CONNECT,FDD,48D2C33,-68,-6,10,-13,-68,-6,5,-69,-7,3,5,0,-42,LTE BAND 3,25,20976.0,2.5,2552,nan,0,1.55,0.0000
1743480917.666275,LTE,CONNECT,FDD,48D2C33,-67,-6,16,-6,-67,-6,5,-69,-7,3,5,0,-42,LTE BAND 3,25,20973.0,2.5,2552,nan,0,1.58,0.0000
1743480918.7914746,LTE,CONNECT,FDD,48D2C33,-68,-6,14,-5,-68,-6,5,-69,-7,3,5,0,-43,LTE BAND 3,25,41948.0,5.0,5104,nan,0,1.6,0.0000
1743480919.8959258,LTE,CONNECT,FDD,48D2C33,-69,-6,12,-4,-69,-6,5,-70,-7,3,5,0,-43,LTE BAND 3,25,52435.0,6.25,6380,nan,0,1.6,0.0000
1743480920.9852352,LTE,CONNECT,FDD,48D2C33,-69,-6,9,-4,-69,-6,5,-70,-8,3,5,0,-43,LTE BAND 3,25,41941.0,5.0,5103,nan,0,1.6,0.0000
1743480922.09646,LTE,CONNECT,FDD,48D2C33,-69,-5,13,-5,-69,-6,5,-70,-7,3,5,0,-44,LTE BAND 3,25,52429.0,6.25,6379,nan,0,1.61,0.0000
1743480923.2211378,LTE,CONNECT,FDD,48D2C33,-69,-6,14,-4,-69,-6,5,-70,-7,3,5,0,-43,LTE BAND 3,25,52433.0,6.25,6379,nan,0,1.62,0.0000
1743480924.3362386,LTE,CONNECT,FDD,48D2C33,-69,-5,13,-5,-62,-3,22,-77,-9,8,5,0,-44,LTE BAND 3,25,41946.0,5.0,5103,nan,0,1.63,0.0000
1743480925.428434,LTE,CONNECT,FDD,510781F,-82,-24,-8,22,-62,-3,23,-72,-13,12,5,1,-50,LTE BAND 3,25,20962.0,2.5,2121,nan,301,253.0,0.0002
1743480926.5278714,LTE,CONNECT,FDD,510781F,-82,-24,-6,22,-61,-4,23,-71,-14,12,5,0,-53,LTE BAND 3,25,10487.0,1.25,43,nan,865,670.0,0.0010
1743480927.6247199,LTE,CONNECT,FDD,510781F,-85,-25,-5,22,-63,-3,23,-74,-14,12,5,0,-48,LTE BAND 3,25,10487.0,1.25,1276,nan,0,1.19,0.0000
1743480928.6918657,LTE,CONNECT,FDD,48D2C04,327,327,-4,22,327,327,23,131,161,12,5,1,-50,LTE BAND 1,25,0.0,0.0,0,nan,0,1.28,0.0000
1743480929.8143218,LTE,CONNECT,FDD,48D2C04,-72,-7,20,-3,-72,-7,1,-76,-11,1,5,0,-44,LTE BAND 1,25,0.0,0.0,-595,nan,417,174.0,0.0000
1743480930.9463792,LTE,CONNECT,FDD,48D2C04,-70,-7,21,-3,-70,-7,1,-74,-11,0,5,0,-43,LTE BAND 1,25,20989.0,2.5,1760,nan,557,955.0,0.0003
1743480932.1132357,LTE,CONNECT,FDD,48D2C04,-73,-7,17,-1,-73,-7,1,-76,-10,0,5,0,-46,LTE BAND 1,25,52424.0,6.25,6378,nan,0,1023.0,0.0000
1743480933.1995437,LTE,CONNECT,FDD,48D2C04,-73,-7,18,-1,-73,-7,1,-76,-10,0,5,0,-46,LTE BAND 1,25,52428.0,6.25,6379,nan,0,1.05,0.0000
1743480934.312233,LTE,CONNECT,FDD,48D2C04,-73,-7,17,-1,-73,-7,1,-75,-10,0,5,0,-46,LTE BAND 1,25,52438.0,6.25,6380,nan,0,1.08,0.0000
1743480935.4609792,LTE,CONNECT,FDD,48D2C04,-73,-7,17,-1,-73,-7,1,-75,-9,0,5,0,-46,LTE BAND 1,25,62826.0,7.5,7644,nan,0,1.1,0.0000
1743480936.6002152,LTE,CONNECT,FDD,48D2C04,-72,-7,18,-2,-72,-7,1,-75,-10,0,5,0,-45,LTE BAND 1,25,52508.0,6.25,6388,nan,0,1.11,0.0000
1743480937.7140002,LTE,CONNECT,FDD,48D2C04,-72,-7,16,-2,-72,-7,1,-75,-10,0,5,0,-46,LTE BAND 1,25,52429.0,6.25,6379,nan,0,1.12,0.0000
1743480938.7857397,LTE,CONNECT,FDD,48D2C04,-73,-9,16,-1,-72,-8,1,-75,-11,0,5,0,-46,LTE BAND 1,25,52432.0,6.25,6379,nan,0,1.12,0.0000
1743480939.9034507,LTE,CONNECT,FDD,48D2C04,-73,-7,16,-1,-73,-7,1,-75,-10,0,5,0,-46,LTE BAND 1,25,52423.0,6.25,6378,nan,0,1.12,0.0000
1743480941.026238,LTE,CONNECT,FDD,48D2C04,-72,-7,16,-1,-72,-7,1,-75,-10,0,5,0,-46,LTE BAND 1,25,52424.0,6.25,6378,nan,0,1.13,0.0000
1743480942.0989301,LTE,CONNECT,FDD,48D2C04,-73,-7,16,0,-73,-8,1,-75,-10,0,5,0,-45,LTE BAND 1,25,62924.0,7.5,7656,nan,0,1.15,0.0000
1743480943.1770856,LTE,CONNECT,FDD,48D2C04,-73,-7,16,-1,-73,-7,1,-75,-9,0,5,0,-46,LTE BAND 1,25,62907.0,7.5,7654,nan,0,1.18,0.0000
1743480944.2390385,LTE,CONNECT,FDD,48D2C04,-73,-7,18,0,-69,-4,17,-76,-8,6,5,0,-47,LTE BAND 1,25,62926.0,7.5,7656,nan,0,1.23,0.0000
1743480945.3116271,LTE,CONNECT,FDD,48D2C33,-68,-6,14,-16,-68,-6,6,-69,-7,3,5,1,-43,LTE BAND 3,25,31444.0,3.75,3826,nan,0,1.27,0.0000
1743480946.4095883,LTE,CONNECT,FDD,48D2C33,-68,-5,11,-13,-68,-5,6,-69,-6,3,5,0,-43,LTE BAND 3,25,20978.0,2.5,2552,nan,0,1.34,0.0000
1743480947.4820852,LTE,CONNECT,FDD,48D2C33,-68,-6,12,-5,-68,-6,6,-73,-11,0,5,0,-43,LTE BAND 3,25,20967.0,2.5,2551,nan,0,1.46,0.0000
1743480948.5418332,LTE,CONNECT,FDD,48D2C33,-67,-5,16,-5,-67,-5,6,-69,-7,3,5,0,-43,LTE BAND 3,25,52442.0,6.25,6380,nan,0,1.61,0.0000
1743480949.6585317,LTE,CONNECT,FDD,48D2C33,-68,-6,12,-5,-68,-6,6,-69,-7,3,5,0,-43,LTE BAND 3,25,41947.0,5.0,5104,nan,0,1.77,0.0000
1743480950.7173562,LTE,CONNECT,FDD,48D2C33,-68,-6,12,-5,-68,-6,6,-70,-7,3,5,0,-42,LTE BAND 3,25,31443.0,3.75,3801,nan,17,1.65,0.0000
1743480951.8299727,LTE,CONNECT,FDD,48D2C33,-68,-6,17,-6,-68,-6,6,-69,-7,3,5,0,-43,LTE BAND 3,25,52436.0,6.25,6380,nan,0,1.56,0.0000
1743480952.927095,LTE,CONNECT,FDD,48D2C33,-68,-6,16,-5,-68,-6,6,-69,-6,3,5,0,-42,LTE BAND 3,25,41942.0,5.0,5103,nan,0,1.67,0.0000
1743480953.9743874,LTE,CONNECT,FDD,48D2C33,-68,-6,12,-5,-62,-3,22,-71,-7,10,5,0,-42,LTE BAND 3,25,31447.0,3.75,3826,nan,0,1.75,0.0000
1743480955.0538802,LTE,CONNECT,FDD,48D2C04,-72,-8,16,-17,-72,-8,1,-75,-11,0,5,1,-45,LTE BAND 1,25,31464.0,3.75,3828,nan,0,1.8,0.0000
1743480956.1959522,LTE,CONNECT,FDD,48D2C04,-71,-7,20,-15,-72,-7,1,-75,-11,0,5,0,-45,LTE BAND 1,25,10488.0,1.25,1210,nan,46,1.28,0.0001
1743480957.3124804,LTE,CONNECT,FDD,48D2C04,-72,-7,19,-9,-72,-7,1,-75,-9,0,5,0,-46,LTE BAND 1,25,31452.0,3.75,3818,nan,6,1.3,0.0000
1743480958.4598858,LTE,CONNECT,FDD,48D2C04,-72,-7,17,-4,-72,-7,1,-75,-10,0,5,0,-46,LTE BAND 1,25,41949.0,5.0,5104,nan,0,1.38,0.0000
1743480959.5446625,LTE,CONNECT,FDD,48D2C04,-72,-7,18,-2,-72,-7,1,-75,-10,0,5,0,-47,LTE BAND 1,25,52425.0,6.25,6378,nan,0,1.45,0.0000
1743480960.6558373,LTE,CONNECT,FDD,48D2C04,-73,-7,18,-2,-73,-7,1,-76,-10,0,5,0,-46,LTE BAND 1,25,52427.0,6.25,6379,nan,0,1.49,0.0000
1743480961.7167513,LTE,CONNECT,FDD,48D2C04,-72,-7,15,-1,-72,-7,1,-75,-10,0,5,0,-46,LTE BAND 1,25,62916.0,7.5,7655,nan,0,1.52,0.0000
1743480962.7906942,LTE,CONNECT,FDD,48D2C04,-72,-9,15,1,-72,-9,1,-75,-12,0,5,0,-44,LTE BAND 1,25,41939.0,5.0,5103,nan,0,1.55,0.0000
1743480963.874093,LTE,CONNECT,FDD,48D2C04,-73,-8,17,1,-73,-8,1,-76,-11,0,5,0,-46,LTE BAND 1,25,62928.0,7.5,7656,nan,0,1.55,0.0000
1743480964.9461944,LTE,CONNECT,FDD,48D2C04,-73,-7,16,0,-73,-7,1,-75,-9,0,5,0,-47,LTE BAND 1,25,62916.0,7.5,7655,nan,0,1.55,0.0000
1743480965.999125,LTE,CONNECT,FDD,48D2C04,-72,-7,18,0,-72,-7,1,-75,-9,0,5,0,-46,LTE BAND 1,25,62913.0,7.5,7654,nan,0,1.55,0.0000
1743480967.0985727,LTE,CONNECT,FDD,48D2C04,-72,-7,18,0,-72,-7,1,-75,-9,0,5,0,-46,LTE BAND 1,25,62912.0,7.5,7654,nan,0,1.56,0.0000
1743480968.1884298,LTE,CONNECT,FDD,48D2C04,-73,-7,16,-1,-73,-7,1,-75,-9,0,5,0,-46,LTE BAND 1,25,62913.0,7.5,7654,nan,0,1.57,0.0000
1743480969.304806,LTE,CONNECT,FDD,48D2C04,-73,-7,16,-1,-73,-7,1,-76,-10,0,5,0,-46,LTE BAND 1,25,62916.0,7.5,7655,nan,0,1.59,0.0000
1743480970.3871567,LTE,CONNECT,FDD,48D2C04,-73,-7,18,1,-73,-7,1,-76,-10,0,5,0,-46,LTE BAND 1,25,62914.0,7.5,7655,nan,0,1.63,0.0000
1743480971.4551077,LTE,CONNECT,FDD,48D2C04,-73,-7,14,0,-73,-7,1,-75,-10,0,5,0,-46,LTE BAND 1,25,62922.0,7.5,7656,nan,0,1.68,0.0000
1743480972.5153487,LTE,CONNECT,FDD,48D2C04,-72,-7,16,-1,-72,-7,1,-75,-10,0,5,0,-45,LTE BAND 1,25,62913.0,7.5,7654,nan,0,1.75,0.0000
1743480973.6099718,LTE,CONNECT,FDD,48D2C04,-72,-7,18,-1,-72,-7,1,-76,-11,0,5,0,-46,LTE BAND 1,25,62903.0,7.5,7653,nan,0,1.84,0.0000
1743480974.7220035,LTE,CONNECT,FDD,48D2C04,-73,-7,17,0,-73,-7,1,-76,-10,0,5,0,-46,LTE BAND 1,25,62923.0,7.5,7656,nan,0,1.96,0.0000
1743480975.8052225,LTE,CONNECT,FDD,48D2C04,-73,-7,17,-1,-73,-7,1,-76,-10,0,5,0,-46,LTE BAND 1,25,62914.0,7.5,7655,nan,0,1.59,0.0000
1743480976.8952482,LTE,CONNECT,FDD,48D2C04,-73,-7,14,-1,-73,-7,1,-75,-10,0,5,0,-46,LTE BAND 1,25,62918.0,7.5,7655,nan,0,1.7,0.0000
1743480978.0112846,LTE,CONNECT,FDD,48D2C04,-73,-7,19,-1,-73,-8,1,-76,-10,0,5,0,-46,LTE BAND 1,25,62908.0,7.5,7654,nan,0,1.79,0.0000
1743480979.0908463,LTE,CONNECT,FDD,48D2C04,-73,-7,17,-1,-72,-7,1,-75,-10,0,5,0,-45,LTE BAND 1,25,62914.0,7.5,7655,nan,0,1.85,0.0000
1743480980.1891518,LTE,CONNECT,FDD,48D2C04,-72,-7,18,-1,-72,-7,1,-75,-10,0,5,0,-45,LTE BAND 1,25,62923.0,7.5,7656,nan,0,1.9,0.0000
1743480981.258777,LTE,CONNECT,FDD,48D2C04,-73,-7,16,0,-73,-7,1,-75,-9,0,5,0,-47,LTE BAND 1,25,62915.0,7.5,7655,nan,0,1.93,0.0000
1743480982.3527622,LTE,CONNECT,FDD,48D2C04,-73,-7,16,-1,-73,-7,1,-75,-9,0,5,0,-47,LTE BAND 1,25,62914.0,7.5,7588,nan,47,1.41,0.0000
1743480983.4804015,LTE,CONNECT,FDD,48D2C04,-73,-7,15,0,-73,-7,1,-75,-10,0,5,0,-46,LTE BAND 1,25,62916.0,7.5,7655,nan,0,1.49,0.0000
1743480984.5714476,LTE,CONNECT,FDD,48D2C04,-73,-7,17,0,-73,-7,1,-75,-9,0,5,0,-46,LTE BAND 1,25,52414.0,6.25,6377,nan,0,1.55,0.0000
1743480985.6568482,LTE,CONNECT,FDD,48D2C04,-73,-7,17,-1,-73,-7,1,-75,-9,0,5,0,-46,LTE BAND 1,25,62915.0,7.5,7655,nan,0,1.59,0.0000
1743480986.7343297,LTE,CONNECT,FDD,48D2C04,-73,-7,17,-1,-73,-7,1,-75,-9,0,5,0,-46,LTE BAND 1,25,62915.0,7.5,7655,nan,0,1.62,0.0000
1743480987.824708,LTE,CONNECT,FDD,48D2C04,-73,-7,18,1,-73,-7,1,-75,-9,0,5,0,-46,LTE BAND 1,25,62912.0,7.5,7654,nan,0,1.64,0.0000
1743480988.91863,LTE,CONNECT,FDD,48D2C04,-72,-7,17,-1,-72,-7,1,-75,-10,0,5,0,-45,LTE BAND 1,25,62914.0,7.5,7655,nan,0,1.64,0.0000
1743480989.9789407,LTE,CONNECT,FDD,48D2C04,-72,-8,17,-1,-72,-8,1,-75,-11,0,5,0,-45,LTE BAND 1,25,62917.0,7.5,7655,nan,0,1.64,0.0000
1743480991.101494,LTE,CONNECT,FDD,48D2C04,-72,-8,17,0,-72,-7,1,-75,-10,0,5,0,-45,LTE BAND 1,25,62924.0,7.5,7656,nan,0,1.64,0.0000
1743480992.2154512,LTE,CONNECT,FDD,48D2C04,-72,-7,17,0,-72,-7,1,-75,-10,0,5,0,-45,LTE BAND 1,25,62909.0,7.5,7654,nan,0,1.65,0.0000
1743480993.2821949,LTE,CONNECT,FDD,48D2C04,-72,-7,8,-1,-72,-7,1,-75,-10,0,5,0,-45,LTE BAND 1,25,62913.0,7.5,7654,nan,0,1.66,0.0000
1743480994.3574655,LTE,CONNECT,FDD,48D2C04,-71,-8,17,0,-71,-8,1,-75,-11,0,5,0,-44,LTE BAND 1,25,62913.0,7.5,7654,nan,0,1.68,0.0000
1743480995.4261804,LTE,CONNECT,FDD,48D2C04,-72,-7,16,-16,-72,-7,1,-75,-10,0,5,0,-45,LTE BAND 1,25,62917.0,7.5,7655,nan,0,1.72,0.0000
1743480996.487641,LTE,CONNECT,FDD,48D2C04,-72,-7,18,2,-72,-7,1,-75,-11,0,5,0,-45,LTE BAND 1,25,62920.0,7.5,7655,nan,0,1.77,0.0000
1743480997.5490139,LTE,CONNECT,FDD,48D2C04,-72,-7,16,1,-72,-7,1,-75,-10,0,5,0,-45,LTE BAND 1,25,62919.0,7.5,7655,nan,0,1.85,0.0000
1743480998.6321876,LTE,CONNECT,FDD,48D2C04,-72,-7,14,0,-72,-7,1,-75,-10,0,5,0,-45,LTE BAND 1,25,62906.0,7.5,7654,nan,0,1.94,0.0000
1743480999.743987,LTE,CONNECT,FDD,48D2C04,-72,-7,12,0,-72,-7,1,-75,-10,0,5,0,-46,LTE BAND 1,25,62917.0,7.5,7635,nan,14,1.43,0.0000
1743481000.8310175,LTE,CONNECT,FDD,48D2C04,-72,-8,8,-1,-72,-8,1,-75,-11,0,5,0,-45,LTE BAND 1,25,62920.0,7.5,7655,nan,0,1.68,0.0000
1743481001.9194171,LTE,CONNECT,FDD,48D2C04,-72,-7,11,0,-72,-7,1,-75,-10,0,5,0,-46,LTE BAND 1,25,62904.0,7.5,7653,nan,0,1.77,0.0000
1743481002.9866943,LTE,CONNECT,FDD,48D2C04,-72,-7,17,1,-72,-7,1,-75,-10,0,5,0,-45,LTE BAND 1,25,62923.0,7.5,7656,nan,0,1.83,0.0000
1743481004.0503404,LTE,CONNECT,FDD,48D2C04,-72,-7,17,0,-72,-7,1,-75,-10,0,5,0,-46,LTE BAND 1,25,62917.0,7.5,7655,nan,0,1.88,0.0000
1743481005.1714451,LTE,CONNECT,FDD,48D2C04,-72,-7,18,-1,-72,-7,1,-75,-10,0,5,0,-46,LTE BAND 1,25,62912.0,7.5,7654,nan,0,1.91,0.0000
1743481006.2977512,LTE,CONNECT,FDD,48D2C04,-72,-7,18,0,-72,-7,1,-75,-10,0,5,0,-46,LTE BAND 1,25,52430.0,6.25,6315,nan,45,1.35,0.0000
1743481007.3604493,LTE,CONNECT,FDD,48D2C04,-72,-7,16,-1,-72,-7,1,-75,-10,0,5,0,-46,LTE BAND 1,25,73399.0,8.75,8930,nan,0,1.42,0.0000
1743481008.425273,LTE,CONNECT,FDD,48D2C04,-72,-7,18,0,-72,-7,1,-75,-10,0,5,0,-46,LTE BAND 1,25,62916.0,7.5,7655,nan,0,1.5,0.0000
1743481009.5394137,LTE,CONNECT,FDD,48D2C04,-72,-7,14,0,-72,-7,1,-75,-10,0,5,0,-46,LTE BAND 1,25,62915.0,7.5,7655,nan,0,1.55,0.0000
1743481010.6326115,LTE,CONNECT,FDD,48D2C04,-73,-8,18,0,-73,-8,1,-76,-10,0,5,0,-47,LTE BAND 1,25,52431.0,6.25,6379,nan,0,1.59,0.0000
1743481011.7553012,LTE,CONNECT,FDD,48D2C04,-73,-7,18,-1,-73,-7,1,-75,-10,0,5,0,-46,LTE BAND 1,25,62902.0,7.5,7653,nan,0,1.62,0.0000
1743481012.8561678,LTE,CONNECT,FDD,48D2C04,-73,-7,18,-1,-73,-7,1,-79,-13,-3,5,0,-46,LTE BAND 1,25,62911.0,7.5,7654,nan,0,1.64,0.0000
1743481013.970767,LTE,CONNECT,FDD,48D2C04,-73,-7,16,0,-73,-7,1,-76,-10,0,5,0,-47,LTE BAND 1,25,62918.0,7.5,7655,nan,0,1.64,0.0000
1743481015.0426629,LTE,CONNECT,FDD,48D2C04,-73,-7,19,-2,-73,-7,1,-76,-10,0,5,0,-46,LTE BAND 1,25,62920.0,7.5,7655,nan,0,1.64,0.0000
1743481016.1391551,LTE,CONNECT,FDD,48D2C04,-73,-7,18,-2,-73,-7,1,-75,-10,0,5,0,-46,LTE BAND 1,25,62912.0,7.5,7654,nan,0,1.64,0.0000
1743481017.207382,LTE,CONNECT,FDD,48D2C04,-72,-8,18,-1,-72,-8,1,-75,-11,0,5,0,-46,LTE BAND 1,25,62915.0,7.5,7655,nan,0,1.65,0.0000
1743481018.2611856,LTE,CONNECT,FDD,48D2C04,-73,-7,18,0,-73,-7,1,-76,-10,0,5,0,-46,LTE BAND 1,25,62903.0,7.5,7653,nan,0,1.66,0.0000
1743481019.3528109,LTE,CONNECT,FDD,48D2C04,-73,-6,9,1,-73,-6,1,-76,-9,0,5,0,-48,LTE BAND 1,25,62917.0,7.5,7655,nan,0,1.69,0.0000
1743481020.4707346,LTE,CONNECT,FDD,48D2C04,-72,-7,17,-1,-72,-7,1,-72,-7,1,5,0,-45,LTE BAND 1,25,62924.0,7.5,7656,nan,0,1.73,0.0000
1743481021.5315285,LTE,CONNECT,FDD,48D2C04,-72,-7,18,0,-72,-7,1,-76,-12,0,5,0,-45,LTE BAND 1,25,62916.0,7.5,7655,nan,0,1.78,0.0000
1743481022.6300993,LTE,CONNECT,FDD,48D2C04,-71,-7,19,0,-71,-7,1,-75,-11,0,5,0,-45,LTE BAND 1,25,62910.0,7.5,7654,nan,0,1.86,0.0000
1743481023.7006478,LTE,CONNECT,FDD,48D2C04,-72,-7,16,0,-72,-7,1,-72,-7,1,5,0,-45,LTE BAND 1,25,41931.0,5.0,5083,nan,13,1.35,0.0000
1743481024.765159,LTE,CONNECT,FDD,48D2C04,-72,-8,17,0,-72,-8,1,-76,-12,0,5,0,-46,LTE BAND 1,25,83913.0,10.0,10209,nan,0,1.48,0.0000
1743481025.8275788,LTE,CONNECT,FDD,48D2C04,-72,-7,16,0,-72,-7,1,-76,-11,0,5,0,-45,LTE BAND 1,25,62912.0,7.5,7654,nan,0,1.71,0.0000
1743481026.9324107,LTE,CONNECT,FDD,48D2C04,-73,-7,18,2,-73,-7,1,-77,-11,-1,5,0,-46,LTE BAND 1,25,62914.0,7.5,7655,nan,0,1.79,0.0000
1743481027.9868672,LTE,CONNECT,FDD,48D2C04,-72,-8,9,0,-72,-8,1,-76,-12,0,5,0,-45,LTE BAND 1,25,62912.0,7.5,7654,nan,0,1.85,0.0000
1743481029.1090903,LTE,CONNECT,FDD,48D2C04,-72,-8,9,0,-72,-8,1,-72,-8,1,5,0,-45,LTE BAND 1,25,62916.0,7.5,7655,nan,0,1.89,0.0000
1743481030.214533,LTE,CONNECT,FDD,48D2C04,-72,-8,8,1,-72,-8,1,-76,-12,0,5,0,-45,LTE BAND 1,25,52423.0,6.25,6323,nan,39,1.45,0.0000
1743481031.3289638,LTE,CONNECT,FDD,48D2C04,-73,-7,14,1,-73,-7,1,-76,-11,0,5,0,-46,LTE BAND 1,25,73404.0,8.75,8931,nan,0,1.41,0.0000
1743481032.4346962,LTE,CONNECT,FDD,48D2C04,-72,-7,18,1,-72,-7,1,-76,-11,0,5,0,-46,LTE BAND 1,25,62915.0,7.5,7655,nan,0,1.48,0.0000
1743481033.4904926,LTE,CONNECT,FDD,48D2C04,-72,-7,8,1,-72,-7,1,-76,-11,0,5,0,-46,LTE BAND 1,25,62923.0,7.5,7656,nan,0,1.54,0.0000
1743481034.5447006,LTE,CONNECT,FDD,48D2C04,-73,-7,18,1,-73,-7,1,-76,-10,0,5,0,-46,LTE BAND 1,25,62908.0,7.5,7654,nan,0,1.58,0.0000
1743481035.6408556,LTE,CONNECT,FDD,48D2C04,-73,-7,13,1,-73,-7,1,-76,-10,0,5,0,-46,LTE BAND 1,25,62918.0,7.5,7655,nan,0,1.6,0.0000
1743481036.7642772,LTE,CONNECT,FDD,48D2C04,-73,-8,15,2,-73,-8,1,-76,-11,0,5,0,-46,LTE BAND 1,25,62903.0,7.5,7653,nan,0,1.62,0.0000
1743481037.8573961,LTE,CONNECT,FDD,48D2C04,-72,-7,18,0,-72,-7,1,-76,-11,0,5,0,-45,LTE BAND 1,25,62918.0,7.5,7655,nan,0,1.62,0.0000
1743481038.9483216,LTE,CONNECT,FDD,48D2C04,-71,-7,17,1,-71,-7,1,-76,-12,-1,5,0,-43,LTE BAND 1,25,52420.0,6.25,6378,nan,0,1.62,0.0000
1743481039.9996903,LTE,CONNECT,FDD,48D2C04,-71,-7,18,3,-71,-7,1,-75,-10,1,5,0,-45,LTE BAND 1,25,62916.0,7.5,7655,nan,0,1.62,0.0000
1743481041.0565245,LTE,CONNECT,FDD,48D2C04,-72,-7,10,4,-72,-7,1,-72,-7,1,5,0,-45,LTE BAND 1,25,62920.0,7.5,7655,nan,0,1.63,0.0000
1743481042.1146512,LTE,CONNECT,FDD,48D2C04,-71,-7,10,1,-71,-7,2,-75,-11,1,5,0,-43,LTE BAND 1,25,62913.0,7.5,7654,nan,0,1.65,0.0000
1743481043.2063942,LTE,CONNECT,FDD,48D2C04,-71,-7,14,0,-71,-7,1,-75,-11,0,5,0,-45,LTE BAND 1,25,62909.0,7.5,7654,nan,0,1.67,0.0000
1743481044.3416464,LTE,CONNECT,FDD,48D2C04,-71,-7,13,1,-71,-7,1,-75,-11,0,5,0,-44,LTE BAND 1,25,62922.0,7.5,7656,nan,0,1.71,0.0000
1743481045.4148443,LTE,CONNECT,FDD,48D2C04,-70,-7,11,0,-70,-7,1,-74,-11,0,5,0,-44,LTE BAND 1,25,62914.0,7.5,7655,nan,0,1.77,0.0000
1743481046.5266342,LTE,CONNECT,FDD,48D2C04,-70,-7,9,0,-71,-7,1,-71,-7,1,5,0,-44,LTE BAND 1,25,62914.0,7.5,7655,nan,0,1.85,0.0000
1743481047.5981212,LTE,CONNECT,FDD,48D2C04,-71,-7,16,0,-71,-7,1,-75,-11,0,5,0,-44,LTE BAND 1,25,62916.0,7.5,7616,nan,27,1.78,0.0000
1743481048.6640263,LTE,CONNECT,FDD,48D2C04,-71,-7,18,1,-71,-7,1,-75,-10,0,5,0,-45,LTE BAND 1,25,62912.0,7.5,7616,nan,27,1.44,0.0000
1743481049.782205,LTE,CONNECT,FDD,48D2C04,-71,-7,16,0,-71,-7,1,-75,-11,0,5,0,-44,LTE BAND 1,25,62917.0,7.5,7655,nan,0,1.58,0.0000
1743481050.8365662,LTE,CONNECT,FDD,48D2C04,-71,-7,17,1,-71,-7,1,-74,-11,0,5,0,-44,LTE BAND 1,26,62913.0,7.5,7654,nan,0,1.77,0.0000
1743481051.8898187,LTE,CONNECT,FDD,48D2C04,-71,-7,20,1,-71,-7,1,-74,-10,0,5,0,-44,LTE BAND 1,26,62910.0,7.5,7654,nan,0,1.84,0.0000
1743481052.9912732,LTE,CONNECT,FDD,48D2C04,-71,-7,18,0,-71,-7,1,-75,-11,1,5,0,-44,LTE BAND 1,26,62916.0,7.5,7655,nan,0,1.88,0.0000
1743481054.0670075,LTE,CONNECT,FDD,48D2C04,-70,-7,16,1,-70,-7,1,-74,-11,1,5,0,-44,LTE BAND 1,26,62910.0,7.5,7654,nan,0,1.91,0.0000
1743481055.1581976,LTE,CONNECT,FDD,48D2C04,-70,-7,20,2,-70,-7,1,-74,-11,1,5,0,-43,LTE BAND 1,26,62916.0,7.5,7628,nan,19,1.39,0.0000
1743481056.2802014,LTE,CONNECT,FDD,48D2C04,-71,-7,12,0,-71,-7,1,-75,-11,0,5,0,-45,LTE BAND 1,26,62918.0,7.5,7655,nan,0,1.47,0.0000
1743481057.3310268,LTE,CONNECT,FDD,48D2C04,-71,-7,17,-1,-71,-7,1,-75,-11,0,5,0,-45,LTE BAND 1,26,62916.0,7.5,7655,nan,0,1.53,0.0000
1743481058.3769684,LTE,CONNECT,FDD,48D2C04,-71,-7,11,-2,-71,-7,1,-71,-7,1,5,0,-44,LTE BAND 1,26,62914.0,7.5,7655,nan,0,1.57,0.0000
1743481059.4379897,LTE,CONNECT,FDD,48D2C04,-72,-7,10,-1,-72,-7,1,-72,-7,1,5,0,-46,LTE BAND 1,26,62911.0,7.5,7654,nan,0,1.6,0.0000
1743481060.52491,LTE,CONNECT,FDD,48D2C04,-73,-7,16,-2,-73,-7,1,-76,-10,0,5,0,-46,LTE BAND 1,26,62917.0,7.5,7655,nan,0,1.62,0.0000
1743481061.7090003,LTE,CONNECT,FDD,48D2C04,-73,-7,15,-1,-73,-7,1,-77,-11,0,5,0,-46,LTE BAND 1,26,62918.0,7.5,7655,nan,0,1.62,0.0000
1743481062.7647831,LTE,CONNECT,FDD,48D2C04,-73,-7,18,-2,-73,-7,1,-73,-7,1,5,0,-46,LTE BAND 1,26,62915.0,7.5,7655,nan,0,1.63,0.0000
1743481063.8425167,LTE,CONNECT,FDD,48D2C04,-72,-7,17,-1,-72,-7,1,-72,-7,1,5,0,-46,LTE BAND 1,26,62920.0,7.5,7655,nan,0,1.63,0.0000
1743481064.932253,LTE,CONNECT,FDD,48D2C04,-72,-7,10,-2,-72,-7,1,-76,-11,0,5,0,-45,LTE BAND 1,26,73410.0,8.75,8932,nan,0,1.63,0.0000
1743481066.0290723,LTE,CONNECT,FDD,48D2C04,-72,-7,9,-2,-72,-7,1,-76,-11,0,5,0,-45,LTE BAND 1,26,62913.0,7.5,7654,nan,0,1.65,0.0000
1743481067.0902321,LTE,CONNECT,FDD,48D2C04,-72,-7,20,-1,-72,-7,1,-76,-11,0,5,0,-46,LTE BAND 1,26,62906.0,7.5,7654,nan,0,1.67,0.0000
1743481068.1499317,LTE,CONNECT,FDD,48D2C04,-72,-7,18,-2,-72,-7,1,-76,-11,0,5,0,-46,LTE BAND 1,26,62922.0,7.5,7656,nan,0,1.7,0.0000
1743481069.2345943,LTE,CONNECT,FDD,48D2C04,-72,-7,18,-2,-72,-7,1,-76,-11,0,5,0,-45,LTE BAND 1,26,62918.0,7.5,7655,nan,0,1.76,0.0000
1743481070.2765572,LTE,CONNECT,FDD,48D2C04,-72,-7,17,0,-72,-7,1,-76,-11,0,5,0,-46,LTE BAND 1,26,52419.0,6.25,6378,nan,0,1.83,0.0000
1743481071.3355453,LTE,CONNECT,FDD,48D2C04,-72,-7,18,-1,-72,-7,1,-76,-11,0,5,0,-45,LTE BAND 1,26,73408.0,8.75,8931,nan,0,1.93,0.0000
1743481072.4287353,LTE,CONNECT,FDD,48D2C04,-71,-7,19,-2,-71,-7,1,-76,-12,0,5,0,-44,LTE BAND 1,26,52425.0,6.25,6307,nan,50,1.4,0.0000
1743481073.5398128,LTE,CONNECT,FDD,48D2C04,-71,-7,20,-2,-71,-7,1,-71,-7,1,5,0,-45,LTE BAND 1,26,62916.0,7.5,7655,nan,0,1.55,0.0000
1743481074.6018481,LTE,CONNECT,FDD,48D2C04,-72,-7,12,-1,-72,-7,1,-75,-11,0,5,0,-45,LTE BAND 1,26,62909.0,7.5,7654,nan,0,1.66,0.0000
1743481075.6676157,LTE,CONNECT,FDD,48D2C04,-72,-7,9,0,-72,-7,1,-76,-11,0,5,0,-45,LTE BAND 1,26,62914.0,7.5,7655,nan,0,1.75,0.0000
1743481076.7455986,LTE,CONNECT,FDD,48D2C04,-72,-10,9,-1,-72,-10,1,-72,-10,1,5,0,-43,LTE BAND 1,26,62928.0,7.5,7656,nan,0,1.83,0.0000
1743481077.8587205,LTE,CONNECT,FDD,48D2C04,-72,-7,10,0,-72,-7,1,-77,-12,0,5,0,-45,LTE BAND 1,26,62921.0,7.5,7655,nan,0,1.37,0.0000
1743481078.9928808,LTE,CONNECT,FDD,48D2C04,-72,-9,10,0,-72,-8,1,-77,-12,-1,5,0,-46,LTE BAND 1,26,62918.0,7.5,7655,nan,0,1.45,0.0000
1743481080.0544753,LTE,CONNECT,FDD,48D2C04,-72,-8,10,-1,-72,-8,1,-76,-12,-2,5,0,-45,LTE BAND 1,26,62904.0,7.5,7653,nan,0,1.5,0.0000
1743481081.0999238,LTE,CONNECT,FDD,48D2C04,-73,-7,9,-1,-73,-7,1,-76,-11,-2,5,0,-46,LTE BAND 1,26,62926.0,7.5,7656,nan,0,1.55,0.0000
1743481082.15878,LTE,CONNECT,FDD,48D2C04,-72,-8,9,-1,-72,-8,1,-76,-12,-2,5,0,-45,LTE BAND 1,26,62908.0,7.5,7654,nan,0,1.57,0.0000
1743481083.2560084,LTE,CONNECT,FDD,48D2C04,-73,-8,19,0,-73,-8,1,-76,-11,-2,5,0,-46,LTE BAND 1,26,62921.0,7.5,7655,nan,0,1.59,0.0000
1743481084.3066835,LTE,CONNECT,FDD,48D2C04,-72,-6,19,0,-62,-4,23,-74,-7,9,5,0,-46,LTE BAND 1,26,52425.0,6.25,6378,nan,0,1.6,0.0000
1743481085.402529,LTE,CONNECT,FDD,48D2C33,-68,-7,16,-16,-68,-7,9,-69,-7,5,5,1,-42,LTE BAND 3,26,41942.0,5.0,5103,nan,0,1.6,0.0000
1743481086.4982204,LTE,CONNECT,FDD,48D2C33,-68,-6,14,-10,-68,-6,9,-70,-6,5,5,0,-42,LTE BAND 3,26,10483.0,1.25,1275,nan,0,1.6,0.0000
1743481087.6059313,LTE,CONNECT,FDD,48D2C33,-67,-6,14,-5,-67,-6,9,-69,-7,5,5,0,-42,LTE BAND 3,26,31468.0,3.75,3829,nan,0,1.6,0.0000
1743481088.7521927,LTE,CONNECT,FDD,48D2C33,-68,-6,14,-5,-68,-6,9,-69,-6,5,5,0,-42,LTE BAND 3,26,52440.0,6.25,6380,nan,0,1.62,0.0000
1743481089.8915992,LTE,CONNECT,FDD,48D2C33,-68,-6,11,-5,-68,-6,9,-70,-6,5,5,0,-43,LTE BAND 3,26,41937.0,5.0,5102,nan,0,1.64,0.0000
1743481091.032917,LTE,CONNECT,FDD,48D2C33,-68,-6,14,-5,-68,-7,9,-70,-7,5,5,0,-40,LTE BAND 3,26,41941.0,5.0,5103,nan,0,1.68,0.0000
1743481092.1105013,LTE,CONNECT,FDD,48D2C33,-68,-6,11,-5,-68,-6,9,-69,-6,5,5,0,-43,LTE BAND 3,26,52439.0,6.25,6380,nan,0,1.73,0.0000
1743481093.1912346,LTE,CONNECT,FDD,48D2C33,-68,-6,12,-5,-68,-5,9,-70,-6,5,5,0,-43,LTE BAND 3,26,41938.0,5.0,5102,nan,0,1.81,0.0000
1743481094.3185182,LTE,CONNECT,FDD,48D2C33,-68,-6,13,-5,-68,-6,9,-69,-7,5,5,0,-43,LTE BAND 3,26,41942.0,5.0,5103,nan,0,1.9,0.0000
1743481095.4145496,LTE,CONNECT,FDD,48D2C33,-67,-6,12,-6,-67,-6,9,-69,-7,5,5,0,-42,LTE BAND 3,26,41943.0,5.0,5046,nan,40,1.38,0.0000
1743481096.5311055,LTE,CONNECT,FDD,48D2C33,-67,-6,16,0,-67,-6,9,-69,-7,5,5,0,-43,LTE BAND 3,26,52432.0,6.25,6379,nan,0,1.52,0.0000
1743481097.5694456,LTE,CONNECT,FDD,48D2C33,-68,-5,16,2,-68,-5,9,-70,-6,5,5,0,-43,LTE BAND 3,26,52423.0,6.25,6378,nan,0,1.64,0.0000
1743481098.6855211,LTE,CONNECT,FDD,48D2C33,-68,-6,13,3,-68,-6,9,-70,-7,5,5,0,-43,LTE BAND 3,26,62924.0,7.5,7656,nan,0,1.73,0.0000
1743481099.7840164,LTE,CONNECT,FDD,48D2C33,-67,-5,19,1,-67,-5,9,-69,-6,5,5,0,-42,LTE BAND 3,26,62911.0,7.5,7654,nan,0,1.85,0.0000
1743481100.8583038,LTE,CONNECT,FDD,48D2C33,-67,-5,18,2,-67,-5,9,-69,-6,5,5,0,-42,LTE BAND 3,26,62917.0,7.5,7655,nan,0,1.89,0.0000
1743481101.925917,LTE,CONNECT,FDD,48D2C33,-67,-5,19,2,-67,-5,9,-69,-6,5,5,0,-42,LTE BAND 3,26,62909.0,7.5,7654,nan,0,1.91,0.0000
1743481103.0281446,LTE,CONNECT,FDD,48D2C33,-68,-5,17,1,-68,-5,9,-77,-11,0,5,0,-43,LTE BAND 3,26,62920.0,7.5,7655,nan,0,1.92,0.0000
1743481104.1457267,LTE,CONNECT,FDD,48D2C33,-68,-5,19,2,327,327,24,8,59,11,5,0,-44,LTE BAND 1,26,62917.0,7.5,7604,nan,36,1.35,0.0000
1743481105.2583287,LTE,CONNECT,FDD,48D2C04,-73,-7,15,-15,-73,-7,1,-77,-11,0,5,1,-46,LTE BAND 1,26,20962.0,2.5,2550,nan,0,1.4,0.0000
1743481106.3806298,LTE,CONNECT,FDD,48D2C04,-73,-7,16,-13,-73,-7,1,-76,-10,0,5,0,-46,LTE BAND 1,26,20979.0,2.5,2552,nan,0,1.47,0.0000
1743481107.467029,LTE,CONNECT,FDD,48D2C04,-73,-8,16,-4,-73,-8,1,-76,-11,0,5,0,-45,LTE BAND 1,26,20966.0,2.5,2551,nan,0,1.54,0.0000
1743481108.5406044,LTE,CONNECT,FDD,48D2C04,-73,-7,17,-1,-73,-7,1,-76,-10,0,5,0,-46,LTE BAND 1,26,41955.0,5.0,5105,nan,0,1.59,0.0000
1743481109.614888,LTE,CONNECT,FDD,48D2C04,-72,-8,17,-2,-72,-7,1,-75,-11,0,5,0,-45,LTE BAND 1,26,62921.0,7.5,7655,nan,0,1.61,0.0000
1743481110.6940017,LTE,CONNECT,FDD,48D2C04,-72,-10,19,-2,-72,-10,1,-72,-10,1,5,0,-42,LTE BAND 1,26,52428.0,6.25,6379,nan,0,1.63,0.0000
1743481111.7460105,LTE,CONNECT,FDD,48D2C04,-73,-7,18,-1,-73,-7,1,-73,-7,1,5,0,-46,LTE BAND 1,26,52426.0,6.25,6378,nan,0,1.63,0.0000
1743481112.8282402,LTE,CONNECT,FDD,48D2C04,-73,-8,19,-1,-73,-8,1,-77,-12,0,5,0,-44,LTE BAND 1,26,52424.0,6.25,6378,nan,0,1.63,0.0000
1743481113.944473,LTE,CONNECT,FDD,48D2C04,-73,-7,16,-1,-73,-7,1,-76,-11,-2,5,0,-45,LTE BAND 1,26,52428.0,6.25,6379,nan,0,1.64,0.0000
1743481115.0846443,LTE,CONNECT,FDD,48D2C04,-72,-8,17,-10,-72,-8,1,-76,-12,0,5,0,-44,LTE BAND 1,26,52431.0,6.25,6379,nan,0,1.64,0.0000
1743481116.1719258,LTE,CONNECT,FDD,48D2C04,-72,-7,18,0,-72,-7,1,-76,-11,0,5,0,-45,LTE BAND 1,26,52432.0,6.25,6379,nan,0,1.66,0.0000
1743481117.2462258,LTE,CONNECT,FDD,48D2C04,-72,-10,17,0,-72,-10,1,-78,-15,0,5,0,-43,LTE BAND 1,26,52417.0,6.25,6377,nan,0,1.69,0.0000
1743481118.369236,LTE,CONNECT,FDD,48D2C04,-72,-7,19,0,-72,-7,1,-76,-11,0,5,0,-46,LTE BAND 1,26,62921.0,7.5,7655,nan,0,1.73,0.0000
1743481119.426891,LTE,CONNECT,FDD,48D2C04,-72,-7,18,-1,-72,-7,1,-76,-11,0,5,0,-46,LTE BAND 1,26,52427.0,6.25,6379,nan,0,1.79,0.0000
1743481120.5444615,LTE,CONNECT,FDD,48D2C04,-72,-7,17,-1,-72,-7,1,-75,-11,0,5,0,-45,LTE BAND 1,26,62918.0,7.5,7655,nan,0,1.87,0.0000
1743481121.6035297,LTE,CONNECT,FDD,48D2C04,-72,-7,15,0,-72,-7,1,-72,-7,1,5,0,-46,LTE BAND 1,26,62913.0,7.5,7642,nan,9,1.37,0.0000
1743481122.6596262,LTE,CONNECT,FDD,48D2C04,-72,-8,19,-1,-72,-8,1,-76,-13,-3,5,0,-44,LTE BAND 1,26,62908.0,7.5,7654,nan,0,1.51,0.0000
1743481123.7249303,LTE,CONNECT,FDD,48D2C04,-72,-8,9,0,-72,-8,1,-72,-8,1,5,0,-45,LTE BAND 1,26,62916.0,7.5,7655,nan,0,1.62,0.0000
1743481124.8012257,LTE,CONNECT,FDD,48D2C04,-72,-9,18,0,-72,-9,1,-77,-14,0,5,0,-44,LTE BAND 1,26,52425.0,6.25,6378,nan,0,1.79,0.0000
1743481125.8586557,LTE,CONNECT,FDD,48D2C04,-72,-10,17,-1,-72,-10,1,-76,-14,-4,5,0,-43,LTE BAND 1,26,62908.0,7.5,7654,nan,0,1.84,0.0000
1743481126.9249003,LTE,CONNECT,FDD,48D2C04,-72,-10,17,-1,-72,-10,1,-78,-15,-3,5,0,-43,LTE BAND 1,26,52423.0,6.25,6378,nan,0,1.88,0.0000
1743481128.0256326,LTE,CONNECT,FDD,48D2C04,-72,-10,14,0,-72,-10,1,-77,-15,-5,5,0,-43,LTE BAND 1,26,62925.0,7.5,7650,nan,4,1.35,0.0000
1743481129.1118507,LTE,CONNECT,FDD,48D2C04,-72,-10,13,-1,-72,-10,1,-72,-10,1,5,0,-44,LTE BAND 1,26,52417.0,6.25,6377,nan,0,1.43,0.0000
1743481130.2015834,LTE,CONNECT,FDD,48D2C04,-72,-9,10,0,-72,-9,1,-72,-9,1,5,0,-42,LTE BAND 1,26,62929.0,7.5,7656,nan,0,1.5,0.0000
1743481131.2505705,LTE,CONNECT,FDD,48D2C04,-72,-8,14,-1,-72,-8,1,-72,-8,1,5,0,-44,LTE BAND 1,26,62923.0,7.5,7656,nan,0,1.54,0.0000
1743481132.3178465,LTE,CONNECT,FDD,48D2C04,-72,-10,10,-1,-72,-10,1,-77,-14,-4,5,0,-43,LTE BAND 1,26,52416.0,6.25,6377,nan,0,1.57,0.0000
1743481133.3762095,LTE,CONNECT,FDD,48D2C04,-72,-8,9,0,-72,-8,1,-76,-12,-4,5,0,-44,LTE BAND 1,26,62929.0,7.5,7656,nan,0,1.59,0.0000
1743481134.4284947,LTE,CONNECT,FDD,48D2C04,-72,-8,18,-1,-72,-8,1,-72,-8,1,5,0,-46,LTE BAND 1,26,62912.0,7.5,7654,nan,0,1.6,0.0000
1743481135.4994438,LTE,CONNECT,FDD,48D2C04,-72,-8,17,-1,-72,-8,1,-72,-8,1,5,0,-45,LTE BAND 1,26,62908.0,7.5,7654,nan,0,1.6,0.0000
1743481136.5715969,LTE,CONNECT,FDD,48D2C04,-72,-7,18,-2,-72,-8,1,-76,-12,-1,5,0,-45,LTE BAND 1,26,62923.0,7.5,7656,nan,0,1.6,0.0000
1743481137.639357,LTE,CONNECT,FDD,48D2C04,-72,-8,19,0,-72,-8,1,-76,-12,-1,5,0,-44,LTE BAND 1,26,62911.0,7.5,7654,nan,0,1.6,0.0000
1743481138.7873373,LTE,CONNECT,FDD,48D2C04,-71,-7,18,-1,-71,-7,1,-75,-11,0,5,0,-45,LTE BAND 1,26,62918.0,7.5,7655,nan,0,1.62,0.0000
1743481139.8919678,LTE,CONNECT,FDD,48D2C04,-71,-7,18,-2,-71,-7,1,-75,-11,0,5,0,-44,LTE BAND 1,26,62907.0,7.5,7654,nan,0,1.64,0.0000
1743481141.004805,LTE,CONNECT,FDD,48D2C04,-71,-7,17,-2,-71,-7,1,-75,-11,0,5,0,-45,LTE BAND 1,26,62925.0,7.5,7656,nan,0,1.67,0.0000
1743481142.0766623,LTE,CONNECT,FDD,48D2C04,-71,-8,8,0,-71,-8,1,-75,-12,0,5,0,-43,LTE BAND 1,26,62917.0,7.5,7655,nan,0,1.72,0.0000
1743481143.138339,LTE,CONNECT,FDD,48D2C04,-72,-7,18,1,-72,-7,1,-76,-10,0,5,0,-46,LTE BAND 1,26,62906.0,7.5,7654,nan,0,1.79,0.0000
1743481144.193611,LTE,CONNECT,FDD,48D2C04,-72,-7,12,-1,-72,-7,1,-75,-11,0,5,0,-45,LTE BAND 1,26,62923.0,7.5,7656,nan,0,1.88,0.0000
1743481145.248529,LTE,CONNECT,FDD,48D2C04,-72,-7,9,0,-72,-7,1,-76,-11,1,5,0,-45,LTE BAND 1,26,62906.0,7.5,7639,nan,10,1.36,0.0000
1743481146.3327913,LTE,CONNECT,FDD,48D2C04,-71,-7,16,1,-71,-7,1,-75,-11,1,5,0,-45,LTE BAND 1,26,62914.0,7.5,7655,nan,0,1.5,0.0000
1743481147.4714468,LTE,CONNECT,FDD,48D2C04,-71,-7,12,0,-71,-7,1,-75,-11,1,5,0,-45,LTE BAND 1,26,62919.0,7.5,7655,nan,0,1.62,0.0000
1743481148.5665119,LTE,CONNECT,FDD,48D2C04,-71,-7,14,-1,-71,-7,1,-75,-11,1,5,0,-45,LTE BAND 1,26,62917.0,7.5,7655,nan,0,1.72,0.0000
1743481149.644505,LTE,CONNECT,FDD,48D2C04,-71,-7,13,1,-71,-7,1,-75,-10,0,5,0,-45,LTE BAND 1,26,52418.0,6.25,6378,nan,0,1.8,0.0000
1743481150.7251945,LTE,CONNECT,FDD,48D2C04,-71,-7,14,0,-71,-7,1,-75,-11,0,5,0,-45,LTE BAND 1,26,62927.0,7.5,7656,nan,0,1.86,0.0000
1743481151.7887375,LTE,CONNECT,FDD,48D2C04,-71,-7,16,-1,-71,-7,1,-71,-7,1,5,0,-44,LTE BAND 1,26,52428.0,6.25,6373,nan,4,1.51,0.0000
1743481152.8810697,LTE,CONNECT,FDD,48D2C04,-71,-7,14,-1,-71,-7,1,-75,-11,0,5,0,-45,LTE BAND 1,26,73403.0,8.75,8931,nan,0,1.42,0.0000
1743481153.970999,LTE,CONNECT,FDD,48D2C04,-71,-7,14,0,-71,-7,1,-75,-11,0,5,0,-44,LTE BAND 1,26,62916.0,7.5,7655,nan,0,1.49,0.0000
1743481155.072548,LTE,CONNECT,FDD,48D2C04,-71,-7,17,-1,-71,-7,1,-75,-11,0,5,0,-45,LTE BAND 1,26,62910.0,7.5,7654,nan,0,1.55,0.0000
1743481156.1608624,LTE,CONNECT,FDD,48D2C04,-71,-7,17,0,-71,-7,1,-71,-7,1,5,0,-45,LTE BAND 1,26,62913.0,7.5,7654,nan,0,1.59,0.0000
1743481157.2183726,LTE,CONNECT,FDD,48D2C04,-71,-7,17,1,-71,-7,1,-75,-11,0,5,0,-45,LTE BAND 1,26,62924.0,7.5,7656,nan,0,1.61,0.0000
1743481158.2936964,LTE,CONNECT,FDD,48D2C04,-71,-7,18,-1,-71,-7,1,-71,-7,1,5,0,-45,LTE BAND 1,26,62902.0,7.5,7653,nan,0,1.62,0.0000
1743481159.3435845,LTE,CONNECT,FDD,48D2C04,-71,-7,18,-1,-71,-7,1,-75,-11,0,5,0,-45,LTE BAND 1,26,62918.0,7.5,7655,nan,0,1.63,0.0000
1743481160.4465113,LTE,CONNECT,FDD,48D2C04,-72,-7,20,2,-72,-7,1,-76,-11,0,5,0,-46,LTE BAND 1,26,62915.0,7.5,7655,nan,0,1.63,0.0000
1743481161.5720441,LTE,CONNECT,FDD,48D2C04,-72,-7,18,3,-72,-7,1,-76,-10,0,5,0,-46,LTE BAND 1,26,62922.0,7.5,7656,nan,0,1.63,0.0000
1743481162.6752005,LTE,CONNECT,FDD,48D2C04,-72,-7,17,1,-72,-7,1,-72,-7,1,5,0,-46,LTE BAND 1,26,62920.0,7.5,7655,nan,0,1.63,0.0000
1743481163.753099,LTE,CONNECT,FDD,48D2C04,-71,-7,10,0,-71,-7,1,-71,-7,1,5,0,-45,LTE BAND 1,26,62915.0,7.5,7655,nan,0,1.64,0.0000
1743481164.8450835,LTE,CONNECT,FDD,48D2C33,-67,-5,15,-18,-67,-5,6,-69,-6,3,5,1,-42,LTE BAND 3,26,31459.0,3.75,3828,nan,0,1.67,0.0000
1743481165.9602532,LTE,CONNECT,FDD,48D2C33,-66,-5,11,-15,-66,-5,6,-69,-6,3,5,0,-42,LTE BAND 3,26,10482.0,1.25,1275,nan,0,1.7,0.0000
1743481167.0966423,LTE,CONNECT,FDD,48D2C33,-67,-5,12,-4,-67,-5,6,-69,-6,3,5,0,-42,LTE BAND 3,26,41958.0,5.0,5105,nan,0,1.77,0.0000
1743481168.178585,LTE,CONNECT,FDD,48D2C33,-67,-5,11,-4,-67,-5,6,-69,-7,3,5,0,-42,LTE BAND 3,26,41932.0,5.0,5102,nan,0,1.85,0.0000
1743481169.2463973,LTE,CONNECT,FDD,48D2C33,-67,-5,11,-4,-67,-5,6,-69,-6,3,5,0,-42,LTE BAND 3,26,41939.0,5.0,5034,nan,48,1.34,0.0000
1743481170.3636446,LTE,CONNECT,FDD,48D2C33,-67,-7,18,-5,-67,-6,6,-69,-7,3,5,0,-41,LTE BAND 3,26,62933.0,7.5,7657,nan,0,1.44,0.0000
1743481171.460094,LTE,CONNECT,FDD,48D2C33,-66,-5,13,-5,-66,-5,6,-69,-7,3,5,0,-42,LTE BAND 3,26,52420.0,6.25,6378,nan,0,1.57,0.0000
1743481172.5593283,LTE,CONNECT,FDD,48D2C33,-67,-5,18,-5,-67,-5,6,-70,-7,3,5,0,-42,LTE BAND 3,26,52443.0,6.25,6381,nan,0,1.67,0.0000
1743481173.619911,LTE,CONNECT,FDD,48D2C33,-67,-5,18,-4,-67,-5,6,-70,-6,3,5,0,-43,LTE BAND 3,26,41932.0,5.0,5102,nan,0,1.75,0.0000
1743481174.729943,LTE,CONNECT,FDD,48D2C04,-71,-7,14,-16,-71,-7,1,-75,-11,0,5,1,-44,LTE BAND 1,26,52437.0,6.25,6380,nan,0,1.82,0.0000
1743481175.7957942,LTE,CONNECT,FDD,48D2C04,-70,-7,9,-27,-70,-7,1,-74,-11,1,5,0,-44,LTE BAND 1,26,20978.0,2.5,2552,nan,0,1.31,0.0000
1743481176.901365,LTE,CONNECT,FDD,48D2C04,-71,-7,10,-11,-71,-7,1,-75,-10,1,5,0,-44,LTE BAND 1,26,20968.0,2.5,2551,nan,0,1.39,0.0000
1743481178.031733,LTE,CONNECT,FDD,48D2C04,-71,-6,18,-4,-71,-6,1,-74,-10,1,5,0,-45,LTE BAND 1,26,41953.0,5.0,5104,nan,0,1.46,0.0000
1743481179.0940738,LTE,CONNECT,FDD,48D2C04,-71,-6,17,-4,-71,-6,1,-74,-10,1,5,0,-45,LTE BAND 1,26,52426.0,6.25,6378,nan,0,1.51,0.0000
1743481180.2097259,LTE,CONNECT,FDD,48D2C04,-72,-7,8,-3,-72,-7,1,-75,-10,1,5,0,-46,LTE BAND 1,26,52425.0,6.25,6378,nan,0,1.54,0.0000
1743481181.2781208,LTE,CONNECT,FDD,48D2C04,-71,-7,10,-4,-71,-7,1,-74,-10,1,5,0,-45,LTE BAND 1,26,52437.0,6.25,6380,nan,0,1.55,0.0000
1743481182.3566394,LTE,CONNECT,FDD,48D2C04,-71,-7,18,-4,-71,-6,1,-75,-10,1,5,0,-45,LTE BAND 1,26,52426.0,6.25,6378,nan,0,1.56,0.0000
1743481183.4888096,LTE,CONNECT,FDD,48D2C04,-70,-6,16,-4,-70,-6,1,-70,-6,1,5,0,-45,LTE BAND 1,26,52429.0,6.25,6379,nan,0,1.57,0.0000
1743481184.5613933,LTE,CONNECT,FDD,48D2C33,-68,-6,14,-19,-68,-6,6,-70,-7,3,5,1,-42,LTE BAND 3,26,52432.0,6.25,6379,nan,0,1.57,0.0000
1743481185.6741238,LTE,CONNECT,FDD,48D2C33,-67,-5,21,-11,-67,-5,6,-70,-7,3,5,0,-42,LTE BAND 3,26,20966.0,2.5,2551,nan,0,1.57,0.0000
1743481186.7722538,LTE,CONNECT,FDD,48D2C33,-67,-5,13,-6,-67,-5,6,-70,-7,3,5,0,-42,LTE BAND 3,26,52440.0,6.25,6380,nan,0,1.58,0.0000
1743481187.912238,LTE,CONNECT,FDD,48D2C33,-67,-5,17,-6,-67,-5,6,-70,-6,3,5,0,-42,LTE BAND 3,26,41941.0,5.0,5103,nan,0,1.6,0.0000
1743481188.9737766,LTE,CONNECT,FDD,48D2C33,-67,-5,15,-6,-67,-5,6,-70,-7,3,5,0,-42,LTE BAND 3,26,41937.0,5.0,5102,nan,0,1.64,0.0000
1743481190.036839,LTE,CONNECT,FDD,48D2C33,-67,-5,16,-7,-67,-5,6,-77,-12,-1,5,0,-42,LTE BAND 3,26,52440.0,6.25,6380,nan,0,1.68,0.0000
1743481191.1302557,LTE,CONNECT,FDD,48D2C33,-67,-5,16,-6,-67,-5,6,-70,-6,3,5,0,-42,LTE BAND 3,26,41943.0,5.0,5103,nan,0,1.75,0.0000
1743481192.1795626,LTE,CONNECT,FDD,48D2C33,-67,-5,17,-6,-67,-5,6,-70,-7,3,5,0,-42,LTE BAND 3,26,41943.0,5.0,5103,nan,0,1.84,0.0000
1743481193.295509,LTE,CONNECT,FDD,48D2C33,-66,-5,19,-7,-66,-5,6,-69,-7,3,5,0,-42,LTE BAND 3,26,41943.0,5.0,5052,nan,36,1.32,0.0000
1743481194.410044,LTE,CONNECT,FDD,48D2C04,-71,-7,15,-15,-71,-7,1,-75,-10,0,5,1,-45,LTE BAND 1,26,41947.0,5.0,5104,nan,0,1.45,0.0000
1743481195.5115633,LTE,CONNECT,FDD,48D2C04,-70,-6,18,-10,-70,-6,1,-70,-6,1,5,0,-45,LTE BAND 1,26,20969.0,2.5,2551,nan,0,1.55,0.0000
1743481196.5981953,LTE,CONNECT,FDD,48D2C04,-71,-6,17,-4,-71,-6,1,-71,-6,1,5,0,-45,LTE BAND 1,26,31458.0,3.75,3827,nan,0,1.66,0.0000
1743481197.7029638,LTE,CONNECT,FDD,48D2C04,-71,-6,16,-4,-71,-6,1,-75,-10,0,5,0,-45,LTE BAND 1,26,52429.0,6.25,6379,nan,0,1.75,0.0000
1743481198.804358,LTE,CONNECT,FDD,48D2C04,-70,-6,15,-4,-70,-6,1,-75,-10,0,5,0,-45,LTE BAND 1,26,52434.0,6.25,6379,nan,0,1.84,0.0000
1743481199.878934,LTE,CONNECT,FDD,48D2C04,-71,-6,14,-4,-71,-6,1,-75,-10,1,5,0,-44,LTE BAND 1,26,41936.0,5.0,5097,nan,4,1.7,0.0000
1743481200.9821703,LTE,CONNECT,FDD,48D2C04,-70,-6,9,-4,-70,-6,1,-70,-6,1,5,0,-45,LTE BAND 1,26,52432.0,6.25,6376,nan,2,1.35,0.0000
1743481202.1016102,LTE,CONNECT,FDD,48D2C04,-71,-6,10,-4,-71,-6,1,-75,-10,0,5,0,-45,LTE BAND 1,26,52432.0,6.25,6379,nan,0,1.43,0.0000
1743481203.2279062,LTE,CONNECT,FDD,48D2C04,-71,-7,8,-4,-71,-7,1,-75,-11,0,5,0,-44,LTE BAND 1,26,52427.0,6.25,6379,nan,0,1.49,0.0000
1743481204.3539774,LTE,CONNECT,FDD,48D2C04,-71,-5,19,-4,-61,-3,23,-78,-10,4,5,0,-47,LTE BAND 1,26,52426.0,6.25,6378,nan,0,1.53,0.0000
1743481205.4407852,LTE,CONNECT,FDD,48D2C33,-67,-5,16,-16,-67,-5,6,-70,-7,3,5,1,-42,LTE BAND 3,26,31454.0,3.75,3827,nan,0,1.55,0.0000
1743481206.5563097,LTE,CONNECT,FDD,48D2C33,-67,-6,18,-9,-67,-6,6,-70,-7,3,5,0,-42,LTE BAND 3,26,10482.0,1.25,1275,nan,0,1.57,0.0000
1743481207.7031074,LTE,CONNECT,FDD,48D2C33,-67,-5,18,-6,-67,-5,6,-70,-7,3,5,0,-42,LTE BAND 3,26,31473.0,3.75,3829,nan,0,1.58,0.0000
1743481208.7819922,LTE,CONNECT,FDD,48D2C33,-67,-5,19,-6,-67,-6,6,-69,-7,3,5,0,-42,LTE BAND 3,26,41944.0,5.0,5103,nan,0,1.58,0.0000
1743481209.8998654,LTE,CONNECT,FDD,48D2C33,-67,-7,17,-6,-67,-7,6,-69,-8,3,5,0,-40,LTE BAND 3,26,41950.0,5.0,5104,nan,0,1.58,0.0000
1743481210.9667206,LTE,CONNECT,FDD,48D2C33,-67,-6,18,-6,-67,-6,6,-70,-7,3,5,0,-42,LTE BAND 3,26,31449.0,3.75,3826,nan,0,1.59,0.0000
1743481212.0303092,LTE,CONNECT,FDD,48D2C33,-67,-6,16,-6,-67,-5,6,-69,-7,3,5,0,-42,LTE BAND 3,26,41948.0,5.0,5104,nan,0,1.6,0.0000
1743481213.1379864,LTE,CONNECT,FDD,48D2C33,-67,-5,13,-6,-67,-5,6,-69,-7,3,5,0,-42,LTE BAND 3,26,41947.0,5.0,5104,nan,0,1.63,0.0000
1743481214.2387047,LTE,CONNECT,FDD,48D2C04,-73,-7,16,-15,-73,-7,1,-76,-11,0,5,1,-44,LTE BAND 1,26,31450.0,3.75,3826,nan,0,1.66,0.0000
1743481215.312467,LTE,CONNECT,FDD,48D2C04,-70,-6,9,-15,-70,-6,1,-74,-10,0,5,0,-44,LTE BAND 1,26,20969.0,2.5,2551,nan,0,1.7,0.0000
1743481216.4206223,LTE,CONNECT,FDD,48D2C04,-70,-5,18,-4,-70,-5,1,-76,-11,0,5,0,-45,LTE BAND 1,26,20978.0,2.5,2552,nan,0,1.76,0.0000
1743481217.5283816,LTE,CONNECT,FDD,48D2C04,-69,-6,16,-5,-69,-6,1,-74,-11,0,5,0,-44,LTE BAND 1,26,41937.0,5.0,5102,nan,0,1.88,0.0000
1743481218.6770732,LTE,CONNECT,FDD,48D2C04,-70,-7,11,-4,-70,-7,1,-75,-12,0,5,0,-44,LTE BAND 1,26,41942.0,5.0,5050,nan,37,1.35,0.0000
1743481219.804696,LTE,CONNECT,FDD,48D2C04,-71,-7,20,-4,-71,-7,1,-71,-7,1,5,0,-44,LTE BAND 1,26,52435.0,6.25,6380,nan,0,1.61,0.0000
1743481220.8960798,LTE,CONNECT,FDD,48D2C04,-71,-7,18,-4,-71,-7,1,-71,-7,1,5,0,-44,LTE BAND 1,26,52432.0,6.25,6379,nan,0,1.7,0.0000
1743481222.0051208,LTE,CONNECT,FDD,48D2C04,-70,-7,18,-4,-70,-7,1,-70,-7,1,5,0,-44,LTE BAND 1,26,41940.0,5.0,5103,nan,0,1.76,0.0000
1743481223.1048021,LTE,CONNECT,FDD,48D2C04,-70,-7,16,-4,-70,-7,1,-70,-7,1,5,0,-44,LTE BAND 1,26,52433.0,6.25,6379,nan,0,1.81,0.0000
1743481224.1824527,LTE,CONNECT,FDD,48D2C04,-71,-7,17,-4,-62,-3,21,-82,-12,3,5,0,-44,LTE BAND 1,26,41938.0,5.0,5102,nan,0,1.85,0.0000
1743481225.266402,LTE,CONNECT,FDD,48D2C33,-68,-6,15,-16,-68,-6,4,-70,-7,2,5,1,-43,LTE BAND 3,26,41941.0,5.0,5081,nan,15,1.32,0.0000
1743481226.3842502,LTE,CONNECT,FDD,48D2C33,-68,-5,19,-13,-68,-5,4,-70,-7,2,5,0,-43,LTE BAND 3,26,10481.0,1.25,1275,nan,0,1.38,0.0000
1743481227.5111368,LTE,CONNECT,FDD,48D2C33,-68,-7,14,-7,-68,-7,4,-70,-8,2,5,0,-41,LTE BAND 3,26,31479.0,3.75,3830,nan,0,1.46,0.0000
1743481228.6113093,LTE,CONNECT,FDD,48D2C33,-68,-6,15,-5,-68,-6,4,-70,-7,2,5,0,-43,LTE BAND 3,26,31451.0,3.75,3827,nan,0,1.51,0.0000
1743481229.703441,LTE,CONNECT,FDD,48D2C33,-68,-6,19,-5,-68,-6,4,-70,-7,2,5,0,-43,LTE BAND 3,26,41938.0,5.0,5102,nan,0,1.54,0.0000
1743481230.8515415,LTE,CONNECT,FDD,48D2C33,-68,-6,13,-5,-68,-6,4,-70,-8,2,5,0,-43,LTE BAND 3,26,52438.0,6.25,6380,nan,0,1.57,0.0000
1743481231.9664707,LTE,CONNECT,FDD,48D2C33,-68,-5,16,-5,-68,-5,4,-70,-7,2,5,0,-43,LTE BAND 3,26,31457.0,3.75,3827,nan,0,1.57,0.0000
1743481233.0877068,LTE,CONNECT,FDD,48D2C33,-68,-5,13,-5,-68,-5,4,-70,-7,2,5,0,-43,LTE BAND 3,26,41947.0,5.0,5104,nan,0,1.57,0.0000
1743481234.1856313,LTE,CONNECT,FDD,48D2C33,-68,-4,15,-5,-61,-3,21,-80,-12,3,5,0,-44,LTE BAND 3,26,31454.0,3.75,3827,nan,0,1.57,0.0000
1743481235.301429,LTE,CONNECT,FDD,510781F,-84,-26,-6,22,-62,-3,21,-73,-14,11,5,1,-54,LTE BAND 3,26,20967.0,2.5,1817,nan,515,344.0,0.0003
1743481236.3889003,LTE,CONNECT,FDD,510781F,-82,-24,-5,22,-61,-3,21,-71,-13,11,5,0,-53,LTE BAND 3,26,10486.0,1.25,437,nan,588,1.11,0.0007
1743481237.5053468,LTE,CONNECT,FDD,510781F,-83,-25,-5,22,-61,-3,21,-72,-14,11,5,0,-51,LTE BAND 3,26,20976.0,2.5,2552,nan,0,1.2,0.0000
1743481238.641704,LTE,CONNECT,FDD,510781F,-83,-25,-5,22,-61,-3,21,-71,-14,11,5,0,-51,LTE BAND 3,26,10484.0,1.25,1276,nan,0,1.29,0.0000
1743481239.749936,LTE,CONNECT,FDD,510781F,-82,-25,-5,22,-61,-3,21,-71,-14,11,5,0,-52,LTE BAND 3,26,20983.0,2.5,2553,nan,0,1.45,0.0000
1743481240.846829,LTE,CONNECT,FDD,510781F,-82,-24,-4,22,-61,-3,21,-72,-14,11,5,0,-51,LTE BAND 3,26,10485.0,1.25,1276,nan,0,1.49,0.0000
1743481241.9611843,LTE,CONNECT,FDD,510781F,-83,-25,-7,22,-61,-3,21,-72,-14,11,5,0,-53,LTE BAND 3,25,10482.0,1.25,1275,nan,0,1.52,0.0000
1743481243.0858486,LTE,CONNECT,FDD,510781F,-82,-24,-4,22,-61,-3,21,-71,-13,11,5,0,-54,LTE BAND 3,25,10485.0,1.25,1276,nan,0,1.55,0.0000
1743481244.200998,LTE,CONNECT,FDD,510781F,-82,-24,-3,22,-61,-3,21,-71,-13,11,5,0,-52,LTE BAND 3,25,20982.0,2.5,2553,nan,0,1.57,0.0000
1743481245.2902048,LTE,CONNECT,FDD,510781F,-84,-26,-4,22,-61,-3,21,-72,-14,11,5,0,-51,LTE BAND 3,25,10483.0,1.25,1275,nan,0,1.57,0.0000
1743481246.3940575,LTE,CONNECT,FDD,510781F,-83,-25,-4,22,-61,-3,21,-72,-14,11,5,0,-52,LTE BAND 3,25,10484.0,1.25,1276,nan,0,1.57,0.0000
1743481247.4612474,LTE,CONNECT,FDD,510781F,-83,-25,-2,22,-61,-3,21,-71,-14,11,5,0,-53,LTE BAND 3,25,20977.0,2.5,2552,nan,0,1.58,0.0000
1743481248.5971863,LTE,CONNECT,FDD,510781F,-82,-24,-2,22,-61,-3,21,-71,-13,11,5,0,-53,LTE BAND 3,25,10485.0,1.25,1276,nan,0,1.58,0.0000
1743481249.7282734,LTE,CONNECT,FDD,510781F,-82,-24,-2,22,-61,-3,21,-72,-14,11,5,0,-52,LTE BAND 3,25,10480.0,1.25,1275,nan,0,1.6,0.0000
1743481250.8832648,LTE,CONNECT,FDD,510781F,-81,-23,-3,22,-61,-3,21,-71,-13,11,5,0,-52,LTE BAND 3,25,20986.0,2.5,2553,nan,0,1.63,0.0000
1743481251.966361,LTE,CONNECT,FDD,510781F,-81,-24,-6,22,-61,-3,21,-71,-13,11,5,0,-52,LTE BAND 3,25,10483.0,1.25,1275,nan,0,1.68,0.0000
1743481253.0504203,LTE,CONNECT,FDD,510781F,-82,-24,-9,22,-61,-3,21,-71,-13,11,5,0,-52,LTE BAND 3,25,10483.0,1.25,1275,nan,0,1.74,0.0000
1743481254.1418731,LTE,CONNECT,FDD,510781F,-82,-25,-4,22,-61,-4,21,-77,-18,5,5,0,-52,LTE BAND 3,25,20977.0,2.5,2552,nan,0,1.82,0.0000
1743481255.2490885,LTE,CONNECT,FDD,510781F,-82,-25,-5,22,-61,-3,21,-71,-14,11,5,0,-52,LTE BAND 3,25,0.0,0.0,-66,nan,46,1.29,0.0000
1743481256.3450227,LTE,CONNECT,FDD,510781F,-84,-25,-3,22,-62,-3,21,-73,-14,11,5,0,-52,LTE BAND 3,25,20982.0,2.5,2490,nan,44,1.29,0.0000
1743481257.407097,LTE,CONNECT,FDD,510781F,-83,-25,-3,22,-62,-3,21,-72,-14,11,5,0,-51,LTE BAND 3,25,20973.0,2.5,2552,nan,0,1.35,0.0000
1743481258.5249949,LTE,CONNECT,FDD,510781F,-85,-25,-4,22,-64,-3,21,-74,-14,11,5,0,-49,LTE BAND 3,25,10484.0,1.25,1276,nan,0,1.44,0.0000
1743481259.6443753,LTE,CONNECT,FDD,510781F,-82,-25,-7,22,-61,-3,21,-71,-14,11,5,0,-53,LTE BAND 3,25,10485.0,1.25,1276,nan,0,1.56,0.0000
1743481260.729253,LTE,CONNECT,FDD,510781F,-81,-24,-4,22,-61,-3,21,-71,-14,11,5,0,-54,LTE BAND 3,25,10484.0,1.25,1276,nan,0,1.63,0.0000
1743481261.823695,LTE,CONNECT,FDD,510781F,-82,-24,-3,22,-62,-3,21,-79,-18,6,5,0,-53,LTE BAND 3,25,20986.0,2.5,2553,nan,0,1.75,0.0000
1743481262.9115524,LTE,CONNECT,FDD,510781F,-84,-25,-7,22,-62,-3,21,-73,-14,11,5,0,-52,LTE BAND 3,25,10483.0,1.25,1240,nan,25,1.72,0.0000
1743481264.0193832,LTE,CONNECT,FDD,510781F,-83,-24,-4,22,-62,-3,21,-72,-13,11,5,0,-52,LTE BAND 3,25,0.0,0.0,-16,nan,11,1.25,0.0000
1743481265.0530505,LTE,CONNECT,FDD,510781F,-82,-24,-3,22,-62,-3,21,-72,-13,11,5,0,-53,LTE BAND 3,25,31477.0,3.75,3825,nan,3,1.26,0.0000
1743481266.156787,LTE,CONNECT,FDD,510781F,-83,-25,-4,22,-62,-3,21,-78,-17,6,5,0,-54,LTE BAND 3,25,10484.0,1.25,1276,nan,0,1.31,0.0000
1743481267.2514992,LTE,CONNECT,FDD,510781F,-83,-25,-5,22,-62,-3,21,-79,-18,6,5,0,-54,LTE BAND 3,25,10483.0,1.25,1275,nan,0,1.37,0.0000
1743481268.3442972,LTE,CONNECT,FDD,510781F,-83,-25,-4,22,-61,-3,21,-72,-14,11,5,0,-54,LTE BAND 3,25,10487.0,1.25,1276,nan,0,1.42,0.0000
1743481269.435097,LTE,CONNECT,FDD,510781F,-82,-25,-3,22,-61,-3,21,-71,-14,11,5,0,-53,LTE BAND 3,25,10486.0,1.25,1276,nan,0,1.46,0.0000
1743481270.490526,LTE,CONNECT,FDD,510781F,-83,-25,-5,22,-61,-3,21,-72,-14,11,5,0,-53,LTE BAND 3,25,10485.0,1.25,1276,nan,0,1.48,0.0000
1743481271.6236463,LTE,CONNECT,FDD,510781F,-82,-25,-6,22,-61,-3,21,-71,-14,11,5,0,-53,LTE BAND 3,25,10486.0,1.25,1276,nan,0,1.5,0.0000
1743481272.7208085,LTE,CONNECT,FDD,510781F,-82,-25,-7,22,-60,-3,21,-71,-14,11,5,0,-53,LTE BAND 3,25,10490.0,1.25,1276,nan,0,1.51,0.0000
1743481273.821766,LTE,CONNECT,FDD,510781F,-81,-24,-4,22,-60,-3,21,-76,-17,6,5,0,-54,LTE BAND 3,25,0.0,0.0,0,nan,0,1.52,0.0000
1743481274.9315314,LTE,CONNECT,FDD,510781F,-81,-24,-8,22,-60,-3,21,-70,-13,11,5,0,-54,LTE BAND 3,25,10486.0,1.25,1276,nan,0,1.52,0.0000
1743481276.0610328,LTE,CONNECT,FDD,510781F,-82,-26,-9,22,-60,-3,21,-71,-14,11,5,0,-53,LTE BAND 3,25,10493.0,1.25,1277,nan,0,1.53,0.0000
1743481277.211769,LTE,CONNECT,FDD,510781F,-82,-25,-11,8,-61,-3,21,-71,-14,11,5,0,-51,LTE BAND 3,25,10487.0,1.25,1276,nan,0,1.54,0.0000
1743481278.345669,LTE,CONNECT,FDD,510781F,-82,-25,-6,22,-60,-3,21,-71,-14,11,5,0,-52,LTE BAND 3,25,0.0,0.0,0,nan,0,1.56,0.0000
1743481279.43158,LTE,CONNECT,FDD,510781F,-82,-25,-4,22,-61,-3,21,-71,-14,11,5,0,-50,LTE BAND 3,25,10488.0,1.25,1276,nan,0,1.58,0.0000
1743481280.5227168,LTE,CONNECT,FDD,510781F,-82,-25,-5,22,-61,-3,21,-71,-14,11,5,0,-51,LTE BAND 3,25,10492.0,1.25,1277,nan,0,1.64,0.0000
1743481281.6007915,LTE,CONNECT,FDD,48D2C04,327,327,-6,22,327,327,21,133,161,11,5,1,-51,LTE BAND 1,25,0.0,0.0,0,nan,0,1.69,0.0000
1743481282.7525666,LTE,CONNECT,FDD,48D2C04,-71,-6,16,0,-71,-6,2,-75,-10,1,5,0,-45,LTE BAND 1,25,0.0,0.0,0,nan,0,1.7,0.0000
1743481283.9036133,LTE,CONNECT,FDD,48D2C04,-71,-6,16,0,-71,-6,1,-75,-10,0,5,0,-45,LTE BAND 1,25,0.0,0.0,-4,nan,3,2.7,0.0000
1743481285.0445528,LTE,CONNECT,FDD,48D2C04,-71,-6,20,0,-71,-6,1,-75,-10,0,5,0,-45,LTE BAND 1,25,0.0,0.0,0,nan,0,2.7,0.0000
1743481286.1725862,LTE,CONNECT,FDD,48D2C04,-70,-6,18,0,-70,-6,1,-70,-6,1,5,0,-45,LTE BAND 1,25,0.0,0.0,0,nan,0,2.7,0.0000
1743481287.2354617,LTE,CONNECT,FDD,48D2C04,-70,-6,16,-3,-70,-6,1,-70,-6,1,5,0,-45,LTE BAND 1,25,10496.0,1.25,-559,nan,1288,1.0,0.0015
1743481288.33843,LTE,CONNECT,FDD,48D2C04,-70,-6,18,-3,-70,-6,1,-70,-6,1,5,0,-45,LTE BAND 1,25,52429.0,6.25,6379,nan,0,1.46,0.0000
1743481289.4013171,LTE,CONNECT,FDD,48D2C04,-71,-6,16,-3,-71,-6,1,-75,-10,1,5,0,-46,LTE BAND 1,25,41940.0,5.0,5103,nan,0,1.73,0.0000
1743481290.4688065,LTE,CONNECT,FDD,48D2C04,-70,-5,20,-3,-70,-5,1,-75,-10,0,5,0,-45,LTE BAND 1,25,41939.0,5.0,5050,nan,37,1.69,0.0000
1743481291.6026654,LTE,CONNECT,FDD,48D2C04,-71,-6,18,-3,-71,-6,1,-71,-6,1,5,0,-45,LTE BAND 1,25,52433.0,6.25,6309,nan,49,1.47,0.0000
1743481292.7202816,LTE,CONNECT,FDD,48D2C04,-70,-6,16,-3,-70,-6,1,-70,-6,1,5,0,-45,LTE BAND 1,25,52436.0,6.25,6380,nan,0,1.61,0.0000
1743481293.7841697,LTE,CONNECT,FDD,48D2C04,-70,-6,17,-1,-70,-6,1,-75,-10,1,5,0,-45,LTE BAND 1,25,52442.0,6.25,6380,nan,0,1.81,0.0000
1743481294.8422406,LTE,CONNECT,FDD,48D2C33,-68,-5,14,-10,-68,-5,6,-70,-6,3,5,1,-43,LTE BAND 3,25,31444.0,3.75,3813,nan,9,1.45,0.0000
1743481295.9231992,LTE,CONNECT,FDD,48D2C33,-69,-6,13,-12,-69,-6,6,-70,-7,3,5,0,-43,LTE BAND 3,25,41966.0,5.0,5106,nan,0,1.33,0.0000
1743481296.9745283,LTE,CONNECT,FDD,48D2C33,-69,-6,16,-5,-69,-6,6,-71,-7,3,5,0,-44,LTE BAND 3,25,20964.0,2.5,2551,nan,0,1.42,0.0000
1743481298.0691097,LTE,CONNECT,FDD,48D2C33,-69,-6,9,-3,-69,-6,6,-71,-7,3,5,0,-43,LTE BAND 3,25,52442.0,6.25,6380,nan,0,1.48,0.0000
1743481299.1831841,LTE,CONNECT,FDD,48D2C33,-68,-6,10,-3,-68,-5,6,-70,-6,3,5,0,-43,LTE BAND 3,25,52432.0,6.25,6379,nan,0,1.52,0.0000
1743481300.2897038,LTE,CONNECT,FDD,48D2C33,-69,-5,15,-3,-69,-5,6,-71,-6,3,5,0,-44,LTE BAND 3,25,41932.0,5.0,5102,nan,0,1.55,0.0000
1743481301.3656628,LTE,CONNECT,FDD,48D2C33,-69,-5,13,-3,-69,-5,6,-71,-6,3,5,0,-44,LTE BAND 3,25,52435.0,6.25,6380,nan,0,1.57,0.0000
1743481302.485549,LTE,CONNECT,FDD,48D2C33,-69,-5,12,-3,-69,-5,6,-71,-6,3,5,0,-44,LTE BAND 3,25,52426.0,6.25,6378,nan,0,1.57,0.0000
1743481303.6032743,LTE,CONNECT,FDD,48D2C33,-69,-5,12,-3,-69,-5,6,-71,-6,3,5,0,-44,LTE BAND 3,25,52438.0,6.25,6380,nan,0,1.57,0.0000
1743481304.7453763,LTE,CONNECT,FDD,48D2C33,-69,-5,18,-3,-69,-5,6,-71,-6,3,5,0,-44,LTE BAND 3,25,52425.0,6.25,6378,nan,0,1.57,0.0000
1743481305.8076475,LTE,CONNECT,FDD,48D2C33,-69,-5,14,-1,-69,-5,6,-71,-6,3,5,0,-44,LTE BAND 3,25,52432.0,6.25,6379,nan,0,1.58,0.0000
1743481306.8978891,LTE,CONNECT,FDD,48D2C33,-69,-5,18,3,-69,-5,6,-71,-6,3,5,0,-44,LTE BAND 3,25,62920.0,7.5,7655,nan,0,1.6,0.0000
1743481307.974144,LTE,CONNECT,FDD,48D2C33,-69,-5,14,5,-69,-5,6,-71,-6,3,5,0,-44,LTE BAND 3,25,62911.0,7.5,7654,nan,0,1.62,0.0000
1743481309.104933,LTE,CONNECT,FDD,48D2C33,-69,-6,13,5,-69,-6,6,-74,-9,2,5,0,-44,LTE BAND 3,25,73399.0,8.75,8930,nan,0,1.66,0.0000
1743481310.235597,LTE,CONNECT,FDD,48D2C33,-69,-5,14,5,-69,-5,6,-71,-6,3,5,0,-44,LTE BAND 3,25,62912.0,7.5,7654,nan,0,1.72,0.0000
1743481311.3311934,LTE,CONNECT,FDD,48D2C33,-68,-5,19,5,-68,-5,6,-70,-6,3,5,0,-44,LTE BAND 3,25,73408.0,8.75,8931,nan,0,1.79,0.0000
1743481312.4020429,LTE,CONNECT,FDD,48D2C33,-69,-6,12,5,-69,-6,6,-70,-6,3,5,0,-43,LTE BAND 3,25,62912.0,7.5,7654,nan,0,1.89,0.0000
1743481313.4519987,LTE,CONNECT,FDD,48D2C33,-70,-6,12,6,-70,-6,6,-71,-6,3,5,0,-45,LTE BAND 3,25,62913.0,7.5,7612,nan,30,1.37,0.0000
1743481314.5257716,LTE,CONNECT,FDD,48D2C33,-69,-5,14,5,-69,-5,6,-70,-6,3,5,0,-44,LTE BAND 3,25,62916.0,7.5,7655,nan,0,1.51,0.0000
1743481315.6059537,LTE,CONNECT,FDD,48D2C33,-69,-5,17,5,-69,-5,6,-71,-6,3,5,0,-44,LTE BAND 3,25,62909.0,7.5,7654,nan,0,1.63,0.0000
1743481316.7163243,LTE,CONNECT,FDD,48D2C33,-70,-6,13,6,-70,-6,6,-72,-7,3,5,0,-45,LTE BAND 3,25,62925.0,7.5,7656,nan,0,1.73,0.0000
1743481317.766052,LTE,CONNECT,FDD,48D2C33,-70,-6,14,6,-70,-6,6,-71,-6,3,5,0,-44,LTE BAND 3,25,62912.0,7.5,7654,nan,0,1.81,0.0000
1743481318.8420138,LTE,CONNECT,FDD,48D2C33,-70,-6,13,6,-70,-6,6,-71,-6,3,5,0,-44,LTE BAND 3,25,62910.0,7.5,7654,nan,0,1.9,0.0000
1743481319.8953004,LTE,CONNECT,FDD,48D2C33,-70,-6,15,6,-70,-6,6,-71,-6,3,5,0,-44,LTE BAND 3,25,73397.0,8.75,8904,nan,18,1.37,0.0000
1743481320.994026,LTE,CONNECT,FDD,48D2C33,-70,-7,13,7,-70,-7,6,-71,-7,3,5,0,-45,LTE BAND 3,25,62918.0,7.5,7655,nan,0,1.45,0.0000
1743481322.0317073,LTE,CONNECT,FDD,48D2C33,-70,-6,14,7,-70,-6,6,-71,-6,3,5,0,-44,LTE BAND 3,25,52425.0,6.25,6378,nan,0,1.52,0.0000
1743481323.1430032,LTE,CONNECT,FDD,48D2C33,-70,-6,12,6,-70,-6,6,-71,-6,3,5,0,-45,LTE BAND 3,25,62909.0,7.5,7654,nan,0,1.56,0.0000
1743481324.237783,LTE,CONNECT,FDD,48D2C33,-71,-6,9,5,-61,-3,23,-71,-7,10,5,0,-45,LTE BAND 3,25,62914.0,7.5,7655,nan,0,1.59,0.0000
1743481325.3378818,LTE,CONNECT,FDD,48D2C04,-71,-6,16,-14,-71,-6,1,-76,-10,0,5,1,-46,LTE BAND 1,25,31447.0,3.75,3826,nan,0,1.61,0.0000
1743481326.470805,LTE,CONNECT,FDD,48D2C04,-70,-5,20,-7,-70,-5,1,-70,-5,1,5,0,-45,LTE BAND 1,25,20979.0,2.5,2552,nan,0,1.62,0.0000
1743481327.5471907,LTE,CONNECT,FDD,48D2C04,-70,-6,19,-4,-70,-6,1,-70,-6,1,5,0,-45,LTE BAND 1,25,31457.0,3.75,3827,nan,0,1.62,0.0000
1743481328.632517,LTE,CONNECT,FDD,48D2C04,-70,-6,15,-4,-70,-6,1,-70,-6,1,5,0,-45,LTE BAND 1,25,41945.0,5.0,5103,nan,0,1.63,0.0000
1743481329.733424,LTE,CONNECT,FDD,48D2C04,-70,-6,17,-4,-70,-6,1,-75,-11,0,5,0,-45,LTE BAND 1,25,41941.0,5.0,5103,nan,0,1.63,0.0000
1743481330.8113205,LTE,CONNECT,FDD,48D2C04,-70,-6,17,-4,-70,-6,1,-75,-11,0,5,0,-45,LTE BAND 1,25,41951.0,5.0,5104,nan,0,1.64,0.0000
1743481331.9459097,LTE,CONNECT,FDD,48D2C04,-70,-6,15,-4,-70,-6,1,-75,-11,0,5,0,-45,LTE BAND 1,25,31450.0,3.75,3826,nan,0,1.66,0.0000
1743481333.0337956,LTE,CONNECT,FDD,48D2C04,-71,-6,17,-4,-71,-6,1,-75,-10,0,5,0,-45,LTE BAND 1,25,41947.0,5.0,5104,nan,0,1.69,0.0000
1743481334.1007113,LTE,CONNECT,FDD,48D2C04,-71,-5,18,-4,-71,-5,1,-71,-5,1,5,0,-47,LTE BAND 1,25,41943.0,5.0,5103,nan,0,1.74,0.0000
1743481335.2034938,LTE,CONNECT,FDD,48D2C33,-70,-6,15,-14,-70,-6,7,-71,-6,4,5,1,-45,LTE BAND 3,25,31448.0,3.75,3826,nan,0,1.79,0.0000
1743481336.3175693,LTE,CONNECT,FDD,48D2C33,-71,-6,14,-12,-71,-6,7,-71,-6,4,5,0,-46,LTE BAND 3,25,10482.0,1.25,1180,nan,67,1.66,0.0001
1743481337.3956087,LTE,CONNECT,FDD,48D2C33,-72,-6,13,-8,-71,-5,7,-71,-5,4,5,0,-46,LTE BAND 3,25,31479.0,3.75,3830,nan,0,1.31,0.0000
1743481338.4948738,LTE,CONNECT,FDD,48D2C33,-72,-7,14,1,-72,-6,7,-72,-6,4,5,0,-46,LTE BAND 3,25,31458.0,3.75,3827,nan,0,1.44,0.0000
1743481339.6040723,LTE,CONNECT,FDD,48D2C33,-74,-7,11,2,-71,-6,7,-72,-6,4,5,0,-48,LTE BAND 3,25,52427.0,6.25,6379,nan,0,1.57,0.0000
1743481340.7114053,LTE,CONNECT,FDD,48D2C33,-74,-7,10,2,-70,-6,7,-72,-6,4,5,0,-48,LTE BAND 3,25,52432.0,6.25,6379,nan,0,1.66,0.0000
1743481341.8005764,LTE,CONNECT,FDD,48D2C33,-74,-7,6,2,-70,-5,7,-72,-6,4,5,0,-48,LTE BAND 3,25,62912.0,7.5,7654,nan,0,1.78,0.0000
1743481342.8797703,LTE,CONNECT,FDD,48D2C33,-74,-7,10,2,-72,-6,7,-73,-6,4,5,0,-47,LTE BAND 3,25,52423.0,6.25,6378,nan,0,1.81,0.0000
1743481343.9611402,LTE,CONNECT,FDD,48D2C33,-73,-8,9,1,-71,-6,7,-72,-7,4,5,0,-47,LTE BAND 3,25,52432.0,6.25,6379,nan,0,1.83,0.0000
1743481345.1066437,LTE,CONNECT,FDD,48D2C33,-74,-7,12,2,-71,-5,7,-72,-6,4,5,0,-48,LTE BAND 3,25,52430.0,6.25,6379,nan,0,1.84,0.0000
1743481346.1845417,LTE,CONNECT,FDD,48D2C33,-74,-7,11,2,-72,-6,7,-73,-6,4,5,0,-47,LTE BAND 3,25,52431.0,6.25,6375,nan,3,1.29,0.0000
1743481347.2696364,LTE,CONNECT,FDD,48D2C33,-73,-7,14,3,-71,-6,7,-75,-9,2,5,0,-47,LTE BAND 3,25,52432.0,6.25,6379,nan,0,1.37,0.0000
1743481348.3284652,LTE,CONNECT,FDD,48D2C33,-76,-8,9,5,-72,-6,7,-74,-7,4,5,0,-48,LTE BAND 3,25,62898.0,7.5,7653,nan,0,1.44,0.0000
1743481349.4098668,LTE,CONNECT,FDD,48D2C33,-75,-8,8,4,-71,-6,7,-73,-7,4,5,0,-47,LTE BAND 3,25,73415.0,8.75,8932,nan,0,1.49,0.0000
1743481350.510298,LTE,CONNECT,FDD,48D2C33,-70,-6,12,1,-70,-6,7,-70,-6,4,5,0,-44,LTE BAND 3,25,52421.0,6.25,6378,nan,0,1.53,0.0000
1743481351.563426,LTE,CONNECT,FDD,48D2C33,-70,-6,16,6,-70,-6,7,-70,-6,4,5,0,-45,LTE BAND 3,25,62916.0,7.5,7655,nan,0,1.55,0.0000
1743481352.6660569,LTE,CONNECT,FDD,48D2C33,-72,-7,14,6,-70,-6,7,-74,-10,2,5,0,-46,LTE BAND 3,25,62921.0,7.5,7655,nan,0,1.56,0.0000
1743481353.780388,LTE,CONNECT,FDD,48D2C33,-70,-5,11,4,-70,-5,7,-74,-9,2,5,0,-45,LTE BAND 3,25,62921.0,7.5,7655,nan,0,1.56,0.0000
1743481354.8876448,LTE,CONNECT,FDD,48D2C04,-72,-8,12,-13,-72,-7,4,-76,-11,2,5,1,-50,LTE BAND 1,25,41946.0,5.0,5103,nan,0,1.56,0.0000
1743481356.0285544,LTE,CONNECT,FDD,48D2C04,-72,-7,14,-14,-72,-7,4,-76,-9,2,5,0,-50,LTE BAND 1,25,10481.0,1.25,1275,nan,0,1.57,0.0000
1743481357.103916,LTE,CONNECT,FDD,48D2C04,-72,-7,11,-11,-72,-7,1,-72,-7,1,5,0,-50,LTE BAND 1,25,20971.0,2.5,2551,nan,0,1.57,0.0000
1743481358.1631627,LTE,CONNECT,FDD,48D2C04,-72,-7,11,-3,-72,-7,1,-72,-7,1,5,0,-48,LTE BAND 1,25,31464.0,3.75,3828,nan,0,1.59,0.0000
1743481359.2356882,LTE,CONNECT,FDD,48D2C04,-72,-7,14,0,-72,-7,3,-75,-9,2,5,0,-48,LTE BAND 1,25,62928.0,7.5,7656,nan,0,1.62,0.0000
1743481360.300915,LTE,CONNECT,FDD,48D2C04,-72,-7,7,0,-72,-7,3,-75,-9,2,5,0,-47,LTE BAND 1,25,52424.0,6.25,6378,nan,0,1.66,0.0000
1743481361.4082615,LTE,CONNECT,FDD,48D2C04,-72,-7,14,0,-72,-7,3,-75,-9,2,5,0,-48,LTE BAND 1,25,62919.0,7.5,7655,nan,0,1.73,0.0000
1743481362.5352943,LTE,CONNECT,FDD,48D2C04,-72,-6,12,-3,-72,-6,3,-75,-9,2,5,0,-47,LTE BAND 1,25,62917.0,7.5,7655,nan,0,1.81,0.0000
1743481363.6557922,LTE,CONNECT,FDD,48D2C04,-72,-7,15,-3,-72,-7,3,-75,-9,2,5,0,-46,LTE BAND 1,25,20968.0,2.5,2527,nan,17,1.3,0.0000
1743481364.719495,LTE,CONNECT,FDD,48D2C04,-71,-7,15,-4,-71,-6,3,-74,-9,2,5,0,-46,LTE BAND 1,25,62909.0,7.5,7654,nan,0,1.42,0.0000
1743481365.8096821,LTE,CONNECT,FDD,48D2C04,-71,-6,10,1,-71,-6,3,-74,-9,2,5,0,-46,LTE BAND 1,25,52440.0,6.25,6380,nan,0,1.65,0.0000
1743481366.9114666,LTE,CONNECT,FDD,48D2C04,-71,-6,7,2,-71,-6,3,-74,-9,2,5,0,-45,LTE BAND 1,25,52421.0,6.25,6378,nan,0,1.72,0.0000
1743481367.9660592,LTE,CONNECT,FDD,48D2C04,-72,-6,9,1,-71,-6,1,-71,-6,1,5,0,-46,LTE BAND 1,25,62911.0,7.5,7654,nan,0,1.78,0.0000
1743481369.05946,LTE,CONNECT,FDD,48D2C04,-72,-7,9,2,-72,-7,1,-72,-7,1,5,0,-46,LTE BAND 1,25,62917.0,7.5,7655,nan,0,1.82,0.0000
1743481370.1695695,LTE,CONNECT,FDD,48D2C04,-72,-7,16,2,-72,-6,1,-76,-10,1,5,0,-47,LTE BAND 1,25,62907.0,7.5,7654,nan,0,1.84,0.0000
1743481371.2904432,LTE,CONNECT,FDD,48D2C04,-71,-6,11,3,-71,-6,1,-76,-10,0,5,0,-46,LTE BAND 1,25,62926.0,7.5,7656,nan,0,1.85,0.0000
1743481372.3743563,LTE,CONNECT,FDD,48D2C04,-72,-7,14,3,-72,-7,1,-76,-11,0,5,0,-47,LTE BAND 1,25,62917.0,7.5,7655,nan,0,1.86,0.0000
1743481373.476708,LTE,CONNECT,FDD,48D2C04,-72,-7,16,2,-72,-7,1,-72,-7,1,5,0,-47,LTE BAND 1,25,62911.0,7.5,7654,nan,0,1.86,0.0000
1743481374.5399294,LTE,CONNECT,FDD,48D2C33,-69,-5,14,-16,-69,-5,7,-70,-6,4,5,1,-44,LTE BAND 3,25,62917.0,7.5,7655,nan,0,1.86,0.0000
1743481375.6576633,LTE,CONNECT,FDD,48D2C33,-68,-4,15,-9,-68,-4,7,-70,-5,4,5,0,-44,LTE BAND 3,25,31454.0,3.75,3808,nan,13,1.3,0.0000
1743481376.810094,LTE,CONNECT,FDD,48D2C33,-68,-5,14,-5,-68,-5,7,-70,-6,4,5,0,-44,LTE BAND 3,25,31451.0,3.75,3827,nan,0,1.54,0.0000
1743481377.9311447,LTE,CONNECT,FDD,48D2C33,-68,-5,17,-5,-68,-5,7,-70,-6,4,5,0,-44,LTE BAND 3,25,41943.0,5.0,5103,nan,0,1.64,0.0000
1743481379.0655234,LTE,CONNECT,FDD,48D2C33,-66,-5,17,-7,-66,-5,7,-69,-6,4,5,0,-42,LTE BAND 3,25,41944.0,5.0,5103,nan,0,1.71,0.0000
1743481380.1643436,LTE,CONNECT,FDD,48D2C33,-66,-5,17,-7,-66,-5,7,-68,-6,4,5,0,-41,LTE BAND 3,25,41947.0,5.0,5104,nan,0,1.77,0.0000
1743481381.2953806,LTE,CONNECT,FDD,48D2C33,-66,-5,16,-7,-66,-5,7,-68,-6,4,5,0,-42,LTE BAND 3,25,41947.0,5.0,5104,nan,0,1.81,0.0000
1743481382.3892555,LTE,CONNECT,FDD,48D2C33,-67,-6,13,-6,-67,-6,7,-69,-6,4,5,0,-42,LTE BAND 3,25,41936.0,5.0,5102,nan,0,1.84,0.0000
1743481383.4976907,LTE,CONNECT,FDD,48D2C33,-67,-5,16,-6,-67,-5,7,-69,-6,4,5,0,-42,LTE BAND 3,25,41943.0,5.0,5097,nan,4,1.32,0.0000
1743481384.6080158,LTE,CONNECT,FDD,48D2C33,-66,-5,11,-5,-66,-5,7,-68,-6,4,5,0,-42,LTE BAND 3,25,41945.0,5.0,5103,nan,0,1.4,0.0000
1743481385.653847,LTE,CONNECT,FDD,48D2C33,-66,-5,10,-2,-66,-5,7,-68,-6,4,5,0,-42,LTE BAND 3,25,41939.0,5.0,5103,nan,0,1.46,0.0000
1743481386.7863495,LTE,CONNECT,FDD,48D2C33,-66,-5,16,1,-66,-5,7,-68,-6,4,5,0,-42,LTE BAND 3,25,62914.0,7.5,7655,nan,0,1.54,0.0000
1743481387.8404403,LTE,CONNECT,FDD,48D2C33,-66,-5,20,0,-66,-5,7,-68,-6,4,5,0,-42,LTE BAND 3,25,62916.0,7.5,7655,nan,0,1.55,0.0000
1743481388.9218729,LTE,CONNECT,FDD,48D2C33,-66,-5,18,3,-66,-5,7,-69,-6,4,5,0,-41,LTE BAND 3,25,52419.0,6.25,6378,nan,0,1.56,0.0000
1743481389.9796727,LTE,CONNECT,FDD,48D2C33,-65,-5,15,2,-65,-5,7,-68,-6,4,5,0,-41,LTE BAND 3,25,62912.0,7.5,7654,nan,0,1.56,0.0000
1743481391.0583286,LTE,CONNECT,FDD,48D2C33,-67,-5,14,2,-67,-5,7,-69,-6,4,5,0,-43,LTE BAND 3,25,62915.0,7.5,7655,nan,0,1.56,0.0000
1743481392.1014347,LTE,CONNECT,FDD,48D2C33,-67,-5,12,1,-67,-5,7,-72,-10,1,5,0,-42,LTE BAND 3,25,62920.0,7.5,7655,nan,0,1.56,0.0000
1743481393.2085395,LTE,CONNECT,FDD,48D2C33,-66,-5,17,1,-66,-5,7,-68,-6,4,5,0,-42,LTE BAND 3,25,62918.0,7.5,7655,nan,0,1.57,0.0000
1743481394.2970655,LTE,CONNECT,FDD,48D2C04,-73,-8,14,-14,-73,-8,1,-73,-8,1,5,1,-46,LTE BAND 1,25,62905.0,7.5,7653,nan,0,1.58,0.0000
1743481395.3713815,LTE,CONNECT,FDD,48D2C04,-72,-7,13,-15,-73,-7,1,-76,-10,0,5,0,-46,LTE BAND 1,25,31462.0,3.75,3828,nan,0,1.6,0.0000
1743481396.4859812,LTE,CONNECT,FDD,48D2C04,-72,-7,9,-12,-72,-7,1,-75,-10,0,5,0,-45,LTE BAND 1,25,10485.0,1.25,1276,nan,0,1.62,0.0000
1743481397.6049302,LTE,CONNECT,FDD,48D2C04,-72,-7,8,-3,-72,-7,1,-76,-11,0,5,0,-45,LTE BAND 1,25,10481.0,1.25,1275,nan,0,1.67,0.0000
1743481398.7140384,LTE,CONNECT,FDD,48D2C04,-72,-6,15,-3,-72,-6,1,-75,-10,0,5,0,-46,LTE BAND 1,25,31471.0,3.75,3829,nan,0,1.75,0.0000
1743481399.8269114,LTE,CONNECT,FDD,48D2C04,-72,-7,7,-3,-72,-7,1,-76,-11,0,5,0,-46,LTE BAND 1,25,41941.0,5.0,5044,nan,41,1.33,0.0000
1743481400.8897629,LTE,CONNECT,FDD,48D2C04,-72,-7,5,-3,-72,-7,1,-72,-7,1,5,0,-46,LTE BAND 1,25,41942.0,5.0,5103,nan,0,1.46,0.0000
1743481401.9602172,LTE,CONNECT,FDD,48D2C04,-72,-7,16,-2,-72,-7,1,-76,-10,1,5,0,-47,LTE BAND 1,25,41942.0,5.0,5103,nan,0,1.57,0.0000
1743481403.0308342,LTE,CONNECT,FDD,48D2C04,-72,-7,16,-1,-72,-7,1,-72,-7,1,5,0,-47,LTE BAND 1,25,52435.0,6.25,6380,nan,0,1.67,0.0000
1743481404.1215603,LTE,CONNECT,FDD,48D2C04,-72,-7,16,-2,-72,-6,15,-76,-7,8,5,0,-45,LTE BAND 1,25,41946.0,5.0,5103,nan,0,1.73,0.0000
1743481405.2397764,LTE,CONNECT,FDD,48D2C33,-67,-5,20,-17,-67,-5,9,-76,-11,0,5,1,-42,LTE BAND 3,25,20968.0,2.5,2551,nan,0,1.77,0.0000
1743481406.391469,LTE,CONNECT,FDD,48D2C33,-67,-5,16,-7,-67,-5,9,-69,-6,5,5,0,-43,LTE BAND 3,25,0.0,0.0,-37,nan,26,1.25,0.0000
1743481407.5125437,LTE,CONNECT,FDD,48D2C33,-66,-5,15,-8,-66,-5,9,-68,-6,5,5,0,-42,LTE BAND 3,25,52475.0,6.25,6379,nan,4,1.3,0.0000
1743481408.6146379,LTE,CONNECT,FDD,48D2C33,-66,-5,13,-8,-66,-5,9,-68,-6,5,5,0,-42,LTE BAND 3,25,41947.0,5.0,5104,nan,0,1.37,0.0000
1743481409.7418437,LTE,CONNECT,FDD,48D2C33,-66,-5,20,-8,-66,-5,9,-68,-6,5,5,0,-42,LTE BAND 3,25,41948.0,5.0,5104,nan,0,1.47,0.0000
1743481410.8593485,LTE,CONNECT,FDD,48D2C33,-66,-5,16,-8,-66,-5,9,-68,-6,5,5,0,-42,LTE BAND 3,25,31451.0,3.75,3827,nan,0,1.5,0.0000
1743481411.975017,LTE,CONNECT,FDD,48D2C33,-66,-5,16,-12,-66,-5,9,-68,-6,5,5,0,-41,LTE BAND 3,25,41950.0,5.0,5104,nan,0,1.51,0.0000
1743481413.091511,LTE,CONNECT,FDD,48D2C33,-66,-5,18,-8,-66,-5,9,-68,-6,5,5,0,-42,LTE BAND 3,25,31455.0,3.75,3827,nan,0,1.52,0.0000
1743481414.1974463,LTE,CONNECT,FDD,48D2C33,-66,-5,13,-8,-66,-5,9,-68,-6,5,5,0,-41,LTE BAND 3,25,31451.0,3.75,3827,nan,0,1.52,0.0000
1743481415.339941,LTE,CONNECT,FDD,48D2C33,-66,-5,13,1,-66,-5,9,-68,-6,5,5,0,-42,LTE BAND 3,25,41945.0,5.0,5103,nan,0,1.52,0.0000
1743481416.3968244,LTE,CONNECT,FDD,48D2C33,-66,-5,16,3,-66,-5,9,-68,-6,5,5,0,-42,LTE BAND 3,25,52439.0,6.25,6380,nan,0,1.52,0.0000
1743481417.4575481,LTE,CONNECT,FDD,48D2C33,-66,-5,15,4,-66,-5,9,-68,-6,5,5,0,-42,LTE BAND 3,25,62913.0,7.5,7654,nan,0,1.53,0.0000
1743481418.516969,LTE,CONNECT,FDD,48D2C33,-66,-5,13,3,-66,-5,9,-68,-6,5,5,0,-41,LTE BAND 3,25,62915.0,7.5,7655,nan,0,1.54,0.0000
1743481419.5782168,LTE,CONNECT,FDD,48D2C33,-66,-5,11,3,-66,-5,9,-68,-6,5,5,0,-42,LTE BAND 3,25,62905.0,7.5,7653,nan,0,1.57,0.0000
1743481420.6962976,LTE,CONNECT,FDD,48D2C33,-66,-5,15,2,-66,-5,9,-68,-6,5,5,0,-42,LTE BAND 3,25,62922.0,7.5,7656,nan,0,1.61,0.0000
1743481421.7917523,LTE,CONNECT,FDD,48D2C33,-66,-5,15,2,-66,-5,9,-68,-5,5,5,0,-42,LTE BAND 3,25,62910.0,7.5,7654,nan,0,1.75,0.0000
1743481422.8827631,LTE,CONNECT,FDD,48D2C33,-67,-6,15,3,-67,-6,9,-68,-6,5,5,0,-42,LTE BAND 3,25,62917.0,7.5,7655,nan,0,1.85,0.0000
1743481423.9834251,LTE,CONNECT,FDD,48D2C33,-67,-6,12,2,-67,-6,16,-72,-7,9,5,0,-42,LTE BAND 3,25,52415.0,6.25,6327,nan,35,1.52,0.0000
1743481425.102907,LTE,CONNECT,FDD,48D2C04,-71,-7,12,-16,-71,-7,2,-75,-10,1,5,1,-47,LTE BAND 1,25,41938.0,5.0,5035,nan,47,1.42,0.0000
1743481426.211821,LTE,CONNECT,FDD,48D2C04,-72,-7,15,-14,-71,-7,1,-76,-11,0,5,0,-46,LTE BAND 1,25,10484.0,1.25,1276,nan,0,1.52,0.0000
1743481427.3152606,LTE,CONNECT,FDD,48D2C04,-71,-7,11,-10,-71,-7,1,-75,-10,0,5,0,-47,LTE BAND 1,25,20982.0,2.5,2553,nan,0,1.65,0.0000
1743481428.4221995,LTE,CONNECT,FDD,48D2C04,-71,-7,14,-2,-71,-7,2,-75,-9,1,5,0,-47,LTE BAND 1,25,31463.0,3.75,3828,nan,0,1.77,0.0000
1743481429.5302696,LTE,CONNECT,FDD,48D2C04,-71,-7,6,-1,-71,-7,2,-75,-10,1,5,0,-46,LTE BAND 1,25,41933.0,5.0,5095,nan,5,1.67,0.0000
1743481430.5913026,LTE,CONNECT,FDD,48D2C04,-71,-7,16,-2,-72,-7,2,-76,-10,1,5,0,-46,LTE BAND 1,25,62927.0,7.5,7656,nan,0,1.35,0.0000
1743481431.663734,LTE,CONNECT,FDD,48D2C04,-72,-7,12,-2,-72,-7,2,-75,-10,1,5,0,-46,LTE BAND 1,25,41943.0,5.0,5103,nan,0,1.42,0.0000
1743481432.7613082,LTE,CONNECT,FDD,48D2C04,-72,-7,11,-2,-72,-7,2,-75,-10,1,5,0,-45,LTE BAND 1,25,41940.0,5.0,5103,nan,0,1.48,0.0000
1743481433.8257563,LTE,CONNECT,FDD,48D2C04,-72,-7,11,0,-72,-7,2,-75,-9,1,5,0,-48,LTE BAND 1,25,52433.0,6.25,6379,nan,0,1.54,0.0000
1743481434.8892298,LTE,CONNECT,FDD,48D2C33,-67,-6,13,-12,-67,-6,8,-69,-6,4,5,1,-42,LTE BAND 3,25,31448.0,3.75,3826,nan,0,1.55,0.0000
1743481435.9741068,LTE,CONNECT,FDD,48D2C33,-66,-5,13,-14,-66,-5,8,-68,-5,4,5,0,-41,LTE BAND 3,25,20973.0,2.5,2552,nan,0,1.56,0.0000
1743481437.0426538,LTE,CONNECT,FDD,48D2C33,-67,-5,13,-3,-67,-5,8,-72,-10,1,5,0,-42,LTE BAND 3,25,20967.0,2.5,2551,nan,0,1.56,0.0000
1743481438.1321518,LTE,CONNECT,FDD,48D2C33,-67,-5,13,-3,-67,-5,8,-76,-11,1,5,0,-43,LTE BAND 3,25,52437.0,6.25,6380,nan,0,1.56,0.0000
1743481439.2251265,LTE,CONNECT,FDD,48D2C33,-67,-5,14,-3,-67,-5,8,-69,-6,4,5,0,-42,LTE BAND 3,25,52440.0,6.25,6380,nan,0,1.57,0.0000
1743481440.3462873,LTE,CONNECT,FDD,48D2C33,-67,-5,13,-3,-67,-5,8,-69,-6,4,5,0,-42,LTE BAND 3,25,52434.0,6.25,6379,nan,0,1.57,0.0000
1743481441.421888,LTE,CONNECT,FDD,48D2C33,-67,-5,16,-3,-67,-5,8,-68,-5,4,5,0,-43,LTE BAND 3,25,52431.0,6.25,6379,nan,0,1.59,0.0000
1743481442.48976,LTE,CONNECT,FDD,48D2C33,-67,-5,16,-3,-67,-5,8,-68,-5,4,5,0,-42,LTE BAND 3,25,52423.0,6.25,6378,nan,0,1.61,0.0000
1743481443.5657527,LTE,CONNECT,FDD,48D2C33,-67,-5,15,-3,-67,-5,8,-68,-6,4,5,0,-42,LTE BAND 3,25,62807.0,7.5,7642,nan,0,1.65,0.0000
1743481444.6182473,LTE,CONNECT,FDD,48D2C33,-66,-5,15,-4,-66,-5,8,-68,-6,4,5,0,-42,LTE BAND 3,25,52524.0,6.25,6390,nan,0,1.71,0.0000
1743481445.7240102,LTE,CONNECT,FDD,48D2C33,-66,-5,13,-4,-66,-5,8,-68,-6,4,5,0,-42,LTE BAND 3,25,52427.0,6.25,6379,nan,0,1.79,0.0000
1743481446.818528,LTE,CONNECT,FDD,48D2C33,-66,-5,10,0,-66,-5,8,-68,-6,4,5,0,-42,LTE BAND 3,25,52429.0,6.25,6315,nan,45,1.4,0.0000
1743481447.8889816,LTE,CONNECT,FDD,48D2C33,-66,-5,19,4,-66,-5,8,-68,-6,4,5,0,-41,LTE BAND 3,25,73408.0,8.75,8931,nan,0,1.54,0.0000
1743481448.951427,LTE,CONNECT,FDD,48D2C33,-66,-5,14,4,-66,-5,8,-68,-6,4,5,0,-42,LTE BAND 3,25,62908.0,7.5,7654,nan,0,1.65,0.0000
1743481450.0846305,LTE,CONNECT,FDD,48D2C33,-66,-5,16,4,-66,-5,8,-68,-6,4,5,0,-42,LTE BAND 3,25,73402.0,8.75,8931,nan,0,1.73,0.0000
1743481451.182032,LTE,CONNECT,FDD,48D2C33,-66,-5,20,4,-66,-5,8,-68,-6,4,5,0,-42,LTE BAND 3,25,62909.0,7.5,7654,nan,0,1.79,0.0000
1743481452.2533996,LTE,CONNECT,FDD,48D2C33,-67,-5,19,4,-67,-5,8,-69,-6,4,5,0,-42,LTE BAND 3,25,73410.0,8.75,8932,nan,0,1.84,0.0000
1743481453.2991483,LTE,CONNECT,FDD,48D2C33,-73,-7,13,10,-71,-6,8,-72,-6,4,5,0,-47,LTE BAND 3,25,73398.0,8.75,8930,nan,0,1.87,0.0000
1743481454.3639603,LTE,CONNECT,FDD,48D2C33,-74,-7,16,9,-71,-5,8,-76,-9,2,5,0,-48,LTE BAND 3,25,62907.0,7.5,7654,nan,0,1.88,0.0000
1743481455.406713,LTE,CONNECT,FDD,48D2C33,-73,-7,14,8,-71,-5,8,-72,-6,4,5,0,-47,LTE BAND 3,25,73402.0,8.75,8931,nan,0,1.89,0.0000
1743481456.476017,LTE,CONNECT,FDD,48D2C33,-74,-7,14,7,-71,-6,8,-72,-6,4,5,0,-48,LTE BAND 3,25,73413.0,8.75,8932,nan,0,1.9,0.0000
1743481457.549633,LTE,CONNECT,FDD,48D2C33,-77,-13,10,9,-70,-6,8,-73,-9,4,5,0,-49,LTE BAND 3,25,73392.0,8.75,8929,nan,0,1.9,0.0000
1743481458.6163983,LTE,CONNECT,FDD,48D2C33,-76,-8,10,7,-70,-6,8,-76,-10,2,5,0,-49,LTE BAND 3,25,62911.0,7.5,7654,nan,0,1.9,0.0000
1743481459.711672,LTE,CONNECT,FDD,48D2C33,-75,-8,15,6,-70,-6,8,-75,-9,3,5,0,-48,LTE BAND 3,25,73405.0,8.75,8931,nan,0,1.9,0.0000
1743481460.8302004,LTE,CONNECT,FDD,48D2C33,-75,-7,17,5,-70,-6,8,-72,-6,4,5,0,-49,LTE BAND 3,25,62951.0,7.5,7659,nan,0,1.93,0.0000
1743481461.8814902,LTE,CONNECT,FDD,48D2C33,-71,-6,17,5,-71,-6,8,-71,-6,4,5,0,-47,LTE BAND 3,25,73394.0,8.75,8900,nan,21,1.42,0.0000
1743481463.0298107,LTE,CONNECT,FDD,48D2C33,-71,-6,13,6,-71,-6,8,-71,-6,4,5,0,-46,LTE BAND 3,25,73413.0,8.75,8932,nan,0,1.56,0.0000
1743481464.1547844,LTE,CONNECT,FDD,48D2C33,-75,-8,15,9,-71,-6,8,-73,-7,4,5,0,-48,LTE BAND 3,25,62910.0,7.5,7654,nan,0,1.67,0.0000
1743481465.2163556,LTE,CONNECT,FDD,48D2C33,-75,-10,10,11,-71,-7,8,-76,-11,1,5,0,-49,LTE BAND 3,25,73402.0,8.75,8931,nan,0,1.76,0.0000
1743481466.3413327,LTE,CONNECT,FDD,48D2C33,-72,-7,18,5,-71,-7,8,-71,-7,4,5,0,-44,LTE BAND 3,25,73406.0,8.75,8931,nan,0,1.83,0.0000
1743481467.4245083,LTE,CONNECT,FDD,48D2C33,-67,-6,19,4,-67,-6,8,-69,-6,4,5,0,-42,LTE BAND 3,25,73386.0,8.75,8929,nan,0,1.88,0.0000
1743481468.565506,LTE,CONNECT,FDD,48D2C33,-66,-5,18,4,-66,-5,8,-68,-7,4,5,0,-41,LTE BAND 3,25,62923.0,7.5,7654,nan,1,1.79,0.0000
1743481469.6248634,LTE,CONNECT,FDD,48D2C33,-66,-5,15,6,-66,-5,8,-68,-6,4,5,0,-42,LTE BAND 3,25,73399.0,8.75,8930,nan,0,1.4,0.0000
1743481470.6869407,LTE,CONNECT,FDD,48D2C33,-66,-5,18,5,-66,-5,8,-68,-6,4,5,0,-41,LTE BAND 3,25,62904.0,7.5,7653,nan,0,1.48,0.0000
1743481471.778202,LTE,CONNECT,FDD,48D2C33,-68,-6,15,8,-68,-6,8,-69,-6,4,5,0,-43,LTE BAND 3,25,73403.0,8.75,8931,nan,0,1.57,0.0000
1743481472.8978617,LTE,CONNECT,FDD,48D2C33,-66,-5,21,5,-66,-5,8,-69,-6,4,5,0,-42,LTE BAND 3,25,62917.0,7.5,7655,nan,0,1.6,0.0000
1743481473.9578798,LTE,CONNECT,FDD,48D2C33,-73,-9,15,11,-71,-7,8,-72,-8,4,5,0,-48,LTE BAND 3,25,73398.0,8.75,8930,nan,0,1.61,0.0000
1743481475.0321174,LTE,CONNECT,FDD,48D2C33,-66,-4,20,5,-66,-4,8,-69,-6,4,5,0,-42,LTE BAND 3,25,73395.0,8.75,8930,nan,0,1.62,0.0000
1743481476.1152072,LTE,CONNECT,FDD,48D2C33,-66,-5,15,6,-66,-5,8,-69,-6,4,5,0,-42,LTE BAND 3,25,62921.0,7.5,7655,nan,0,1.62,0.0000
1743481477.1696203,LTE,CONNECT,FDD,48D2C33,-66,-5,15,4,-66,-5,8,-68,-6,4,5,0,-42,LTE BAND 3,25,73404.0,8.75,8931,nan,0,1.62,0.0000
1743481478.2714503,LTE,CONNECT,FDD,48D2C33,-66,-5,19,3,-66,-5,8,-69,-6,4,5,0,-42,LTE BAND 3,25,62915.0,7.5,7655,nan,0,1.62,0.0000
1743481479.3792412,LTE,CONNECT,FDD,48D2C33,-66,-5,16,3,-66,-5,8,-68,-6,4,5,0,-42,LTE BAND 3,25,62909.0,7.5,7654,nan,0,1.63,0.0000
1743481480.4432862,LTE,CONNECT,FDD,48D2C33,-66,-5,19,3,-66,-5,8,-68,-6,4,5,0,-42,LTE BAND 3,25,62922.0,7.5,7656,nan,0,1.64,0.0000
1743481481.5524926,LTE,CONNECT,FDD,48D2C33,-65,-5,21,2,-65,-5,8,-68,-6,4,5,0,-41,LTE BAND 3,25,62914.0,7.5,7655,nan,0,1.67,0.0000
1743481482.6719222,LTE,CONNECT,FDD,48D2C33,-65,-5,18,3,-65,-5,8,-68,-6,4,5,0,-41,LTE BAND 3,25,62906.0,7.5,7654,nan,0,1.71,0.0000
1743481483.769834,LTE,CONNECT,FDD,48D2C33,-65,-5,18,4,-65,-5,8,-67,-6,4,5,0,-40,LTE BAND 3,25,62921.0,7.5,7655,nan,0,1.76,0.0000
1743481484.824528,LTE,CONNECT,FDD,48D2C33,-65,-5,17,2,-65,-5,8,-67,-6,4,5,0,-41,LTE BAND 3,25,62911.0,7.5,7654,nan,0,1.94,0.0000
1743481485.939648,LTE,CONNECT,FDD,48D2C33,-66,-5,11,5,-66,-5,8,-68,-6,4,5,0,-41,LTE BAND 3,25,73410.0,8.75,8886,nan,32,1.44,0.0000
1743481487.0235858,LTE,CONNECT,FDD,48D2C33,-65,-5,17,4,-65,-5,8,-67,-6,4,5,0,-41,LTE BAND 3,25,73405.0,8.75,8931,nan,0,1.58,0.0000
1743481488.138188,LTE,CONNECT,FDD,48D2C33,-66,-5,15,5,-66,-5,8,-68,-6,4,5,0,-42,LTE BAND 3,25,62909.0,7.5,7654,nan,0,1.69,0.0000
1743481489.1980972,LTE,CONNECT,FDD,48D2C33,-67,-5,15,6,-67,-5,8,-68,-6,4,5,0,-43,LTE BAND 3,25,62914.0,7.5,7655,nan,0,1.78,0.0000
1743481490.2515402,LTE,CONNECT,FDD,48D2C33,-66,-5,17,5,-66,-5,8,-68,-6,4,5,0,-42,LTE BAND 3,25,62908.0,7.5,7654,nan,0,1.85,0.0000
1743481491.3195736,LTE,CONNECT,FDD,48D2C33,-66,-5,16,5,-66,-5,8,-68,-6,4,5,0,-41,LTE BAND 3,25,73416.0,8.75,8932,nan,0,1.9,0.0000
1743481492.4117687,LTE,CONNECT,FDD,48D2C33,-66,-5,12,4,-66,-5,8,-68,-6,4,5,0,-41,LTE BAND 3,25,73397.0,8.75,8930,nan,0,1.93,0.0000
1743481493.4724631,LTE,CONNECT,FDD,48D2C33,-65,-5,15,4,-65,-5,8,-68,-6,4,5,0,-40,LTE BAND 3,25,62910.0,7.5,7630,nan,17,1.37,0.0000
1743481494.5212204,LTE,CONNECT,FDD,48D2C33,-65,-5,16,4,-65,-5,8,-67,-6,4,5,0,-40,LTE BAND 3,25,73405.0,8.75,8931,nan,0,1.45,0.0000
1743481495.5696023,LTE,CONNECT,FDD,48D2C33,-66,-5,18,4,-66,-5,8,-68,-6,4,5,0,-41,LTE BAND 3,25,62909.0,7.5,7654,nan,0,1.52,0.0000
1743481496.6485393,LTE,CONNECT,FDD,48D2C33,-65,-5,16,4,-65,-5,8,-67,-6,4,5,0,-40,LTE BAND 3,25,73406.0,8.75,8931,nan,0,1.58,0.0000
1743481497.6967216,LTE,CONNECT,FDD,48D2C33,-66,-5,15,4,-66,-5,8,-67,-6,4,5,0,-41,LTE BAND 3,25,73400.0,8.75,8930,nan,0,1.61,0.0000
1743481498.765637,LTE,CONNECT,FDD,48D2C33,-67,-5,8,5,-67,-5,8,-68,-6,4,5,0,-42,LTE BAND 3,25,73405.0,8.75,8931,nan,0,1.63,0.0000
1743481499.8253856,LTE,CONNECT,FDD,48D2C33,-67,-5,12,5,-67,-5,8,-68,-6,4,5,0,-42,LTE BAND 3,25,73413.0,8.75,8932,nan,0,1.65,0.0000
1743481500.9044936,LTE,CONNECT,FDD,48D2C33,-67,-6,13,5,-67,-6,8,-68,-6,4,5,0,-42,LTE BAND 3,25,73396.0,8.75,8930,nan,0,1.65,0.0000
1743481501.999695,LTE,CONNECT,FDD,48D2C33,-67,-5,13,4,-67,-5,8,-68,-6,4,5,0,-42,LTE BAND 3,25,62907.0,7.5,7654,nan,0,1.65,0.0000
1743481503.0618467,LTE,CONNECT,FDD,48D2C33,-66,-5,15,2,-66,-5,8,-68,-5,4,5,0,-41,LTE BAND 3,25,73409.0,8.75,8931,nan,0,1.65,0.0000
1743481504.1402063,LTE,CONNECT,FDD,48D2C33,-65,-5,21,2,-65,-5,16,-71,-7,7,5,0,-41,LTE BAND 3,25,62920.0,7.5,7655,nan,0,1.66,0.0000
1743481505.2829099,LTE,CONNECT,FDD,48D2C04,-72,-7,12,-14,-72,-7,2,-75,-8,1,5,1,-48,LTE BAND 1,25,41939.0,5.0,5103,nan,0,1.68,0.0000
1743481506.394294,LTE,CONNECT,FDD,48D2C04,-72,-7,12,-13,-72,-7,2,-75,-9,1,5,0,-47,LTE BAND 1,25,10481.0,1.25,1275,nan,0,1.7,0.0000
1743481507.4658375,LTE,CONNECT,FDD,48D2C04,-71,-7,13,-11,-71,-7,2,-74,-10,1,5,0,-46,LTE BAND 1,25,31469.0,3.75,3829,nan,0,1.74,0.0000
1743481508.5487263,LTE,CONNECT,FDD,48D2C04,-72,-7,17,-2,-72,-7,2,-75,-10,1,5,0,-46,LTE BAND 1,25,31459.0,3.75,3828,nan,0,1.8,0.0000
1743481509.6015978,LTE,CONNECT,FDD,48D2C04,-72,-6,14,-2,-72,-6,2,-75,-9,1,5,0,-46,LTE BAND 1,25,52427.0,6.25,6379,nan,0,1.89,0.0000
1743481510.7083316,LTE,CONNECT,FDD,48D2C04,-72,-7,14,-1,-72,-7,2,-75,-9,1,5,0,-46,LTE BAND 1,25,62919.0,7.5,7580,nan,53,1.37,0.0000
1743481511.8238628,LTE,CONNECT,FDD,48D2C04,-72,-7,13,-2,-72,-7,2,-75,-10,1,5,0,-46,LTE BAND 1,25,62925.0,7.5,7656,nan,0,1.63,0.0000
1743481512.9354455,LTE,CONNECT,FDD,48D2C04,-72,-7,15,-2,-72,-7,2,-75,-10,1,5,0,-46,LTE BAND 1,25,52420.0,6.25,6378,nan,0,1.73,0.0000
1743481514.0657842,LTE,CONNECT,FDD,48D2C04,-71,-6,14,-2,-71,-6,2,-74,-9,1,5,0,-46,LTE BAND 1,25,62924.0,7.5,7656,nan,0,1.8,0.0000
1743481515.1338408,LTE,CONNECT,FDD,48D2C04,-72,-7,12,-2,-72,-7,2,-75,-10,1,5,0,-46,LTE BAND 1,25,62914.0,7.5,7655,nan,0,1.86,0.0000
1743481516.2370167,LTE,CONNECT,FDD,48D2C04,-72,-7,12,0,-72,-7,2,-75,-9,1,5,0,-48,LTE BAND 1,25,52427.0,6.25,6369,nan,7,1.34,0.0000
1743481517.2929716,LTE,CONNECT,FDD,48D2C04,-73,-8,13,2,-73,-8,2,-75,-10,1,5,0,-46,LTE BAND 1,25,73406.0,8.75,8931,nan,0,1.43,0.0000
1743481518.3534987,LTE,CONNECT,FDD,48D2C04,-72,-7,13,1,-72,-7,2,-75,-9,1,5,0,-47,LTE BAND 1,25,62903.0,7.5,7653,nan,0,1.49,0.0000
1743481519.4372742,LTE,CONNECT,FDD,48D2C04,-72,-7,13,2,-72,-7,2,-74,-9,1,5,0,-46,LTE BAND 1,25,73411.0,8.75,8932,nan,0,1.53,0.0000
1743481520.5010445,LTE,CONNECT,FDD,48D2C04,-71,-7,14,1,-71,-7,2,-74,-9,1,5,0,-46,LTE BAND 1,25,73394.0,8.75,8930,nan,0,1.56,0.0000
1743481521.5906727,LTE,CONNECT,FDD,48D2C04,-72,-7,13,3,-72,-7,2,-75,-9,1,5,0,-46,LTE BAND 1,25,73409.0,8.75,8931,nan,0,1.58,0.0000
1743481522.6538808,LTE,CONNECT,FDD,48D2C04,-72,-7,6,3,-72,-7,2,-75,-10,1,5,0,-45,LTE BAND 1,25,73397.0,8.75,8930,nan,0,1.59,0.0000
1743481523.751142,LTE,CONNECT,FDD,48D2C04,-72,-7,12,2,-72,-7,2,-75,-10,1,5,0,-46,LTE BAND 1,25,62909.0,7.5,7654,nan,0,1.59,0.0000
1743481524.840859,LTE,CONNECT,FDD,48D2C04,-72,-7,14,2,-72,-7,2,-75,-9,1,5,0,-47,LTE BAND 1,25,73402.0,8.75,8931,nan,0,1.59,0.0000
1743481525.925181,LTE,CONNECT,FDD,48D2C04,-72,-7,12,1,-72,-7,2,-75,-9,1,5,0,-46,LTE BAND 1,25,73391.0,8.75,8929,nan,0,1.59,0.0000
1743481527.0261717,LTE,CONNECT,FDD,48D2C04,-72,-7,12,2,-72,-7,2,-75,-9,1,5,0,-47,LTE BAND 1,25,73403.0,8.75,8931,nan,0,1.61,0.0000
1743481528.093789,LTE,CONNECT,FDD,48D2C04,-71,-7,15,2,-71,-7,2,-75,-10,1,5,0,-46,LTE BAND 1,25,62915.0,7.5,7655,nan,0,1.63,0.0000
1743481529.1809437,LTE,CONNECT,FDD,48D2C04,-71,-7,13,2,-71,-7,2,-74,-9,1,5,0,-47,LTE BAND 1,25,73404.0,8.75,8931,nan,0,1.66,0.0000
1743481530.2918458,LTE,CONNECT,FDD,48D2C04,-72,-7,13,0,-72,-7,2,-75,-9,1,5,0,-46,LTE BAND 1,25,73398.0,8.75,8930,nan,0,1.71,0.0000
1743481531.4040048,LTE,CONNECT,FDD,48D2C04,-72,-7,12,0,-72,-7,2,-75,-9,1,5,0,-46,LTE BAND 1,25,62918.0,7.5,7655,nan,0,1.78,0.0000
1743481532.4908738,LTE,CONNECT,FDD,48D2C04,-71,-7,14,1,-71,-7,2,-74,-9,1,5,0,-47,LTE BAND 1,25,62910.0,7.5,7654,nan,0,1.88,0.0000
1743481533.5547628,LTE,CONNECT,FDD,48D2C04,-72,-7,12,0,-72,-7,2,-74,-9,1,5,0,-46,LTE BAND 1,25,52418.0,6.25,6295,nan,58,1.54,0.0000
1743481534.6098244,LTE,CONNECT,FDD,48D2C04,-71,-7,9,2,-66,-3,20,-81,-12,4,5,0,-47,LTE BAND 1,25,73422.0,8.75,8933,nan,0,1.49,0.0000
1743481535.70662,LTE,CONNECT,FDD,48D2C04,-71,-7,8,3,-65,-3,20,-80,-10,5,5,0,-51,LTE BAND 1,25,52428.0,6.25,6379,nan,0,1.62,0.0000
1743481536.7837203,LTE,CONNECT,FDD,48D2C04,-72,-7,14,0,-64,-3,20,-79,-10,5,5,0,-47,LTE BAND 1,25,62921.0,7.5,7655,nan,0,1.81,0.0000
1743481537.8934736,LTE,CONNECT,FDD,48D2C04,-72,-7,12,3,-65,-3,20,-73,-6,9,5,0,-47,LTE BAND 1,25,62911.0,7.5,7654,nan,0,1.87,0.0000
1743481539.0216916,LTE,CONNECT,FDD,48D2C04,-72,-7,13,6,-64,-3,20,-79,-12,5,5,0,-47,LTE BAND 1,25,62919.0,7.5,7645,nan,7,1.35,0.0000
1743481540.0955534,LTE,CONNECT,FDD,48D2C04,-72,-7,15,3,-64,-3,20,-79,-11,5,5,0,-46,LTE BAND 1,25,62917.0,7.5,7655,nan,0,1.44,0.0000
1743481541.1688952,LTE,CONNECT,FDD,48D2C04,-72,-7,12,3,-64,-3,20,-73,-7,9,5,0,-47,LTE BAND 1,25,62908.0,7.5,7654,nan,0,1.5,0.0000
1743481542.2370155,LTE,CONNECT,FDD,48D2C04,-71,-7,17,2,-65,-3,20,-72,-5,10,5,0,-46,LTE BAND 1,25,62915.0,7.5,7655,nan,0,1.55,0.0000
1743481543.2883613,LTE,CONNECT,FDD,48D2C04,-71,-7,15,1,-64,-3,20,-76,-9,7,5,0,-45,LTE BAND 1,25,62914.0,7.5,7655,nan,0,1.58,0.0000
1743481544.3415906,LTE,CONNECT,FDD,48D2C04,-71,-7,16,3,-71,-7,1,-74,-10,0,5,0,-46,LTE BAND 1,25,41932.0,5.0,5102,nan,0,1.59,0.0000
1743481545.4448507,LTE,CONNECT,FDD,48D2C04,-71,-7,15,0,-71,-7,1,-75,-11,0,5,0,-46,LTE BAND 1,25,73423.0,8.75,8933,nan,0,1.6,0.0000
1743481546.550329,LTE,CONNECT,FDD,48D2C04,-72,-7,15,0,-72,-7,1,-75,-11,0,5,0,-45,LTE BAND 1,25,62908.0,7.5,7654,nan,0,1.61,0.0000
1743481547.5988028,LTE,CONNECT,FDD,48D2C04,-72,-7,16,1,-72,-7,1,-75,-10,0,5,0,-47,LTE BAND 1,25,62922.0,7.5,7656,nan,0,1.61,0.0000
1743481548.685191,LTE,CONNECT,FDD,48D2C04,-71,-7,15,2,-71,-7,1,-75,-10,0,5,0,-46,LTE BAND 1,25,62904.0,7.5,7653,nan,0,1.61,0.0000
1743481549.7812903,LTE,CONNECT,FDD,48D2C04,-71,-6,15,0,-71,-6,1,-75,-10,0,5,0,-46,LTE BAND 1,25,62921.0,7.5,7655,nan,0,1.62,0.0000
1743481550.8516245,LTE,CONNECT,FDD,48D2C04,-71,-6,16,1,-71,-6,1,-71,-6,1,5,0,-46,LTE BAND 1,25,62917.0,7.5,7655,nan,0,1.64,0.0000
1743481551.9624193,LTE,CONNECT,FDD,48D2C04,-71,-7,16,1,-71,-7,1,-75,-10,0,5,0,-45,LTE BAND 1,25,62913.0,7.5,7654,nan,0,1.68,0.0000
1743481553.050677,LTE,CONNECT,FDD,48D2C04,-71,-6,17,0,-71,-7,1,-75,-10,0,5,0,-45,LTE BAND 1,25,62916.0,7.5,7655,nan,0,1.73,0.0000
1743481554.1196964,LTE,CONNECT,FDD,48D2C04,-71,-7,13,0,-71,-7,1,-74,-10,0,5,0,-45,LTE BAND 1,25,62914.0,7.5,7655,nan,0,1.8,0.0000
1743481555.1759412,LTE,CONNECT,FDD,48D2C04,-71,-7,16,0,-71,-7,1,-74,-10,0,5,0,-45,LTE BAND 1,25,62914.0,7.5,7655,nan,0,1.89,0.0000
1743481556.2343488,LTE,CONNECT,FDD,48D2C04,-71,-7,15,3,-71,-7,1,-71,-7,1,5,0,-45,LTE BAND 1,25,62913.0,7.5,7563,nan,64,1.37,0.0000
1743481557.354925,LTE,CONNECT,FDD,48D2C04,-71,-7,16,3,-71,-7,1,-75,-10,0,5,0,-46,LTE BAND 1,25,73398.0,8.75,8930,nan,0,1.52,0.0000
1743481558.4077055,LTE,CONNECT,FDD,48D2C04,-71,-7,15,3,-71,-7,1,-75,-11,0,5,0,-45,LTE BAND 1,25,73400.0,8.75,8930,nan,0,1.64,0.0000
1743481559.477569,LTE,CONNECT,FDD,48D2C04,-71,-7,14,3,-71,-7,1,-74,-10,0,5,0,-45,LTE BAND 1,25,73399.0,8.75,8930,nan,0,1.73,0.0000
1743481560.6168911,LTE,CONNECT,FDD,48D2C04,-71,-7,15,3,-71,-7,1,-75,-10,0,5,0,-45,LTE BAND 1,25,62918.0,7.5,7655,nan,0,1.81,0.0000
1743481561.738343,LTE,CONNECT,FDD,48D2C04,-71,-7,12,5,-71,-7,1,-74,-10,0,5,0,-46,LTE BAND 1,25,73404.0,8.75,8931,nan,0,1.86,0.0000
1743481562.8445623,LTE,CONNECT,FDD,48D2C04,-72,-6,15,4,-72,-6,1,-75,-10,0,5,0,-46,LTE BAND 1,25,73402.0,8.75,8931,nan,0,1.92,0.0000
1743481563.8989694,LTE,CONNECT,FDD,48D2C04,-71,-7,19,3,-71,-7,1,-71,-7,1,5,0,-45,LTE BAND 1,25,73393.0,8.75,8905,nan,17,1.36,0.0000
1743481564.970523,LTE,CONNECT,FDD,48D2C04,-72,-7,18,4,-72,-7,1,-76,-10,1,5,0,-46,LTE BAND 1,25,62910.0,7.5,7654,nan,0,1.45,0.0000
1743481566.063077,LTE,CONNECT,FDD,48D2C04,-72,-7,17,3,-72,-7,1,-76,-11,0,5,0,-46,LTE BAND 1,25,73404.0,8.75,8931,nan,0,1.52,0.0000
1743481567.1847506,LTE,CONNECT,FDD,48D2C04,-72,-7,13,4,-72,-7,1,-76,-11,0,5,0,-45,LTE BAND 1,25,73394.0,8.75,8930,nan,0,1.57,0.0000
1743481568.2486145,LTE,CONNECT,FDD,48D2C04,-72,-7,17,5,-72,-7,1,-76,-11,0,5,0,-46,LTE BAND 1,25,73407.0,8.75,8931,nan,0,1.6,0.0000
1743481569.329845,LTE,CONNECT,FDD,48D2C04,-72,-7,17,3,-72,-7,1,-76,-11,0,5,0,-46,LTE BAND 1,25,73402.0,8.75,8931,nan,0,1.63,0.0000
1743481570.4322362,LTE,CONNECT,FDD,48D2C04,-72,-7,16,4,-72,-7,1,-76,-11,0,5,0,-46,LTE BAND 1,25,73393.0,8.75,8929,nan,0,1.64,0.0000
1743481571.5190015,LTE,CONNECT,FDD,48D2C04,-72,-8,10,3,-72,-8,1,-76,-11,0,5,0,-45,LTE BAND 1,25,62922.0,7.5,7656,nan,0,1.64,0.0000
1743481572.5977347,LTE,CONNECT,FDD,48D2C04,-72,-7,16,3,-72,-7,1,-76,-11,0,5,0,-45,LTE BAND 1,25,73395.0,8.75,8930,nan,0,1.64,0.0000
1743481573.6780827,LTE,CONNECT,FDD,48D2C04,-72,-7,19,4,-72,-7,1,-72,-7,1,5,0,-45,LTE BAND 1,25,73409.0,8.75,8931,nan,0,1.64,0.0000
1743481574.765318,LTE,CONNECT,FDD,48D2C04,-72,-7,19,3,-72,-7,1,-75,-10,0,5,0,-45,LTE BAND 1,25,73402.0,8.75,8931,nan,0,1.65,0.0000
1743481575.8816094,LTE,CONNECT,FDD,48D2C04,-72,-7,17,4,-72,-7,1,-75,-10,0,5,0,-46,LTE BAND 1,25,62907.0,7.5,7654,nan,0,1.67,0.0000
1743481576.948189,LTE,CONNECT,FDD,48D2C04,-72,-7,11,4,-72,-7,1,-75,-11,0,5,0,-45,LTE BAND 1,25,73403.0,8.75,8931,nan,0,1.7,0.0000
1743481577.993542,LTE,CONNECT,FDD,48D2C04,-72,-7,19,3,-72,-7,1,-76,-11,0,5,0,-46,LTE BAND 1,25,73399.0,8.75,8930,nan,0,1.74,0.0000
1743481579.0738533,LTE,CONNECT,FDD,48D2C04,-73,-7,18,5,-73,-7,1,-76,-10,0,5,0,-46,LTE BAND 1,25,73402.0,8.75,8931,nan,0,1.81,0.0000
1743481580.1654391,LTE,CONNECT,FDD,48D2C04,-73,-7,18,4,-73,-7,1,-76,-10,0,5,0,-46,LTE BAND 1,25,73398.0,8.75,8930,nan,0,1.89,0.0000
1743481581.2296314,LTE,CONNECT,FDD,48D2C04,-73,-7,17,3,-73,-7,1,-76,-11,0,5,0,-46,LTE BAND 1,25,52415.0,6.25,6351,nan,18,1.38,0.0000
1743481582.3298776,LTE,CONNECT,FDD,48D2C04,-73,-7,18,3,-73,-7,1,-76,-10,0,5,0,-46,LTE BAND 1,25,83914.0,10.0,10210,nan,0,1.5,0.0000
1743481583.4097502,LTE,CONNECT,FDD,48D2C04,-73,-7,16,5,-73,-7,1,-76,-10,0,5,0,-46,LTE BAND 1,25,73403.0,8.75,8931,nan,0,1.63,0.0000
1743481584.5169713,LTE,CONNECT,FDD,48D2C04,-72,-7,17,3,-72,-7,1,-75,-10,0,5,0,-45,LTE BAND 1,25,73401.0,8.75,8930,nan,0,1.73,0.0000
1743481585.596696,LTE,CONNECT,FDD,48D2C04,-73,-7,17,4,-73,-7,1,-76,-10,0,5,0,-47,LTE BAND 1,25,73393.0,8.75,8929,nan,0,1.81,0.0000
1743481586.6515136,LTE,CONNECT,FDD,48D2C04,-74,-7,17,4,-74,-7,1,-76,-10,0,5,0,-46,LTE BAND 1,25,62909.0,7.5,7654,nan,0,1.87,0.0000
1743481587.6936548,LTE,CONNECT,FDD,48D2C04,-73,-7,18,4,-73,-7,1,-76,-11,0,5,0,-45,LTE BAND 1,25,73408.0,8.75,8931,nan,0,1.92,0.0000
1743481588.8017488,LTE,CONNECT,FDD,48D2C04,-72,-7,16,6,-72,-7,1,-75,-10,0,5,0,-45,LTE BAND 1,25,73393.0,8.75,8929,nan,0,1.43,0.0000
1743481589.9098117,LTE,CONNECT,FDD,48D2C04,-71,-6,11,4,-71,-7,1,-71,-7,1,5,0,-44,LTE BAND 1,25,73409.0,8.75,8931,nan,0,1.51,0.0000
1743481591.0151901,LTE,CONNECT,FDD,48D2C04,-70,-6,15,6,-70,-6,1,-70,-6,1,5,0,-46,LTE BAND 1,25,62910.0,7.5,7654,nan,0,1.56,0.0000
1743481592.0788455,LTE,CONNECT,FDD,48D2C04,-70,-6,9,5,-70,-6,1,-70,-6,1,5,0,-47,LTE BAND 1,25,73397.0,8.75,8930,nan,0,1.6,0.0000
1743481593.1642518,LTE,CONNECT,FDD,48D2C04,-70,-6,10,6,-70,-6,1,-74,-10,1,5,0,-45,LTE BAND 1,25,73408.0,8.75,8931,nan,0,1.63,0.0000
1743481594.2348635,LTE,CONNECT,FDD,48D2C04,-71,-6,16,6,-71,-6,2,-75,-9,1,5,0,-46,LTE BAND 1,25,73393.0,8.75,8929,nan,0,1.65,0.0000
1743481595.2910516,LTE,CONNECT,FDD,48D2C04,-71,-6,18,6,-70,-6,2,-74,-9,1,5,0,-45,LTE BAND 1,25,73407.0,8.75,8931,nan,0,1.65,0.0000
1743481596.380481,LTE,CONNECT,FDD,48D2C04,-71,-6,15,5,-71,-6,2,-74,-9,1,5,0,-46,LTE BAND 1,25,62911.0,7.5,7654,nan,0,1.65,0.0000
1743481597.493032,LTE,CONNECT,FDD,48D2C04,-71,-6,11,5,-71,-6,2,-74,-9,1,5,0,-47,LTE BAND 1,25,62917.0,7.5,7655,nan,0,1.65,0.0000
1743481598.6059823,LTE,CONNECT,FDD,48D2C04,-71,-6,16,6,-71,-6,2,-75,-9,1,5,0,-48,LTE BAND 1,25,62912.0,7.5,7654,nan,0,1.65,0.0000
1743481599.6655865,LTE,CONNECT,FDD,48D2C04,-72,-6,15,5,-72,-6,2,-75,-9,1,5,0,-48,LTE BAND 1,25,62910.0,7.5,7654,nan,0,1.66,0.0000
1743481600.776605,LTE,CONNECT,FDD,48D2C04,-71,-6,14,5,-71,-6,2,-75,-9,1,5,0,-48,LTE BAND 1,25,62909.0,7.5,7654,nan,0,1.7,0.0000
1743481601.872667,LTE,CONNECT,FDD,48D2C04,-72,-6,14,5,-72,-6,2,-75,-8,1,5,0,-48,LTE BAND 1,25,62919.0,7.5,7655,nan,0,1.74,0.0000
1743481602.9144886,LTE,CONNECT,FDD,48D2C04,-72,-7,17,4,-72,-7,2,-75,-10,1,5,0,-46,LTE BAND 1,25,62914.0,7.5,7655,nan,0,1.79,0.0000
1743481604.013446,LTE,CONNECT,FDD,48D2C04,-72,-6,17,4,-72,-6,2,-75,-9,1,5,0,-47,LTE BAND 1,25,62914.0,7.5,7655,nan,0,1.87,0.0000
1743481605.1071513,LTE,CONNECT,FDD,48D2C04,-72,-7,17,5,-72,-7,1,-76,-11,1,5,0,-47,LTE BAND 1,25,52419.0,6.25,6351,nan,19,1.47,0.0000
1743481606.1787395,LTE,CONNECT,FDD,48D2C04,-72,-6,16,7,-72,-6,1,-75,-9,1,5,0,-47,LTE BAND 1,25,83895.0,10.0,10200,nan,5,1.47,0.0000
1743481607.2390623,LTE,CONNECT,FDD,48D2C04,-72,-7,18,6,-72,-7,1,-76,-11,1,5,0,-47,LTE BAND 1,25,73408.0,8.75,8931,nan,0,1.6,0.0000
1743481608.3722289,LTE,CONNECT,FDD,48D2C04,-72,-7,17,6,-72,-7,1,-72,-7,1,5,0,-47,LTE BAND 1,25,73398.0,8.75,8930,nan,0,1.71,0.0000
1743481609.4489553,LTE,CONNECT,FDD,48D2C04,-72,-7,12,7,-72,-7,1,-72,-7,1,5,0,-47,LTE BAND 1,25,62907.0,7.5,7654,nan,0,1.79,0.0000
1743481610.5311432,LTE,CONNECT,FDD,48D2C04,-73,-7,17,6,-73,-7,1,-77,-11,0,5,0,-47,LTE BAND 1,25,73398.0,8.75,8930,nan,0,1.85,0.0000
1743481611.586998,LTE,CONNECT,FDD,48D2C04,-72,-6,17,5,-72,-7,1,-76,-10,1,5,0,-47,LTE BAND 1,25,73414.0,8.75,8932,nan,0,1.89,0.0000
1743481612.6780834,LTE,CONNECT,FDD,48D2C04,-72,-7,18,6,-72,-7,1,-76,-11,1,5,0,-46,LTE BAND 1,25,73402.0,8.75,8931,nan,0,1.92,0.0000
1743481613.766776,LTE,CONNECT,FDD,48D2C04,-73,-7,17,6,-73,-7,1,-77,-10,-1,5,0,-46,LTE BAND 1,25,73395.0,8.75,8930,nan,0,1.94,0.0000
1743481614.821052,LTE,CONNECT,FDD,48D2C04,-73,-7,15,6,-73,-7,1,-77,-10,-1,5,0,-49,LTE BAND 1,25,73402.0,8.75,8931,nan,0,1.46,0.0000
1743481615.9148479,LTE,CONNECT,FDD,48D2C04,-74,-7,9,5,-74,-7,1,-77,-10,-1,5,0,-47,LTE BAND 1,25,73398.0,8.75,8930,nan,0,1.53,0.0000
1743481617.0364337,LTE,CONNECT,FDD,48D2C04,-72,-7,13,5,-72,-7,1,-72,-7,1,5,0,-49,LTE BAND 1,25,73403.0,8.75,8931,nan,0,1.58,0.0000
1743481618.1456463,LTE,CONNECT,FDD,48D2C04,-73,-7,12,3,-73,-7,3,-76,-10,2,5,0,-46,LTE BAND 1,25,73404.0,8.75,8931,nan,0,1.61,0.0000
1743481619.1912987,LTE,CONNECT,FDD,48D2C04,-73,-8,13,7,-73,-8,3,-75,-9,2,5,0,-47,LTE BAND 1,25,62912.0,7.5,7654,nan,0,1.64,0.0000
1743481620.2538805,LTE,CONNECT,FDD,48D2C04,-73,-7,15,7,-73,-7,3,-75,-9,2,5,0,-46,LTE BAND 1,25,73402.0,8.75,8931,nan,0,1.65,0.0000
1743481621.3658352,LTE,CONNECT,FDD,48D2C04,-74,-9,15,7,-74,-9,3,-75,-10,2,5,0,-46,LTE BAND 1,25,73396.0,8.75,8930,nan,0,1.65,0.0000
1743481622.4185548,LTE,CONNECT,FDD,48D2C04,-72,-8,14,7,-72,-8,3,-75,-11,2,5,0,-45,LTE BAND 1,25,62916.0,7.5,7655,nan,0,1.65,0.0000
1743481623.5298982,LTE,CONNECT,FDD,48D2C04,-73,-8,16,7,-73,-8,3,-75,-10,2,5,0,-45,LTE BAND 1,25,73395.0,8.75,8930,nan,0,1.65,0.0000
1743481624.595888,LTE,CONNECT,FDD,48D2C04,-72,-7,17,7,-72,-7,3,-75,-10,2,5,0,-45,LTE BAND 1,25,73408.0,8.75,8931,nan,0,1.66,0.0000
1743481625.6455297,LTE,CONNECT,FDD,48D2C04,-72,-7,13,8,-72,-7,3,-75,-10,2,5,0,-46,LTE BAND 1,25,73400.0,8.75,8930,nan,0,1.66,0.0000
1743481626.7090635,LTE,CONNECT,FDD,48D2C04,-71,-7,16,6,-71,-7,3,-74,-10,2,5,0,-45,LTE BAND 1,25,73403.0,8.75,8931,nan,0,1.68,0.0000
1743481627.810495,LTE,CONNECT,FDD,48D2C04,-71,-7,17,6,-71,-7,3,-74,-10,2,5,0,-45,LTE BAND 1,25,73403.0,8.75,8931,nan,0,1.75,0.0000
1743481628.8710158,LTE,CONNECT,FDD,48D2C04,-72,-7,16,8,-72,-7,3,-75,-10,2,5,0,-45,LTE BAND 1,25,73396.0,8.75,8930,nan,0,1.82,0.0000
1743481629.9125314,LTE,CONNECT,FDD,48D2C04,-72,-7,15,8,-72,-7,3,-75,-10,2,5,0,-45,LTE BAND 1,25,73402.0,8.75,8931,nan,0,1.9,0.0000
1743481630.9860127,LTE,CONNECT,FDD,48D2C04,-71,-7,17,6,-71,-7,3,-74,-11,2,5,0,-45,LTE BAND 1,25,62915.0,7.5,7620,nan,24,1.38,0.0000
1743481632.0612557,LTE,CONNECT,FDD,48D2C04,-72,-7,16,6,-72,-7,3,-75,-10,2,5,0,-45,LTE BAND 1,25,73401.0,8.75,8930,nan,0,1.51,0.0000
1743481633.0980275,LTE,CONNECT,FDD,48D2C04,-71,-7,15,5,-71,-7,3,-74,-10,2,5,0,-44,LTE BAND 1,25,73398.0,8.75,8930,nan,0,1.64,0.0000
1743481634.1581063,LTE,CONNECT,FDD,48D2C04,-71,-7,18,6,-72,-7,3,-74,-10,2,5,0,-45,LTE BAND 1,25,73403.0,8.75,8931,nan,0,1.74,0.0000
1743481635.2472205,LTE,CONNECT,FDD,48D2C04,-72,-7,9,7,-72,-7,3,-75,-10,2,5,0,-44,LTE BAND 1,25,73400.0,8.75,8930,nan,0,1.82,0.0000
1743481636.338649,LTE,CONNECT,FDD,48D2C04,-72,-7,16,6,-72,-7,3,-75,-10,2,5,0,-45,LTE BAND 1,25,73402.0,8.75,8931,nan,0,1.88,0.0000
1743481637.3943794,LTE,CONNECT,FDD,48D2C04,-72,-7,16,6,-72,-7,3,-75,-10,2,5,0,-45,LTE BAND 1,25,62904.0,7.5,7653,nan,0,1.92,0.0000
1743481638.492353,LTE,CONNECT,FDD,48D2C04,-71,-7,16,6,-71,-7,3,-75,-11,2,5,0,-44,LTE BAND 1,25,73407.0,8.75,8930,nan,1,1.36,0.0000
1743481639.5669951,LTE,CONNECT,FDD,48D2C04,-71,-8,12,5,-71,-8,3,-75,-11,2,5,0,-44,LTE BAND 1,25,73401.0,8.75,8930,nan,0,1.45,0.0000
1743481640.6233382,LTE,CONNECT,FDD,48D2C04,-71,-7,17,5,-71,-7,3,-75,-10,2,5,0,-45,LTE BAND 1,26,73408.0,8.75,8931,nan,0,1.52,0.0000
1743481641.6768622,LTE,CONNECT,FDD,48D2C04,-71,-7,17,4,-71,-7,3,-75,-11,2,5,0,-45,LTE BAND 1,26,73392.0,8.75,8929,nan,0,1.58,0.0000
1743481642.750911,LTE,CONNECT,FDD,48D2C04,-72,-7,15,4,-72,-7,1,-76,-11,0,5,0,-45,LTE BAND 1,26,73401.0,8.75,8930,nan,0,1.61,0.0000
1743481643.846637,LTE,CONNECT,FDD,48D2C04,-72,-7,17,5,-72,-7,1,-75,-10,1,5,0,-45,LTE BAND 1,26,73395.0,8.75,8930,nan,0,1.65,0.0000
1743481644.9161499,LTE,CONNECT,FDD,48D2C04,-73,-7,17,4,-73,-7,1,-76,-10,1,5,0,-46,LTE BAND 1,26,73408.0,8.75,8931,nan,0,1.65,0.0000
1743481645.9791534,LTE,CONNECT,FDD,48D2C04,-72,-7,17,4,-72,-7,1,-75,-10,1,5,0,-45,LTE BAND 1,26,73395.0,8.75,8930,nan,0,1.65,0.0000
1743481647.044215,LTE,CONNECT,FDD,48D2C04,-72,-7,17,3,-72,-7,1,-75,-10,1,5,0,-44,LTE BAND 1,26,73408.0,8.75,8931,nan,0,1.65,0.0000
1743481648.1195061,LTE,CONNECT,FDD,48D2C04,-73,-8,10,5,-73,-8,1,-75,-10,1,5,0,-45,LTE BAND 1,26,62899.0,7.5,7653,nan,0,1.66,0.0000
1743481649.2211988,LTE,CONNECT,FDD,48D2C04,-72,-7,15,4,-72,-7,1,-75,-10,1,5,0,-45,LTE BAND 1,26,73406.0,8.75,8931,nan,0,1.66,0.0000
1743481650.2998183,LTE,CONNECT,FDD,48D2C04,-72,-7,16,5,-72,-7,1,-75,-10,1,5,0,-45,LTE BAND 1,26,73410.0,8.75,8932,nan,0,1.68,0.0000
1743481651.3474147,LTE,CONNECT,FDD,48D2C04,-72,-8,17,5,-72,-8,1,-75,-11,1,5,0,-44,LTE BAND 1,26,73390.0,8.75,8929,nan,0,1.71,0.0000
1743481652.4523547,LTE,CONNECT,FDD,48D2C04,-72,-7,15,5,-72,-7,1,-74,-10,1,5,0,-45,LTE BAND 1,26,73411.0,8.75,8932,nan,0,1.75,0.0000
1743481653.518963,LTE,CONNECT,FDD,48D2C04,-71,-7,15,5,-71,-7,1,-74,-10,1,5,0,-45,LTE BAND 1,26,62911.0,7.5,7654,nan,0,1.81,0.0000
1743481654.5788577,LTE,CONNECT,FDD,48D2C04,-72,-7,16,7,-72,-7,1,-75,-10,1,5,0,-45,LTE BAND 1,26,73395.0,8.75,8930,nan,0,1.89,0.0000
1743481655.6635394,LTE,CONNECT,FDD,48D2C04,-74,-8,14,7,-73,-7,1,-76,-10,1,5,0,-46,LTE BAND 1,26,73213.0,8.75,8880,nan,19,1.38,0.0000
1743481656.7765598,LTE,CONNECT,FDD,48D2C04,-72,-7,14,7,-72,-7,1,-75,-10,1,5,0,-45,LTE BAND 1,26,73405.0,8.75,8931,nan,0,1.63,0.0000
1743481657.8787425,LTE,CONNECT,FDD,48D2C04,-72,-7,11,7,-72,-7,1,-76,-11,1,5,0,-44,LTE BAND 1,26,73393.0,8.75,8929,nan,0,1.74,0.0000
1743481658.9181666,LTE,CONNECT,FDD,48D2C04,-71,-8,9,5,-71,-8,1,-75,-12,1,5,0,-44,LTE BAND 1,26,62917.0,7.5,7655,nan,0,1.82,0.0000
1743481660.0144658,LTE,CONNECT,FDD,48D2C04,-72,-8,9,5,-72,-8,1,-75,-11,1,5,0,-44,LTE BAND 1,26,73395.0,8.75,8930,nan,0,1.87,0.0000
1743481661.1449027,LTE,CONNECT,FDD,48D2C04,-72,-7,16,5,-72,-7,1,-75,-10,1,5,0,-45,LTE BAND 1,26,73409.0,8.75,8931,nan,0,1.92,0.0000
1743481662.2122762,LTE,CONNECT,FDD,48D2C04,-71,-7,18,7,-71,-7,1,-74,-10,1,5,0,-45,LTE BAND 1,26,73393.0,8.75,8928,nan,1,1.38,0.0000
1743481663.2631865,LTE,CONNECT,FDD,48D2C04,-71,-7,16,5,-71,-7,1,-74,-10,1,5,0,-44,LTE BAND 1,26,73397.0,8.75,8930,nan,0,1.47,0.0000
1743481664.3901238,LTE,CONNECT,FDD,48D2C04,-71,-7,18,5,-71,-7,1,-75,-10,1,5,0,-44,LTE BAND 1,26,62921.0,7.5,7655,nan,0,1.53,0.0000
1743481665.4400403,LTE,CONNECT,FDD,48D2C04,-71,-7,17,6,-71,-7,1,-75,-11,1,5,0,-45,LTE BAND 1,26,73400.0,8.75,8930,nan,0,1.58,0.0000
1743481666.5589633,LTE,CONNECT,FDD,48D2C04,-71,-7,17,5,-71,-7,1,-74,-11,1,5,0,-44,LTE BAND 1,26,73398.0,8.75,8930,nan,0,1.61,0.0000
1743481667.7102225,LTE,CONNECT,FDD,48D2C04,-72,-7,17,5,-72,-7,1,-75,-10,1,5,0,-45,LTE BAND 1,26,73408.0,8.75,8931,nan,0,1.63,0.0000
1743481668.7761912,LTE,CONNECT,FDD,48D2C04,-72,-7,19,5,-72,-7,1,-75,-10,1,5,0,-45,LTE BAND 1,26,62908.0,7.5,7654,nan,0,1.64,0.0000
1743481669.8681524,LTE,CONNECT,FDD,48D2C04,-72,-7,15,6,-72,-7,1,-75,-10,1,5,0,-45,LTE BAND 1,26,73401.0,8.75,8930,nan,0,1.64,0.0000
1743481670.9401097,LTE,CONNECT,FDD,48D2C04,-71,-7,17,6,-71,-7,1,-74,-10,1,5,0,-44,LTE BAND 1,26,73413.0,8.75,8932,nan,0,1.64,0.0000
1743481672.052032,LTE,CONNECT,FDD,48D2C04,-72,-7,18,5,-71,-7,1,-74,-10,1,5,0,-44,LTE BAND 1,26,73401.0,8.75,8930,nan,0,1.65,0.0000
1743481673.1797516,LTE,CONNECT,FDD,48D2C04,-72,-7,10,4,-72,-7,1,-76,-11,1,5,0,-45,LTE BAND 1,26,73388.0,8.75,8929,nan,0,1.66,0.0000
1743481674.3070452,LTE,CONNECT,FDD,48D2C04,-70,-7,15,4,-70,-7,2,-74,-11,1,5,0,-43,LTE BAND 1,26,62916.0,7.5,7655,nan,0,1.68,0.0000
1743481675.4261422,LTE,CONNECT,FDD,48D2C04,-71,-7,15,6,-71,-7,2,-74,-10,1,5,0,-44,LTE BAND 1,26,73400.0,8.75,8930,nan,0,1.71,0.0000
1743481676.5278306,LTE,CONNECT,FDD,48D2C04,-72,-8,18,6,-72,-8,2,-74,-10,1,5,0,-44,LTE BAND 1,26,73410.0,8.75,8932,nan,0,1.76,0.0000
1743481677.5910275,LTE,CONNECT,FDD,48D2C04,-72,-8,14,5,-72,-8,2,-74,-10,1,5,0,-45,LTE BAND 1,26,73399.0,8.75,8930,nan,0,1.82,0.0000
1743481678.6303144,LTE,CONNECT,FDD,48D2C04,-71,-7,16,5,-71,-7,2,-75,-10,1,5,0,-45,LTE BAND 1,26,73396.0,8.75,8930,nan,0,1.91,0.0000
1743481679.6780937,LTE,CONNECT,FDD,48D2C04,-71,-8,17,5,-71,-8,2,-74,-11,1,5,0,-43,LTE BAND 1,26,62917.0,7.5,7611,nan,31,1.4,0.0000
1743481680.7221668,LTE,CONNECT,FDD,48D2C04,-71,-7,15,6,-71,-7,2,-74,-10,1,5,0,-44,LTE BAND 1,26,73394.0,8.75,8930,nan,0,1.54,0.0000
1743481681.81235,LTE,CONNECT,FDD,48D2C04,-71,-7,18,5,-71,-7,1,-75,-11,0,5,0,-44,LTE BAND 1,26,73408.0,8.75,8931,nan,0,1.76,0.0000
1743481682.893818,LTE,CONNECT,FDD,48D2C04,-72,-7,11,6,-72,-7,1,-76,-11,0,5,0,-45,LTE BAND 1,26,62909.0,7.5,7654,nan,0,1.83,0.0000
1743481683.9621966,LTE,CONNECT,FDD,48D2C04,-71,-7,18,4,-71,-7,1,-71,-7,1,5,0,-44,LTE BAND 1,26,73402.0,8.75,8931,nan,0,1.89,0.0000
1743481685.0444016,LTE,CONNECT,FDD,48D2C04,-71,-7,18,4,-71,-7,1,-75,-11,0,5,0,-44,LTE BAND 1,26,73402.0,8.75,8931,nan,0,1.92,0.0000
1743481686.157975,LTE,CONNECT,FDD,48D2C04,-71,-7,18,5,-71,-7,1,-76,-12,0,5,0,-44,LTE BAND 1,26,73401.0,8.75,8916,nan,10,1.38,0.0000
1743481687.219246,LTE,CONNECT,FDD,48D2C04,-72,-7,17,6,-72,-7,1,-75,-11,0,5,0,-45,LTE BAND 1,26,73401.0,8.75,8930,nan,0,1.46,0.0000
1743481688.2949052,LTE,CONNECT,FDD,48D2C04,-72,-7,16,7,-72,-7,1,-76,-11,0,5,0,-45,LTE BAND 1,26,62904.0,7.5,7653,nan,0,1.53,0.0000
1743481689.4061882,LTE,CONNECT,FDD,48D2C04,-72,-7,17,5,-72,-7,1,-75,-11,0,5,0,-45,LTE BAND 1,26,73394.0,8.75,8930,nan,0,1.58,0.0000
1743481690.4847376,LTE,CONNECT,FDD,48D2C04,-72,-7,16,7,-72,-7,1,-72,-7,1,5,0,-45,LTE BAND 1,26,73408.0,8.75,8931,nan,0,1.61,0.0000
1743481691.5809472,LTE,CONNECT,FDD,48D2C04,-71,-7,19,5,-71,-7,1,-75,-11,1,5,0,-45,LTE BAND 1,26,73408.0,8.75,8931,nan,0,1.63,0.0000
1743481692.6475582,LTE,CONNECT,FDD,48D2C04,-72,-7,17,6,-72,-7,1,-75,-10,1,5,0,-45,LTE BAND 1,26,73396.0,8.75,8930,nan,0,1.64,0.0000
1743481693.7006876,LTE,CONNECT,FDD,48D2C04,-72,-8,11,5,-72,-8,1,-75,-11,1,5,0,-45,LTE BAND 1,26,62912.0,7.5,7654,nan,0,1.65,0.0000
1743481694.7581077,LTE,CONNECT,FDD,48D2C04,-72,-7,10,6,-72,-7,1,-75,-11,1,5,0,-45,LTE BAND 1,26,73403.0,8.75,8931,nan,0,1.65,0.0000
1743481695.8186936,LTE,CONNECT,FDD,48D2C04,-71,-7,16,7,-71,-7,1,-74,-10,1,5,0,-45,LTE BAND 1,26,73402.0,8.75,8931,nan,0,1.65,0.0000
1743481696.9051685,LTE,CONNECT,FDD,48D2C04,-71,-7,19,7,-71,-7,1,-74,-10,1,5,0,-44,LTE BAND 1,26,73400.0,8.75,8930,nan,0,1.66,0.0000
1743481698.00671,LTE,CONNECT,FDD,48D2C04,-71,-7,18,5,-71,-7,1,-75,-12,1,5,0,-45,LTE BAND 1,26,62907.0,7.5,7654,nan,0,1.68,0.0000
1743481699.1323314,LTE,CONNECT,FDD,48D2C04,-72,-7,17,5,-72,-7,1,-75,-10,1,5,0,-45,LTE BAND 1,26,73399.0,8.75,8930,nan,0,1.71,0.0000
1743481700.1852765,LTE,CONNECT,FDD,48D2C04,-72,-7,17,4,-72,-7,1,-75,-10,1,5,0,-46,LTE BAND 1,26,73411.0,8.75,8932,nan,0,1.76,0.0000
1743481701.2603066,LTE,CONNECT,FDD,48D2C04,-72,-7,17,3,-72,-7,1,-75,-10,1,5,0,-45,LTE BAND 1,26,73396.0,8.75,8930,nan,0,1.82,0.0000
1743481702.3208406,LTE,CONNECT,FDD,48D2C04,-72,-7,17,3,-72,-7,1,-75,-10,1,5,0,-46,LTE BAND 1,26,73408.0,8.75,8931,nan,0,1.91,0.0000
1743481703.3943794,LTE,CONNECT,FDD,48D2C04,-73,-7,16,4,-73,-7,1,-76,-10,1,5,0,-46,LTE BAND 1,26,73393.0,8.75,8891,nan,27,1.38,0.0000
1743481704.4771578,LTE,CONNECT,FDD,48D2C04,-72,-7,16,2,-72,-7,1,-75,-10,1,5,0,-46,LTE BAND 1,26,62916.0,7.5,7655,nan,0,1.52,0.0000
1743481705.5855784,LTE,CONNECT,FDD,48D2C04,-72,-7,16,3,-72,-7,1,-75,-10,1,5,0,-46,LTE BAND 1,26,73400.0,8.75,8930,nan,0,1.65,0.0000
1743481706.6414094,LTE,CONNECT,FDD,48D2C04,-72,-7,16,3,-72,-7,1,-75,-10,1,5,0,-45,LTE BAND 1,26,73397.0,8.75,8930,nan,0,1.75,0.0000
1743481707.714332,LTE,CONNECT,FDD,48D2C04,-72,-7,17,4,-72,-7,1,-75,-10,1,5,0,-46,LTE BAND 1,26,73396.0,8.75,8930,nan,0,1.83,0.0000
1743481708.7761083,LTE,CONNECT,FDD,48D2C04,-72,-7,18,5,-72,-7,1,-75,-10,1,5,0,-46,LTE BAND 1,26,62917.0,7.5,7655,nan,0,1.88,0.0000
1743481709.8229008,LTE,CONNECT,FDD,48D2C04,-72,-7,17,3,-72,-7,1,-75,-10,1,5,0,-45,LTE BAND 1,26,73406.0,8.75,8923,nan,6,1.36,0.0000
1743481710.8625429,LTE,CONNECT,FDD,48D2C04,-72,-7,16,2,-72,-7,1,-75,-10,1,5,0,-46,LTE BAND 1,26,73393.0,8.75,8929,nan,0,1.44,0.0000
1743481711.9321969,LTE,CONNECT,FDD,48D2C04,-72,-7,17,4,-72,-7,1,-75,-10,1,5,0,-45,LTE BAND 1,26,73408.0,8.75,8931,nan,0,1.52,0.0000
1743481712.9753616,LTE,CONNECT,FDD,48D2C04,-72,-7,17,3,-72,-7,1,-75,-10,1,5,0,-45,LTE BAND 1,26,73392.0,8.75,8929,nan,0,1.57,0.0000
1743481714.0302577,LTE,CONNECT,FDD,48D2C04,-72,-7,16,4,-72,-7,1,-75,-10,1,5,0,-45,LTE BAND 1,26,62911.0,7.5,7654,nan,0,1.61,0.0000
1743481715.1234703,LTE,CONNECT,FDD,48D2C04,-72,-7,17,5,-72,-7,1,-75,-11,1,5,0,-45,LTE BAND 1,26,73402.0,8.75,8931,nan,0,1.63,0.0000
1743481716.2261002,LTE,CONNECT,FDD,48D2C04,-72,-8,10,4,-72,-7,1,-75,-10,1,5,0,-45,LTE BAND 1,26,73403.0,8.75,8931,nan,0,1.65,0.0000
1743481717.3539279,LTE,CONNECT,FDD,48D2C04,-72,-7,17,2,-72,-7,1,-76,-10,1,5,0,-46,LTE BAND 1,26,73406.0,8.75,8931,nan,0,1.65,0.0000
1743481718.429098,LTE,CONNECT,FDD,48D2C04,-72,-7,17,3,-72,-7,1,-75,-10,1,5,0,-45,LTE BAND 1,26,73403.0,8.75,8931,nan,0,1.65,0.0000
1743481719.5597684,LTE,CONNECT,FDD,48D2C04,-71,-7,17,0,-71,-7,1,-75,-11,1,5,0,-45,LTE BAND 1,26,62908.0,7.5,7654,nan,0,1.65,0.0000
1743481720.637946,LTE,CONNECT,FDD,48D2C04,-72,-7,16,1,-72,-7,1,-76,-11,1,5,0,-45,LTE BAND 1,26,62916.0,7.5,7655,nan,0,1.66,0.0000
1743481721.7172513,LTE,CONNECT,FDD,48D2C04,-72,-7,15,0,-72,-7,1,-75,-11,1,5,0,-45,LTE BAND 1,26,62916.0,7.5,7655,nan,0,1.66,0.0000
1743481722.7802975,LTE,CONNECT,FDD,48D2C04,-72,-7,15,1,-72,-7,1,-75,-10,1,5,0,-45,LTE BAND 1,26,62916.0,7.5,7655,nan,0,1.7,0.0000
1743481723.8582428,LTE,CONNECT,FDD,48D2C04,-72,-7,18,0,-72,-7,1,-75,-10,1,5,0,-45,LTE BAND 1,26,62915.0,7.5,7655,nan,0,1.74,0.0000
1743481724.9359777,LTE,CONNECT,FDD,48D2C33,-71,-6,15,-12,-71,-6,7,-71,-6,4,5,1,-46,LTE BAND 3,26,41930.0,5.0,5101,nan,0,1.79,0.0000
1743481726.049566,LTE,CONNECT,FDD,48D2C33,-71,-5,16,-12,-71,-5,7,-71,-6,4,5,0,-46,LTE BAND 3,26,20972.0,2.5,2469,nan,58,1.57,0.0000
1743481727.1560478,LTE,CONNECT,FDD,48D2C33,-71,-5,15,-3,-71,-5,7,-71,-6,4,5,0,-46,LTE BAND 3,26,20971.0,2.5,2551,nan,0,1.32,0.0000
1743481728.273264,LTE,CONNECT,FDD,48D2C33,-72,-6,14,-3,-71,-6,7,-75,-10,1,5,0,-46,LTE BAND 3,26,52446.0,6.25,6381,nan,0,1.47,0.0000
1743481729.339758,LTE,CONNECT,FDD,48D2C33,-71,-6,14,-3,-71,-6,7,-71,-7,4,5,0,-46,LTE BAND 3,26,41938.0,5.0,5102,nan,0,1.57,0.0000
1743481730.4070895,LTE,CONNECT,FDD,48D2C33,-72,-6,7,-2,-71,-6,7,-71,-7,4,5,0,-46,LTE BAND 3,26,41940.0,5.0,5103,nan,0,1.66,0.0000
1743481731.5203192,LTE,CONNECT,FDD,48D2C33,-71,-6,12,-3,-71,-6,7,-71,-7,4,5,0,-46,LTE BAND 3,26,52440.0,6.25,6380,nan,0,1.72,0.0000
1743481732.5688505,LTE,CONNECT,FDD,48D2C33,-71,-5,13,-3,-71,-5,7,-71,-6,4,5,0,-46,LTE BAND 3,26,41941.0,5.0,5103,nan,0,1.77,0.0000
1743481733.6456363,LTE,CONNECT,FDD,48D2C33,-70,-5,16,-4,-70,-5,11,-76,-7,6,5,0,-46,LTE BAND 3,26,41933.0,5.0,5102,nan,0,1.8,0.0000
1743481734.712576,LTE,CONNECT,FDD,48D2C04,-73,-7,17,-14,-73,-7,1,-76,-10,0,5,1,-46,LTE BAND 1,26,41953.0,5.0,5104,nan,0,1.81,0.0000
1743481735.7999191,LTE,CONNECT,FDD,48D2C04,-72,-8,16,-5,-72,-7,1,-75,-11,0,5,0,-45,LTE BAND 1,26,20986.0,2.5,2446,nan,75,1.28,0.0000
1743481736.9221992,LTE,CONNECT,FDD,48D2C04,-71,-7,19,-3,-71,-7,1,-75,-11,0,5,0,-44,LTE BAND 1,26,62915.0,7.5,7655,nan,0,1.36,0.0000
1743481738.0545325,LTE,CONNECT,FDD,48D2C04,-71,-7,17,-3,-71,-7,1,-75,-11,1,5,0,-44,LTE BAND 1,26,41939.0,5.0,5103,nan,0,1.43,0.0000
1743481739.1596708,LTE,CONNECT,FDD,48D2C04,-71,-7,19,-3,-71,-7,1,-75,-11,1,5,0,-45,LTE BAND 1,26,52432.0,6.25,6379,nan,0,1.48,0.0000
1743481740.2496386,LTE,CONNECT,FDD,48D2C04,-71,-7,17,-3,-71,-7,1,-75,-11,1,5,0,-45,LTE BAND 1,26,52426.0,6.25,6378,nan,0,1.51,0.0000
1743481741.3462596,LTE,CONNECT,FDD,48D2C04,-72,-7,17,-2,-72,-7,1,-75,-10,1,5,0,-46,LTE BAND 1,26,52433.0,6.25,6379,nan,0,1.53,0.0000
1743481742.406945,LTE,CONNECT,FDD,48D2C04,-72,-7,18,-2,-72,-7,1,-75,-10,1,5,0,-46,LTE BAND 1,26,62919.0,7.5,7655,nan,0,1.55,0.0000
1743481743.510214,LTE,CONNECT,FDD,48D2C04,-72,-8,11,-2,-72,-8,1,-75,-11,1,5,0,-45,LTE BAND 1,26,52425.0,6.25,6378,nan,0,1.55,0.0000
1743481744.5898383,LTE,CONNECT,FDD,48D2C04,-72,-7,17,-1,-72,-7,1,-75,-10,1,5,0,-45,LTE BAND 1,26,62916.0,7.5,7655,nan,0,1.55,0.0000
1743481745.6625075,LTE,CONNECT,FDD,48D2C04,-72,-7,16,3,-72,-7,1,-72,-7,1,5,0,-45,LTE BAND 1,26,52426.0,6.25,6378,nan,0,1.55,0.0000
1743481746.767174,LTE,CONNECT,FDD,48D2C04,-72,-7,19,4,-72,-7,1,-72,-7,1,5,0,-45,LTE BAND 1,26,73409.0,8.75,8931,nan,0,1.55,0.0000
1743481747.8187392,LTE,CONNECT,FDD,48D2C04,-71,-7,17,2,-71,-7,1,-75,-11,0,5,0,-45,LTE BAND 1,26,73411.0,8.75,8932,nan,0,1.58,0.0000
1743481748.8667703,LTE,CONNECT,FDD,48D2C04,-71,-6,13,3,-71,-6,1,-75,-10,0,5,0,-45,LTE BAND 1,26,73401.0,8.75,8930,nan,0,1.61,0.0000
1743481749.9093332,LTE,CONNECT,FDD,48D2C04,-71,-6,18,3,-71,-6,1,-75,-10,0,5,0,-45,LTE BAND 1,26,73356.0,8.75,8925,nan,0,1.65,0.0000
1743481750.9888382,LTE,CONNECT,FDD,48D2C04,-72,-7,11,4,-72,-7,1,-75,-10,0,5,0,-45,LTE BAND 1,26,73444.0,8.75,8936,nan,0,1.72,0.0000
1743481752.0642967,LTE,CONNECT,FDD,48D2C04,-71,-6,17,2,-71,-6,1,-71,-6,1,5,0,-46,LTE BAND 1,26,62904.0,7.5,7653,nan,0,1.8,0.0000
1743481753.1675358,LTE,CONNECT,FDD,48D2C04,-71,-7,16,3,-71,-7,1,-71,-7,1,5,0,-45,LTE BAND 1,26,73411.0,8.75,8932,nan,0,1.91,0.0000
1743481754.2303452,LTE,CONNECT,FDD,48D2C04,-71,-7,19,3,-71,-7,1,-75,-11,1,5,0,-45,LTE BAND 1,26,73395.0,8.75,8894,nan,25,1.39,0.0000
1743481755.2826664,LTE,CONNECT,FDD,48D2C04,-71,-6,17,3,-71,-6,1,-71,-6,1,5,0,-45,LTE BAND 1,26,73407.0,8.75,8931,nan,0,1.54,0.0000
1743481756.3821027,LTE,CONNECT,FDD,48D2C04,-70,-6,17,3,-70,-6,1,-70,-6,1,5,0,-45,LTE BAND 1,26,73397.0,8.75,8930,nan,0,1.66,0.0000
1743481757.4698498,LTE,CONNECT,FDD,48D2C04,-70,-6,19,2,-70,-6,1,-70,-6,1,5,0,-45,LTE BAND 1,26,62904.0,7.5,7653,nan,0,1.76,0.0000
1743481758.578416,LTE,CONNECT,FDD,48D2C04,-69,-6,17,1,-69,-6,1,-75,-11,1,5,0,-44,LTE BAND 1,26,73410.0,8.75,8932,nan,0,1.84,0.0000
1743481759.6424224,LTE,CONNECT,FDD,48D2C04,-70,-6,12,1,-70,-6,1,-76,-11,0,5,0,-44,LTE BAND 1,26,73406.0,8.75,8931,nan,0,1.89,0.0000
1743481760.714286,LTE,CONNECT,FDD,48D2C04,-71,-6,18,4,-70,-6,1,-70,-6,1,5,0,-45,LTE BAND 1,26,73396.0,8.75,8930,nan,0,1.93,0.0000
1743481761.7541888,LTE,CONNECT,FDD,48D2C04,-71,-6,14,3,-71,-6,1,-71,-6,1,5,0,-45,LTE BAND 1,26,73408.0,8.75,8914,nan,12,1.4,0.0000
1743481762.802562,LTE,CONNECT,FDD,48D2C04,-71,-7,12,3,-69,-6,1,-74,-11,0,5,0,-42,LTE BAND 1,26,73409.0,8.75,8931,nan,0,1.54,0.0000
1743481763.9218855,LTE,CONNECT,FDD,48D2C04,-71,-6,18,4,-71,-6,1,-75,-11,0,5,0,-45,LTE BAND 1,26,73401.0,8.75,8930,nan,0,1.59,0.0000
1743481765.0078092,LTE,CONNECT,FDD,48D2C04,-72,-7,19,4,-72,-7,1,-75,-10,0,5,0,-45,LTE BAND 1,26,73404.0,8.75,8931,nan,0,1.61,0.0000
1743481766.0770683,LTE,CONNECT,FDD,48D2C04,-71,-7,19,4,-71,-7,1,-71,-7,1,5,0,-46,LTE BAND 1,26,73402.0,8.75,8931,nan,0,1.63,0.0000
1743481767.1282184,LTE,CONNECT,FDD,48D2C04,-72,-7,19,4,-72,-6,1,-72,-6,1,5,0,-45,LTE BAND 1,26,62909.0,7.5,7654,nan,0,1.64,0.0000
1743481768.1788268,LTE,CONNECT,FDD,48D2C04,-71,-7,19,4,-71,-7,3,-74,-10,2,5,0,-45,LTE BAND 1,26,73394.0,8.75,8930,nan,0,1.64,0.0000
1743481769.2289686,LTE,CONNECT,FDD,48D2C04,-71,-6,17,3,-71,-6,1,-75,-11,0,5,0,-45,LTE BAND 1,26,73411.0,8.75,8932,nan,0,1.64,0.0000
1743481770.3160274,LTE,CONNECT,FDD,48D2C04,-72,-7,18,6,-71,-6,1,-71,-6,1,5,0,-45,LTE BAND 1,26,73401.0,8.75,8930,nan,0,1.64,0.0000
1743481771.3829553,LTE,CONNECT,FDD,48D2C04,-71,-6,19,4,-71,-6,1,-71,-6,1,5,0,-45,LTE BAND 1,26,73394.0,8.75,8930,nan,0,1.65,0.0000
1743481772.4971983,LTE,CONNECT,FDD,48D2C04,-69,-6,15,1,-69,-6,1,-69,-6,1,5,0,-43,LTE BAND 1,26,62914.0,7.5,7655,nan,0,1.66,0.0000
1743481773.5785387,LTE,CONNECT,FDD,48D2C04,-69,-7,19,3,-69,-7,1,-75,-12,-1,5,0,-44,LTE BAND 1,26,73399.0,8.75,8930,nan,0,1.68,0.0000
1743481774.6601102,LTE,CONNECT,FDD,48D2C04,-71,-7,20,5,-71,-7,1,-76,-11,0,5,0,-44,LTE BAND 1,26,73398.0,8.75,8930,nan,0,1.72,0.0000
1743481775.7249758,LTE,CONNECT,FDD,48D2C04,-71,-7,19,4,-71,-7,1,-71,-7,1,5,0,-44,LTE BAND 1,26,73403.0,8.75,8931,nan,0,1.77,0.0000
1743481776.8177433,LTE,CONNECT,FDD,48D2C04,-70,-7,14,2,-70,-7,1,-70,-7,1,5,0,-44,LTE BAND 1,26,62909.0,7.5,7654,nan,0,1.94,0.0000
1743481777.911149,LTE,CONNECT,FDD,48D2C04,-71,-7,17,4,-71,-7,1,-71,-7,1,5,0,-44,LTE BAND 1,26,73402.0,8.75,8908,nan,16,1.43,0.0000
1743481778.9622626,LTE,CONNECT,FDD,48D2C04,-70,-7,17,4,-70,-7,1,-75,-11,0,5,0,-44,LTE BAND 1,26,73387.0,8.75,8929,nan,0,1.57,0.0000
1743481780.0239356,LTE,CONNECT,FDD,48D2C04,-70,-7,13,4,-70,-7,1,-75,-11,0,5,0,-43,LTE BAND 1,26,73418.0,8.75,8933,nan,0,1.68,0.0000
1743481781.0605822,LTE,CONNECT,FDD,48D2C04,-70,-7,13,3,-70,-7,1,-70,-7,1,5,0,-44,LTE BAND 1,26,73400.0,8.75,8930,nan,0,1.78,0.0000
1743481782.1051147,LTE,CONNECT,FDD,48D2C04,-70,-7,19,3,-70,-7,1,-70,-7,1,5,0,-44,LTE BAND 1,26,62906.0,7.5,7654,nan,0,1.85,0.0000
1743481783.1532602,LTE,CONNECT,FDD,48D2C04,-70,-7,18,3,-70,-7,1,-75,-11,0,5,0,-44,LTE BAND 1,26,73398.0,8.75,8930,nan,0,1.9,0.0000
1743481784.2415457,LTE,CONNECT,FDD,48D2C04,-71,-7,19,2,-71,-7,1,-76,-12,0,5,0,-44,LTE BAND 1,26,73409.0,8.75,8931,nan,0,1.93,0.0000
1743481785.366979,LTE,CONNECT,FDD,48D2C04,-71,-7,13,1,-71,-7,1,-76,-12,0,5,0,-44,LTE BAND 1,26,73401.0,8.75,8925,nan,4,1.37,0.0000
1743481786.4334843,LTE,CONNECT,FDD,48D2C04,-70,-7,16,2,-70,-7,1,-70,-7,1,5,0,-45,LTE BAND 1,26,73393.0,8.75,8929,nan,0,1.45,0.0000
1743481787.5090742,LTE,CONNECT,FDD,48D2C04,-71,-7,12,4,-71,-7,1,-75,-11,0,5,0,-45,LTE BAND 1,26,62912.0,7.5,7654,nan,0,1.53,0.0000
1743481788.5872252,LTE,CONNECT,FDD,48D2C04,-70,-7,18,2,-70,-7,1,-70,-7,1,5,0,-44,LTE BAND 1,26,73401.0,8.75,8930,nan,0,1.58,0.0000
1743481789.6895757,LTE,CONNECT,FDD,48D2C04,-71,-7,18,3,-71,-7,1,-75,-11,0,5,0,-44,LTE BAND 1,26,73371.0,8.75,8927,nan,0,1.61,0.0000
1743481790.7541573,LTE,CONNECT,FDD,48D2C04,-71,-7,17,2,-71,-7,1,-71,-7,1,5,0,-45,LTE BAND 1,26,73442.0,8.75,8935,nan,0,1.64,0.0000
1743481791.80143,LTE,CONNECT,FDD,48D2C04,-71,-7,12,4,-71,-7,1,-71,-7,1,5,0,-44,LTE BAND 1,26,62907.0,7.5,7654,nan,0,1.65,0.0000
1743481792.9033375,LTE,CONNECT,FDD,48D2C04,-70,-7,18,3,-70,-7,1,-70,-7,1,5,0,-44,LTE BAND 1,26,73396.0,8.75,8930,nan,0,1.65,0.0000
1743481793.9737084,LTE,CONNECT,FDD,48D2C04,-71,-7,18,4,-71,-7,1,-76,-12,1,5,0,-45,LTE BAND 1,26,73397.0,8.75,8930,nan,0,1.65,0.0000
1743481795.0569265,LTE,CONNECT,FDD,48D2C04,-71,-7,17,4,-71,-7,1,-75,-11,1,5,0,-44,LTE BAND 1,26,73416.0,8.75,8932,nan,0,1.66,0.0000
1743481796.1211193,LTE,CONNECT,FDD,48D2C04,-70,-7,18,3,-70,-7,1,-70,-7,1,5,0,-44,LTE BAND 1,26,73396.0,8.75,8930,nan,0,1.66,0.0000
1743481797.1959655,LTE,CONNECT,FDD,48D2C04,-71,-7,20,4,-71,-7,1,-71,-7,1,5,0,-45,LTE BAND 1,26,62911.0,7.5,7654,nan,0,1.68,0.0000
1743481798.2740932,LTE,CONNECT,FDD,48D2C04,-71,-7,18,3,-71,-7,1,-71,-7,1,5,0,-44,LTE BAND 1,26,73405.0,8.75,8931,nan,0,1.71,0.0000
1743481799.3499434,LTE,CONNECT,FDD,48D2C04,-71,-7,19,3,-71,-7,1,-76,-11,0,5,0,-44,LTE BAND 1,26,73405.0,8.75,8931,nan,0,1.75,0.0000
1743481800.4131315,LTE,CONNECT,FDD,48D2C04,-70,-7,20,3,-70,-7,1,-75,-12,0,5,0,-43,LTE BAND 1,26,62913.0,7.5,7654,nan,0,1.81,0.0000
1743481801.4863532,LTE,CONNECT,FDD,48D2C04,-70,-7,17,2,-70,-7,1,-70,-7,1,5,0,-44,LTE BAND 1,26,73400.0,8.75,8930,nan,0,1.89,0.0000
1743481802.5858297,LTE,CONNECT,FDD,48D2C04,-70,-7,19,3,-70,-7,1,-70,-7,1,5,0,-44,LTE BAND 1,26,62916.0,7.5,7625,nan,21,1.37,0.0000
