timestamp,network_mode,state,duplex_mode,cell_id,rsrp,rsrq,sinr,tx_power,max_neighbor_rsrp,max_neighbor_rsrq,max_neighbor_sinr,avg_neighbor_rsrp,avg_neighbor_rsrq,avg_neighbor_sinr,bandwidth,cell_changed,rssi,band,mcs,ul_bandwidth,ul_throughput,raw_ul_throughput,rtt,retry,cwnd,loss_rate
1743423745.8010178,NR5G-SA,NOCONN,TDD,DE3B0B093,-71,-1,12,15,-79,-2,5,-79,-2,5,100,1,-57,NR N78,25,nan,nan,nan,nan,nan,nan,nan
1743423746.8825867,NR5G-SA,CONNECT,TDD,DE3B0B093,-71,-1,12,15,0,0,0,0,0,0,20,0,-57,NR N78,25,nan,nan,nan,nan,nan,nan,nan
1743423747.9950752,NR5G-SA,CONNECT,TDD,DE3B0B093,-71,-1,13,20,0,0,0,0,0,0,100,0,-56,NR N78,23,18853.0,2.25,2294,nan,0,135.0,0.0000
1743423749.0677674,NR5G-SA,CONNECT,TDD,DE3B0B093,-70,-1,15,20,0,0,0,0,0,0,100,0,-55,NR N78,23,82302.0,9.81,10013,nan,0,911.0,0.0000
1743423750.142784,NR5G-SA,CONNECT,TDD,DE3B0B093,-70,-1,15,20,0,0,0,0,0,0,100,0,-56,NR N78,24,80010.0,9.54,9735,nan,0,1.33,0.0000
1743423751.204323,NR5G-SA,CONNECT,TDD,DE3B0B093,-70,-1,16,20,0,0,0,0,0,0,100,0,-55,NR N78,24,73404.0,8.75,8931,nan,0,1.75,0.0000
1743423752.258104,NR5G-SA,CONNECT,TDD,DE3B0B093,-70,-1,16,20,0,0,0,0,0,0,100,0,-55,NR N78,23,73401.0,8.75,8930,nan,0,2.17,0.0000
1743423753.3529046,NR5G-SA,CONNECT,TDD,DE3B0B093,-69,-1,16,20,-77,-3,4,-77,-3,4,100,0,-54,NR N78,23,73401.0,8.75,8930,nan,0,2.61,0.0000
1743423754.3992138,NR5G-SA,CONNECT,TDD,DE3B0B093,-69,-1,15,20,-76,-2,6,-76,-2,6,100,0,-55,NR N78,23,73387.0,8.75,8929,nan,0,3.05,0.0000
1743423755.4926338,NR5G-SA,CONNECT,TDD,DE3B0B093,-69,-1,14,20,-76,-2,6,-76,-2,6,100,0,-54,NR N78,23,73411.0,8.75,8932,nan,0,3.17,0.0000
1743423756.5903614,NR5G-SA,CONNECT,TDD,DE3B0B093,-69,-2,14,20,-76,-3,5,-76,-3,5,100,0,-51,NR N78,24,73392.0,8.75,8929,nan,0,3.17,0.0000
1743423757.6666088,NR5G-SA,CONNECT,TDD,DE3B0B093,-69,-1,13,20,-76,-3,5,-76,-3,5,100,0,-55,NR N78,24,83897.0,10.0,10207,nan,0,3.17,0.0000
1743423758.7343092,NR5G-SA,CONNECT,TDD,DE3B0B093,-70,-1,14,20,-75,-2,5,-75,-2,5,100,0,-56,NR N78,24,73397.0,8.75,8930,nan,0,3.17,0.0000
1743423759.8104982,NR5G-SA,CONNECT,TDD,DE3B0B093,-71,-2,15,20,-75,-3,5,-75,-3,5,100,0,-56,NR N78,25,83881.0,10.0,10206,nan,0,3.17,0.0000
1743423760.8839583,NR5G-SA,CONNECT,TDD,DE3B0B093,-71,-1,15,20,-75,-2,5,-75,-2,5,100,0,-59,NR N78,25,73407.0,8.75,8931,nan,0,3.17,0.0000
1743423761.9501493,NR5G-SA,CONNECT,TDD,DE3B0B093,-72,-1,14,20,-75,-3,4,-75,-3,4,100,0,-55,NR N78,25,83883.0,10.0,10206,nan,0,3.17,0.0000
1743423763.0270638,NR5G-SA,CONNECT,TDD,DE3B0B093,-72,-1,15,20,-75,-3,4,-75,-3,4,100,0,-59,NR N78,25,83888.0,10.0,10206,nan,0,3.17,0.0000
1743423764.0796351,NR5G-SA,CONNECT,TDD,DE3B0B093,-72,-1,15,20,-75,-3,3,-75,-3,3,100,0,-53,NR N78,26,83884.0,10.0,10206,nan,0,3.17,0.0000
1743423765.120521,NR5G-SA,CONNECT,TDD,DE3B0B093,-72,-1,14,20,-75,-3,3,-75,-3,3,100,0,-58,NR N78,26,83884.0,10.0,10206,nan,0,3.17,0.0000
1743423766.1571589,NR5G-SA,CONNECT,TDD,DE3B0B093,-72,-1,14,20,-75,-3,3,-75,-3,3,100,0,-57,NR N78,25,83888.0,10.0,10206,nan,0,3.17,0.0000
1743423767.18937,NR5G-SA,CONNECT,TDD,DE3B0B093,-73,-1,11,20,-76,-3,3,-76,-3,3,100,0,-61,NR N78,25,73401.0,8.75,8930,nan,0,3.17,0.0000
1743423768.289035,NR5G-SA,CONNECT,TDD,DE3B0B093,-72,-1,12,20,-77,-3,3,-77,-3,3,100,0,-57,NR N78,24,73391.0,8.75,8929,nan,0,3.17,0.0000
1743423769.3485656,NR5G-SA,CONNECT,TDD,DE3B0B093,-72,-1,13,20,-77,-3,4,-77,-3,4,100,0,-58,NR N78,24,73414.0,8.75,8932,nan,0,3.17,0.0000
1743423770.3932974,NR5G-SA,CONNECT,TDD,DE3B0B093,-71,-1,13,20,-77,-3,4,-77,-3,4,100,0,-58,NR N78,23,73391.0,8.75,8929,nan,0,3.17,0.0000
1743423771.4243608,NR5G-SA,CONNECT,TDD,DE3B0B093,-72,-2,13,20,-78,-5,3,-78,-5,3,100,0,-59,NR N78,23,73411.0,8.75,8932,nan,0,3.17,0.0000
1743423772.4931417,NR5G-SA,CONNECT,TDD,DE3B0B093,-73,-2,12,20,-78,-5,1,-78,-5,1,100,0,-58,NR N78,23,73392.0,8.75,8929,nan,0,3.17,0.0000
1743423773.5503516,NR5G-SA,CONNECT,TDD,DE3B0B093,-73,-2,12,20,-79,-5,2,-79,-5,2,100,0,-59,NR N78,23,73408.0,8.75,8931,nan,0,3.17,0.0000
1743423774.6337137,NR5G-SA,CONNECT,TDD,DE3B0B093,-74,-1,12,20,-79,-5,1,-79,-5,1,100,0,-59,NR N78,23,73394.0,8.75,8930,nan,0,3.17,0.0000
1743423775.6870322,NR5G-SA,CONNECT,TDD,DE3B0B093,-74,-1,12,20,-79,-5,1,-79,-5,1,100,0,-61,NR N78,23,73407.0,8.75,8931,nan,0,3.17,0.0000
1743423776.752735,NR5G-SA,CONNECT,TDD,DE3B0B093,-74,-1,12,20,-79,-5,1,-79,-5,1,100,0,-60,NR N78,24,73399.0,8.75,8930,nan,0,3.17,0.0000
1743423777.7883892,NR5G-SA,CONNECT,TDD,DE3B0B093,-75,-1,12,20,-79,-5,1,-79,-5,1,100,0,-59,NR N78,24,73392.0,8.75,8929,nan,0,3.17,0.0000
1743423778.8403158,NR5G-SA,CONNECT,TDD,DE3B0B093,-74,-1,12,20,-80,-5,3,-80,-5,3,100,0,-58,NR N78,24,73409.0,8.75,8931,nan,0,3.17,0.0000
1743423779.8976738,NR5G-SA,CONNECT,TDD,DE3B0B093,-74,-2,11,20,-80,-6,3,-80,-6,3,100,0,-56,NR N78,24,73400.0,8.75,8930,nan,0,3.17,0.0000
1743423780.9398167,NR5G-SA,CONNECT,TDD,DE3B0B093,-74,-2,10,20,-80,-6,1,-80,-6,1,100,0,-60,NR N78,24,73395.0,8.75,8930,nan,0,3.17,0.0000
1743423781.9739864,NR5G-SA,CONNECT,TDD,DE3B0B093,-75,-1,8,20,-79,-6,0,-79,-6,0,100,0,-59,NR N78,24,83894.0,10.0,10207,nan,0,3.17,0.0000
1743423783.0496082,NR5G-SA,CONNECT,TDD,DE3B0B093,-74,-2,8,20,-78,-5,0,-78,-5,0,100,0,-57,NR N78,24,73406.0,8.75,8931,nan,0,3.17,0.0000
1743423784.104086,NR5G-SA,CONNECT,TDD,DE3B0B093,-73,-2,7,20,-78,-5,0,-78,-5,0,100,0,-57,NR N78,23,62902.0,7.5,7653,nan,0,3.17,0.0000
1743423785.1809728,NR5G-SA,CONNECT,TDD,DE3B0B093,-73,-2,7,20,-78,-5,0,-78,-5,0,100,0,-57,NR N78,23,73416.0,8.75,8932,nan,0,3.17,0.0000
1743423786.2423718,NR5G-SA,CONNECT,TDD,DE3B0B093,-72,-2,7,20,-77,-5,-1,-77,-5,-1,100,0,-56,NR N78,23,83828.0,10.0,10199,nan,0,3.17,0.0000
1743423787.2813697,NR5G-SA,CONNECT,TDD,DE3B0B093,-72,-2,8,20,-78,-6,-1,-78,-6,-1,100,0,-58,NR N78,23,73446.0,8.75,8936,nan,0,3.17,0.0000
1743423788.321419,NR5G-SA,CONNECT,TDD,DE3B0B093,-72,-2,7,20,-77,-6,-2,-77,-6,-2,100,0,-57,NR N78,25,83891.0,10.0,10207,nan,0,3.17,0.0000
1743423789.3601952,NR5G-SA,CONNECT,TDD,DE3B0B093,-72,-2,7,20,-76,-6,-1,-76,-6,-1,100,0,-55,NR N78,25,73396.0,8.75,8930,nan,0,3.17,0.0000
1743423790.4234295,NR5G-SA,CONNECT,TDD,DE3B0B093,-72,-3,5,20,-76,-7,-2,-76,-7,-2,100,0,-54,NR N78,25,83887.0,10.0,10206,nan,0,3.17,0.0000
1743423791.4831803,NR5G-SA,CONNECT,TDD,DE3B0B093,-72,-3,6,20,-76,-6,-1,-76,-6,-1,100,0,-53,NR N78,25,73395.0,8.75,8930,nan,0,3.17,0.0000
1743423792.5619714,NR5G-SA,CONNECT,TDD,DE3B0B093,-72,-3,6,20,-76,-6,0,-76,-6,0,100,0,-53,NR N78,24,73396.0,8.75,8930,nan,0,3.17,0.0000
1743423793.614422,NR5G-SA,CONNECT,TDD,DE3B0B093,-72,-3,7,20,-76,-6,-1,-76,-6,-1,100,0,-56,NR N78,24,73413.0,8.75,8932,nan,0,3.17,0.0000
1743423794.6591742,NR5G-SA,CONNECT,TDD,DE3B0B093,-71,-2,10,20,-76,-6,0,-76,-6,0,100,0,-52,NR N78,23,73392.0,8.75,8929,nan,0,3.17,0.0000
1743423795.6937757,NR5G-SA,CONNECT,TDD,DE3B0B093,-71,-2,11,20,-76,-6,0,-76,-6,0,100,0,-57,NR N78,23,83897.0,10.0,10207,nan,0,3.17,0.0000
1743423796.75436,NR5G-SA,CONNECT,TDD,DE3B0B093,-72,-2,10,20,-76,-6,-1,-76,-6,-1,100,0,-55,NR N78,26,94373.0,11.2,11482,nan,0,3.17,0.0000
1743423797.8197763,NR5G-SA,CONNECT,TDD,DE3B0B093,-71,-2,12,20,-76,-6,-1,-76,-6,-1,100,0,-56,NR N78,27,94361.0,11.2,11481,nan,0,3.17,0.0000
1743423798.8512163,NR5G-SA,CONNECT,TDD,DE3B0B093,-71,-1,12,20,-76,-6,-1,-76,-6,-1,100,0,-56,NR N78,27,94381.0,11.2,11483,nan,0,3.17,0.0000
1743423799.9052982,NR5G-SA,CONNECT,TDD,DE3B0B093,-71,-1,14,20,-76,-5,0,-76,-5,0,100,0,-58,NR N78,27,94360.0,11.2,11480,nan,0,3.17,0.0000
1743423800.9341505,NR5G-SA,CONNECT,TDD,DE3B0B093,-72,-1,11,20,-76,-5,0,-76,-5,0,100,0,-57,NR N78,27,83887.0,10.0,10206,nan,0,3.17,0.0000
1743423801.985226,NR5G-SA,CONNECT,TDD,DE3B0B093,-72,-2,12,20,-77,-5,0,-77,-5,0,100,0,-56,NR N78,26,94376.0,11.2,11482,nan,0,3.17,0.0000
1743423803.049437,NR5G-SA,CONNECT,TDD,DE3B0B093,-72,-1,13,20,-77,-5,2,-77,-5,2,100,0,-57,NR N78,26,83884.0,10.0,10206,nan,0,3.17,0.0000
1743423804.134072,NR5G-SA,CONNECT,TDD,DE3B0B093,-72,-3,9,21,-77,-8,0,-77,-8,0,100,0,-54,NR N78,27,94372.0,11.2,11482,nan,0,3.17,0.0000
1743423805.234961,NR5G-SA,CONNECT,TDD,DE3B0B093,-72,-3,7,21,-76,-6,0,-76,-6,0,100,0,-58,NR N78,27,83891.0,10.0,10207,nan,0,3.17,0.0000
1743423806.2910094,NR5G-SA,CONNECT,TDD,DE3B0B093,-73,-2,7,20,-76,-4,1,-76,-4,1,100,0,-57,NR N78,26,73393.0,8.75,8929,nan,0,3.17,0.0000
1743423807.3826542,NR5G-SA,CONNECT,TDD,DE3B0B093,-73,-2,7,20,-77,-4,1,-77,-4,1,100,0,-59,NR N78,26,83888.0,10.0,10206,nan,0,3.17,0.0000
1743423808.463639,NR5G-SA,CONNECT,TDD,DE3B0B093,-74,-2,7,20,-77,-3,1,-77,-3,1,100,0,-58,NR N78,25,94380.0,11.2,11483,nan,0,3.17,0.0000
1743423809.5092926,NR5G-SA,CONNECT,TDD,DE3B0B093,-73,-1,10,20,-77,-3,3,-77,-3,3,100,0,-58,NR N78,25,73385.0,8.75,8929,nan,0,3.17,0.0000
1743423810.5472682,NR5G-SA,CONNECT,TDD,DE3B0B093,-72,-1,11,20,-76,-3,4,-76,-3,4,100,0,-58,NR N78,26,83906.0,10.0,10209,nan,0,3.17,0.0000
1743423811.5932896,NR5G-SA,CONNECT,TDD,DE3B0B093,-73,-1,10,20,-76,-3,4,-76,-3,4,100,0,-58,NR N78,26,83886.0,10.0,10206,nan,0,3.17,0.0000
1743423812.6508098,NR5G-SA,CONNECT,TDD,DE3B0B093,-73,-2,7,20,-76,-3,4,-76,-3,4,100,0,-57,NR N78,25,83886.0,10.0,10206,nan,0,3.17,0.0000
1743423813.689565,NR5G-SA,CONNECT,TDD,DE3B0B093,-74,-2,6,20,-76,-3,3,-76,-3,3,100,0,-59,NR N78,25,83884.0,10.0,10206,nan,0,3.17,0.0000
1743423814.740756,NR5G-SA,CONNECT,TDD,DE3B0B093,-74,-2,5,20,-76,-3,2,-76,-3,2,100,0,-59,NR N78,25,83879.0,10.0,10205,nan,0,3.17,0.0000
1743423815.787262,NR5G-SA,CONNECT,TDD,DE3B0B093,-74,-2,6,20,-76,-3,2,-76,-3,2,100,0,-60,NR N78,25,73401.0,8.75,8930,nan,0,3.17,0.0000
1743423816.8486493,NR5G-SA,CONNECT,TDD,DE3B0B093,-73,-1,9,20,-76,-3,2,-76,-3,2,100,0,-59,NR N78,25,73408.0,8.75,8931,nan,0,3.17,0.0000
1743423817.8982115,NR5G-SA,CONNECT,TDD,DE3B0B093,-73,-1,10,20,-76,-3,1,-76,-3,1,100,0,-58,NR N78,24,73397.0,8.75,8930,nan,0,3.17,0.0000
1743423818.9367483,NR5G-SA,CONNECT,TDD,DE3B0B093,-73,-1,9,20,-77,-3,1,-77,-3,1,100,0,-59,NR N78,24,83889.0,10.0,10206,nan,0,3.17,0.0000
1743423819.984812,NR5G-SA,CONNECT,TDD,DE3B0B093,-75,-1,8,20,-77,-3,1,-77,-3,1,100,0,-60,NR N78,25,73392.0,8.75,8929,nan,0,3.17,0.0000
1743423821.0774426,NR5G-SA,CONNECT,TDD,DE3B0B093,-75,-1,8,20,-78,-4,0,-78,-4,0,100,0,-60,NR N78,25,73391.0,8.75,8929,nan,0,3.17,0.0000
1743423822.1335304,NR5G-SA,CONNECT,TDD,DE3B0B093,-75,-2,8,21,-78,-4,0,-78,-4,0,100,0,-58,NR N78,25,83893.0,10.0,10207,nan,0,3.17,0.0000
1743423823.1721964,NR5G-SA,CONNECT,TDD,DE3B0B093,-73,-2,10,21,-77,-3,2,-77,-3,2,100,0,-54,NR N78,25,73396.0,8.75,8930,nan,0,3.17,0.0000
1743423824.220557,NR5G-SA,CONNECT,TDD,DE3B0B093,-73,-2,8,21,-77,-4,0,-77,-4,0,100,0,-60,NR N78,25,83894.0,10.0,10207,nan,0,3.17,0.0000
1743423825.2687023,NR5G-SA,CONNECT,TDD,DE3B0B093,-73,-1,9,21,-77,-4,0,-77,-4,0,100,0,-58,NR N78,25,83877.0,10.0,10205,nan,0,3.17,0.0000
1743423826.3224022,NR5G-SA,CONNECT,TDD,DE3B0B093,-74,-2,7,21,-78,-4,0,-78,-4,0,100,0,-58,NR N78,25,83900.0,10.0,10208,nan,0,3.17,0.0000
1743423827.3591537,NR5G-SA,CONNECT,TDD,DE3B0B093,-74,-2,7,21,-78,-4,0,-78,-4,0,100,0,-59,NR N78,25,73385.0,8.75,8929,nan,0,3.17,0.0000
1743423828.4367368,NR5G-SA,CONNECT,TDD,DE3B0B093,-73,-1,7,21,-78,-4,0,-78,-4,0,100,0,-58,NR N78,25,83901.0,10.0,10208,nan,0,3.17,0.0000
1743423829.4853144,NR5G-SA,CONNECT,TDD,DE3B0B093,-74,-2,6,21,-78,-4,0,-78,-4,0,100,0,-58,NR N78,25,83879.0,10.0,10205,nan,0,3.17,0.0000
1743423830.5451453,NR5G-SA,CONNECT,TDD,DE3B0B093,-74,-2,5,21,-78,-5,0,-78,-5,0,100,0,-59,NR N78,25,83889.0,10.0,10206,nan,0,3.17,0.0000
1743423831.5990696,NR5G-SA,CONNECT,TDD,DE3B0B093,-73,-2,7,21,-78,-5,0,-78,-5,0,100,0,-59,NR N78,25,83885.0,10.0,10206,nan,0,3.17,0.0000
1743423832.6459358,NR5G-SA,CONNECT,TDD,DE3B0B093,-72,-1,9,21,-78,-5,0,-78,-5,0,100,0,-58,NR N78,26,94377.0,11.2,11483,nan,0,3.17,0.0000
1743423833.686486,NR5G-SA,CONNECT,TDD,DE3B0B093,-72,-1,9,21,-78,-5,0,-78,-5,0,100,0,-57,NR N78,26,83884.0,10.0,10206,nan,0,3.17,0.0000
1743423834.747095,NR5G-SA,CONNECT,TDD,DE3B0B093,-73,-1,9,21,-77,-4,0,-77,-4,0,100,0,-59,NR N78,26,94359.0,11.2,11480,nan,0,3.17,0.0000
1743423835.8116026,NR5G-SA,CONNECT,TDD,DE3B0B093,-73,-1,9,21,-78,-4,1,-78,-4,1,100,0,-59,NR N78,25,73410.0,8.75,8932,nan,0,3.17,0.0000
1743423836.8576417,NR5G-SA,CONNECT,TDD,DE3B0B093,-74,-2,8,21,-79,-5,0,-79,-5,0,100,0,-59,NR N78,25,83874.0,10.0,10205,nan,0,3.17,0.0000
1743423837.9418259,NR5G-SA,CONNECT,TDD,DE3B0B093,-74,-2,8,21,-78,-4,1,-78,-4,1,100,0,-59,NR N78,26,94380.0,11.2,11483,nan,0,3.17,0.0000
1743423839.01258,NR5G-SA,CONNECT,TDD,DE3B0B093,-74,-2,8,21,-78,-4,1,-78,-4,1,100,0,-59,NR N78,26,83878.0,10.0,10205,nan,0,3.17,0.0000
1743423840.0796437,NR5G-SA,CONNECT,TDD,DE3B0B093,-73,-2,9,21,-77,-4,2,-77,-4,2,100,0,-56,NR N78,26,83889.0,10.0,10206,nan,0,3.17,0.0000
1743423841.149808,NR5G-SA,CONNECT,TDD,DE3B0B093,-73,-3,10,21,-77,-5,1,-77,-5,1,100,0,-57,NR N78,26,83883.0,10.0,10206,nan,0,3.17,0.0000
1743423842.183077,NR5G-SA,CONNECT,TDD,DE3B0B093,-72,-2,11,20,-77,-4,2,-77,-4,2,100,0,-57,NR N78,25,73397.0,8.75,8930,nan,0,3.17,0.0000
1743423843.2668273,NR5G-SA,CONNECT,TDD,DE3B0B093,-72,-2,10,20,-77,-3,3,-77,-3,3,100,0,-56,NR N78,25,83895.0,10.0,10207,nan,0,3.17,0.0000
1743423844.3302886,NR5G-SA,CONNECT,TDD,DE3B0B093,-72,-1,10,20,-77,-3,5,-77,-3,5,100,0,-58,NR N78,24,73388.0,8.75,8929,nan,0,3.17,0.0000
1743423845.3919554,NR5G-SA,CONNECT,TDD,DE3B0B093,-72,-2,9,20,-77,-3,4,-77,-3,4,100,0,-58,NR N78,24,83894.0,10.0,10207,nan,0,3.17,0.0000
1743423846.4483972,NR5G-SA,CONNECT,TDD,DE3B0B093,-72,-2,9,20,-77,-3,4,-77,-3,4,100,0,-56,NR N78,25,83884.0,10.0,10206,nan,0,3.17,0.0000
1743423847.5343125,NR5G-SA,CONNECT,TDD,DE3B0B093,-72,-2,9,20,-78,-3,3,-78,-3,3,100,0,-58,NR N78,25,83895.0,10.0,10207,nan,0,3.17,0.0000
1743423848.5957968,NR5G-SA,CONNECT,TDD,DE3B0B093,-73,-2,9,20,-79,-5,2,-79,-5,2,100,0,-58,NR N78,25,83881.0,10.0,10206,nan,0,3.17,0.0000
1743423849.6707096,NR5G-SA,CONNECT,TDD,DE3B0B093,-74,-2,10,20,-79,-5,1,-79,-5,1,100,0,-59,NR N78,25,83882.0,10.0,10206,nan,0,3.17,0.0000
1743423850.7383647,NR5G-SA,CONNECT,TDD,DE3B0B093,-75,-2,8,20,-79,-5,0,-79,-5,0,100,0,-60,NR N78,25,83884.0,10.0,10206,nan,0,3.17,0.0000
1743423851.7716837,NR5G-SA,CONNECT,TDD,DE3B0B093,-75,-2,9,20,-79,-5,0,-79,-5,0,100,0,-61,NR N78,25,83890.0,10.0,10207,nan,0,3.17,0.0000
1743423852.8201149,NR5G-SA,CONNECT,TDD,DE3B0B093,-74,-2,11,20,-78,-5,1,-78,-5,1,100,0,-59,NR N78,26,83889.0,10.0,10206,nan,0,3.17,0.0000
1743423853.8645134,NR5G-SA,CONNECT,TDD,DE3B0B093,-73,-2,11,20,-77,-4,2,-77,-4,2,100,0,-57,NR N78,25,83891.0,10.0,10207,nan,0,3.17,0.0000
1743423854.9366434,NR5G-SA,CONNECT,TDD,DE3B0B093,-73,-2,12,20,-77,-4,3,-77,-4,3,100,0,-57,NR N78,25,83886.0,10.0,10206,nan,0,3.17,0.0000
1743423855.9856029,NR5G-SA,CONNECT,TDD,DE3B0B093,-72,-2,14,20,-77,-4,3,-77,-4,3,100,0,-56,NR N78,24,73396.0,8.75,8930,nan,0,3.17,0.0000
1743423857.0322146,NR5G-SA,CONNECT,TDD,DE3B0B093,-73,-2,12,20,-77,-4,2,-77,-4,2,100,0,-58,NR N78,24,83896.0,10.0,10207,nan,0,3.17,0.0000
1743423858.0899737,NR5G-SA,CONNECT,TDD,DE3B0B093,-74,-2,10,20,-77,-4,1,-77,-4,1,100,0,-58,NR N78,25,83889.0,10.0,10206,nan,0,3.17,0.0000
1743423859.16826,NR5G-SA,CONNECT,TDD,DE3B0B093,-74,-2,10,20,-78,-5,0,-78,-5,0,100,0,-59,NR N78,25,83875.0,10.0,10205,nan,0,3.17,0.0000
1743423860.222798,NR5G-SA,CONNECT,TDD,DE3B0B093,-74,-2,8,20,-78,-4,1,-78,-4,1,100,0,-58,NR N78,26,83896.0,10.0,10207,nan,0,3.17,0.0000
1743423861.303277,NR5G-SA,CONNECT,TDD,DE3B0B093,-74,-4,7,20,-78,-5,1,-78,-5,1,100,0,-58,NR N78,26,83886.0,10.0,10206,nan,0,3.17,0.0000
1743423862.3554611,NR5G-SA,CONNECT,TDD,DE3B0B093,-75,-3,7,20,-78,-5,1,-78,-5,1,100,0,-61,NR N78,25,73391.0,8.75,8929,nan,0,3.17,0.0000
1743423863.399571,NR5G-SA,CONNECT,TDD,DE3B0B093,-75,-2,6,20,-77,-4,1,-77,-4,1,100,0,-60,NR N78,25,94332.0,11.2,11477,nan,0,3.17,0.0000
1743423864.4453113,NR5G-SA,CONNECT,TDD,DE3B0B093,-76,-3,6,20,-77,-4,1,-77,-4,1,100,0,-59,NR N78,26,73431.0,8.75,8934,nan,0,3.17,0.0000
1743423865.4906878,NR5G-SA,CONNECT,TDD,DE3B0B093,-76,-2,7,20,-77,-5,0,-77,-5,0,100,0,-60,NR N78,26,83887.0,10.0,10206,nan,0,3.17,0.0000
1743423866.5616539,NR5G-SA,CONNECT,TDD,DE3B0B093,-76,-2,6,20,-77,-5,0,-77,-5,0,100,0,-62,NR N78,26,94385.0,11.2,11484,nan,0,3.17,0.0000
1743423867.6740367,NR5G-SA,CONNECT,TDD,DE3B0B093,-76,-2,8,20,-77,-5,0,-77,-5,0,100,0,-60,NR N78,26,83876.0,10.0,10205,nan,0,3.17,0.0000
1743423868.7397134,NR5G-SA,CONNECT,TDD,DE3B0B093,-76,-2,9,20,-77,-4,0,-77,-4,0,100,0,-59,NR N78,26,83886.0,10.0,10206,nan,0,3.17,0.0000
1743423869.7932687,NR5G-SA,CONNECT,TDD,DE3B0B093,-75,-1,11,20,-78,-4,1,-78,-4,1,100,0,-57,NR N78,26,94383.0,11.2,11483,nan,0,3.17,0.0000
1743423870.834245,NR5G-SA,CONNECT,TDD,DE3B0B093,-74,-1,13,20,-78,-5,3,-78,-5,3,100,0,-59,NR N78,26,73399.0,8.75,8930,nan,0,3.17,0.0000
1743423871.900274,NR5G-SA,CONNECT,TDD,DE3B0B093,-73,-1,13,20,-78,-3,1,-78,-3,1,100,0,-58,NR N78,26,83872.0,10.0,10204,nan,0,3.17,0.0000
1743423872.9513645,NR5G-SA,CONNECT,TDD,DE3B0B093,-74,-1,13,20,-78,-4,1,-78,-4,1,100,0,-61,NR N78,26,83891.0,10.0,10207,nan,0,3.17,0.0000
1743423873.9878385,NR5G-SA,CONNECT,TDD,DE3B0B093,-74,-2,12,20,-78,-5,0,-78,-5,0,100,0,-56,NR N78,26,94376.0,11.2,11482,nan,0,3.17,0.0000
1743423875.0541325,NR5G-SA,CONNECT,TDD,DE3B0B093,-74,-2,11,20,-78,-5,0,-78,-5,0,100,0,-58,NR N78,26,83883.0,10.0,10206,nan,0,3.17,0.0000
1743423876.14213,NR5G-SA,CONNECT,TDD,DE3B0B093,-74,-2,10,20,-78,-5,0,-78,-5,0,100,0,-60,NR N78,26,83878.0,10.0,10205,nan,0,3.17,0.0000
1743423877.186753,NR5G-SA,CONNECT,TDD,DE3B0B093,-75,-2,9,20,-79,-5,0,-79,-5,0,100,0,-58,NR N78,26,83891.0,10.0,10207,nan,0,3.17,0.0000
1743423878.2374415,NR5G-SA,CONNECT,TDD,DE3B0B093,-75,-3,7,20,-78,-5,1,-78,-5,1,100,0,-60,NR N78,25,83884.0,10.0,10206,nan,0,3.17,0.0000
1743423879.3180292,NR5G-SA,CONNECT,TDD,DE3B0B093,-73,-2,9,20,-79,-4,2,-79,-4,2,100,0,-55,NR N78,25,83887.0,10.0,10206,nan,0,3.17,0.0000
1743423880.3597958,NR5G-SA,CONNECT,TDD,DE3B0B093,-73,-3,9,21,-79,-5,3,-79,-5,3,100,0,-57,NR N78,26,83893.0,10.0,10207,nan,0,3.17,0.0000
1743423881.4352148,NR5G-SA,CONNECT,TDD,DE3B0B093,-74,-2,9,21,-79,-4,2,-79,-4,2,100,0,-58,NR N78,26,83877.0,10.0,10205,nan,0,3.17,0.0000
1743423882.488311,NR5G-SA,CONNECT,TDD,DE3B0B093,-73,-2,11,21,-79,-4,3,-79,-4,3,100,0,-56,NR N78,25,73399.0,8.75,8930,nan,0,3.17,0.0000
1743423883.524541,NR5G-SA,CONNECT,TDD,DE3B0B093,-72,-2,13,21,-78,-4,4,-78,-4,4,100,0,-56,NR N78,25,94383.0,11.2,11483,nan,0,3.17,0.0000
1743423884.5558887,NR5G-SA,CONNECT,TDD,DE3B0B093,-71,-1,13,21,-77,-3,5,-77,-3,5,100,0,-56,NR N78,26,83882.0,10.0,10206,nan,0,3.17,0.0000
1743423885.6171794,NR5G-SA,CONNECT,TDD,DE3B0B093,-70,-2,13,21,-77,-3,5,-77,-3,5,100,0,-55,NR N78,26,83890.0,10.0,10207,nan,0,3.17,0.0000
1743423886.662909,NR5G-SA,CONNECT,TDD,DE3B0B093,-71,-2,13,21,-77,-3,4,-77,-3,4,100,0,-57,NR N78,25,83878.0,10.0,10205,nan,0,3.17,0.0000
1743423887.711388,NR5G-SA,CONNECT,TDD,DE3B0B093,-72,-2,14,21,-78,-4,5,-78,-4,5,100,0,-58,NR N78,25,83895.0,10.0,10207,nan,0,3.17,0.0000
1743423888.7936804,NR5G-SA,CONNECT,TDD,DE3B0B093,-72,-2,13,21,-79,-5,3,-79,-5,3,100,0,-58,NR N78,26,83873.0,10.0,10205,nan,0,3.17,0.0000
1743423889.8554811,NR5G-SA,CONNECT,TDD,DE3B0B093,-72,-2,11,21,-78,-5,1,-78,-5,1,100,0,-57,NR N78,26,94386.0,11.2,11484,nan,0,3.17,0.0000
1743423890.9292204,NR5G-SA,CONNECT,TDD,DE3B0B093,-73,-2,9,21,-78,-4,1,-78,-4,1,100,0,-58,NR N78,26,83886.0,10.0,10206,nan,0,3.17,0.0000
1743423891.9863873,NR5G-SA,CONNECT,TDD,DE3B0B093,-72,-2,8,21,-78,-3,2,-78,-3,2,100,0,-58,NR N78,26,83873.0,10.0,10205,nan,0,3.17,0.0000
1743423893.020487,NR5G-SA,CONNECT,TDD,DE3B0B093,-72,-1,7,21,-78,-3,3,-78,-3,3,100,0,-57,NR N78,26,83887.0,10.0,10206,nan,0,3.17,0.0000
1743423894.0821707,NR5G-SA,CONNECT,TDD,DE3B0B093,-72,-1,7,21,-77,-3,3,-77,-3,3,100,0,-58,NR N78,26,94378.0,11.2,11483,nan,0,3.17,0.0000
1743423895.1463163,NR5G-SA,CONNECT,TDD,DE3B0B093,-72,-1,7,21,-77,-3,2,-77,-3,2,100,0,-58,NR N78,26,83885.0,10.0,10206,nan,0,3.17,0.0000
1743423896.2026203,NR5G-SA,CONNECT,TDD,DE3B0B093,-72,-2,7,21,-76,-3,3,-76,-3,3,100,0,-57,NR N78,26,83892.0,10.0,10207,nan,0,3.17,0.0000
1743423897.2751682,NR5G-SA,CONNECT,TDD,DE3B0B093,-73,-2,7,21,-77,-4,0,-77,-4,0,100,0,-60,NR N78,26,94361.0,11.2,11481,nan,0,3.17,0.0000
1743423898.3286197,NR5G-SA,CONNECT,TDD,DE3B0B093,-74,-2,8,21,-77,-5,1,-77,-5,1,100,0,-57,NR N78,26,83887.0,10.0,10206,nan,0,3.17,0.0000
1743423899.4032018,NR5G-SA,CONNECT,TDD,DE3B0B093,-74,-3,7,21,-77,-5,2,-77,-5,2,100,0,-57,NR N78,26,83894.0,10.0,10207,nan,0,3.17,0.0000
1743423900.4534771,NR5G-SA,CONNECT,TDD,DE3B0B093,-74,-2,7,20,-76,-4,1,-76,-4,1,100,0,-58,NR N78,26,83880.0,10.0,10205,nan,0,3.17,0.0000
1743423901.4865317,NR5G-SA,CONNECT,TDD,DE3B0B093,-74,-3,7,20,-77,-4,2,-77,-4,2,100,0,-58,NR N78,26,94379.0,11.2,11483,nan,0,3.17,0.0000
1743423902.553172,NR5G-SA,CONNECT,TDD,DE3B0B093,-74,-2,7,20,-77,-4,2,-77,-4,2,100,0,-59,NR N78,26,83876.0,10.0,10205,nan,0,3.17,0.0000
1743423903.6294827,NR5G-SA,CONNECT,TDD,DE3B0B093,-74,-2,6,20,-77,-4,2,-77,-4,2,100,0,-57,NR N78,26,94302.0,11.2,11473,nan,0,3.17,0.0000
1743423904.7028043,NR5G-SA,CONNECT,TDD,DE3B0B093,-74,-2,7,20,-78,-5,2,-78,-5,2,100,0,-59,NR N78,26,73458.0,8.75,8937,nan,0,3.17,0.0000
1743423905.780759,NR5G-SA,CONNECT,TDD,DE3B0B093,-74,-2,8,20,-78,-4,2,-78,-4,2,100,0,-59,NR N78,25,83877.0,10.0,10205,nan,0,3.17,0.0000
1743423906.839899,NR5G-SA,CONNECT,TDD,DE3B0B093,-74,-2,7,20,-78,-3,4,-78,-3,4,100,0,-59,NR N78,25,83895.0,10.0,10207,nan,0,3.17,0.0000
1743423907.899414,NR5G-SA,CONNECT,TDD,DE3B0B093,-74,-2,6,20,-78,-3,4,-78,-3,4,100,0,-58,NR N78,25,83893.0,10.0,10207,nan,0,3.17,0.0000
1743423908.959557,NR5G-SA,CONNECT,TDD,DE3B0B093,-74,-2,6,20,-78,-2,5,-78,-2,5,100,0,-58,NR N78,25,83888.0,10.0,10206,nan,0,3.17,0.0000
1743423910.0389564,NR5G-SA,CONNECT,TDD,DE3B0B093,-73,-3,8,20,-78,-3,5,-78,-3,5,100,0,-57,NR N78,24,83880.0,10.0,10205,nan,0,3.17,0.0000
1743423911.1014428,NR5G-SA,CONNECT,TDD,DE3B0B093,-73,-3,10,20,-77,-5,4,-77,-5,4,100,0,-53,NR N78,24,83894.0,10.0,10207,nan,0,3.17,0.0000
1743423912.1447494,NR5G-SA,CONNECT,TDD,DE3B0B093,-73,-3,9,21,-77,-3,5,-77,-3,5,100,0,-57,NR N78,25,62906.0,7.5,7654,nan,0,3.17,0.0000
1743423913.1972916,NR5G-SA,CONNECT,TDD,DE3B0B093,-74,-3,7,21,-78,-4,4,-78,-4,4,100,0,-58,NR N78,25,73393.0,8.75,8929,nan,0,3.17,0.0000
1743423914.2365224,NR5G-SA,CONNECT,TDD,DE3B0B093,-74,-3,6,20,-78,-4,3,-78,-4,3,100,0,-58,NR N78,25,83883.0,10.0,10206,nan,0,3.17,0.0000
1743423915.2768257,NR5G-SA,CONNECT,TDD,DE3B0B093,-74,-3,6,20,-78,-4,3,-78,-4,3,100,0,-57,NR N78,25,83891.0,10.0,10207,nan,0,3.17,0.0000
1743423916.3250806,NR5G-SA,CONNECT,TDD,DE3B0B093,-73,-3,7,20,-78,-4,3,-78,-4,3,100,0,-54,NR N78,25,83897.0,10.0,10207,nan,0,3.17,0.0000
1743423917.3783247,NR5G-SA,CONNECT,TDD,DE3B0B093,-73,-2,9,20,-77,-3,4,-77,-3,4,100,0,-58,NR N78,25,83869.0,10.0,10204,nan,0,3.17,0.0000
1743423918.4440327,NR5G-SA,CONNECT,TDD,DE3B0B093,-73,-2,11,20,-78,-4,2,-78,-4,2,100,0,-58,NR N78,26,83896.0,10.0,10207,nan,0,3.17,0.0000
1743423919.5295765,NR5G-SA,CONNECT,TDD,DE3B0B093,-74,-2,11,20,-78,-4,3,-78,-4,3,100,0,-59,NR N78,26,83883.0,10.0,10206,nan,0,3.17,0.0000
1743423920.6195846,NR5G-SA,CONNECT,TDD,DE3B0B093,-72,-2,11,21,-78,-4,3,-78,-4,3,100,0,-57,NR N78,26,83896.0,10.0,10207,nan,0,3.17,0.0000
1743423921.6733866,NR5G-SA,CONNECT,TDD,DE3B0B093,-72,-1,11,21,-78,-4,2,-78,-4,2,100,0,-56,NR N78,26,83882.0,10.0,10206,nan,0,3.17,0.0000
1743423922.7165115,NR5G-SA,CONNECT,TDD,DE3B0B093,-72,-2,11,21,-78,-3,3,-78,-3,3,100,0,-56,NR N78,26,83888.0,10.0,10206,nan,0,3.17,0.0000
1743423923.7604396,NR5G-SA,CONNECT,TDD,DE3B0B093,-73,-2,12,21,-77,-4,2,-77,-4,2,100,0,-58,NR N78,26,94378.0,11.2,11483,nan,0,3.17,0.0000
1743423924.8228564,NR5G-SA,CONNECT,TDD,DE3B0B093,-73,-2,12,21,-78,-4,2,-78,-4,2,100,0,-57,NR N78,26,83869.0,10.0,10204,nan,0,3.17,0.0000
1743423925.8875773,NR5G-SA,CONNECT,TDD,DE3B0B093,-73,-2,11,20,-78,-4,2,-78,-4,2,100,0,-59,NR N78,26,83899.0,10.0,10208,nan,0,3.17,0.0000
1743423926.9441817,NR5G-SA,CONNECT,TDD,DE3B0B093,-72,-1,13,20,-77,-3,5,-77,-3,5,100,0,-57,NR N78,26,73397.0,8.75,8930,nan,0,3.17,0.0000
1743423928.0368931,NR5G-SA,CONNECT,TDD,DE3B0B093,-72,-2,13,20,-77,-3,5,-77,-3,5,100,0,-57,NR N78,24,83890.0,10.0,10207,nan,0,3.17,0.0000
1743423929.1026094,NR5G-SA,CONNECT,TDD,DE3B0B093,-71,-2,13,20,-78,-3,5,-78,-3,5,100,0,-52,NR N78,24,73398.0,8.75,8930,nan,0,3.17,0.0000
1743423930.1791751,NR5G-SA,CONNECT,TDD,DE3B0B093,-71,-2,12,20,-78,-3,6,-78,-3,6,100,0,-56,NR N78,24,73394.0,8.75,8930,nan,0,3.17,0.0000
1743423931.2269897,NR5G-SA,CONNECT,TDD,DE3B0B093,-71,-2,12,20,-78,-2,7,-78,-2,7,100,0,-57,NR N78,24,73395.0,8.75,8930,nan,0,3.17,0.0000
1743423932.2903306,NR5G-SA,CONNECT,TDD,DE3B0B093,-72,-2,11,20,-78,-3,7,-78,-3,7,100,0,-58,NR N78,24,83893.0,10.0,10207,nan,0,3.17,0.0000
1743423933.378091,NR5G-SA,CONNECT,TDD,DE3B0B093,-72,-2,11,20,-77,-2,7,-77,-2,7,100,0,-57,NR N78,24,73395.0,8.75,8930,nan,0,3.17,0.0000
1743423934.4372065,NR5G-SA,CONNECT,TDD,DE3B0B093,-72,-1,10,20,-78,-2,6,-78,-2,6,100,0,-58,NR N78,23,73400.0,8.75,8930,nan,0,3.17,0.0000
1743423935.493256,NR5G-SA,CONNECT,TDD,DE3B0B093,-72,-1,10,20,-78,-2,6,-78,-2,6,100,0,-58,NR N78,23,73406.0,8.75,8931,nan,0,3.17,0.0000
1743423936.5692003,NR5G-SA,CONNECT,TDD,DE3B0B093,-72,-2,10,20,-78,-2,7,-78,-2,7,100,0,-58,NR N78,24,73402.0,8.75,8931,nan,0,3.17,0.0000
1743423937.6065552,NR5G-SA,CONNECT,TDD,DE3B0B093,-72,-2,10,20,-78,-3,7,-78,-3,7,100,0,-54,NR N78,24,83899.0,10.0,10208,nan,0,3.17,0.0000
1743423938.6827567,NR5G-SA,CONNECT,TDD,DE3B0B093,-72,-2,10,20,-77,-3,7,-77,-3,7,100,0,-58,NR N78,24,83885.0,10.0,10206,nan,0,3.17,0.0000
1743423939.7657177,NR5G-SA,CONNECT,TDD,DE3B0B093,-72,-2,9,20,-76,-2,7,-76,-2,7,100,0,-58,NR N78,24,73383.0,8.75,8928,nan,0,3.17,0.0000
1743423940.80318,NR5G-SA,CONNECT,TDD,DE3B0B093,-72,-2,9,20,-76,-2,7,-76,-2,7,100,0,-57,NR N78,25,83896.0,10.0,10207,nan,0,3.17,0.0000
1743423941.8573017,NR5G-SA,CONNECT,TDD,DE3B0B093,-72,-2,9,20,-76,-2,7,-76,-2,7,100,0,-56,NR N78,25,83892.0,10.0,10207,nan,0,3.17,0.0000
1743423942.900998,NR5G-SA,CONNECT,TDD,DE3B0B093,-71,-2,9,20,-77,-3,7,-77,-3,7,100,0,-54,NR N78,25,73392.0,8.75,8929,nan,0,3.17,0.0000
1743423943.9958782,NR5G-SA,CONNECT,TDD,DE3B0B093,-71,-2,10,20,-77,-3,6,-77,-3,6,100,0,-56,NR N78,23,73395.0,8.75,8930,nan,0,3.17,0.0000
1743423945.0310636,NR5G-SA,CONNECT,TDD,DE3B0B093,-71,-2,9,20,-78,-3,6,-78,-3,6,100,0,-58,NR N78,23,83817.0,10.0,10198,nan,0,3.17,0.0000
1743423946.083982,NR5G-SA,CONNECT,TDD,DE3B0B093,-71,-2,9,20,-78,-3,5,-78,-3,5,100,0,-55,NR N78,24,73457.0,8.75,8937,nan,0,3.17,0.0000
1743423947.1361063,NR5G-SA,CONNECT,TDD,DE3B0B093,-71,-1,9,20,-78,-3,5,-78,-3,5,100,0,-57,NR N78,24,83895.0,10.0,10207,nan,0,3.17,0.0000
1743423948.2246318,NR5G-SA,CONNECT,TDD,DE3B0B093,-72,-2,9,20,-78,-3,5,-78,-3,5,100,0,-54,NR N78,24,73395.0,8.75,8930,nan,0,3.17,0.0000
1743423949.2814126,NR5G-SA,CONNECT,TDD,DE3B0B093,-72,-2,9,20,-78,-3,5,-78,-3,5,100,0,-56,NR N78,24,83885.0,10.0,10206,nan,0,3.17,0.0000
1743423950.3408647,NR5G-SA,CONNECT,TDD,DE3B0B093,-72,-2,9,20,-78,-3,6,-78,-3,6,100,0,-56,NR N78,24,73403.0,8.75,8931,nan,0,3.17,0.0000
1743423951.4345539,NR5G-SA,CONNECT,TDD,DE3B0B093,-72,-2,9,20,-78,-3,6,-78,-3,6,100,0,-56,NR N78,24,73393.0,8.75,8929,nan,0,3.17,0.0000
1743423952.5037444,NR5G-SA,CONNECT,TDD,DE3B0B093,-72,-2,9,20,-78,-3,6,-78,-3,6,100,0,-56,NR N78,24,83900.0,10.0,10208,nan,0,3.17,0.0000
1743423953.5701568,NR5G-SA,CONNECT,TDD,DE3B0B093,-71,-2,10,20,-77,-2,5,-77,-2,5,100,0,-56,NR N78,24,73390.0,8.75,8929,nan,0,3.17,0.0000
1743423954.616156,NR5G-SA,CONNECT,TDD,DE3B0B093,-72,-2,11,20,-78,-3,5,-78,-3,5,100,0,-58,NR N78,24,83892.0,10.0,10207,nan,0,3.17,0.0000
1743423955.6768281,NR5G-SA,CONNECT,TDD,DE3B0B093,-71,-1,13,20,-77,-3,5,-77,-3,5,100,0,-56,NR N78,24,73402.0,8.75,8931,nan,0,3.17,0.0000
1743423956.752428,NR5G-SA,CONNECT,TDD,DE3B0B093,-71,-2,15,20,-78,-3,6,-78,-3,6,100,0,-54,NR N78,24,83892.0,10.0,10207,nan,0,3.17,0.0000
1743423957.8097243,NR5G-SA,CONNECT,TDD,DE3B0B093,-71,-2,16,20,-79,-4,7,-79,-4,7,100,0,-57,NR N78,24,73399.0,8.75,8930,nan,0,3.17,0.0000
1743423958.899033,NR5G-SA,CONNECT,TDD,DE3B0B093,-71,-2,15,20,-79,-4,6,-79,-4,6,100,0,-56,NR N78,24,83888.0,10.0,10206,nan,0,3.17,0.0000
1743423959.9854615,NR5G-SA,CONNECT,TDD,DE3B0B093,-71,-2,14,20,-79,-4,7,-79,-4,7,100,0,-54,NR N78,25,83866.0,10.0,10204,nan,0,3.17,0.0000
1743423961.0419555,NR5G-SA,CONNECT,TDD,DE3B0B093,-71,-2,15,20,-79,-4,7,-79,-4,7,100,0,-57,NR N78,25,83881.0,10.0,10206,nan,0,3.17,0.0000
1743423962.075855,NR5G-SA,CONNECT,TDD,DE3B0B093,-71,-2,15,20,-80,-5,6,-80,-5,6,100,0,-56,NR N78,24,73393.0,8.75,8929,nan,0,3.17,0.0000
1743423963.131795,NR5G-SA,CONNECT,TDD,DE3B0B093,-71,-1,16,20,-80,-5,6,-80,-5,6,100,0,-56,NR N78,24,83891.0,10.0,10207,nan,0,3.17,0.0000
1743423964.1956291,NR5G-SA,CONNECT,TDD,DE3B0B093,-71,-2,16,20,-80,-5,6,-80,-5,6,100,0,-57,NR N78,25,83889.0,10.0,10206,nan,0,3.17,0.0000
1743423965.2700045,NR5G-SA,CONNECT,TDD,DE3B0B093,-72,-2,15,20,-80,-4,6,-80,-4,6,100,0,-57,NR N78,25,73408.0,8.75,8931,nan,0,3.17,0.0000
1743423966.346466,NR5G-SA,CONNECT,TDD,DE3B0B093,-72,-2,14,20,-80,-5,6,-80,-5,6,100,0,-54,NR N78,24,73398.0,8.75,8930,nan,0,3.17,0.0000
1743423967.4214334,NR5G-SA,CONNECT,TDD,DE3B0B093,-71,-2,15,20,-80,-5,6,-80,-5,6,100,0,-55,NR N78,24,83876.0,10.0,10205,nan,0,3.17,0.0000
1743423968.4789968,NR5G-SA,CONNECT,TDD,DE3B0B093,-71,-2,15,20,-80,-6,6,-80,-6,6,100,0,-57,NR N78,25,83885.0,10.0,10206,nan,0,3.17,0.0000
1743423969.5109506,NR5G-SA,CONNECT,TDD,DE3B0B093,-72,-2,14,20,-80,-6,6,-80,-6,6,100,0,-57,NR N78,25,94386.0,11.2,11484,nan,0,3.17,0.0000
1743423970.5800192,NR5G-SA,CONNECT,TDD,DE3B0B093,-72,-2,15,20,-80,-6,5,-80,-6,5,100,0,-57,NR N78,26,83878.0,10.0,10205,nan,0,3.17,0.0000
1743423971.6280732,NR5G-SA,CONNECT,TDD,DE3B0B093,-72,-2,14,20,-80,-5,5,-80,-5,5,100,0,-56,NR N78,26,73398.0,8.75,8930,nan,0,3.17,0.0000
1743423972.7243316,NR5G-SA,CONNECT,TDD,DE3B0B093,-71,-2,14,20,-79,-5,5,-79,-5,5,100,0,-57,NR N78,25,83897.0,10.0,10207,nan,0,3.17,0.0000
1743423973.7903512,NR5G-SA,CONNECT,TDD,DE3B0B093,-71,-2,14,20,-80,-5,5,-80,-5,5,100,0,-56,NR N78,25,83882.0,10.0,10206,nan,0,3.17,0.0000
1743423974.8626544,NR5G-SA,CONNECT,TDD,DE3B0B093,-71,-1,12,20,-81,-5,5,-81,-5,5,100,0,-55,NR N78,25,73394.0,8.75,8930,nan,0,3.17,0.0000
1743423975.9232066,NR5G-SA,CONNECT,TDD,DE3B0B093,-71,-1,11,20,-82,-5,5,-82,-5,5,100,0,-57,NR N78,23,73405.0,8.75,8931,nan,0,3.17,0.0000
1743423977.023173,NR5G-SA,CONNECT,TDD,DE3B0B093,-71,-1,11,20,-82,-5,5,-82,-5,5,100,0,-56,NR N78,23,73396.0,8.75,8930,nan,0,3.17,0.0000
1743423978.0704796,NR5G-SA,CONNECT,TDD,DE3B0B093,-71,-1,11,20,-87,-16,3,-87,-16,3,100,0,-55,NR N78,23,73403.0,8.75,8931,nan,0,3.17,0.0000
1743423979.151146,NR5G-SA,CONNECT,TDD,DE3B0B093,-71,-2,11,20,-84,-10,4,-84,-10,4,100,0,-56,NR N78,23,83886.0,10.0,10206,nan,0,3.17,0.0000
1743423980.245603,NR5G-SA,CONNECT,TDD,DE3B0B093,-71,-2,11,20,-82,-7,5,-82,-7,5,100,0,-57,NR N78,23,62904.0,7.5,7653,nan,0,3.17,0.0000
1743423981.2837322,NR5G-SA,CONNECT,TDD,DE3B0B093,-71,-2,12,20,-82,-6,5,-82,-6,5,100,0,-56,NR N78,23,73410.0,8.75,8932,nan,0,3.17,0.0000
1743423982.3407931,NR5G-SA,CONNECT,TDD,DE3B0B093,-71,-1,12,20,-82,-5,4,-82,-5,4,100,0,-57,NR N78,23,83894.0,10.0,10207,nan,0,3.17,0.0000
1743423983.397746,NR5G-SA,CONNECT,TDD,DE3B0B093,-71,-1,12,20,-82,-5,4,-82,-5,4,100,0,-56,NR N78,23,73399.0,8.75,8930,nan,0,3.17,0.0000
1743423984.452664,NR5G-SA,CONNECT,TDD,DE3B0B093,-71,-1,12,20,-82,-5,4,-82,-5,4,100,0,-57,NR N78,23,73392.0,8.75,8929,nan,0,3.17,0.0000
1743423985.53706,NR5G-SA,CONNECT,TDD,DE3B0B093,-71,-1,11,20,-85,-16,2,-85,-16,2,100,0,-56,NR N78,23,73403.0,8.75,8931,nan,0,3.17,0.0000
1743423986.6042702,NR5G-SA,CONNECT,TDD,DE3B0B093,-71,-1,11,20,-84,-14,0,-84,-14,0,100,0,-56,NR N78,24,73406.0,8.75,8931,nan,0,3.17,0.0000
1743423987.6365,NR5G-SA,CONNECT,TDD,DE3B0B093,-70,-1,10,20,0,0,0,0,0,0,100,0,-55,NR N78,24,73396.0,8.75,8930,nan,0,3.17,0.0000
1743423988.7121146,NR5G-SA,CONNECT,TDD,DE3B0B093,-70,-1,10,20,0,0,0,0,0,0,100,0,-55,NR N78,24,73391.0,8.75,8929,nan,0,3.17,0.0000
1743423989.77455,NR5G-SA,CONNECT,TDD,DE3B0B093,-70,-2,9,20,0,0,0,0,0,0,100,0,-53,NR N78,24,73401.0,8.75,8930,nan,0,3.17,0.0000
1743423990.840538,NR5G-SA,CONNECT,TDD,DE3B0B093,-71,-1,9,20,0,0,0,0,0,0,100,0,-56,NR N78,24,83893.0,10.0,10207,nan,0,3.17,0.0000
1743423991.9021974,NR5G-SA,CONNECT,TDD,DE3B0B093,-70,-1,9,20,-81,-12,-4,-81,-12,-4,100,0,-55,NR N78,23,62915.0,7.5,7655,nan,0,3.17,0.0000
1743423992.9869425,NR5G-SA,CONNECT,TDD,DE3B0B093,-71,-1,10,20,-81,-12,-2,-81,-12,-2,100,0,-57,NR N78,23,73400.0,8.75,8930,nan,0,3.17,0.0000
1743423994.0511875,NR5G-SA,CONNECT,TDD,DE3B0B093,-71,-2,9,20,-81,-12,-1,-81,-12,-1,100,0,-56,NR N78,23,73406.0,8.75,8931,nan,0,3.17,0.0000
1743423995.1171103,NR5G-SA,CONNECT,TDD,DE3B0B093,-71,-1,9,20,-81,-12,0,-81,-12,0,100,0,-58,NR N78,23,73401.0,8.75,8930,nan,0,3.17,0.0000
1743423996.165838,NR5G-SA,CONNECT,TDD,DE3B0B093,-71,-2,9,20,0,0,0,0,0,0,100,0,-56,NR N78,23,73400.0,8.75,8930,nan,0,3.17,0.0000
1743423997.2226317,NR5G-SA,CONNECT,TDD,DE3B0B093,-71,-2,9,20,0,0,0,0,0,0,100,0,-55,NR N78,23,73407.0,8.75,8931,nan,0,3.17,0.0000
1743423998.3288155,NR5G-SA,CONNECT,TDD,DE3B0B093,-71,-2,9,20,0,0,0,0,0,0,100,0,-54,NR N78,23,73403.0,8.75,8931,nan,0,3.17,0.0000
1743423999.3740802,NR5G-SA,CONNECT,TDD,DE3B0B093,-70,-1,11,20,0,0,0,0,0,0,100,0,-55,NR N78,23,62903.0,7.5,7653,nan,0,3.17,0.0000
1743424000.4148636,NR5G-SA,CONNECT,TDD,DE3B0B093,-70,-2,13,20,0,0,0,0,0,0,100,0,-53,NR N78,23,83901.0,10.0,10208,nan,0,3.17,0.0000
1743424001.5081563,NR5G-SA,CONNECT,TDD,DE3B0B093,-71,-2,14,20,0,0,0,0,0,0,100,0,-56,NR N78,23,62901.0,7.5,7653,nan,0,3.17,0.0000
1743424002.5697038,NR5G-SA,CONNECT,TDD,DE3B0B093,-70,-2,14,20,-80,-5,1,-80,-5,1,100,0,-54,NR N78,23,73407.0,8.75,8931,nan,0,3.17,0.0000
1743424003.6637423,NR5G-SA,CONNECT,TDD,DE3B0B093,-70,-2,14,20,-80,-5,4,-80,-5,4,100,0,-55,NR N78,23,83896.0,10.0,10207,nan,0,3.17,0.0000
1743424004.7451499,NR5G-SA,CONNECT,TDD,DE3B0B093,-70,-1,15,20,-82,-5,4,-82,-5,4,100,0,-55,NR N78,24,73391.0,8.75,8929,nan,0,3.17,0.0000
1743424005.7896554,NR5G-SA,CONNECT,TDD,DE3B0B093,-70,-1,16,20,-80,-3,5,-80,-3,5,100,0,-56,NR N78,24,73403.0,8.75,8931,nan,0,3.17,0.0000
1743424006.8566508,NR5G-SA,CONNECT,TDD,DE3B0B093,-70,-1,13,20,-81,-7,3,-81,-7,3,100,0,-56,NR N78,24,73393.0,8.75,8929,nan,0,3.17,0.0000
1743424007.9242687,NR5G-SA,CONNECT,TDD,DE3B0B093,-70,-1,12,20,-81,-10,1,-81,-10,1,100,0,-56,NR N78,24,83901.0,10.0,10208,nan,0,3.17,0.0000
1743424008.9588182,NR5G-SA,CONNECT,TDD,DE3B0B093,-70,-1,11,20,-82,-12,0,-82,-12,0,100,0,-55,NR N78,24,73401.0,8.75,8930,nan,0,3.17,0.0000
1743424010.03481,NR5G-SA,CONNECT,TDD,DE3B0B093,-70,-2,11,20,0,0,0,0,0,0,100,0,-55,NR N78,24,73403.0,8.75,8931,nan,0,3.17,0.0000
1743424011.1303709,NR5G-SA,CONNECT,TDD,DE3B0B093,-70,-2,11,20,0,0,0,0,0,0,100,0,-55,NR N78,24,73395.0,8.75,8930,nan,0,3.17,0.0000
1743424012.1874871,NR5G-SA,CONNECT,TDD,DE3B0B093,-71,-2,10,20,0,0,0,0,0,0,100,0,-55,NR N78,24,83905.0,10.0,10208,nan,0,3.17,0.0000
1743424013.2211714,NR5G-SA,CONNECT,TDD,DE3B0B093,-71,-2,10,20,0,0,0,0,0,0,100,0,-56,NR N78,24,73394.0,8.75,8930,nan,0,3.17,0.0000
1743424014.2857587,NR5G-SA,CONNECT,TDD,DE3B0B093,-71,-2,11,20,0,0,0,0,0,0,100,0,-56,NR N78,24,83886.0,10.0,10206,nan,0,3.17,0.0000
1743424015.3692474,NR5G-SA,CONNECT,TDD,DE3B0B093,-71,-2,12,20,0,0,0,0,0,0,100,0,-55,NR N78,24,73405.0,8.75,8931,nan,0,3.17,0.0000
1743424016.430656,NR5G-SA,CONNECT,TDD,DE3B0B093,-71,-2,12,20,0,0,0,0,0,0,100,0,-54,NR N78,24,73400.0,8.75,8930,nan,0,3.17,0.0000
1743424017.5039725,NR5G-SA,CONNECT,TDD,DE3B0B093,-71,-2,11,20,0,0,0,0,0,0,100,0,-55,NR N78,24,73401.0,8.75,8930,nan,0,3.17,0.0000
1743424018.590257,NR5G-SA,CONNECT,TDD,DE3B0B093,-71,-2,11,20,0,0,0,0,0,0,100,0,-55,NR N78,24,73390.0,8.75,8929,nan,0,3.17,0.0000
1743424019.6723707,NR5G-SA,CONNECT,TDD,DE3B0B093,-71,-2,11,20,0,0,0,0,0,0,100,0,-56,NR N78,24,73396.0,8.75,8930,nan,0,3.17,0.0000
1743424020.703351,NR5G-SA,CONNECT,TDD,DE3B0B093,-71,-2,10,20,0,0,0,0,0,0,100,0,-55,NR N78,24,83894.0,10.0,10207,nan,0,3.17,0.0000
1743424021.7590756,NR5G-SA,CONNECT,TDD,DE3B0B093,-71,-2,10,20,0,0,0,0,0,0,100,0,-55,NR N78,24,73398.0,8.75,8930,nan,0,3.17,0.0000
1743424022.7916048,NR5G-SA,CONNECT,TDD,DE3B0B093,-71,-2,9,20,0,0,0,0,0,0,100,0,-56,NR N78,24,73400.0,8.75,8930,nan,0,3.17,0.0000
1743424023.8494802,NR5G-SA,CONNECT,TDD,DE3B0B093,-71,-2,9,20,0,0,0,0,0,0,100,0,-55,NR N78,24,73396.0,8.75,8930,nan,0,3.17,0.0000
1743424024.9194303,NR5G-SA,CONNECT,TDD,DE3B0B093,-71,-2,9,20,0,0,0,0,0,0,100,0,-53,NR N78,24,83904.0,10.0,10208,nan,0,3.17,0.0000
1743424026.0275462,NR5G-SA,CONNECT,TDD,DE3B0B093,-71,-2,8,20,0,0,0,0,0,0,100,0,-55,NR N78,22,62914.0,7.5,7655,nan,0,3.17,0.0000
1743424027.0617232,NR5G-SA,CONNECT,TDD,DE3B0B093,-71,-3,8,20,0,0,0,0,0,0,100,0,-54,NR N78,22,73409.0,8.75,8931,nan,0,3.17,0.0000
1743424028.120064,NR5G-SA,CONNECT,TDD,DE3B0B093,-71,-2,8,20,0,0,0,0,0,0,100,0,-56,NR N78,23,62902.0,7.5,7653,nan,0,3.17,0.0000
1743424029.1589162,NR5G-SA,CONNECT,TDD,DE3B0B093,-71,-2,8,20,0,0,0,0,0,0,100,0,-54,NR N78,23,73416.0,8.75,8932,nan,0,3.17,0.0000
1743424030.1977863,NR5G-SA,CONNECT,TDD,DE3B0B093,-71,-2,8,20,0,0,0,0,0,0,100,0,-56,NR N78,23,73403.0,8.75,8931,nan,0,3.17,0.0000
1743424031.2298346,NR5G-SA,CONNECT,TDD,DE3B0B093,-72,-2,8,20,-81,-10,-5,-81,-10,-5,100,0,-55,NR N78,23,62906.0,7.5,7654,nan,0,3.17,0.0000
1743424032.3006,NR5G-SA,CONNECT,TDD,DE3B0B093,-72,-2,8,20,-81,-10,-4,-81,-10,-4,100,0,-57,NR N78,23,73403.0,8.75,8931,nan,0,3.17,0.0000
1743424033.3463175,NR5G-SA,CONNECT,TDD,DE3B0B093,-71,-2,10,20,-86,-18,-1,-86,-18,-1,100,0,-56,NR N78,23,73395.0,8.75,8930,nan,0,3.17,0.0000
1743424034.4238365,NR5G-SA,CONNECT,TDD,DE3B0B093,-71,-2,10,20,-84,-16,0,-84,-16,0,100,0,-56,NR N78,24,73406.0,8.75,8931,nan,0,3.17,0.0000
1743424035.4682279,NR5G-SA,CONNECT,TDD,DE3B0B093,-71,-2,10,20,-83,-15,0,-83,-15,0,100,0,-54,NR N78,24,73402.0,8.75,8931,nan,0,3.17,0.0000
1743424036.5144315,NR5G-SA,CONNECT,TDD,DE3B0B093,-71,-2,10,20,-82,-13,0,-82,-13,0,100,0,-55,NR N78,23,62908.0,7.5,7654,nan,0,3.17,0.0000
1743424037.6294146,NR5G-SA,CONNECT,TDD,DE3B0B093,-71,-2,9,20,-81,-12,0,-81,-12,0,100,0,-55,NR N78,23,62921.0,7.5,7655,nan,0,3.17,0.0000
1743424038.6597888,NR5G-SA,CONNECT,TDD,DE3B0B093,-71,-2,9,20,-81,-12,0,-81,-12,0,100,0,-56,NR N78,22,62911.0,7.5,7654,nan,0,3.17,0.0000
1743424039.7319624,NR5G-SA,CONNECT,TDD,DE3B0B093,-71,-2,9,20,-81,-11,0,-81,-11,0,100,0,-57,NR N78,22,73403.0,8.75,8931,nan,0,3.17,0.0000
1743424040.785605,NR5G-SA,CONNECT,TDD,DE3B0B093,-71,-1,9,20,0,0,0,0,0,0,100,0,-55,NR N78,22,62920.0,7.5,7655,nan,0,3.17,0.0000
1743424041.8438656,NR5G-SA,CONNECT,TDD,DE3B0B093,-72,-2,9,20,-82,-10,-5,-82,-10,-5,100,0,-57,NR N78,23,73385.0,8.75,8929,nan,0,3.17,0.0000
1743424042.8791928,NR5G-SA,CONNECT,TDD,DE3B0B093,-72,-3,10,20,-87,-20,-2,-87,-20,-2,100,0,-55,NR N78,23,73405.0,8.75,8931,nan,0,3.17,0.0000
1743424043.9549918,NR5G-SA,CONNECT,TDD,DE3B0B093,-71,-2,11,20,0,0,0,0,0,0,100,0,-56,NR N78,24,83901.0,10.0,10208,nan,0,3.17,0.0000
1743424045.059739,NR5G-SA,CONNECT,TDD,DE3B0B093,-71,-2,10,20,0,0,0,0,0,0,100,0,-55,NR N78,24,62903.0,7.5,7653,nan,0,3.17,0.0000
1743424046.1197035,NR5G-SA,CONNECT,TDD,DE3B0B093,-71,-2,10,20,0,0,0,0,0,0,100,0,-54,NR N78,24,73411.0,8.75,8932,nan,0,3.17,0.0000
1743424047.174519,NR5G-SA,CONNECT,TDD,DE3B0B093,-70,-2,10,20,0,0,0,0,0,0,100,0,-54,NR N78,24,73390.0,8.75,8929,nan,0,3.17,0.0000
1743424048.2101521,NR5G-SA,CONNECT,TDD,DE3B0B093,-70,-2,10,20,0,0,0,0,0,0,100,0,-56,NR N78,24,83901.0,10.0,10208,nan,0,3.17,0.0000
1743424049.2504432,NR5G-SA,CONNECT,TDD,DE3B0B093,-71,-2,11,20,0,0,0,0,0,0,100,0,-57,NR N78,24,73401.0,8.75,8930,nan,0,3.17,0.0000
1743424050.2898638,NR5G-SA,CONNECT,TDD,DE3B0B093,-71,-2,11,20,0,0,0,0,0,0,100,0,-56,NR N78,24,62906.0,7.5,7654,nan,0,3.17,0.0000
1743424051.3301072,NR5G-SA,CONNECT,TDD,DE3B0B093,-71,-2,11,20,0,0,0,0,0,0,100,0,-57,NR N78,24,73399.0,8.75,8930,nan,0,3.17,0.0000
1743424052.4403102,NR5G-SA,CONNECT,TDD,DE3B0B093,-71,-2,10,20,0,0,0,0,0,0,100,0,-56,NR N78,23,83892.0,10.0,10207,nan,0,3.17,0.0000
1743424053.5327895,NR5G-SA,CONNECT,TDD,DE3B0B093,-71,-2,10,20,0,0,0,0,0,0,100,0,-55,NR N78,23,62911.0,7.5,7654,nan,0,3.17,0.0000
1743424054.5866477,NR5G-SA,CONNECT,TDD,DE3B0B093,-71,-2,11,20,0,0,0,0,0,0,100,0,-56,NR N78,24,83897.0,10.0,10207,nan,0,3.17,0.0000
1743424055.6262865,NR5G-SA,CONNECT,TDD,DE3B0B093,-71,-2,11,20,0,0,0,0,0,0,100,0,-57,NR N78,24,73399.0,8.75,8930,nan,0,3.17,0.0000
1743424056.6677415,NR5G-SA,CONNECT,TDD,DE3B0B093,-71,-2,10,20,0,0,0,0,0,0,100,0,-57,NR N78,23,73401.0,8.75,8930,nan,0,3.17,0.0000
1743424057.7187161,NR5G-SA,CONNECT,TDD,DE3B0B093,-71,-2,8,20,-79,-9,-3,-79,-9,-3,100,0,-58,NR N78,23,73400.0,8.75,8930,nan,0,3.17,0.0000
1743424058.795082,NR5G-SA,CONNECT,TDD,DE3B0B093,-72,-2,8,20,-80,-10,-1,-80,-10,-1,100,0,-57,NR N78,23,73390.0,8.75,8929,nan,0,3.17,0.0000
1743424059.8504379,NR5G-SA,CONNECT,TDD,DE3B0B093,-72,-2,8,20,-81,-11,0,-81,-11,0,100,0,-57,NR N78,24,73404.0,8.75,8931,nan,0,3.17,0.0000
1743424060.9132526,NR5G-SA,CONNECT,TDD,DE3B0B093,-72,-1,9,20,-82,-11,0,-82,-11,0,100,0,-58,NR N78,24,73408.0,8.75,8931,nan,0,3.17,0.0000
1743424061.9971051,NR5G-SA,CONNECT,TDD,DE3B0B093,-72,-1,9,20,-82,-12,0,-82,-12,0,100,0,-55,NR N78,24,73394.0,8.75,8930,nan,0,3.17,0.0000
1743424063.0374265,NR5G-SA,CONNECT,TDD,DE3B0B093,-71,-1,10,20,-83,-12,0,-83,-12,0,100,0,-56,NR N78,24,73407.0,8.75,8931,nan,0,3.17,0.0000
1743424064.0946424,NR5G-SA,CONNECT,TDD,DE3B0B093,-72,-1,10,20,-83,-13,0,-83,-13,0,100,0,-57,NR N78,23,62914.0,7.5,7655,nan,0,3.17,0.0000
1743424065.1789622,NR5G-SA,CONNECT,TDD,DE3B0B093,-71,-2,11,20,-83,-14,0,-83,-14,0,100,0,-56,NR N78,23,62913.0,7.5,7654,nan,0,3.17,0.0000
1743424066.271024,NR5G-SA,CONNECT,TDD,DE3B0B093,-71,-2,12,20,-93,-32,-1,-93,-32,-1,100,0,-58,NR N78,22,73407.0,8.75,8931,nan,0,3.17,0.0000
1743424067.325474,NR5G-SA,CONNECT,TDD,DE3B0B093,-71,-2,11,20,-90,-27,-1,-90,-27,-1,100,0,-57,NR N78,22,73395.0,8.75,8930,nan,0,3.17,0.0000
1743424068.3787327,NR5G-SA,CONNECT,TDD,DE3B0B093,-71,-1,11,20,-86,-20,0,-86,-20,0,100,0,-54,NR N78,24,73401.0,8.75,8930,nan,0,3.17,0.0000
1743424069.420054,NR5G-SA,CONNECT,TDD,DE3B0B093,-71,-3,11,20,-84,-18,0,-84,-18,0,100,0,-51,NR N78,24,83890.0,10.0,10207,nan,0,3.17,0.0000
1743424070.4514115,NR5G-SA,CONNECT,TDD,DE3B0B093,-71,-2,10,21,-83,-15,0,-83,-15,0,100,0,-57,NR N78,25,73391.0,8.75,8929,nan,0,3.17,0.0000
1743424071.5094106,NR5G-SA,CONNECT,TDD,DE3B0B093,-71,-3,11,21,-88,-26,-1,-88,-26,-1,100,0,-54,NR N78,25,83893.0,10.0,10207,nan,0,3.17,0.0000
1743424072.5431015,NR5G-SA,CONNECT,TDD,DE3B0B093,-71,-3,10,21,-85,-19,0,-85,-19,0,100,0,-56,NR N78,24,73405.0,8.75,8931,nan,0,3.17,0.0000
1743424073.5749366,NR5G-SA,CONNECT,TDD,DE3B0B093,-71,-2,11,21,-84,-16,0,-84,-16,0,100,0,-56,NR N78,24,83884.0,10.0,10206,nan,0,3.17,0.0000
1743424074.6434379,NR5G-SA,CONNECT,TDD,DE3B0B093,-71,-2,11,21,-91,-31,-1,-91,-31,-1,100,0,-55,NR N78,24,73405.0,8.75,8931,nan,0,3.17,0.0000
1743424075.6983225,NR5G-SA,CONNECT,TDD,DE3B0B093,-71,-2,11,21,-95,-40,-3,-95,-40,-3,100,0,-56,NR N78,24,73400.0,8.75,8930,nan,0,3.17,0.0000
1743424076.7701578,NR5G-SA,CONNECT,TDD,DE3B0B093,-71,-2,11,21,0,0,0,0,0,0,100,0,-56,NR N78,24,73396.0,8.75,8930,nan,0,3.17,0.0000
1743424077.8316495,NR5G-SA,CONNECT,TDD,DE3B0B093,-72,-3,10,21,0,0,0,0,0,0,100,0,-53,NR N78,24,83884.0,10.0,10206,nan,0,3.17,0.0000
1743424078.8661687,NR5G-SA,CONNECT,TDD,DE3B0B093,-71,-2,10,20,0,0,0,0,0,0,100,0,-56,NR N78,24,73408.0,8.75,8931,nan,0,3.17,0.0000
1743424079.9097378,NR5G-SA,CONNECT,TDD,DE3B0B093,-71,-2,11,20,0,0,0,0,0,0,100,0,-56,NR N78,21,41932.0,5.0,5102,nan,0,3.17,0.0000
1743424080.947513,NR5G-SA,CONNECT,TDD,DE3B0B093,-71,-2,11,20,0,0,0,0,0,0,100,0,-58,NR N78,21,62924.0,7.5,7656,nan,0,3.17,0.0000
1743424081.9881072,NR5G-SA,CONNECT,TDD,DE3B0B093,-73,-2,8,20,-81,-5,0,-81,-5,0,100,0,-58,NR N78,24,83885.0,10.0,10206,nan,0,3.17,0.0000
1743424083.0625288,NR5G-SA,CONNECT,TDD,DE3B0B093,-75,-3,6,20,-81,-6,-2,-81,-6,-2,100,0,-61,NR N78,24,62918.0,7.5,7655,nan,0,3.17,0.0000
1743424084.1291265,NR5G-SA,CONNECT,TDD,DE3B0B093,-75,-3,8,20,-82,-7,-1,-82,-7,-1,100,0,-60,NR N78,23,83891.0,10.0,10207,nan,0,3.17,0.0000
1743424085.1857243,NR5G-SA,CONNECT,TDD,DE3B0B093,-75,-3,8,20,-82,-8,-1,-82,-8,-1,100,0,-59,NR N78,23,73406.0,8.75,8931,nan,0,3.17,0.0000
1743424086.2236776,NR5G-SA,CONNECT,TDD,DE3B0B093,-74,-3,8,20,-81,-8,0,-81,-8,0,100,0,-59,NR N78,24,73393.0,8.75,8929,nan,0,3.17,0.0000
1743424087.2687163,NR5G-SA,CONNECT,TDD,DE3B0B093,-74,-4,9,20,-81,-7,2,-81,-7,2,100,0,-58,NR N78,24,73409.0,8.75,8931,nan,0,3.17,0.0000
1743424088.3375514,NR5G-SA,CONNECT,TDD,DE3B0B093,-73,-3,10,20,-81,-6,3,-81,-6,3,100,0,-57,NR N78,24,83885.0,10.0,10206,nan,0,3.17,0.0000
1743424089.3877478,NR5G-SA,CONNECT,TDD,DE3B0B093,-73,-2,11,20,-82,-5,3,-82,-5,3,100,0,-58,NR N78,24,73391.0,8.75,8929,nan,0,3.17,0.0000
1743424090.4532647,NR5G-SA,CONNECT,TDD,DE3B0B093,-73,-2,10,20,-82,-5,3,-82,-5,3,100,0,-59,NR N78,24,73403.0,8.75,8931,nan,0,3.17,0.0000
1743424091.4837217,NR5G-SA,CONNECT,TDD,DE3B0B093,-73,-2,10,20,-83,-6,3,-83,-6,3,100,0,-58,NR N78,24,73406.0,8.75,8931,nan,0,3.17,0.0000
1743424093.5698152,NR5G-SA,CONNECT,TDD,DE3B0B093,-74,-2,11,20,-84,-6,3,-84,-6,3,100,0,-57,NR N78,24,62914.0,7.5,7655,nan,0,3.17,0.0000
1743424094.6241493,NR5G-SA,CONNECT,TDD,DE3B0B093,-74,-3,11,20,-83,-7,2,-83,-7,2,100,0,-56,NR N78,23,73399.0,8.75,8930,nan,0,3.17,0.0000
1743424095.6943023,NR5G-SA,CONNECT,TDD,DE3B0B093,-74,-3,10,20,-83,-7,2,-83,-7,2,100,0,-60,NR N78,23,73398.0,8.75,8930,nan,0,3.17,0.0000
1743424096.7353928,NR5G-SA,CONNECT,TDD,DE3B0B093,-75,-3,9,20,-81,-5,3,-81,-5,3,100,0,-57,NR N78,24,83898.0,10.0,10208,nan,0,3.17,0.0000
1743424097.8212821,NR5G-SA,CONNECT,TDD,DE3B0B093,-75,-4,9,20,-82,-8,0,-82,-8,0,100,0,-60,NR N78,24,62902.0,7.5,7653,nan,0,3.17,0.0000
1743424098.8556626,NR5G-SA,CONNECT,TDD,DE3B0B093,-75,-3,9,21,-82,-6,-3,-82,-6,-3,100,0,-59,NR N78,24,73404.0,8.75,8931,nan,0,3.17,0.0000
1743424099.934391,NR5G-SA,CONNECT,TDD,DE3B0B093,-75,-3,9,21,-83,-8,-2,-83,-8,-2,100,0,-60,NR N78,24,83898.0,10.0,10208,nan,0,3.17,0.0000
1743424101.0092907,NR5G-SA,CONNECT,TDD,DE3B0B093,-76,-3,8,21,-83,-7,0,-83,-7,0,100,0,-61,NR N78,24,73399.0,8.75,8930,nan,0,3.17,0.0000
1743424102.0520697,NR5G-SA,CONNECT,TDD,DE3B0B093,-76,-3,7,21,-83,-7,0,-83,-7,0,100,0,-62,NR N78,24,83895.0,10.0,10207,nan,0,3.17,0.0000
1743424103.0963633,NR5G-SA,CONNECT,TDD,DE3B0B093,-75,-2,6,21,-82,-8,-3,-82,-8,-3,100,0,-57,NR N78,24,73384.0,8.75,8928,nan,0,3.17,0.0000
1743424104.1346025,NR5G-SA,CONNECT,TDD,DE3B0B093,-74,-3,6,21,-79,-9,-4,-79,-9,-4,100,0,-56,NR N78,25,83892.0,10.0,10207,nan,0,3.17,0.0000
1743424105.168215,NR5G-SA,CONNECT,TDD,DE3B0B093,-75,-3,5,21,-80,-7,-2,-80,-7,-2,100,0,-59,NR N78,25,73409.0,8.75,8931,nan,0,3.17,0.0000
1743424106.2128532,NR5G-SA,CONNECT,TDD,DE3B0B093,-75,-4,4,21,-79,-6,-1,-79,-6,-1,100,0,-58,NR N78,24,73395.0,8.75,8930,nan,0,3.17,0.0000
1743424107.2789145,NR5G-SA,CONNECT,TDD,DE3B0B093,-75,-3,4,21,-80,-6,-2,-80,-6,-2,100,0,-58,NR N78,24,83889.0,10.0,10206,nan,0,3.17,0.0000
1743424108.3596475,NR5G-SA,CONNECT,TDD,DE3B0B093,-74,-3,5,21,-80,-7,-2,-80,-7,-2,100,0,-56,NR N78,24,73393.0,8.75,8929,nan,0,3.17,0.0000
1743424109.4061809,NR5G-SA,CONNECT,TDD,DE3B0B093,-73,-3,6,21,-80,-8,-3,-80,-8,-3,100,0,-57,NR N78,24,83892.0,10.0,10207,nan,0,3.17,0.0000
1743424110.476566,NR5G-SA,CONNECT,TDD,DE3B0B093,-73,-2,7,21,-80,-6,-2,-80,-6,-2,100,0,-58,NR N78,24,73397.0,8.75,8930,nan,0,3.17,0.0000
1743424111.5162194,NR5G-SA,CONNECT,TDD,DE3B0B093,-73,-2,8,21,-81,-6,-1,-81,-6,-1,100,0,-58,NR N78,24,73400.0,8.75,8930,nan,0,3.17,0.0000
1743424112.5971794,NR5G-SA,CONNECT,TDD,DE3B0B093,-73,-2,9,21,-80,-4,1,-80,-4,1,100,0,-59,NR N78,24,83840.0,10.0,10201,nan,0,3.17,0.0000
1743424113.630112,NR5G-SA,CONNECT,TDD,DE3B0B093,-74,-2,8,21,-80,-5,0,-80,-5,0,100,0,-58,NR N78,24,73439.0,8.75,8935,nan,0,3.17,0.0000
1743424114.7068503,NR5G-SA,CONNECT,TDD,DE3B0B093,-73,-2,8,20,-79,-5,-1,-79,-5,-1,100,0,-57,NR N78,25,73402.0,8.75,8931,nan,0,3.17,0.0000
1743424115.7951076,NR5G-SA,CONNECT,TDD,DE3B0B093,-73,-2,7,20,-79,-5,-1,-79,-5,-1,100,0,-57,NR N78,25,83888.0,10.0,10206,nan,0,3.17,0.0000
1743424116.8281167,NR5G-SA,CONNECT,TDD,DE3B0B093,-74,-3,7,20,-79,-5,0,-79,-5,0,100,0,-57,NR N78,25,83892.0,10.0,10207,nan,0,3.17,0.0000
1743424117.8897364,NR5G-SA,CONNECT,TDD,DE3B0B093,-74,-3,7,20,-79,-5,0,-79,-5,0,100,0,-59,NR N78,26,83878.0,10.0,10205,nan,0,3.17,0.0000
1743424118.9317045,NR5G-SA,CONNECT,TDD,DE3B0B093,-74,-2,7,20,-79,-5,0,-79,-5,0,100,0,-58,NR N78,26,83884.0,10.0,10206,nan,0,3.17,0.0000
1743424119.9788477,NR5G-SA,CONNECT,TDD,DE3B0B093,-74,-3,7,20,-80,-6,-1,-80,-6,-1,100,0,-57,NR N78,25,83893.0,10.0,10207,nan,0,3.17,0.0000
1743424121.0165668,NR5G-SA,CONNECT,TDD,DE3B0B093,-74,-2,7,20,-80,-6,-1,-80,-6,-1,100,0,-59,NR N78,25,73394.0,8.75,8930,nan,0,3.17,0.0000
1743424122.052119,NR5G-SA,CONNECT,TDD,DE3B0B093,-74,-2,6,20,-80,-6,-2,-80,-6,-2,100,0,-58,NR N78,25,83884.0,10.0,10206,nan,0,3.17,0.0000
1743424123.0954015,NR5G-SA,CONNECT,TDD,DE3B0B093,-74,-2,7,20,-80,-5,-1,-80,-5,-1,100,0,-58,NR N78,25,83891.0,10.0,10207,nan,0,3.17,0.0000
1743424124.1276665,NR5G-SA,CONNECT,TDD,DE3B0B093,-74,-2,8,20,-80,-6,-1,-80,-6,-1,100,0,-57,NR N78,25,83884.0,10.0,10206,nan,0,3.17,0.0000
1743424125.2215636,NR5G-SA,CONNECT,TDD,DE3B0B093,-74,-2,8,20,-80,-6,2,-80,-6,2,100,0,-58,NR N78,25,73389.0,8.75,8929,nan,0,3.17,0.0000
1743424126.2505283,NR5G-SA,CONNECT,TDD,DE3B0B093,-74,-3,9,20,-80,-7,3,-80,-7,3,100,0,-55,NR N78,26,94388.0,11.2,11484,nan,0,3.17,0.0000
1743424127.3381937,NR5G-SA,CONNECT,TDD,DE3B0B093,-74,-3,8,20,0,0,0,0,0,0,100,0,-59,NR N78,26,83877.0,10.0,10205,nan,0,3.17,0.0000
1743424128.4001412,NR5G-SA,CONNECT,TDD,DE3B0B093,-74,-3,8,20,0,0,0,0,0,0,100,0,-57,NR N78,25,73403.0,8.75,8931,nan,0,3.17,0.0000
1743424129.486081,NR5G-SA,CONNECT,TDD,DE3B0B093,-74,-3,8,20,0,0,0,0,0,0,100,0,-55,NR N78,25,83886.0,10.0,10206,nan,0,3.17,0.0000
1743424130.5328228,NR5G-SA,CONNECT,TDD,DE3B0B093,-73,-3,9,20,0,0,0,0,0,0,100,0,-57,NR N78,26,83882.0,10.0,10206,nan,0,3.17,0.0000
1743424131.5768504,NR5G-SA,CONNECT,TDD,DE3B0B093,-74,-2,9,20,-81,-5,5,-81,-5,5,100,0,-60,NR N78,26,83888.0,10.0,10206,nan,0,3.17,0.0000
1743424132.628783,NR5G-SA,CONNECT,TDD,DE3B0B093,-74,-2,9,20,-81,-6,4,-81,-6,4,100,0,-57,NR N78,25,83896.0,10.0,10207,nan,0,3.17,0.0000
1743424133.7183137,NR5G-SA,CONNECT,TDD,DE3B0B093,-74,-2,9,20,-81,-6,4,-81,-6,4,100,0,-59,NR N78,25,83875.0,10.0,10205,nan,0,3.17,0.0000
1743424134.792102,NR5G-SA,CONNECT,TDD,DE3B0B093,-73,-3,9,20,-80,-7,2,-80,-7,2,100,0,-55,NR N78,25,83897.0,10.0,10207,nan,0,3.17,0.0000
1743424135.8937936,NR5G-SA,CONNECT,TDD,DE3B0B093,-73,-3,9,20,-80,-7,1,-80,-7,1,100,0,-58,NR N78,25,73391.0,8.75,8929,nan,0,3.17,0.0000
1743424136.9374754,NR5G-SA,CONNECT,TDD,DE3B0B093,-73,-3,9,20,-80,-7,1,-80,-7,1,100,0,-58,NR N78,25,83883.0,10.0,10206,nan,0,3.17,0.0000
1743424137.9721966,NR5G-SA,CONNECT,TDD,DE3B0B093,-73,-3,10,20,-80,-7,2,-80,-7,2,100,0,-59,NR N78,26,94389.0,11.2,11484,nan,0,3.17,0.0000
1743424139.026974,NR5G-SA,CONNECT,TDD,DE3B0B093,-73,-2,10,20,-80,-7,1,-80,-7,1,100,0,-56,NR N78,26,83896.0,10.0,10207,nan,0,3.17,0.0000
1743424140.086801,NR5G-SA,CONNECT,TDD,DE3B0B093,-73,-2,10,20,-79,-7,3,-79,-7,3,100,0,-57,NR N78,25,73390.0,8.75,8929,nan,0,3.17,0.0000
1743424141.164834,NR5G-SA,CONNECT,TDD,DE3B0B093,-73,-2,10,20,-79,-6,2,-79,-6,2,100,0,-54,NR N78,25,83887.0,10.0,10206,nan,0,3.17,0.0000
1743424142.1950681,NR5G-SA,CONNECT,TDD,DE3B0B093,-73,-2,10,20,-79,-6,2,-79,-6,2,100,0,-57,NR N78,25,83895.0,10.0,10207,nan,0,3.17,0.0000
1743424143.247127,NR5G-SA,CONNECT,TDD,DE3B0B093,-73,-2,10,20,-79,-6,4,-79,-6,4,100,0,-58,NR N78,25,83875.0,10.0,10205,nan,0,3.17,0.0000
1743424144.3164377,NR5G-SA,CONNECT,TDD,DE3B0B093,-73,-1,10,20,-80,-6,2,-80,-6,2,100,0,-59,NR N78,26,94373.0,11.2,11482,nan,0,3.17,0.0000
1743424145.383087,NR5G-SA,CONNECT,TDD,DE3B0B093,-73,-2,9,20,-80,-6,1,-80,-6,1,100,0,-58,NR N78,26,83876.0,10.0,10205,nan,0,3.17,0.0000
1743424146.4185514,NR5G-SA,CONNECT,TDD,DE3B0B093,-73,-3,9,20,-79,-6,0,-79,-6,0,100,0,-57,NR N78,26,83886.0,10.0,10206,nan,0,3.17,0.0000
1743424147.4596326,NR5G-SA,CONNECT,TDD,DE3B0B093,-74,-4,9,20,-79,-7,0,-79,-7,0,100,0,-54,NR N78,26,94393.0,11.2,11484,nan,0,3.17,0.0000
1743424148.5454266,NR5G-SA,CONNECT,TDD,DE3B0B093,-74,-3,9,20,-79,-6,-1,-79,-6,-1,100,0,-58,NR N78,26,73389.0,8.75,8929,nan,0,3.17,0.0000
1743424149.6424627,NR5G-SA,CONNECT,TDD,DE3B0B093,-74,-3,9,20,-80,-6,-1,-80,-6,-1,100,0,-54,NR N78,26,83895.0,10.0,10207,nan,0,3.17,0.0000
1743424150.7090113,NR5G-SA,CONNECT,TDD,DE3B0B093,-74,-3,10,20,-80,-7,1,-80,-7,1,100,0,-54,NR N78,25,94369.0,11.2,11482,nan,0,3.17,0.0000
1743424151.7896755,NR5G-SA,CONNECT,TDD,DE3B0B093,-74,-4,9,20,-80,-7,0,-80,-7,0,100,0,-57,NR N78,26,83883.0,10.0,10206,nan,0,3.17,0.0000
1743424152.8801677,NR5G-SA,CONNECT,TDD,DE3B0B093,-74,-3,9,20,-81,-7,1,-81,-7,1,100,0,-58,NR N78,26,83894.0,10.0,10207,nan,0,3.17,0.0000
1743424153.9531746,NR5G-SA,CONNECT,TDD,DE3B0B093,-75,-3,9,20,-81,-7,1,-81,-7,1,100,0,-58,NR N78,25,83883.0,10.0,10206,nan,0,3.17,0.0000
1743424155.0508783,NR5G-SA,CONNECT,TDD,DE3B0B093,-75,-3,10,20,-81,-6,1,-81,-6,1,100,0,-57,NR N78,25,62909.0,7.5,7654,nan,0,3.17,0.0000
1743424156.096284,NR5G-SA,CONNECT,TDD,DE3B0B093,-74,-3,11,20,-81,-6,2,-81,-6,2,100,0,-58,NR N78,23,83893.0,10.0,10207,nan,0,3.17,0.0000
1743424157.1441503,NR5G-SA,CONNECT,TDD,DE3B0B093,-74,-3,11,20,-82,-7,3,-82,-7,3,100,0,-57,NR N78,23,73388.0,8.75,8929,nan,0,3.17,0.0000
1743424158.210828,NR5G-SA,CONNECT,TDD,DE3B0B093,-74,-3,10,20,-82,-8,1,-82,-8,1,100,0,-57,NR N78,24,73402.0,8.75,8931,nan,0,3.17,0.0000
1743424159.3049734,NR5G-SA,CONNECT,TDD,DE3B0B093,-74,-3,10,20,-81,-8,1,-81,-8,1,100,0,-57,NR N78,24,73393.0,8.75,8929,nan,0,3.17,0.0000
1743424160.3825285,NR5G-SA,CONNECT,TDD,DE3B0B093,-74,-4,10,20,-81,-7,1,-81,-7,1,100,0,-56,NR N78,24,83906.0,10.0,10209,nan,0,3.17,0.0000
1743424161.4489179,NR5G-SA,CONNECT,TDD,DE3B0B093,-75,-4,9,20,-80,-6,0,-80,-6,0,100,0,-57,NR N78,24,83875.0,10.0,10205,nan,0,3.17,0.0000
1743424162.5066187,NR5G-SA,CONNECT,TDD,DE3B0B093,-75,-4,9,21,-79,-6,1,-79,-6,1,100,0,-58,NR N78,25,83897.0,10.0,10207,nan,0,3.17,0.0000
1743424163.5899556,NR5G-SA,CONNECT,TDD,DE3B0B093,-74,-4,9,21,-78,-5,1,-78,-5,1,100,0,-58,NR N78,25,73395.0,8.75,8930,nan,0,3.17,0.0000
1743424164.6631508,NR5G-SA,CONNECT,TDD,DE3B0B093,-74,-3,8,21,-79,-5,1,-79,-5,1,100,0,-57,NR N78,25,83890.0,10.0,10207,nan,0,3.17,0.0000
1743424165.7390037,NR5G-SA,CONNECT,TDD,DE3B0B093,-74,-3,9,21,-79,-5,2,-79,-5,2,100,0,-54,NR N78,25,73395.0,8.75,8930,nan,0,3.17,0.0000
1743424166.794477,NR5G-SA,CONNECT,TDD,DE3B0B093,-74,-4,9,20,-79,-5,3,-79,-5,3,100,0,-57,NR N78,24,83878.0,10.0,10205,nan,0,3.17,0.0000
1743424167.8634317,NR5G-SA,CONNECT,TDD,DE3B0B093,-74,-4,9,20,-78,-4,4,-78,-4,4,100,0,-57,NR N78,25,83896.0,10.0,10207,nan,0,3.17,0.0000
1743424168.9327404,NR5G-SA,CONNECT,TDD,DE3B0B093,-74,-4,9,20,-78,-4,3,-78,-4,3,100,0,-59,NR N78,25,83885.0,10.0,10206,nan,0,3.17,0.0000
1743424169.978711,NR5G-SA,CONNECT,TDD,DE3B0B093,-74,-4,9,20,-78,-4,2,-78,-4,2,100,0,-60,NR N78,25,83882.0,10.0,10206,nan,0,3.17,0.0000
1743424171.0439756,NR5G-SA,CONNECT,TDD,DE3B0B093,-75,-3,8,20,-78,-3,3,-78,-3,3,100,0,-56,NR N78,25,83888.0,10.0,10206,nan,0,3.17,0.0000
1743424172.0775614,NR5G-SA,CONNECT,TDD,DE3B0B093,-75,-4,8,20,-78,-3,3,-78,-3,3,100,0,-56,NR N78,25,83876.0,10.0,10205,nan,0,3.17,0.0000
1743424173.1113946,NR5G-SA,CONNECT,TDD,DE3B0B093,-75,-3,8,20,-78,-3,4,-78,-3,4,100,0,-59,NR N78,25,83879.0,10.0,10205,nan,0,3.17,0.0000
1743424174.149306,NR5G-SA,CONNECT,TDD,DE3B0B093,-75,-3,8,20,-78,-3,4,-78,-3,4,100,0,-57,NR N78,25,83902.0,10.0,10208,nan,0,3.17,0.0000
1743424175.2189062,NR5G-SA,CONNECT,TDD,DE3B0B093,-74,-3,8,20,-78,-2,4,-78,-2,4,100,0,-58,NR N78,25,73388.0,8.75,8929,nan,0,3.17,0.0000
1743424176.2734807,NR5G-SA,CONNECT,TDD,DE3B0B093,-74,-3,10,20,-78,-3,4,-78,-3,4,100,0,-56,NR N78,25,83881.0,10.0,10206,nan,0,3.17,0.0000
1743424177.3236756,NR5G-SA,CONNECT,TDD,DE3B0B093,-74,-3,10,20,-78,-3,4,-78,-3,4,100,0,-58,NR N78,25,83896.0,10.0,10207,nan,0,3.17,0.0000
1743424178.3592887,NR5G-SA,CONNECT,TDD,DE3B0B093,-74,-3,10,20,-79,-3,4,-79,-3,4,100,0,-58,NR N78,26,83881.0,10.0,10206,nan,0,3.17,0.0000
1743424179.4091227,NR5G-SA,CONNECT,TDD,DE3B0B093,-74,-2,10,20,-79,-3,3,-79,-3,3,100,0,-57,NR N78,26,83892.0,10.0,10207,nan,0,3.17,0.0000
1743424180.491994,NR5G-SA,CONNECT,TDD,DE3B0B093,-73,-3,10,20,-79,-4,2,-79,-4,2,100,0,-58,NR N78,26,94380.0,11.2,11483,nan,0,3.17,0.0000
1743424181.5254905,NR5G-SA,CONNECT,TDD,DE3B0B093,-74,-3,8,20,-78,-4,2,-78,-4,2,100,0,-59,NR N78,26,83871.0,10.0,10204,nan,0,3.17,0.0000
1743424182.6242995,NR5G-SA,CONNECT,TDD,DE3B0B093,-75,-3,7,20,-77,-3,1,-77,-3,1,100,0,-60,NR N78,26,94379.0,11.2,11483,nan,0,3.17,0.0000
1743424183.6932805,NR5G-SA,CONNECT,TDD,DE3B0B093,-75,-3,8,20,-78,-4,1,-78,-4,1,100,0,-58,NR N78,26,83888.0,10.0,10206,nan,0,3.17,0.0000
1743424184.7962973,NR5G-SA,CONNECT,TDD,DE3B0B093,-75,-3,8,20,-78,-4,1,-78,-4,1,100,0,-56,NR N78,25,73398.0,8.75,8930,nan,0,3.17,0.0000
1743424185.8783097,NR5G-SA,CONNECT,TDD,DE3B0B093,-75,-4,8,20,-77,-4,1,-77,-4,1,100,0,-57,NR N78,24,73407.0,8.75,8931,nan,0,3.17,0.0000
1743424186.9516492,NR5G-SA,CONNECT,TDD,DE3B0B093,-74,-3,9,20,-76,-4,0,-76,-4,0,100,0,-58,NR N78,24,83888.0,10.0,10206,nan,0,3.17,0.0000
1743424188.0153155,NR5G-SA,CONNECT,TDD,DE3B0B093,-74,-4,8,21,-76,-4,0,-76,-4,0,100,0,-59,NR N78,25,73391.0,8.75,8929,nan,0,3.17,0.0000
1743424189.085131,NR5G-SA,CONNECT,TDD,DE3B0B093,-74,-4,8,21,-77,-4,0,-77,-4,0,100,0,-56,NR N78,25,83880.0,10.0,10205,nan,0,3.17,0.0000
1743424190.1694326,NR5G-SA,CONNECT,TDD,DE3B0B093,-74,-3,8,20,-77,-3,1,-77,-3,1,100,0,-59,NR N78,25,73407.0,8.75,8931,nan,0,3.17,0.0000
1743424191.242706,NR5G-SA,CONNECT,TDD,DE3B0B093,-74,-3,9,20,-78,-4,1,-78,-4,1,100,0,-55,NR N78,25,62907.0,7.5,7654,nan,0,3.17,0.0000
1743424192.311361,NR5G-SA,CONNECT,TDD,DE3B0B093,-73,-3,10,20,-78,-4,1,-78,-4,1,100,0,-55,NR N78,23,73411.0,8.75,8932,nan,0,3.17,0.0000
1743424193.3578901,NR5G-SA,CONNECT,TDD,DE3B0B093,-73,-3,11,20,-78,-4,1,-78,-4,1,100,0,-56,NR N78,23,73395.0,8.75,8930,nan,0,3.17,0.0000
1743424194.427994,NR5G-SA,CONNECT,TDD,DE3B0B093,-74,-3,10,20,-78,-3,2,-78,-3,2,100,0,-56,NR N78,24,73399.0,8.75,8930,nan,0,3.17,0.0000
1743424195.503836,NR5G-SA,CONNECT,TDD,DE3B0B093,-73,-3,11,20,-78,-4,2,-78,-4,2,100,0,-53,NR N78,24,83894.0,10.0,10207,nan,0,3.17,0.0000
1743424196.5414996,NR5G-SA,CONNECT,TDD,DE3B0B093,-73,-3,11,20,-78,-4,2,-78,-4,2,100,0,-55,NR N78,24,73392.0,8.75,8929,nan,0,3.17,0.0000
1743424197.5996766,NR5G-SA,CONNECT,TDD,DE3B0B093,-74,-3,11,20,-78,-4,1,-78,-4,1,100,0,-58,NR N78,24,83887.0,10.0,10206,nan,0,3.17,0.0000
1743424198.640815,NR5G-SA,CONNECT,TDD,DE3B0B093,-75,-3,10,20,-77,-3,3,-77,-3,3,100,0,-57,NR N78,25,73398.0,8.75,8930,nan,0,3.17,0.0000
1743424199.722847,NR5G-SA,CONNECT,TDD,DE3B0B093,-74,-3,11,20,-77,-3,2,-77,-3,2,100,0,-57,NR N78,25,73397.0,8.75,8930,nan,0,3.17,0.0000
1743424200.7825632,NR5G-SA,CONNECT,TDD,DE3B0B093,-74,-3,12,20,-77,-3,1,-77,-3,1,100,0,-59,NR N78,24,83901.0,10.0,10208,nan,0,3.17,0.0000
1743424201.863865,NR5G-SA,CONNECT,TDD,DE3B0B093,-74,-3,13,20,-78,-5,1,-78,-5,1,100,0,-58,NR N78,25,73397.0,8.75,8930,nan,0,3.17,0.0000
1743424202.9088655,NR5G-SA,CONNECT,TDD,DE3B0B093,-74,-2,13,20,-78,-4,3,-78,-4,3,100,0,-60,NR N78,25,83880.0,10.0,10205,nan,0,3.17,0.0000
1743424203.952981,NR5G-SA,CONNECT,TDD,DE3B0B093,-74,-3,12,20,-78,-5,2,-78,-5,2,100,0,-59,NR N78,25,83891.0,10.0,10207,nan,0,3.17,0.0000
1743424204.989909,NR5G-SA,CONNECT,TDD,DE3B0B093,-74,-3,12,20,-78,-4,2,-78,-4,2,100,0,-60,NR N78,25,83890.0,10.0,10207,nan,0,3.17,0.0000
1743424206.0231345,NR5G-SA,CONNECT,TDD,DE3B0B093,-74,-3,12,20,-78,-5,1,-78,-5,1,100,0,-58,NR N78,25,94371.0,11.2,11482,nan,0,3.17,0.0000
1743424207.0703719,NR5G-SA,CONNECT,TDD,DE3B0B093,-74,-3,12,20,-78,-5,1,-78,-5,1,100,0,-57,NR N78,25,83890.0,10.0,10207,nan,0,3.17,0.0000
1743424208.1578653,NR5G-SA,CONNECT,TDD,DE3B0B093,-74,-4,12,20,-78,-5,2,-78,-5,2,100,0,-56,NR N78,25,73397.0,8.75,8930,nan,0,3.17,0.0000
1743424209.2464364,NR5G-SA,CONNECT,TDD,DE3B0B093,-74,-4,12,20,-78,-5,4,-78,-5,4,100,0,-57,NR N78,25,94372.0,11.2,11482,nan,0,3.17,0.0000
1743424210.336624,NR5G-SA,CONNECT,TDD,DE3B0B093,-74,-4,12,20,-78,-5,4,-78,-5,4,100,0,-57,NR N78,25,83890.0,10.0,10207,nan,0,3.17,0.0000
1743424211.3795297,NR5G-SA,CONNECT,TDD,DE3B0B093,-74,-4,13,20,-78,-5,4,-78,-5,4,100,0,-57,NR N78,25,83886.0,10.0,10206,nan,0,3.17,0.0000
1743424212.4390903,NR5G-SA,CONNECT,TDD,DE3B0B093,-74,-3,13,20,-78,-5,5,-78,-5,5,100,0,-57,NR N78,25,83892.0,10.0,10207,nan,0,3.17,0.0000
1743424213.4999778,NR5G-SA,CONNECT,TDD,DE3B0B093,-74,-3,13,20,-79,-5,5,-79,-5,5,100,0,-55,NR N78,25,83877.0,10.0,10205,nan,0,3.17,0.0000
1743424214.5748382,NR5G-SA,CONNECT,TDD,DE3B0B093,-74,-3,13,20,-78,-5,3,-78,-5,3,100,0,-58,NR N78,25,83888.0,10.0,10206,nan,0,3.17,0.0000
1743424215.6667423,NR5G-SA,CONNECT,TDD,DE3B0B093,-74,-3,13,20,-78,-5,4,-78,-5,4,100,0,-57,NR N78,25,83892.0,10.0,10207,nan,0,3.17,0.0000
1743424216.7288318,NR5G-SA,CONNECT,TDD,DE3B0B093,-74,-4,13,20,-78,-5,3,-78,-5,3,100,0,-57,NR N78,26,83884.0,10.0,10206,nan,0,3.17,0.0000
1743424217.788887,NR5G-SA,CONNECT,TDD,DE3B0B093,-74,-4,13,20,-78,-5,2,-78,-5,2,100,0,-56,NR N78,26,83878.0,10.0,10205,nan,0,3.17,0.0000
1743424218.8414154,NR5G-SA,CONNECT,TDD,DE3B0B093,-74,-3,13,20,-78,-5,4,-78,-5,4,100,0,-58,NR N78,26,94374.0,11.2,11482,nan,0,3.17,0.0000
1743424219.8938582,NR5G-SA,CONNECT,TDD,DE3B0B093,-74,-3,14,20,-79,-5,5,-79,-5,5,100,0,-59,NR N78,25,83885.0,10.0,10206,nan,0,3.17,0.0000
1743424220.9302979,NR5G-SA,CONNECT,TDD,DE3B0B093,-75,-3,13,20,-79,-5,5,-79,-5,5,100,0,-58,NR N78,25,73407.0,8.75,8931,nan,0,3.17,0.0000
1743424221.9987552,NR5G-SA,CONNECT,TDD,DE3B0B093,-75,-4,13,20,-79,-5,5,-79,-5,5,100,0,-58,NR N78,26,94386.0,11.2,11484,nan,0,3.17,0.0000
1743424223.108486,NR5G-SA,CONNECT,TDD,DE3B0B093,-75,-3,13,20,-79,-5,5,-79,-5,5,100,0,-60,NR N78,26,83881.0,10.0,10206,nan,0,3.17,0.0000
1743424224.1759734,NR5G-SA,CONNECT,TDD,DE3B0B093,-74,-3,13,20,-78,-4,3,-78,-4,3,100,0,-58,NR N78,26,83884.0,10.0,10206,nan,0,3.17,0.0000
1743424225.258639,NR5G-SA,CONNECT,TDD,DE3B0B093,-75,-3,8,20,-78,-5,1,-78,-5,1,100,0,-59,NR N78,26,94376.0,11.2,11482,nan,0,3.17,0.0000
1743424226.3527334,NR5G-SA,CONNECT,TDD,DE3B0B093,-76,-4,6,20,-78,-5,0,-78,-5,0,100,0,-59,NR N78,26,83889.0,10.0,10206,nan,0,3.17,0.0000
1743424227.42535,NR5G-SA,CONNECT,TDD,DE3B0B093,-76,-3,6,20,-78,-5,0,-78,-5,0,100,0,-60,NR N78,26,83880.0,10.0,10205,nan,0,3.17,0.0000
1743424228.4845502,NR5G-SA,CONNECT,TDD,DE3B0B093,-75,-3,7,20,-78,-5,0,-78,-5,0,100,0,-60,NR N78,26,83892.0,10.0,10207,nan,0,3.17,0.0000
1743424229.549506,NR5G-SA,CONNECT,TDD,DE3B0B093,-75,-3,8,20,-78,-5,0,-78,-5,0,100,0,-60,NR N78,26,83886.0,10.0,10206,nan,0,3.17,0.0000
1743424230.6092033,NR5G-SA,CONNECT,TDD,DE3B0B093,-75,-3,9,20,-78,-6,-1,-78,-6,-1,100,0,-59,NR N78,25,73398.0,8.75,8930,nan,0,3.17,0.0000
1743424231.646143,NR5G-SA,CONNECT,TDD,DE3B0B093,-75,-3,8,20,-78,-5,0,-78,-5,0,100,0,-58,NR N78,25,94367.0,11.2,11481,nan,0,3.17,0.0000
1743424232.6992614,NR5G-SA,CONNECT,TDD,DE3B0B093,-74,-4,9,20,-78,-6,0,-78,-6,0,100,0,-57,NR N78,26,83876.0,10.0,10205,nan,0,3.17,0.0000
1743424233.743946,NR5G-SA,CONNECT,TDD,DE3B0B093,-74,-3,11,20,-78,-5,1,-78,-5,1,100,0,-59,NR N78,26,94382.0,11.2,11483,nan,0,3.17,0.0000
1743424234.804815,NR5G-SA,CONNECT,TDD,DE3B0B093,-75,-3,9,20,-77,-5,0,-77,-5,0,100,0,-58,NR N78,26,83895.0,10.0,10207,nan,0,3.17,0.0000
1743424235.8792498,NR5G-SA,CONNECT,TDD,DE3B0B093,-75,-3,9,20,-77,-4,0,-77,-4,0,100,0,-59,NR N78,26,94246.0,11.2,11467,nan,0,3.17,0.0000
1743424236.949456,NR5G-SA,CONNECT,TDD,DE3B0B093,-74,-2,8,20,-77,-4,1,-77,-4,1,100,0,-58,NR N78,26,83987.0,10.0,10218,nan,0,3.17,0.0000
1743424238.0082486,NR5G-SA,CONNECT,TDD,DE3B0B093,-74,-2,9,20,-77,-4,0,-77,-4,0,100,0,-58,NR N78,26,94378.0,11.2,11483,nan,0,3.17,0.0000
1743424239.0681584,NR5G-SA,CONNECT,TDD,DE3B0B093,-73,-3,9,20,-78,-4,0,-78,-4,0,100,0,-57,NR N78,26,94147.0,11.2,11455,nan,0,3.17,0.0000
1743424240.1307437,NR5G-SA,CONNECT,TDD,DE3B0B093,-73,-3,9,20,-77,-3,1,-77,-3,1,100,0,-58,NR N78,26,73574.0,8.75,8952,nan,0,3.17,0.0000
1743424241.1943274,NR5G-SA,CONNECT,TDD,DE3B0B093,-74,-3,9,20,-77,-3,1,-77,-3,1,100,0,-58,NR N78,26,73391.0,8.75,8929,nan,0,3.17,0.0000
1743424242.2838182,NR5G-SA,CONNECT,TDD,DE3B0B093,-74,-3,9,20,-77,-3,2,-77,-3,2,100,0,-58,NR N78,24,83893.0,10.0,10207,nan,0,3.17,0.0000
1743424243.3315847,NR5G-SA,CONNECT,TDD,DE3B0B093,-74,-3,10,20,-77,-4,2,-77,-4,2,100,0,-58,NR N78,24,83889.0,10.0,10206,nan,0,3.17,0.0000
1743424244.3909888,NR5G-SA,CONNECT,TDD,DE3B0B093,-74,-3,11,20,-77,-4,1,-77,-4,1,100,0,-58,NR N78,26,83882.0,10.0,10206,nan,0,3.17,0.0000
1743424245.4911432,NR5G-SA,CONNECT,TDD,DE3B0B093,-75,-4,5,20,-76,-5,0,-76,-5,0,100,0,-58,NR N78,26,83886.0,10.0,10206,nan,0,3.17,0.0000
1743424246.588372,NR5G-SA,CONNECT,TDD,DE3B0B093,-75,-4,8,20,-77,-4,0,-77,-4,0,100,0,-54,NR N78,26,94381.0,11.2,11483,nan,0,3.17,0.0000
1743424247.6397042,NR5G-SA,CONNECT,TDD,DE3B0B093,-74,-3,11,20,-77,-4,1,-77,-4,1,100,0,-57,NR N78,26,73395.0,8.75,8930,nan,0,3.17,0.0000
1743424248.694866,NR5G-SA,CONNECT,TDD,DE3B0B093,-74,-3,12,20,-76,-3,1,-76,-3,1,100,0,-59,NR N78,26,94379.0,11.2,11483,nan,0,3.17,0.0000
1743424249.7561157,NR5G-SA,CONNECT,TDD,DE3B0B093,-74,-3,12,20,-77,-4,1,-77,-4,1,100,0,-59,NR N78,26,73392.0,8.75,8929,nan,0,3.17,0.0000
1743424250.8312156,NR5G-SA,CONNECT,TDD,DE3B0B093,-75,-2,12,20,-77,-4,0,-77,-4,0,100,0,-60,NR N78,25,83896.0,10.0,10207,nan,0,3.17,0.0000
1743424251.9120548,NR5G-SA,CONNECT,TDD,DE3B0B093,-74,-2,12,20,-77,-4,0,-77,-4,0,100,0,-52,NR N78,26,83877.0,10.0,10205,nan,0,3.17,0.0000
1743424252.9442763,NR5G-SA,CONNECT,TDD,DE3B0B093,-74,-3,12,20,-77,-5,1,-77,-5,1,100,0,-58,NR N78,26,83886.0,10.0,10206,nan,0,3.17,0.0000
1743424253.9931908,NR5G-SA,CONNECT,TDD,DE3B0B093,-74,-3,11,20,-77,-5,1,-77,-5,1,100,0,-55,NR N78,26,94021.0,11.2,11439,nan,0,3.17,0.0000
1743424255.060037,NR5G-SA,CONNECT,TDD,DE3B0B093,-73,-3,11,20,-77,-5,1,-77,-5,1,100,0,-59,NR N78,26,94369.0,11.2,11482,nan,0,3.17,0.0000
1743424256.1250892,NR5G-SA,CONNECT,TDD,DE3B0B093,-73,-3,11,20,-78,-5,1,-78,-5,1,100,0,-56,NR N78,26,83879.0,10.0,10205,nan,0,3.17,0.0000
1743424257.1610425,NR5G-SA,CONNECT,TDD,DE3B0B093,-74,-3,10,20,-78,-4,1,-78,-4,1,100,0,-58,NR N78,26,83898.0,10.0,10208,nan,0,3.17,0.0000
1743424258.2103157,NR5G-SA,CONNECT,TDD,DE3B0B093,-74,-3,9,20,-78,-4,1,-78,-4,1,100,0,-57,NR N78,25,83882.0,10.0,10206,nan,0,3.17,0.0000
1743424259.2449918,NR5G-SA,CONNECT,TDD,DE3B0B093,-74,-3,11,20,-78,-3,4,-78,-3,4,100,0,-57,NR N78,25,73402.0,8.75,8931,nan,0,3.17,0.0000
1743424260.327688,NR5G-SA,CONNECT,TDD,DE3B0B093,-74,-3,10,20,-78,-2,5,-78,-2,5,100,0,-59,NR N78,25,83892.0,10.0,10207,nan,0,3.17,0.0000
1743424261.379751,NR5G-SA,CONNECT,TDD,DE3B0B093,-74,-2,11,20,-78,-2,5,-78,-2,5,100,0,-58,NR N78,25,73390.0,8.75,8929,nan,0,3.17,0.0000
1743424262.4483664,NR5G-SA,CONNECT,TDD,DE3B0B093,-74,-2,12,20,-79,-2,5,-79,-2,5,100,0,-58,NR N78,25,83889.0,10.0,10206,nan,0,3.17,0.0000
1743424263.5120234,NR5G-SA,CONNECT,TDD,DE3B0B093,-74,-2,12,20,-79,-3,4,-79,-3,4,100,0,-53,NR N78,25,83875.0,10.0,10205,nan,0,3.17,0.0000
1743424264.5720172,NR5G-SA,CONNECT,TDD,DE3B0B093,-73,-2,13,20,-80,-4,4,-80,-4,4,100,0,-58,NR N78,26,94388.0,11.2,11484,nan,0,3.17,0.0000
1743424265.6456046,NR5G-SA,CONNECT,TDD,DE3B0B093,-73,-2,14,20,-80,-3,5,-80,-3,5,100,0,-58,NR N78,26,73393.0,8.75,8929,nan,0,3.17,0.0000
1743424266.714387,NR5G-SA,CONNECT,TDD,DE3B0B093,-73,-1,13,20,-80,-3,5,-80,-3,5,100,0,-59,NR N78,25,83899.0,10.0,10208,nan,0,3.17,0.0000
1743424267.7621105,NR5G-SA,CONNECT,TDD,DE3B0B093,-73,-2,14,20,-80,-3,6,-80,-3,6,100,0,-57,NR N78,25,73392.0,8.75,8929,nan,0,3.17,0.0000
1743424268.8036892,NR5G-SA,CONNECT,TDD,DE3B0B093,-73,-2,14,20,-80,-3,5,-80,-3,5,100,0,-56,NR N78,25,83885.0,10.0,10206,nan,0,3.17,0.0000
1743424269.851104,NR5G-SA,CONNECT,TDD,DE3B0B093,-73,-2,13,20,-79,-3,5,-79,-3,5,100,0,-59,NR N78,25,83886.0,10.0,10206,nan,0,3.17,0.0000
1743424270.8887134,NR5G-SA,CONNECT,TDD,DE3B0B093,-74,-2,13,20,-79,-3,5,-79,-3,5,100,0,-60,NR N78,25,73402.0,8.75,8931,nan,0,3.17,0.0000
1743424271.9491816,NR5G-SA,CONNECT,TDD,DE3B0B093,-74,-1,14,20,-79,-3,5,-79,-3,5,100,0,-59,NR N78,24,83889.0,10.0,10206,nan,0,3.17,0.0000
1743424272.9922557,NR5G-SA,CONNECT,TDD,DE3B0B093,-74,-1,14,20,-79,-3,5,-79,-3,5,100,0,-59,NR N78,24,83894.0,10.0,10207,nan,0,3.17,0.0000
1743424274.0275044,NR5G-SA,CONNECT,TDD,DE3B0B093,-74,-2,14,20,-80,-3,5,-80,-3,5,100,0,-59,NR N78,25,83656.0,10.0,10178,nan,0,3.17,0.0000
1743424275.059724,NR5G-SA,CONNECT,TDD,DE3B0B093,-73,-1,14,20,-79,-3,5,-79,-3,5,100,0,-58,NR N78,25,83881.0,10.0,10206,nan,0,3.17,0.0000
1743424276.1022322,NR5G-SA,CONNECT,TDD,DE3B0B093,-73,-1,14,20,-80,-3,5,-80,-3,5,100,0,-58,NR N78,25,83892.0,10.0,10207,nan,0,3.17,0.0000
1743424277.1595883,NR5G-SA,CONNECT,TDD,DE3B0B093,-74,-1,14,20,-80,-3,6,-80,-3,6,100,0,-60,NR N78,25,73396.0,8.75,8930,nan,0,3.17,0.0000
1743424278.1940286,NR5G-SA,CONNECT,TDD,DE3B0B093,-74,-1,14,20,-79,-2,5,-79,-2,5,100,0,-59,NR N78,25,83889.0,10.0,10206,nan,0,3.17,0.0000
1743424279.2362216,NR5G-SA,CONNECT,TDD,DE3B0B093,-73,-1,14,20,-80,-2,6,-80,-2,6,100,0,-59,NR N78,25,83881.0,10.0,10206,nan,0,3.17,0.0000
1743424280.3140972,NR5G-SA,CONNECT,TDD,DE3B0B093,-73,-1,14,20,-79,-3,6,-79,-3,6,100,0,-57,NR N78,25,83893.0,10.0,10207,nan,0,3.17,0.0000
1743424281.3754442,NR5G-SA,CONNECT,TDD,DE3B0B093,-72,-1,15,20,-79,-2,6,-79,-2,6,100,0,-57,NR N78,25,73396.0,8.75,8930,nan,0,3.17,0.0000
1743424282.4268107,NR5G-SA,CONNECT,TDD,DE3B0B093,-72,-1,15,20,-79,-2,7,-79,-2,7,100,0,-57,NR N78,25,83882.0,10.0,10206,nan,0,3.17,0.0000
1743424283.4787357,NR5G-SA,CONNECT,TDD,DE3B0B093,-72,-1,15,20,-80,-2,7,-80,-2,7,100,0,-57,NR N78,25,83895.0,10.0,10207,nan,0,3.17,0.0000
1743424284.5191338,NR5G-SA,CONNECT,TDD,DE3B0B093,-72,-1,15,20,-80,-3,7,-80,-3,7,100,0,-56,NR N78,25,83882.0,10.0,10206,nan,0,3.17,0.0000
1743424285.5956075,NR5G-SA,CONNECT,TDD,DE3B0B093,-72,-1,15,20,-79,-3,7,-79,-3,7,100,0,-57,NR N78,25,73394.0,8.75,8930,nan,0,3.17,0.0000
1743424286.6671345,NR5G-SA,CONNECT,TDD,DE3B0B093,-73,-1,15,20,-80,-3,6,-80,-3,6,100,0,-59,NR N78,25,83889.0,10.0,10206,nan,0,3.17,0.0000
1743424287.710678,NR5G-SA,CONNECT,TDD,DE3B0B093,-73,-1,14,20,-80,-3,6,-80,-3,6,100,0,-58,NR N78,25,83893.0,10.0,10207,nan,0,3.17,0.0000
1743424288.7671137,NR5G-SA,CONNECT,TDD,DE3B0B093,-74,-1,15,20,-80,-3,5,-80,-3,5,100,0,-60,NR N78,26,83885.0,10.0,10206,nan,0,3.17,0.0000
1743424289.8004205,NR5G-SA,CONNECT,TDD,DE3B0B093,-74,-1,14,20,-80,-3,5,-80,-3,5,100,0,-59,NR N78,26,73401.0,8.75,8930,nan,0,3.17,0.0000
1743424290.834894,NR5G-SA,CONNECT,TDD,DE3B0B093,-74,-1,14,20,-80,-3,5,-80,-3,5,100,0,-56,NR N78,24,83880.0,10.0,10205,nan,0,3.17,0.0000
1743424291.8715143,NR5G-SA,CONNECT,TDD,DE3B0B093,-73,-1,15,20,-81,-3,6,-81,-3,6,100,0,-59,NR N78,25,83888.0,10.0,10206,nan,0,3.17,0.0000
1743424292.9342036,NR5G-SA,CONNECT,TDD,DE3B0B093,-73,-1,15,20,-81,-3,5,-81,-3,5,100,0,-59,NR N78,25,73401.0,8.75,8930,nan,0,3.17,0.0000
1743424293.9821537,NR5G-SA,CONNECT,TDD,DE3B0B093,-73,-1,14,20,-80,-3,5,-80,-3,5,100,0,-58,NR N78,25,83887.0,10.0,10206,nan,0,3.17,0.0000
1743424295.0544856,NR5G-SA,CONNECT,TDD,DE3B0B093,-73,-2,14,20,-79,-3,6,-79,-3,6,100,0,-57,NR N78,25,83880.0,10.0,10205,nan,0,3.17,0.0000
1743424296.11884,NR5G-SA,CONNECT,TDD,DE3B0B093,-73,-2,14,20,-79,-3,6,-79,-3,6,100,0,-56,NR N78,25,83892.0,10.0,10207,nan,0,3.17,0.0000
1743424297.1968472,NR5G-SA,CONNECT,TDD,DE3B0B093,-73,-2,14,20,-79,-3,6,-79,-3,6,100,0,-57,NR N78,25,83885.0,10.0,10206,nan,0,3.17,0.0000
1743424298.2541704,NR5G-SA,CONNECT,TDD,DE3B0B093,-74,-2,14,20,-80,-3,5,-80,-3,5,100,0,-59,NR N78,25,83876.0,10.0,10205,nan,0,3.17,0.0000
1743424299.300211,NR5G-SA,CONNECT,TDD,DE3B0B093,-74,-2,14,20,-80,-3,6,-80,-3,6,100,0,-58,NR N78,25,83884.0,10.0,10206,nan,0,3.17,0.0000
1743424300.335697,NR5G-SA,CONNECT,TDD,DE3B0B093,-74,-2,14,20,-81,-4,5,-81,-4,5,100,0,-58,NR N78,25,83898.0,10.0,10208,nan,0,3.17,0.0000
1743424301.389787,NR5G-SA,CONNECT,TDD,DE3B0B093,-73,-2,14,20,-81,-4,5,-81,-4,5,100,0,-57,NR N78,25,83881.0,10.0,10206,nan,0,3.17,0.0000
1743424302.4276013,NR5G-SA,CONNECT,TDD,DE3B0B093,-74,-2,14,20,-80,-3,6,-80,-3,6,100,0,-60,NR N78,26,83880.0,10.0,10205,nan,0,3.17,0.0000
1743424303.4832373,NR5G-SA,CONNECT,TDD,DE3B0B093,-74,-2,14,20,-80,-3,6,-80,-3,6,100,0,-58,NR N78,26,83898.0,10.0,10208,nan,0,3.17,0.0000
1743424304.539026,NR5G-SA,CONNECT,TDD,DE3B0B093,-74,-2,13,20,-81,-3,6,-81,-3,6,100,0,-60,NR N78,25,83881.0,10.0,10206,nan,0,3.17,0.0000
1743424305.5739648,NR5G-SA,CONNECT,TDD,DE3B0B093,-74,-1,13,20,-81,-3,6,-81,-3,6,100,0,-61,NR N78,25,83891.0,10.0,10207,nan,0,3.17,0.0000
1743424306.6136544,NR5G-SA,CONNECT,TDD,DE3B0B093,-74,-1,13,20,-81,-3,6,-81,-3,6,100,0,-60,NR N78,25,73382.0,8.75,8928,nan,0,3.17,0.0000
1743424307.6737897,NR5G-SA,CONNECT,TDD,DE3B0B093,-74,-1,14,20,-81,-3,6,-81,-3,6,100,0,-58,NR N78,25,83907.0,10.0,10209,nan,0,3.17,0.0000
1743424308.7072222,NR5G-SA,CONNECT,TDD,DE3B0B093,-74,-2,14,20,-81,-4,6,-81,-4,6,100,0,-59,NR N78,25,73385.0,8.75,8929,nan,0,3.17,0.0000
1743424309.7816985,NR5G-SA,CONNECT,TDD,DE3B0B093,-74,-2,15,20,-81,-3,6,-81,-3,6,100,0,-60,NR N78,25,83904.0,10.0,10208,nan,0,3.17,0.0000
1743424310.8527806,NR5G-SA,CONNECT,TDD,DE3B0B093,-74,-2,15,20,-82,-4,6,-82,-4,6,100,0,-57,NR N78,24,73384.0,8.75,8928,nan,0,3.17,0.0000
1743424311.9127986,NR5G-SA,CONNECT,TDD,DE3B0B093,-74,-1,14,20,-81,-3,6,-81,-3,6,100,0,-55,NR N78,24,83904.0,10.0,10208,nan,0,3.17,0.0000
1743424312.954122,NR5G-SA,CONNECT,TDD,DE3B0B093,-73,-1,15,20,-81,-4,6,-81,-4,6,100,0,-58,NR N78,24,73401.0,8.75,8930,nan,0,3.17,0.0000
1743424313.9873939,NR5G-SA,CONNECT,TDD,DE3B0B093,-72,-1,16,20,-82,-4,5,-82,-4,5,100,0,-57,NR N78,25,83884.0,10.0,10206,nan,0,3.17,0.0000
1743424315.0496507,NR5G-SA,CONNECT,TDD,DE3B0B093,-72,-1,16,20,-82,-5,5,-82,-5,5,100,0,-56,NR N78,25,83885.0,10.0,10206,nan,0,3.17,0.0000
1743424316.0888348,NR5G-SA,CONNECT,TDD,DE3B0B093,-72,-2,15,20,-82,-5,5,-82,-5,5,100,0,-59,NR N78,25,83879.0,10.0,10205,nan,0,3.17,0.0000
1743424317.1315854,NR5G-SA,CONNECT,TDD,DE3B0B093,-73,-1,14,20,-82,-5,5,-82,-5,5,100,0,-59,NR N78,25,73397.0,8.75,8930,nan,0,3.17,0.0000
1743424318.22337,NR5G-SA,CONNECT,TDD,DE3B0B093,-72,-1,14,20,-82,-4,5,-82,-4,5,100,0,-58,NR N78,25,83894.0,10.0,10207,nan,0,3.17,0.0000
1743424319.2834814,NR5G-SA,CONNECT,TDD,DE3B0B093,-72,-1,14,20,-82,-5,6,-82,-5,6,100,0,-59,NR N78,25,73393.0,8.75,8929,nan,0,3.17,0.0000
1743424320.3834112,NR5G-SA,CONNECT,TDD,DE3B0B093,-72,-1,14,20,-81,-4,4,-81,-4,4,100,0,-58,NR N78,25,83886.0,10.0,10206,nan,0,3.17,0.0000
1743424321.4231844,NR5G-SA,CONNECT,TDD,DE3B0B093,-72,-1,14,20,-81,-5,3,-81,-5,3,100,0,-57,NR N78,25,94378.0,11.2,11483,nan,0,3.17,0.0000
1743424322.46805,NR5G-SA,CONNECT,TDD,DE3B0B093,-72,-1,14,21,-81,-5,4,-81,-5,4,100,0,-57,NR N78,26,83892.0,10.0,10207,nan,0,3.17,0.0000
1743424323.5180674,NR5G-SA,CONNECT,TDD,DE3B0B093,-72,-1,14,21,-82,-4,5,-82,-4,5,100,0,-58,NR N78,26,73391.0,8.75,8929,nan,0,3.17,0.0000
1743424324.555171,NR5G-SA,CONNECT,TDD,DE3B0B093,-72,-1,14,21,-82,-5,4,-82,-5,4,100,0,-58,NR N78,25,83896.0,10.0,10207,nan,0,3.17,0.0000
1743424325.6315238,NR5G-SA,CONNECT,TDD,DE3B0B093,-72,-1,14,21,-82,-5,3,-82,-5,3,100,0,-58,NR N78,25,83875.0,10.0,10205,nan,0,3.17,0.0000
1743424326.7093785,NR5G-SA,CONNECT,TDD,DE3B0B093,-72,-1,15,21,-82,-5,3,-82,-5,3,100,0,-57,NR N78,25,83898.0,10.0,10208,nan,0,3.17,0.0000
1743424327.808477,NR5G-SA,CONNECT,TDD,DE3B0B093,-72,-1,15,21,-82,-5,4,-82,-5,4,100,0,-58,NR N78,25,83878.0,10.0,10205,nan,0,3.17,0.0000
1743424328.8421016,NR5G-SA,CONNECT,TDD,DE3B0B093,-72,-1,15,21,-83,-5,4,-83,-5,4,100,0,-58,NR N78,25,83896.0,10.0,10207,nan,0,3.17,0.0000
1743424329.9138544,NR5G-SA,CONNECT,TDD,DE3B0B093,-72,-1,15,20,-82,-5,4,-82,-5,4,100,0,-57,NR N78,25,73391.0,8.75,8929,nan,0,3.17,0.0000
1743424330.9517834,NR5G-SA,CONNECT,TDD,DE3B0B093,-72,-1,14,20,-82,-6,4,-82,-6,4,100,0,-59,NR N78,25,83887.0,10.0,10206,nan,0,3.17,0.0000
1743424331.9859116,NR5G-SA,CONNECT,TDD,DE3B0B093,-72,-1,15,20,-82,-7,4,-82,-7,4,100,0,-59,NR N78,26,94382.0,11.2,11483,nan,0,3.17,0.0000
1743424333.0537107,NR5G-SA,CONNECT,TDD,DE3B0B093,-73,-1,15,20,-82,-8,5,-82,-8,5,100,0,-59,NR N78,26,83884.0,10.0,10206,nan,0,3.17,0.0000
1743424334.1330755,NR5G-SA,CONNECT,TDD,DE3B0B093,-72,-1,15,20,-80,-7,4,-80,-7,4,100,0,-57,NR N78,26,83892.0,10.0,10207,nan,0,3.17,0.0000
1743424335.1737654,NR5G-SA,CONNECT,TDD,DE3B0B093,-72,-2,14,20,-79,-8,5,-79,-8,5,100,0,-57,NR N78,26,83872.0,10.0,10204,nan,0,3.17,0.0000
1743424336.2106209,NR5G-SA,CONNECT,TDD,DE3B0B093,-72,-1,13,20,-79,-8,6,-79,-8,6,100,0,-57,NR N78,26,94386.0,11.2,11484,nan,0,3.17,0.0000
1743424337.2613766,NR5G-SA,CONNECT,TDD,DE3B0B093,-71,-3,12,20,-79,-9,6,-79,-9,6,100,0,-56,NR N78,26,83877.0,10.0,10205,nan,0,3.17,0.0000
1743424338.3199668,NR5G-SA,CONNECT,TDD,DE3B0B093,-72,-3,12,20,-79,-9,5,-79,-9,5,100,0,-52,NR N78,26,94386.0,11.2,11484,nan,0,3.17,0.0000
1743424339.3836746,NR5G-SA,CONNECT,TDD,DE3B0B093,-72,-2,11,20,-80,-9,5,-80,-9,5,100,0,-57,NR N78,26,94367.0,11.2,11481,nan,0,3.17,0.0000
1743424340.4539268,NR5G-SA,CONNECT,TDD,DE3B0B093,-72,-2,10,20,-79,-9,6,-79,-9,6,100,0,-58,NR N78,26,83876.0,10.0,10205,nan,0,3.17,0.0000
1743424341.5165277,NR5G-SA,CONNECT,TDD,DE3B0B093,-72,-1,11,20,-80,-9,5,-80,-9,5,100,0,-58,NR N78,26,94388.0,11.2,11484,nan,0,3.17,0.0000
1743424342.5662274,NR5G-SA,CONNECT,TDD,DE3B0B093,-72,-2,11,20,-80,-9,5,-80,-9,5,100,0,-56,NR N78,26,83872.0,10.0,10204,nan,0,3.17,0.0000
1743424343.6587076,NR5G-SA,CONNECT,TDD,DE3B0B093,-72,-2,9,20,-79,-8,3,-79,-8,3,100,0,-58,NR N78,26,94383.0,11.2,11483,nan,0,3.17,0.0000
1743424344.7143734,NR5G-SA,CONNECT,TDD,DE3B0B093,-72,-2,9,20,-80,-8,3,-80,-8,3,100,0,-59,NR N78,26,83882.0,10.0,10206,nan,0,3.17,0.0000
1743424345.7724876,NR5G-SA,CONNECT,TDD,DE3B0B093,-72,-2,11,20,-80,-8,5,-80,-8,5,100,0,-57,NR N78,26,83887.0,10.0,10206,nan,0,3.17,0.0000
1743424346.8359098,NR5G-SA,CONNECT,TDD,DE3B0B093,-72,-3,12,20,-81,-10,5,-81,-10,5,100,0,-55,NR N78,26,94372.0,11.2,11482,nan,0,3.17,0.0000
1743424347.914229,NR5G-SA,CONNECT,TDD,DE3B0B093,-72,-3,12,20,-80,-10,5,-80,-10,5,100,0,-56,NR N78,27,83891.0,10.0,10207,nan,0,3.17,0.0000
1743424348.9795141,NR5G-SA,CONNECT,TDD,DE3B0B093,-72,-2,12,20,-81,-9,5,-81,-9,5,100,0,-57,NR N78,27,94375.0,11.2,11482,nan,0,3.17,0.0000
1743424350.0245655,NR5G-SA,CONNECT,TDD,DE3B0B093,-71,-2,12,20,-81,-9,5,-81,-9,5,100,0,-57,NR N78,26,83879.0,10.0,10205,nan,0,3.17,0.0000
1743424351.0673115,NR5G-SA,CONNECT,TDD,DE3B0B093,-71,-1,12,20,-81,-8,5,-81,-8,5,100,0,-56,NR N78,26,94294.0,11.2,11472,nan,0,3.17,0.0000
1743424352.123347,NR5G-SA,CONNECT,TDD,DE3B0B093,-71,-2,12,20,-80,-8,5,-80,-8,5,100,0,-57,NR N78,26,83946.0,10.0,10213,nan,0,3.17,0.0000
1743424353.1678717,NR5G-SA,CONNECT,TDD,DE3B0B093,-71,-1,12,20,-80,-7,6,-80,-7,6,100,0,-56,NR N78,26,94372.0,11.2,11482,nan,0,3.17,0.0000
1743424354.2230828,NR5G-SA,CONNECT,TDD,DE3B0B093,-72,-1,12,20,-80,-7,6,-80,-7,6,100,0,-58,NR N78,26,83890.0,10.0,10207,nan,0,3.17,0.0000
1743424355.2746694,NR5G-SA,CONNECT,TDD,DE3B0B093,-72,-1,12,20,-80,-8,6,-80,-8,6,100,0,-58,NR N78,26,94367.0,11.2,11481,nan,0,3.17,0.0000
1743424356.3208256,NR5G-SA,CONNECT,TDD,DE3B0B093,-72,-1,12,20,-81,-8,6,-81,-8,6,100,0,-58,NR N78,26,94372.0,11.2,11482,nan,0,3.17,0.0000
1743424357.377665,NR5G-SA,CONNECT,TDD,DE3B0B093,-72,-1,12,20,-81,-8,6,-81,-8,6,100,0,-56,NR N78,26,83872.0,10.0,10204,nan,0,3.17,0.0000
1743424358.438503,NR5G-SA,CONNECT,TDD,DE3B0B093,-72,-1,12,20,-82,-9,5,-82,-9,5,100,0,-57,NR N78,27,104886.0,12.5,12761,nan,0,3.17,0.0000
1743424359.5088184,NR5G-SA,CONNECT,TDD,DE3B0B093,-72,-1,12,20,-82,-9,5,-82,-9,5,100,0,-58,NR N78,27,83861.0,10.0,10203,nan,0,3.17,0.0000
1743424360.5901234,NR5G-SA,CONNECT,TDD,DE3B0B093,-71,-1,13,20,-82,-8,5,-82,-8,5,100,0,-57,NR N78,26,94393.0,11.2,11484,nan,0,3.17,0.0000
1743424361.6533551,NR5G-SA,CONNECT,TDD,DE3B0B093,-71,-1,13,20,-81,-8,5,-81,-8,5,100,0,-58,NR N78,26,94378.0,11.2,11483,nan,0,3.17,0.0000
1743424362.689207,NR5G-SA,CONNECT,TDD,DE3B0B093,-72,-1,13,20,-82,-7,3,-82,-7,3,100,0,-59,NR N78,27,83880.0,10.0,10205,nan,0,3.17,0.0000
1743424363.7474174,NR5G-SA,CONNECT,TDD,DE3B0B093,-72,-1,13,20,-82,-8,4,-82,-8,4,100,0,-58,NR N78,27,94367.0,11.2,11481,nan,0,3.17,0.0000
1743424364.799367,NR5G-SA,CONNECT,TDD,DE3B0B093,-72,-1,13,20,-82,-8,4,-82,-8,4,100,0,-57,NR N78,26,83885.0,10.0,10206,nan,0,3.17,0.0000
1743424365.8315625,NR5G-SA,CONNECT,TDD,DE3B0B093,-72,-1,13,20,-82,-7,5,-82,-7,5,100,0,-58,NR N78,25,83895.0,10.0,10207,nan,0,3.17,0.0000
1743424366.9219172,NR5G-SA,CONNECT,TDD,DE3B0B093,-72,-1,13,20,-82,-7,5,-82,-7,5,100,0,-57,NR N78,25,73400.0,8.75,8930,nan,0,3.17,0.0000
1743424367.9805343,NR5G-SA,CONNECT,TDD,DE3B0B093,-72,-1,13,20,-82,-6,5,-82,-6,5,100,0,-57,NR N78,25,83882.0,10.0,10206,nan,0,3.17,0.0000
1743424369.0446754,NR5G-SA,CONNECT,TDD,DE3B0B093,-72,-1,13,20,-82,-6,4,-82,-6,4,100,0,-57,NR N78,25,73396.0,8.75,8930,nan,0,3.17,0.0000
1743424370.1175158,NR5G-SA,CONNECT,TDD,DE3B0B093,-72,-1,13,20,-82,-6,4,-82,-6,4,100,0,-55,NR N78,25,83894.0,10.0,10207,nan,0,3.17,0.0000
1743424371.1695492,NR5G-SA,CONNECT,TDD,DE3B0B093,-71,-1,13,20,-82,-6,4,-82,-6,4,100,0,-58,NR N78,25,83874.0,10.0,10205,nan,0,3.17,0.0000
1743424372.232553,NR5G-SA,CONNECT,TDD,DE3B0B093,-71,-2,13,20,-82,-6,4,-82,-6,4,100,0,-57,NR N78,25,83891.0,10.0,10207,nan,0,3.17,0.0000
1743424373.278448,NR5G-SA,CONNECT,TDD,DE3B0B093,-72,-1,13,20,-82,-6,4,-82,-6,4,100,0,-58,NR N78,25,83889.0,10.0,10206,nan,0,3.17,0.0000
1743424374.3336916,NR5G-SA,CONNECT,TDD,DE3B0B093,-72,-1,11,20,-82,-6,4,-82,-6,4,100,0,-58,NR N78,26,94376.0,11.2,11482,nan,0,3.17,0.0000
1743424375.3770704,NR5G-SA,CONNECT,TDD,DE3B0B093,-72,-2,11,20,-82,-7,3,-82,-7,3,100,0,-56,NR N78,26,83876.0,10.0,10205,nan,0,3.17,0.0000
1743424376.4295044,NR5G-SA,CONNECT,TDD,DE3B0B093,-72,-1,11,20,0,0,0,0,0,0,100,0,-58,NR N78,26,94380.0,11.2,11483,nan,0,3.17,0.0000
1743424377.4621873,NR5G-SA,CONNECT,TDD,DE3B0B093,-72,-1,11,20,0,0,0,0,0,0,100,0,-57,NR N78,26,83881.0,10.0,10206,nan,0,3.17,0.0000
1743424378.4941075,NR5G-SA,CONNECT,TDD,DE3B0B093,-72,-1,11,20,0,0,0,0,0,0,100,0,-57,NR N78,26,94381.0,11.2,11483,nan,0,3.17,0.0000
1743424379.5554478,NR5G-SA,CONNECT,TDD,DE3B0B093,-71,-1,11,20,0,0,0,0,0,0,100,0,-56,NR N78,26,83875.0,10.0,10205,nan,0,3.17,0.0000
1743424380.6215336,NR5G-SA,CONNECT,TDD,DE3B0B093,-72,-1,11,20,-81,-7,-3,-81,-7,-3,100,0,-57,NR N78,26,83883.0,10.0,10206,nan,0,3.17,0.0000
1743424381.7069936,NR5G-SA,CONNECT,TDD,DE3B0B093,-71,-1,11,20,-81,-8,0,-81,-8,0,100,0,-57,NR N78,26,94383.0,11.2,11483,nan,0,3.17,0.0000
1743424382.7470264,NR5G-SA,CONNECT,TDD,DE3B0B093,-72,-1,10,20,-82,-7,2,-82,-7,2,100,0,-57,NR N78,26,83883.0,10.0,10206,nan,0,3.17,0.0000
1743424383.781872,NR5G-SA,CONNECT,TDD,DE3B0B093,-72,-1,11,20,-82,-7,3,-82,-7,3,100,0,-58,NR N78,26,73391.0,8.75,8929,nan,0,3.17,0.0000
1743424384.8247838,NR5G-SA,CONNECT,TDD,DE3B0B093,-72,-1,12,20,-82,-7,4,-82,-7,4,100,0,-58,NR N78,25,83900.0,10.0,10208,nan,0,3.17,0.0000
1743424385.8764904,NR5G-SA,CONNECT,TDD,DE3B0B093,-72,-1,13,20,-82,-7,4,-82,-7,4,100,0,-58,NR N78,25,83884.0,10.0,10206,nan,0,3.17,0.0000
1743424386.91337,NR5G-SA,CONNECT,TDD,DE3B0B093,-72,-2,13,20,-81,-8,5,-81,-8,5,100,0,-55,NR N78,25,83878.0,10.0,10205,nan,0,3.17,0.0000
1743424387.9887307,NR5G-SA,CONNECT,TDD,DE3B0B093,-72,-2,13,20,-84,-10,4,-84,-10,4,100,0,-58,NR N78,26,94388.0,11.2,11484,nan,0,3.17,0.0000
1743424389.0542662,NR5G-SA,CONNECT,TDD,DE3B0B093,-72,-1,13,20,0,0,0,0,0,0,100,0,-58,NR N78,26,83880.0,10.0,10205,nan,0,3.17,0.0000
1743424390.1023574,NR5G-SA,CONNECT,TDD,DE3B0B093,-72,-2,13,20,-80,-7,0,-80,-7,0,100,0,-54,NR N78,26,83884.0,10.0,10206,nan,0,3.17,0.0000
1743424391.1774251,NR5G-SA,CONNECT,TDD,DE3B0B093,-72,-1,14,20,-81,-7,2,-81,-7,2,100,0,-58,NR N78,26,83888.0,10.0,10206,nan,0,3.17,0.0000
1743424392.2258012,NR5G-SA,CONNECT,TDD,DE3B0B093,-72,-2,14,20,-82,-7,3,-82,-7,3,100,0,-57,NR N78,25,83877.0,10.0,10205,nan,0,3.17,0.0000
1743424393.2639868,NR5G-SA,CONNECT,TDD,DE3B0B093,-72,-2,14,20,-82,-7,5,-82,-7,5,100,0,-57,NR N78,25,83898.0,10.0,10208,nan,0,3.17,0.0000
1743424394.3101442,NR5G-SA,CONNECT,TDD,DE3B0B093,-72,-2,15,20,-80,-6,5,-80,-6,5,100,0,-56,NR N78,25,83875.0,10.0,10205,nan,0,3.17,0.0000
1743424395.3824997,NR5G-SA,CONNECT,TDD,DE3B0B093,-72,-1,15,20,-80,-5,4,-80,-5,4,100,0,-57,NR N78,25,83892.0,10.0,10207,nan,0,3.17,0.0000
1743424396.4430447,NR5G-SA,CONNECT,TDD,DE3B0B093,-71,-1,15,20,-80,-6,5,-80,-6,5,100,0,-56,NR N78,25,83890.0,10.0,10207,nan,0,3.17,0.0000
1743424397.4891167,NR5G-SA,CONNECT,TDD,DE3B0B093,-72,-1,14,20,-80,-6,6,-80,-6,6,100,0,-56,NR N78,25,83891.0,10.0,10207,nan,0,3.17,0.0000
1743424398.5892334,NR5G-SA,CONNECT,TDD,DE3B0B093,-72,-2,14,20,-81,-6,5,-81,-6,5,100,0,-56,NR N78,25,83879.0,10.0,10205,nan,0,3.17,0.0000
1743424399.6528337,NR5G-SA,CONNECT,TDD,DE3B0B093,-72,-1,14,20,-81,-6,3,-81,-6,3,100,0,-58,NR N78,25,73391.0,8.75,8929,nan,0,3.17,0.0000
1743424400.7392921,NR5G-SA,CONNECT,TDD,DE3B0B093,-71,-2,14,20,-82,-7,4,-82,-7,4,100,0,-56,NR N78,25,83892.0,10.0,10207,nan,0,3.17,0.0000
1743424401.8150783,NR5G-SA,CONNECT,TDD,DE3B0B093,-72,-1,14,20,-82,-6,4,-82,-6,4,100,0,-57,NR N78,25,83895.0,10.0,10207,nan,0,3.17,0.0000
1743424402.8528147,NR5G-SA,CONNECT,TDD,DE3B0B093,-71,-1,13,20,-83,-7,4,-83,-7,4,100,0,-57,NR N78,24,73397.0,8.75,8930,nan,0,3.17,0.0000
1743424403.8966632,NR5G-SA,CONNECT,TDD,DE3B0B093,-71,-1,14,20,0,0,0,0,0,0,100,0,-56,NR N78,24,73398.0,8.75,8930,nan,0,3.17,0.0000
1743424404.9347155,NR5G-SA,CONNECT,TDD,DE3B0B093,-71,-1,14,20,-82,-7,4,-82,-7,4,100,0,-57,NR N78,24,83886.0,10.0,10206,nan,0,3.17,0.0000
1743424405.9917643,NR5G-SA,CONNECT,TDD,DE3B0B093,-71,-1,14,20,-81,-7,3,-81,-7,3,100,0,-56,NR N78,24,83888.0,10.0,10206,nan,0,3.17,0.0000
1743424407.0539002,NR5G-SA,CONNECT,TDD,DE3B0B093,-71,-1,13,20,-82,-8,4,-82,-8,4,100,0,-56,NR N78,24,73390.0,8.75,8929,nan,0,3.17,0.0000
1743424408.1200042,NR5G-SA,CONNECT,TDD,DE3B0B093,-71,-1,13,20,-82,-8,5,-82,-8,5,100,0,-56,NR N78,24,83901.0,10.0,10208,nan,0,3.17,0.0000
1743424409.1951299,NR5G-SA,CONNECT,TDD,DE3B0B093,-71,-2,13,20,-82,-9,4,-82,-9,4,100,0,-55,NR N78,24,83892.0,10.0,10207,nan,0,3.17,0.0000
1743424410.2457774,NR5G-SA,CONNECT,TDD,DE3B0B093,-71,-2,13,20,-83,-10,4,-83,-10,4,100,0,-53,NR N78,24,73391.0,8.75,8929,nan,0,3.17,0.0000
1743424411.3028631,NR5G-SA,CONNECT,TDD,DE3B0B093,-70,-2,14,20,0,0,0,0,0,0,100,0,-54,NR N78,24,73402.0,8.75,8931,nan,0,3.17,0.0000
1743424574.3172224,NR5G-SA,CONNECT,TDD,DE3B0B093,-71,-1,14,17,-84,-6,2,-84,-6,2,100,1,-54,NR N78,25,nan,nan,nan,nan,nan,nan,nan
1743424575.4114125,NR5G-SA,CONNECT,TDD,DE3B0B093,-71,-2,14,19,-83,-6,2,-83,-6,2,100,0,-49,NR N78,26,nan,nan,nan,nan,nan,nan,nan
1743424576.5309587,NR5G-SA,CONNECT,TDD,DE3B0B093,-71,-2,14,19,-83,-5,3,-83,-5,3,100,0,-53,NR N78,26,67902.0,8.09,8261,nan,0,517.0,0.0000
1743424577.6265156,NR5G-SA,CONNECT,TDD,DE3B0B093,-71,-2,13,20,-83,-4,2,-83,-4,2,100,0,-56,NR N78,24,71498.0,8.52,8699,nan,0,914.0,0.0000
1743424578.6993887,NR5G-SA,CONNECT,TDD,DE3B0B093,-70,-1,13,20,-83,-5,2,-83,-5,2,100,0,-57,NR N78,24,79999.0,9.54,9733,nan,0,1.33,0.0000
1743424579.7847524,NR5G-SA,CONNECT,TDD,DE3B0B093,-70,-1,13,20,-82,-4,1,-82,-4,1,100,0,-56,NR N78,23,73408.0,8.75,8931,nan,0,1.77,0.0000
1743424580.8967116,NR5G-SA,CONNECT,TDD,DE3B0B093,-70,-1,13,20,-82,-4,0,-82,-4,0,100,0,-56,NR N78,24,83883.0,10.0,10206,nan,0,2.23,0.0000
1743424581.9444005,NR5G-SA,CONNECT,TDD,DE3B0B093,-69,-1,14,20,-82,-4,0,-82,-4,0,100,0,-54,NR N78,24,73400.0,8.75,8930,nan,0,2.67,0.0000
1743424582.9864173,NR5G-SA,CONNECT,TDD,DE3B0B093,-69,-1,15,20,-83,-5,0,-83,-5,0,100,0,-54,NR N78,24,73397.0,8.75,8930,nan,0,3.13,0.0000
1743424584.07627,NR5G-SA,CONNECT,TDD,DE3B0B093,-69,0,16,20,-82,-4,0,-82,-4,0,100,0,-55,NR N78,24,73407.0,8.75,8931,nan,0,3.16,0.0000
1743424585.1263576,NR5G-SA,CONNECT,TDD,DE3B0B093,-69,-1,15,20,-81,-3,1,-81,-3,1,100,0,-55,NR N78,23,73399.0,8.75,8930,nan,0,3.16,0.0000
1743424586.179941,NR5G-SA,CONNECT,TDD,DE3B0B093,-70,-1,14,20,-81,-3,2,-81,-3,2,100,0,-56,NR N78,23,73402.0,8.75,8931,nan,0,3.16,0.0000
1743424587.2313912,NR5G-SA,CONNECT,TDD,DE3B0B093,-70,-1,13,20,-80,-3,2,-80,-3,2,100,0,-55,NR N78,24,83888.0,10.0,10206,nan,0,3.16,0.0000
1743424588.3010132,NR5G-SA,CONNECT,TDD,DE3B0B093,-70,-1,13,20,-81,-2,2,-81,-2,2,100,0,-56,NR N78,24,73390.0,8.75,8929,nan,0,3.16,0.0000
1743424589.356054,NR5G-SA,CONNECT,TDD,DE3B0B093,-70,-1,13,20,-81,-2,2,-81,-2,2,100,0,-56,NR N78,24,73395.0,8.75,8930,nan,0,3.16,0.0000
1743424590.397961,NR5G-SA,CONNECT,TDD,DE3B0B093,-70,-1,13,20,-81,-2,1,-81,-2,1,100,0,-56,NR N78,24,83898.0,10.0,10208,nan,0,3.16,0.0000
1743424591.4433506,NR5G-SA,CONNECT,TDD,DE3B0B093,-70,-1,12,20,-80,-2,3,-80,-2,3,100,0,-58,NR N78,24,73399.0,8.75,8930,nan,0,3.16,0.0000
1743424592.5677326,NR5G-SA,CONNECT,TDD,DE3B0B093,-72,-1,11,20,-78,-1,5,-78,-1,5,100,0,-61,NR N78,24,73394.0,8.75,8930,nan,0,3.16,0.0000
1743424593.639367,NR5G-SA,CONNECT,TDD,DE3B0B093,-75,-2,8,20,-78,-1,6,-78,-1,6,100,0,-61,NR N78,24,83889.0,10.0,10206,nan,0,3.16,0.0000
1743424594.7094135,NR5G-SA,CONNECT,TDD,DE3B0B093,-76,-2,8,20,-79,-1,7,-79,-1,7,100,0,-62,NR N78,24,73408.0,8.75,8931,nan,0,3.16,0.0000
1743424595.7939343,NR5G-SA,CONNECT,TDD,DE3B0B093,-76,-2,8,20,-79,-1,7,-79,-1,7,100,0,-61,NR N78,24,73395.0,8.75,8930,nan,0,3.16,0.0000
1743424596.8610675,NR5G-SA,CONNECT,TDD,DE3B0B093,-76,-1,10,20,-79,-1,8,-79,-1,8,100,0,-60,NR N78,23,73406.0,8.75,8931,nan,0,3.16,0.0000
1743424597.9378679,NR5G-SA,CONNECT,TDD,DE3B0B093,-75,-1,11,20,-78,-1,8,-78,-1,8,100,0,-60,NR N78,23,73397.0,8.75,8930,nan,0,3.16,0.0000
1743424598.9938133,NR5G-SA,CONNECT,TDD,DE3B0B093,-74,-1,12,20,-77,-1,8,-77,-1,8,100,0,-60,NR N78,24,73387.0,8.75,8929,nan,0,3.16,0.0000
1743424600.0298553,NR5G-SA,CONNECT,TDD,DE3B0B093,-74,-1,12,20,-77,-1,9,-77,-1,9,100,0,-61,NR N78,24,83901.0,10.0,10208,nan,0,3.16,0.0000
1743424601.1199253,NR5G-SA,CONNECT,TDD,DE3B0B093,-74,-1,11,20,-78,-1,10,-78,-1,10,100,0,-59,NR N78,24,73402.0,8.75,8931,nan,0,3.16,0.0000
1743424602.190764,NR5G-SA,CONNECT,TDD,DE3B0B093,-74,-1,10,20,-78,-1,10,-78,-1,10,100,0,-60,NR N78,24,73393.0,8.75,8929,nan,0,3.16,0.0000
1743424603.2406106,NR5G-SA,CONNECT,TDD,DE3B0B093,-74,-1,9,20,-78,-1,9,-78,-1,9,100,0,-60,NR N78,24,83888.0,10.0,10206,nan,0,3.16,0.0000
1743424604.2714014,NR5G-SA,CONNECT,TDD,DE3B0B093,-75,-1,9,20,-78,-1,9,-78,-1,9,100,0,-60,NR N78,24,73397.0,8.75,8930,nan,0,3.16,0.0000
1743424605.3394542,NR5G-SA,CONNECT,TDD,DE3B0B093,-75,-1,9,20,-78,0,10,-78,0,10,100,0,-61,NR N78,24,73408.0,8.75,8931,nan,0,3.16,0.0000
1743424606.411097,NR5G-SA,CONNECT,TDD,DE3B0B093,-75,-2,9,20,-78,-1,9,-78,-1,9,100,0,-62,NR N78,24,83887.0,10.0,10206,nan,0,3.16,0.0000
1743424607.480577,NR5G-SA,CONNECT,TDD,DE3B0B093,-75,-1,9,20,-78,-1,8,-78,-1,8,100,0,-61,NR N78,24,83893.0,10.0,10207,nan,0,3.16,0.0000
1743424608.5505142,NR5G-SA,CONNECT,TDD,DE3B0B093,-75,-1,10,20,-78,-1,8,-78,-1,8,100,0,-59,NR N78,24,73392.0,8.75,8929,nan,0,3.16,0.0000
1743424609.6039588,NR5G-SA,CONNECT,TDD,DE3B0B093,-75,-1,12,20,-77,-1,9,-77,-1,9,100,0,-63,NR N78,24,83903.0,10.0,10208,nan,0,3.16,0.0000
1743424610.6733005,NR5G-SA,CONNECT,TDD,DE3B0B093,-75,-1,13,20,-77,0,10,-77,0,10,100,0,-59,NR N78,24,73393.0,8.75,8929,nan,0,3.16,0.0000
1743424611.738653,NR5G-SA,CONNECT,TDD,DE3B0B093,-73,-1,12,20,-77,-1,9,-77,-1,9,100,0,-57,NR N78,24,83888.0,10.0,10206,nan,0,3.16,0.0000
1743424612.8200357,NR5G-SA,CONNECT,TDD,DE3B0B093,-73,-1,12,20,-78,-1,8,-78,-1,8,100,0,-58,NR N78,24,73397.0,8.75,8930,nan,0,3.16,0.0000
1743424613.920476,NR5G-SA,CONNECT,TDD,DE3B0B093,-73,-1,12,20,-78,-1,8,-78,-1,8,100,0,-57,NR N78,24,73399.0,8.75,8930,nan,0,3.16,0.0000
1743424614.976598,NR5G-SA,CONNECT,TDD,DE3B0B093,-73,-2,11,20,-78,-1,8,-78,-1,8,100,0,-54,NR N78,24,83891.0,10.0,10207,nan,0,3.16,0.0000
1743424616.0512679,NR5G-SA,CONNECT,TDD,DE3B0B093,-73,-2,12,20,-78,-1,7,-78,-1,7,100,0,-54,NR N78,24,73394.0,8.75,8930,nan,0,3.16,0.0000
1743424617.117956,NR5G-SA,CONNECT,TDD,DE3B0B093,-73,-2,11,20,-78,-1,8,-78,-1,8,100,0,-58,NR N78,25,73404.0,8.75,8931,nan,0,3.16,0.0000
1743424618.1977646,NR5G-SA,CONNECT,TDD,DE3B0B093,-73,-1,11,20,-78,-1,8,-78,-1,8,100,0,-58,NR N78,25,73398.0,8.75,8930,nan,0,3.16,0.0000
1743424619.271389,NR5G-SA,CONNECT,TDD,DE3B0B093,-73,-1,12,20,-78,-1,7,-78,-1,7,100,0,-57,NR N78,24,83887.0,10.0,10206,nan,0,3.16,0.0000
1743424620.3139896,NR5G-SA,CONNECT,TDD,DE3B0B093,-72,-1,12,20,-78,-2,6,-78,-2,6,100,0,-58,NR N78,24,83888.0,10.0,10206,nan,0,3.16,0.0000
1743424621.3889787,NR5G-SA,CONNECT,TDD,DE3B0B093,-73,-1,11,20,-78,-2,6,-78,-2,6,100,0,-59,NR N78,25,73405.0,8.75,8931,nan,0,3.16,0.0000
1743424622.4589076,NR5G-SA,CONNECT,TDD,DE3B0B093,-73,-1,11,20,-78,-1,7,-78,-1,7,100,0,-59,NR N78,25,73392.0,8.75,8929,nan,0,3.16,0.0000
1743424623.527104,NR5G-SA,CONNECT,TDD,DE3B0B093,-73,-2,11,20,-77,-1,7,-77,-1,7,100,0,-54,NR N78,23,83894.0,10.0,10207,nan,0,3.16,0.0000
1743424624.5642407,NR5G-SA,CONNECT,TDD,DE3B0B093,-73,-2,11,20,-77,-1,8,-77,-1,8,100,0,-59,NR N78,23,73402.0,8.75,8931,nan,0,3.16,0.0000
1743424625.5944822,NR5G-SA,CONNECT,TDD,DE3B0B093,-73,-2,10,20,-78,-1,8,-78,-1,8,100,0,-58,NR N78,24,73398.0,8.75,8930,nan,0,3.16,0.0000
1743424626.6680543,NR5G-SA,CONNECT,TDD,DE3B0B093,-73,-2,11,20,-78,-1,6,-78,-1,6,100,0,-58,NR N78,24,83878.0,10.0,10205,nan,0,3.16,0.0000
1743424627.7279928,NR5G-SA,CONNECT,TDD,DE3B0B093,-74,-1,10,20,-78,-1,6,-78,-1,6,100,0,-60,NR N78,24,73411.0,8.75,8932,nan,0,3.16,0.0000
1743424628.8056474,NR5G-SA,CONNECT,TDD,DE3B0B093,-74,-1,11,20,-78,-1,6,-78,-1,6,100,0,-60,NR N78,24,73392.0,8.75,8929,nan,0,3.16,0.0000
1743424629.8888495,NR5G-SA,CONNECT,TDD,DE3B0B093,-73,-1,12,20,-79,-1,7,-79,-1,7,100,0,-60,NR N78,24,73393.0,8.75,8929,nan,0,3.16,0.0000
1743424630.9338212,NR5G-SA,CONNECT,TDD,DE3B0B093,-73,-1,12,20,-78,-1,7,-78,-1,7,100,0,-58,NR N78,24,83898.0,10.0,10208,nan,0,3.16,0.0000
1743424632.001934,NR5G-SA,CONNECT,TDD,DE3B0B093,-74,-2,11,20,-78,-1,7,-78,-1,7,100,0,-58,NR N78,24,73397.0,8.75,8930,nan,0,3.16,0.0000
1743424633.0808814,NR5G-SA,CONNECT,TDD,DE3B0B093,-74,-2,10,20,-79,-2,7,-79,-2,7,100,0,-60,NR N78,23,73396.0,8.75,8930,nan,0,3.16,0.0000
1743424634.149376,NR5G-SA,CONNECT,TDD,DE3B0B093,-75,-1,10,20,-78,-1,6,-78,-1,6,100,0,-60,NR N78,23,73404.0,8.75,8931,nan,0,3.16,0.0000
1743424635.2104888,NR5G-SA,CONNECT,TDD,DE3B0B093,-74,-1,11,20,-78,-1,6,-78,-1,6,100,0,-58,NR N78,24,83894.0,10.0,10207,nan,0,3.16,0.0000
1743424636.2533414,NR5G-SA,CONNECT,TDD,DE3B0B093,-74,-1,10,20,-78,-1,5,-78,-1,5,100,0,-60,NR N78,24,73391.0,8.75,8929,nan,0,3.16,0.0000
1743424637.2842634,NR5G-SA,CONNECT,TDD,DE3B0B093,-74,-1,10,20,-78,-1,6,-78,-1,6,100,0,-60,NR N78,24,73393.0,8.75,8929,nan,0,3.16,0.0000
1743424638.3197339,NR5G-SA,CONNECT,TDD,DE3B0B093,-74,-1,11,20,-79,-1,6,-79,-1,6,100,0,-58,NR N78,24,83742.0,10.0,10189,nan,0,3.16,0.0000
1743424639.3566096,NR5G-SA,CONNECT,TDD,DE3B0B093,-74,-1,10,20,-79,-1,6,-79,-1,6,100,0,-60,NR N78,24,73532.0,8.75,8946,nan,0,3.16,0.0000
1743424640.3914256,NR5G-SA,CONNECT,TDD,DE3B0B093,-73,-1,11,20,-79,-1,7,-79,-1,7,100,0,-58,NR N78,24,83898.0,10.0,10208,nan,0,3.16,0.0000
1743424641.4743998,NR5G-SA,CONNECT,TDD,DE3B0B093,-73,-1,10,20,-79,-1,6,-79,-1,6,100,0,-59,NR N78,24,83889.0,10.0,10206,nan,0,3.16,0.0000
1743424642.5287251,NR5G-SA,CONNECT,TDD,DE3B0B093,-74,-1,9,20,-79,-1,6,-79,-1,6,100,0,-61,NR N78,24,83895.0,10.0,10207,nan,0,3.16,0.0000
1743424643.5891364,NR5G-SA,CONNECT,TDD,DE3B0B093,-74,-1,9,20,-79,-1,6,-79,-1,6,100,0,-60,NR N78,25,73394.0,8.75,8930,nan,0,3.16,0.0000
1743424644.624204,NR5G-SA,CONNECT,TDD,DE3B0B093,-74,-1,10,20,-79,-1,5,-79,-1,5,100,0,-60,NR N78,25,83888.0,10.0,10206,nan,0,3.16,0.0000
1743424645.684407,NR5G-SA,CONNECT,TDD,DE3B0B093,-74,-2,10,20,-79,-1,5,-79,-1,5,100,0,-58,NR N78,25,83882.0,10.0,10206,nan,0,3.16,0.0000
1743424646.7284794,NR5G-SA,CONNECT,TDD,DE3B0B093,-74,-2,10,20,-79,-2,5,-79,-2,5,100,0,-58,NR N78,25,83884.0,10.0,10206,nan,0,3.16,0.0000
1743424647.7739275,NR5G-SA,CONNECT,TDD,DE3B0B093,-73,-1,11,20,-78,-1,6,-78,-1,6,100,0,-58,NR N78,25,83898.0,10.0,10208,nan,0,3.16,0.0000
1743424648.8121884,NR5G-SA,CONNECT,TDD,DE3B0B093,-73,-1,12,20,-78,-1,5,-78,-1,5,100,0,-59,NR N78,25,83886.0,10.0,10206,nan,0,3.16,0.0000
1743424649.8954802,NR5G-SA,CONNECT,TDD,DE3B0B093,-72,-1,13,20,-78,-1,6,-78,-1,6,100,0,-57,NR N78,25,83876.0,10.0,10205,nan,0,3.16,0.0000
1743424650.9501379,NR5G-SA,CONNECT,TDD,DE3B0B093,-72,-1,12,20,-78,-1,8,-78,-1,8,100,0,-58,NR N78,25,83883.0,10.0,10206,nan,0,3.16,0.0000
1743424651.9827332,NR5G-SA,CONNECT,TDD,DE3B0B093,-72,-1,13,20,-78,-1,9,-78,-1,9,100,0,-55,NR N78,25,73398.0,8.75,8930,nan,0,3.16,0.0000
1743424653.0688791,NR5G-SA,CONNECT,TDD,DE3B0B093,-72,-1,14,20,-78,-1,9,-78,-1,9,100,0,-57,NR N78,24,73404.0,8.75,8931,nan,0,3.16,0.0000
1743424654.146521,NR5G-SA,CONNECT,TDD,DE3B0B093,-72,-1,13,20,-78,-1,9,-78,-1,9,100,0,-57,NR N78,24,83888.0,10.0,10206,nan,0,3.16,0.0000
1743424655.2095242,NR5G-SA,CONNECT,TDD,DE3B0B093,-72,-1,13,21,-78,-1,8,-78,-1,8,100,0,-59,NR N78,25,83888.0,10.0,10206,nan,0,3.16,0.0000
1743424656.2916882,NR5G-SA,CONNECT,TDD,DE3B0B093,-72,-1,13,21,-79,-1,8,-79,-1,8,100,0,-58,NR N78,25,83884.0,10.0,10206,nan,0,3.16,0.0000
1743424657.3643365,NR5G-SA,CONNECT,TDD,DE3B0B093,-72,-1,14,21,-78,-1,8,-78,-1,8,100,0,-57,NR N78,25,83888.0,10.0,10206,nan,0,3.16,0.0000
1743424658.4140291,NR5G-SA,CONNECT,TDD,DE3B0B093,-72,-1,15,21,-78,-1,8,-78,-1,8,100,0,-59,NR N78,25,83730.0,10.0,10187,nan,0,3.16,0.0000
1743424659.472666,NR5G-SA,CONNECT,TDD,DE3B0B093,-72,0,15,21,-78,0,10,-78,0,10,100,0,-59,NR N78,25,73407.0,8.75,8931,nan,0,3.16,0.0000
1743424660.5792227,NR5G-SA,CONNECT,TDD,DE3B0B093,-72,0,14,21,-78,-1,10,-78,-1,10,100,0,-58,NR N78,25,62906.0,7.5,7654,nan,0,3.16,0.0000
1743424661.6316578,NR5G-SA,CONNECT,TDD,DE3B0B093,-73,-1,13,21,-78,-1,9,-78,-1,9,100,0,-58,NR N78,23,73410.0,8.75,8932,nan,0,3.16,0.0000
1743424662.6871555,NR5G-SA,CONNECT,TDD,DE3B0B093,-73,-2,12,21,-78,-1,9,-78,-1,9,100,0,-57,NR N78,23,73394.0,8.75,8930,nan,0,3.16,0.0000
1743424663.7490876,NR5G-SA,CONNECT,TDD,DE3B0B093,-72,-1,13,21,-78,-1,9,-78,-1,9,100,0,-58,NR N78,23,73396.0,8.75,8930,nan,0,3.16,0.0000
1743424664.8268094,NR5G-SA,CONNECT,TDD,DE3B0B093,-72,-1,12,21,-78,-1,9,-78,-1,9,100,0,-57,NR N78,23,83896.0,10.0,10207,nan,0,3.16,0.0000
1743424665.88094,NR5G-SA,CONNECT,TDD,DE3B0B093,-72,-1,13,21,-78,-1,9,-78,-1,9,100,0,-55,NR N78,24,73395.0,8.75,8930,nan,0,3.16,0.0000
1743424666.9537385,NR5G-SA,CONNECT,TDD,DE3B0B093,-72,-1,12,21,-78,-1,9,-78,-1,9,100,0,-58,NR N78,24,73393.0,8.75,8929,nan,0,3.16,0.0000
1743424668.025135,NR5G-SA,CONNECT,TDD,DE3B0B093,-72,-1,11,21,-79,-1,9,-79,-1,9,100,0,-58,NR N78,24,83875.0,10.0,10205,nan,0,3.16,0.0000
1743424669.0797217,NR5G-SA,CONNECT,TDD,DE3B0B093,-72,-1,12,21,-79,-1,10,-79,-1,10,100,0,-58,NR N78,24,62923.0,7.5,7656,nan,0,3.16,0.0000
1743424670.1486092,NR5G-SA,CONNECT,TDD,DE3B0B093,-72,-1,12,21,-79,-1,10,-79,-1,10,100,0,-57,NR N78,24,73404.0,8.75,8931,nan,0,3.16,0.0000
1743424671.1888986,NR5G-SA,CONNECT,TDD,DE3B0B093,-72,-1,12,21,-79,-1,9,-79,-1,9,100,0,-58,NR N78,24,83886.0,10.0,10206,nan,0,3.16,0.0000
1743424672.236199,NR5G-SA,CONNECT,TDD,DE3B0B093,-72,-1,12,21,-79,-1,9,-79,-1,9,100,0,-58,NR N78,24,73407.0,8.75,8931,nan,0,3.16,0.0000
1743424673.2809587,NR5G-SA,CONNECT,TDD,DE3B0B093,-72,-1,11,21,-79,-1,8,-79,-1,8,100,0,-57,NR N78,24,83891.0,10.0,10207,nan,0,3.16,0.0000
1743424674.332673,NR5G-SA,CONNECT,TDD,DE3B0B093,-72,-1,11,21,-80,-1,7,-80,-1,7,100,0,-57,NR N78,24,83882.0,10.0,10206,nan,0,3.16,0.0000
1743424675.404335,NR5G-SA,CONNECT,TDD,DE3B0B093,-72,-1,12,21,-79,-1,8,-79,-1,8,100,0,-58,NR N78,25,73403.0,8.75,8931,nan,0,3.16,0.0000
1743424676.4619486,NR5G-SA,CONNECT,TDD,DE3B0B093,-72,-1,11,21,-79,-1,8,-79,-1,8,100,0,-55,NR N78,25,83878.0,10.0,10205,nan,0,3.16,0.0000
1743424677.5181832,NR5G-SA,CONNECT,TDD,DE3B0B093,-72,-1,11,21,-79,-1,8,-79,-1,8,100,0,-57,NR N78,24,73400.0,8.75,8930,nan,0,3.16,0.0000
1743424678.5854604,NR5G-SA,CONNECT,TDD,DE3B0B093,-71,-1,11,21,-79,-1,8,-79,-1,8,100,0,-54,NR N78,24,83894.0,10.0,10207,nan,0,3.16,0.0000
1743424679.649342,NR5G-SA,CONNECT,TDD,DE3B0B093,-71,-1,12,21,-79,-1,8,-79,-1,8,100,0,-58,NR N78,24,73395.0,8.75,8930,nan,0,3.16,0.0000
1743424680.7112856,NR5G-SA,CONNECT,TDD,DE3B0B093,-71,-1,13,21,-79,-1,8,-79,-1,8,100,0,-57,NR N78,24,83883.0,10.0,10206,nan,0,3.16,0.0000
1743424681.749464,NR5G-SA,CONNECT,TDD,DE3B0B093,-71,0,14,21,-79,-1,8,-79,-1,8,100,0,-56,NR N78,24,73406.0,8.75,8931,nan,0,3.16,0.0000
1743424682.7902064,NR5G-SA,CONNECT,TDD,DE3B0B093,-71,-1,14,21,-79,-1,8,-79,-1,8,100,0,-58,NR N78,24,73389.0,8.75,8929,nan,0,3.16,0.0000
1743424683.8693678,NR5G-SA,CONNECT,TDD,DE3B0B093,-71,-1,15,21,-79,-1,8,-79,-1,8,100,0,-57,NR N78,24,83667.0,10.0,10179,nan,0,3.16,0.0000
1743424684.9233317,NR5G-SA,CONNECT,TDD,DE3B0B093,-72,-1,14,21,-80,-1,8,-80,-1,8,100,0,-57,NR N78,24,73605.0,8.75,8955,nan,0,3.16,0.0000
1743424685.9671154,NR5G-SA,CONNECT,TDD,DE3B0B093,-72,-1,15,21,-80,-1,7,-80,-1,7,100,0,-55,NR N78,24,83878.0,10.0,10205,nan,0,3.16,0.0000
1743424687.0107613,NR5G-SA,CONNECT,TDD,DE3B0B093,-72,-1,15,21,-80,-1,7,-80,-1,7,100,0,-59,NR N78,24,73406.0,8.75,8931,nan,0,3.16,0.0000
1743424688.074053,NR5G-SA,CONNECT,TDD,DE3B0B093,-72,-1,15,21,-81,-2,6,-81,-2,6,100,0,-57,NR N78,24,83885.0,10.0,10206,nan,0,3.16,0.0000
1743424689.1419122,NR5G-SA,CONNECT,TDD,DE3B0B093,-72,-1,15,21,-80,-1,7,-80,-1,7,100,0,-58,NR N78,25,73400.0,8.75,8930,nan,0,3.16,0.0000
1743424690.202694,NR5G-SA,CONNECT,TDD,DE3B0B093,-72,-1,16,21,-80,-1,7,-80,-1,7,100,0,-58,NR N78,25,83890.0,10.0,10207,nan,0,3.16,0.0000
1743424691.3106704,NR5G-SA,CONNECT,TDD,DE3B0B093,-72,0,16,20,-80,-1,7,-80,-1,7,100,0,-58,NR N78,23,62906.0,7.5,7654,nan,0,3.16,0.0000
1743424692.343458,NR5G-SA,CONNECT,TDD,DE3B0B093,-72,-1,16,20,-80,-1,8,-80,-1,8,100,0,-59,NR N78,23,73379.0,8.75,8928,nan,0,3.16,0.0000
1743424693.4141817,NR5G-SA,CONNECT,TDD,DE3B0B093,-72,-1,16,20,-79,-1,8,-79,-1,8,100,0,-56,NR N78,24,83920.0,10.0,10210,nan,0,3.16,0.0000
1743424694.4824486,NR5G-SA,CONNECT,TDD,DE3B0B093,-72,-1,15,20,-79,-1,8,-79,-1,8,100,0,-58,NR N78,24,73399.0,8.75,8930,nan,0,3.16,0.0000
1743424695.5254424,NR5G-SA,CONNECT,TDD,DE3B0B093,-72,-1,15,20,-79,-1,8,-79,-1,8,100,0,-58,NR N78,24,73398.0,8.75,8930,nan,0,3.16,0.0000
1743424696.564109,NR5G-SA,CONNECT,TDD,DE3B0B093,-72,-1,15,20,-79,-1,9,-79,-1,9,100,0,-58,NR N78,24,83890.0,10.0,10207,nan,0,3.16,0.0000
1743424697.597953,NR5G-SA,CONNECT,TDD,DE3B0B093,-72,-1,14,20,-79,-1,9,-79,-1,9,100,0,-57,NR N78,24,73402.0,8.75,8931,nan,0,3.16,0.0000
1743424698.665624,NR5G-SA,CONNECT,TDD,DE3B0B093,-72,-1,15,20,-79,-1,8,-79,-1,8,100,0,-58,NR N78,24,73395.0,8.75,8930,nan,0,3.16,0.0000
1743424699.7153456,NR5G-SA,CONNECT,TDD,DE3B0B093,-72,-1,15,20,-79,-1,8,-79,-1,8,100,0,-59,NR N78,24,73388.0,8.75,8929,nan,0,3.16,0.0000
1743424700.755761,NR5G-SA,CONNECT,TDD,DE3B0B093,-72,-1,15,20,-79,-1,7,-79,-1,7,100,0,-57,NR N78,24,83897.0,10.0,10207,nan,0,3.16,0.0000
1743424701.8084917,NR5G-SA,CONNECT,TDD,DE3B0B093,-72,-1,15,20,-79,-1,8,-79,-1,8,100,0,-59,NR N78,24,73408.0,8.75,8931,nan,0,3.16,0.0000
1743424702.8880959,NR5G-SA,CONNECT,TDD,DE3B0B093,-72,-1,16,20,-79,-2,7,-79,-2,7,100,0,-58,NR N78,24,83888.0,10.0,10206,nan,0,3.16,0.0000
1743424703.9390209,NR5G-SA,CONNECT,TDD,DE3B0B093,-72,-1,16,20,-79,-2,7,-79,-2,7,100,0,-58,NR N78,24,83878.0,10.0,10205,nan,0,3.16,0.0000
1743424704.983778,NR5G-SA,CONNECT,TDD,DE3B0B093,-72,-1,15,20,-78,-1,8,-78,-1,8,100,0,-58,NR N78,25,73399.0,8.75,8930,nan,0,3.16,0.0000
1743424706.054639,NR5G-SA,CONNECT,TDD,DE3B0B093,-72,-1,15,20,-78,-1,9,-78,-1,9,100,0,-58,NR N78,25,73403.0,8.75,8931,nan,0,3.16,0.0000
1743424707.1372511,NR5G-SA,CONNECT,TDD,DE3B0B093,-72,-1,15,20,-78,-1,9,-78,-1,9,100,0,-58,NR N78,24,83884.0,10.0,10206,nan,0,3.16,0.0000
1743424708.2139666,NR5G-SA,CONNECT,TDD,DE3B0B093,-72,-1,15,20,-78,-1,9,-78,-1,9,100,0,-57,NR N78,24,73400.0,8.75,8930,nan,0,3.16,0.0000
1743424709.2989547,NR5G-SA,CONNECT,TDD,DE3B0B093,-72,-1,15,20,-79,-1,8,-79,-1,8,100,0,-57,NR N78,24,83879.0,10.0,10205,nan,0,3.16,0.0000
1743424710.3613238,NR5G-SA,CONNECT,TDD,DE3B0B093,-71,-1,15,20,-78,-1,8,-78,-1,8,100,0,-57,NR N78,24,73409.0,8.75,8931,nan,0,3.16,0.0000
1743424711.4538217,NR5G-SA,CONNECT,TDD,DE3B0B093,-71,0,15,20,-78,-1,7,-78,-1,7,100,0,-58,NR N78,24,83882.0,10.0,10206,nan,0,3.16,0.0000
1743424712.4907732,NR5G-SA,CONNECT,TDD,DE3B0B093,-71,0,15,20,-78,-2,6,-78,-2,6,100,0,-58,NR N78,24,94380.0,11.2,11483,nan,0,3.16,0.0000
1743424713.5412223,NR5G-SA,CONNECT,TDD,DE3B0B093,-72,0,15,20,-79,-2,6,-79,-2,6,100,0,-58,NR N78,25,83875.0,10.0,10205,nan,0,3.16,0.0000
1743424714.6050997,NR5G-SA,CONNECT,TDD,DE3B0B093,-71,-1,16,20,-79,-2,6,-79,-2,6,100,0,-57,NR N78,25,83890.0,10.0,10207,nan,0,3.16,0.0000
1743424715.6564283,NR5G-SA,CONNECT,TDD,DE3B0B093,-72,0,16,20,-78,-1,6,-78,-1,6,100,0,-57,NR N78,26,83890.0,10.0,10207,nan,0,3.16,0.0000
1743424716.7053094,NR5G-SA,CONNECT,TDD,DE3B0B093,-71,-1,16,20,-78,-1,7,-78,-1,7,100,0,-57,NR N78,26,83888.0,10.0,10206,nan,0,3.16,0.0000
1743424717.7594137,NR5G-SA,CONNECT,TDD,DE3B0B093,-71,0,16,20,-79,-1,7,-79,-1,7,100,0,-57,NR N78,25,73394.0,8.75,8930,nan,0,3.16,0.0000
1743424718.8092847,NR5G-SA,CONNECT,TDD,DE3B0B093,-71,0,16,20,-79,-1,7,-79,-1,7,100,0,-57,NR N78,25,83886.0,10.0,10206,nan,0,3.16,0.0000
1743424719.839049,NR5G-SA,CONNECT,TDD,DE3B0B093,-71,0,16,20,-80,-1,7,-80,-1,7,100,0,-58,NR N78,24,73398.0,8.75,8930,nan,0,3.16,0.0000
1743424720.8789682,NR5G-SA,CONNECT,TDD,DE3B0B093,-72,0,15,20,-80,-1,6,-80,-1,6,100,0,-58,NR N78,24,83888.0,10.0,10206,nan,0,3.16,0.0000
1743424721.9559596,NR5G-SA,CONNECT,TDD,DE3B0B093,-72,-1,14,20,-80,-2,6,-80,-2,6,100,0,-57,NR N78,24,73402.0,8.75,8931,nan,0,3.16,0.0000
1743424723.0304756,NR5G-SA,CONNECT,TDD,DE3B0B093,-72,0,14,20,-80,-2,6,-80,-2,6,100,0,-58,NR N78,24,73393.0,8.75,8929,nan,0,3.16,0.0000
1743424724.074958,NR5G-SA,CONNECT,TDD,DE3B0B093,-71,0,14,20,-80,-2,5,-80,-2,5,100,0,-58,NR N78,24,83851.0,10.0,10202,nan,0,3.16,0.0000
1743424725.128869,NR5G-SA,CONNECT,TDD,DE3B0B093,-72,-1,15,20,-80,-2,6,-80,-2,6,100,0,-58,NR N78,23,73441.0,8.75,8935,nan,0,3.16,0.0000
1743424726.2307565,NR5G-SA,CONNECT,TDD,DE3B0B093,-72,-1,15,20,-80,-2,6,-80,-2,6,100,0,-57,NR N78,23,73400.0,8.75,8930,nan,0,3.16,0.0000
1743424727.2767808,NR5G-SA,CONNECT,TDD,DE3B0B093,-72,-1,14,20,-80,-1,7,-80,-1,7,100,0,-58,NR N78,24,83890.0,10.0,10207,nan,0,3.16,0.0000
1743424728.3510013,NR5G-SA,CONNECT,TDD,DE3B0B093,-72,0,14,20,-80,-1,7,-80,-1,7,100,0,-58,NR N78,24,73394.0,8.75,8930,nan,0,3.16,0.0000
1743424729.4188778,NR5G-SA,CONNECT,TDD,DE3B0B093,-72,-1,13,20,-79,-1,8,-79,-1,8,100,0,-59,NR N78,24,83893.0,10.0,10207,nan,0,3.16,0.0000
1743424730.4733634,NR5G-SA,CONNECT,TDD,DE3B0B093,-73,-1,13,20,-79,-1,8,-79,-1,8,100,0,-57,NR N78,24,73399.0,8.75,8930,nan,0,3.16,0.0000
1743424731.5100667,NR5G-SA,CONNECT,TDD,DE3B0B093,-72,-1,14,20,-80,-1,8,-80,-1,8,100,0,-58,NR N78,24,83902.0,10.0,10208,nan,0,3.16,0.0000
1743424732.564727,NR5G-SA,CONNECT,TDD,DE3B0B093,-72,-1,14,20,-79,-1,8,-79,-1,8,100,0,-58,NR N78,24,73391.0,8.75,8929,nan,0,3.16,0.0000
1743424733.5995061,NR5G-SA,CONNECT,TDD,DE3B0B093,-72,-1,13,20,-79,-1,9,-79,-1,9,100,0,-57,NR N78,24,83892.0,10.0,10207,nan,0,3.16,0.0000
1743424734.6496637,NR5G-SA,CONNECT,TDD,DE3B0B093,-72,-1,13,20,-79,-1,8,-79,-1,8,100,0,-58,NR N78,24,83890.0,10.0,10207,nan,0,3.16,0.0000
1743424735.7226553,NR5G-SA,CONNECT,TDD,DE3B0B093,-72,-1,14,20,-79,-1,7,-79,-1,7,100,0,-57,NR N78,24,73392.0,8.75,8929,nan,0,3.16,0.0000
1743424736.7832305,NR5G-SA,CONNECT,TDD,DE3B0B093,-72,-1,13,20,-79,-1,8,-79,-1,8,100,0,-58,NR N78,24,52428.0,6.25,6379,nan,0,3.16,0.0000
1743424737.833476,NR5G-SA,CONNECT,TDD,DE3B0B093,-73,-1,13,21,-79,-1,8,-79,-1,8,100,0,-59,NR N78,21,83883.0,10.0,10206,nan,0,3.16,0.0000
1743424738.899915,NR5G-SA,CONNECT,TDD,DE3B0B093,-73,-1,12,21,-79,-1,8,-79,-1,8,100,0,-58,NR N78,25,83887.0,10.0,10206,nan,0,3.16,0.0000
1743424739.940568,NR5G-SA,CONNECT,TDD,DE3B0B093,-72,0,13,21,-79,-1,7,-79,-1,7,100,0,-58,NR N78,25,73403.0,8.75,8931,nan,0,3.16,0.0000
1743424740.9729326,NR5G-SA,CONNECT,TDD,DE3B0B093,-72,-1,13,21,-79,-1,8,-79,-1,8,100,0,-58,NR N78,25,83886.0,10.0,10206,nan,0,3.16,0.0000
1743424742.0146477,NR5G-SA,CONNECT,TDD,DE3B0B093,-72,0,13,21,-78,-1,8,-78,-1,8,100,0,-58,NR N78,25,83896.0,10.0,10207,nan,0,3.16,0.0000
1743424743.056084,NR5G-SA,CONNECT,TDD,DE3B0B093,-72,-1,13,21,-79,-1,8,-79,-1,8,100,0,-58,NR N78,25,83886.0,10.0,10206,nan,0,3.16,0.0000
1743424744.0994256,NR5G-SA,CONNECT,TDD,DE3B0B093,-72,-1,14,21,-79,-1,8,-79,-1,8,100,0,-57,NR N78,25,73392.0,8.75,8929,nan,0,3.16,0.0000
1743424745.139453,NR5G-SA,CONNECT,TDD,DE3B0B093,-72,-1,14,20,-79,-1,8,-79,-1,8,100,0,-56,NR N78,25,83887.0,10.0,10206,nan,0,3.16,0.0000
1743424746.1847098,NR5G-SA,CONNECT,TDD,DE3B0B093,-72,-1,14,20,-79,-1,8,-79,-1,8,100,0,-59,NR N78,25,73400.0,8.75,8930,nan,0,3.16,0.0000
1743424747.2230985,NR5G-SA,CONNECT,TDD,DE3B0B093,-72,-1,13,20,-79,-1,8,-79,-1,8,100,0,-59,NR N78,25,83879.0,10.0,10205,nan,0,3.16,0.0000
1743424748.284537,NR5G-SA,CONNECT,TDD,DE3B0B093,-72,-1,13,20,-79,-1,7,-79,-1,7,100,0,-59,NR N78,25,83894.0,10.0,10207,nan,0,3.16,0.0000
1743424749.3578146,NR5G-SA,CONNECT,TDD,DE3B0B093,-72,-1,14,20,-80,-1,7,-80,-1,7,100,0,-58,NR N78,24,73394.0,8.75,8930,nan,0,3.16,0.0000
1743424750.4150589,NR5G-SA,CONNECT,TDD,DE3B0B093,-72,-1,14,20,-80,-1,6,-80,-1,6,100,0,-57,NR N78,24,73409.0,8.75,8931,nan,0,3.16,0.0000
1743424751.4502237,NR5G-SA,CONNECT,TDD,DE3B0B093,-72,-1,14,20,-81,-3,4,-81,-3,4,100,0,-57,NR N78,24,83889.0,10.0,10206,nan,0,3.16,0.0000
1743424752.5339074,NR5G-SA,CONNECT,TDD,DE3B0B093,-72,-1,13,20,-81,-2,5,-81,-2,5,100,0,-59,NR N78,24,83878.0,10.0,10205,nan,0,3.16,0.0000
1743424753.5803218,NR5G-SA,CONNECT,TDD,DE3B0B093,-72,-1,14,20,-80,-2,6,-80,-2,6,100,0,-55,NR N78,24,73405.0,8.75,8931,nan,0,3.16,0.0000
1743424754.6192892,NR5G-SA,CONNECT,TDD,DE3B0B093,-72,-1,15,20,-79,-1,7,-79,-1,7,100,0,-54,NR N78,24,83881.0,10.0,10206,nan,0,3.16,0.0000
1743424755.7019033,NR5G-SA,CONNECT,TDD,DE3B0B093,-71,-1,16,20,-79,-1,7,-79,-1,7,100,0,-55,NR N78,24,73396.0,8.75,8930,nan,0,3.16,0.0000
1743424756.7838407,NR5G-SA,CONNECT,TDD,DE3B0B093,-71,-2,16,20,-79,-1,7,-79,-1,7,100,0,-55,NR N78,24,73398.0,8.75,8930,nan,0,3.16,0.0000
1743424757.906464,NR5G-SA,CONNECT,TDD,DE3B0B093,-71,-1,15,20,-78,-1,8,-78,-1,8,100,0,-57,NR N78,24,83894.0,10.0,10207,nan,0,3.16,0.0000
1743424758.9766734,NR5G-SA,CONNECT,TDD,DE3B0B093,-71,-1,15,20,-78,-1,10,-78,-1,10,100,0,-58,NR N78,24,73401.0,8.75,8930,nan,0,3.16,0.0000
1743424760.0656064,NR5G-SA,CONNECT,TDD,DE3B0B093,-71,-1,15,20,-78,-1,9,-78,-1,9,100,0,-58,NR N78,24,73403.0,8.75,8931,nan,0,3.16,0.0000
1743424761.1691415,NR5G-SA,CONNECT,TDD,DE3B0B093,-72,0,15,20,-78,-1,8,-78,-1,8,100,0,-58,NR N78,24,83891.0,10.0,10207,nan,0,3.16,0.0000
1743424762.2483647,NR5G-SA,CONNECT,TDD,DE3B0B093,-72,-1,14,20,-78,-1,8,-78,-1,8,100,0,-59,NR N78,24,73393.0,8.75,8929,nan,0,3.16,0.0000
1743424763.301013,NR5G-SA,CONNECT,TDD,DE3B0B093,-72,-2,14,20,-78,-1,8,-78,-1,8,100,0,-56,NR N78,24,73408.0,8.75,8931,nan,0,3.16,0.0000
1743424764.368221,NR5G-SA,CONNECT,TDD,DE3B0B093,-73,-2,12,20,-79,-2,5,-79,-2,5,100,0,-56,NR N78,24,73396.0,8.75,8930,nan,0,3.16,0.0000
1743424765.41573,NR5G-SA,CONNECT,TDD,DE3B0B093,-76,-3,10,20,-80,-4,3,-80,-4,3,100,0,-56,NR N78,24,73397.0,8.75,8930,nan,0,3.16,0.0000
1743424766.4735856,NR5G-SA,CONNECT,TDD,DE3B0B093,-76,-5,8,20,-79,-5,2,-79,-5,2,100,0,-62,NR N78,24,73391.0,8.75,8929,nan,0,3.16,0.0000
1743424767.5695467,NR5G-SA,CONNECT,TDD,DE3B0B093,-76,-3,8,20,-79,-4,2,-79,-4,2,100,0,-60,NR N78,24,94382.0,11.2,11483,nan,0,3.16,0.0000
1743424768.6069345,NR5G-SA,CONNECT,TDD,DE3B0B093,-77,-2,7,20,-80,-3,3,-80,-3,3,100,0,-62,NR N78,24,83876.0,10.0,10205,nan,0,3.16,0.0000
1743424769.6387787,NR5G-SA,CONNECT,TDD,DE3B0B093,-77,-2,7,20,-80,-3,2,-80,-3,2,100,0,-63,NR N78,25,94382.0,11.2,11483,nan,0,3.16,0.0000
1743424770.687717,NR5G-SA,CONNECT,TDD,DE3B0B093,-77,-2,7,20,-80,-3,1,-80,-3,1,100,0,-61,NR N78,25,94367.0,11.2,11481,nan,0,3.16,0.0000
1743424771.7583015,NR5G-SA,CONNECT,TDD,DE3B0B093,-77,-2,7,20,-80,-4,1,-80,-4,1,100,0,-64,NR N78,26,83884.0,10.0,10206,nan,0,3.16,0.0000
1743424772.8320653,NR5G-SA,CONNECT,TDD,DE3B0B093,-78,-2,6,20,-80,-4,0,-80,-4,0,100,0,-63,NR N78,26,83884.0,10.0,10206,nan,0,3.16,0.0000
1743424773.8804867,NR5G-SA,CONNECT,TDD,DE3B0B093,-78,-3,6,20,-80,-4,0,-80,-4,0,100,0,-61,NR N78,26,83892.0,10.0,10207,nan,0,3.16,0.0000
1743424774.9266412,NR5G-SA,CONNECT,TDD,DE3B0B093,-78,-2,7,20,-80,-3,1,-80,-3,1,100,0,-61,NR N78,25,83871.0,10.0,10204,nan,0,3.16,0.0000
1743424775.9928412,NR5G-SA,CONNECT,TDD,DE3B0B093,-75,-2,9,20,-83,-6,1,-83,-6,1,100,0,-60,NR N78,25,83902.0,10.0,10208,nan,0,3.16,0.0000
1743424777.0354044,NR5G-SA,CONNECT,TDD,DE3B0B093,-75,-2,10,20,-82,-5,0,-82,-5,0,100,0,-61,NR N78,25,83888.0,10.0,10206,nan,0,3.16,0.0000
1743424778.0774891,NR5G-SA,CONNECT,TDD,DE3B0B093,-75,-2,11,20,-81,-5,0,-81,-5,0,100,0,-59,NR N78,25,83886.0,10.0,10206,nan,0,3.16,0.0000
1743424779.115626,NR5G-SA,CONNECT,TDD,DE3B0B093,-76,-1,11,20,-82,-5,0,-82,-5,0,100,0,-63,NR N78,25,73399.0,8.75,8930,nan,0,3.16,0.0000
1743424780.152826,NR5G-SA,CONNECT,TDD,DE3B0B093,-76,-1,11,20,-82,-5,0,-82,-5,0,100,0,-61,NR N78,25,73385.0,8.75,8929,nan,0,3.16,0.0000
1743424781.215856,NR5G-SA,CONNECT,TDD,DE3B0B093,-76,-2,11,20,-82,-5,0,-82,-5,0,100,0,-61,NR N78,24,83903.0,10.0,10208,nan,0,3.16,0.0000
1743424782.276386,NR5G-SA,CONNECT,TDD,DE3B0B093,-76,-1,11,20,-81,-4,0,-81,-4,0,100,0,-61,NR N78,24,73402.0,8.75,8931,nan,0,3.16,0.0000
1743424783.3553114,NR5G-SA,CONNECT,TDD,DE3B0B093,-76,-1,11,20,-81,-4,0,-81,-4,0,100,0,-60,NR N78,24,73398.0,8.75,8930,nan,0,3.16,0.0000
1743424784.4136145,NR5G-SA,CONNECT,TDD,DE3B0B093,-76,-1,11,20,-81,-4,0,-81,-4,0,100,0,-60,NR N78,24,73399.0,8.75,8930,nan,0,3.16,0.0000
1743424785.4695911,NR5G-SA,CONNECT,TDD,DE3B0B093,-76,-1,11,20,-80,-4,0,-80,-4,0,100,0,-61,NR N78,23,73402.0,8.75,8931,nan,0,3.16,0.0000
1743424786.5109427,NR5G-SA,CONNECT,TDD,DE3B0B093,-75,-1,11,20,-80,-4,0,-80,-4,0,100,0,-61,NR N78,23,73399.0,8.75,8930,nan,0,3.16,0.0000
1743424787.6007013,NR5G-SA,CONNECT,TDD,DE3B0B093,-75,-1,10,20,-81,-4,0,-81,-4,0,100,0,-63,NR N78,24,73400.0,8.75,8930,nan,0,3.16,0.0000
1743424788.6395862,NR5G-SA,CONNECT,TDD,DE3B0B093,-76,-2,9,20,-82,-4,0,-82,-4,0,100,0,-60,NR N78,24,73398.0,8.75,8930,nan,0,3.16,0.0000
1743424789.70392,NR5G-SA,CONNECT,TDD,DE3B0B093,-77,-2,8,20,-81,-4,1,-81,-4,1,100,0,-57,NR N78,24,83894.0,10.0,10207,nan,0,3.16,0.0000
1743424790.7609003,NR5G-SA,CONNECT,TDD,DE3B0B093,-76,-1,11,20,-79,-2,6,-79,-2,6,100,0,-60,NR N78,24,73396.0,8.75,8930,nan,0,3.16,0.0000
1743424791.792418,NR5G-SA,CONNECT,TDD,DE3B0B093,-74,-1,12,20,-78,-1,8,-78,-1,8,100,0,-59,NR N78,24,83888.0,10.0,10206,nan,0,3.16,0.0000
1743424792.8354173,NR5G-SA,CONNECT,TDD,DE3B0B093,-73,0,14,20,-78,-1,8,-78,-1,8,100,0,-59,NR N78,25,83877.0,10.0,10205,nan,0,3.16,0.0000
1743424793.8959932,NR5G-SA,CONNECT,TDD,DE3B0B093,-73,0,14,20,-78,-1,8,-78,-1,8,100,0,-57,NR N78,25,83890.0,10.0,10207,nan,0,3.16,0.0000
1743424794.9304838,NR5G-SA,CONNECT,TDD,DE3B0B093,-73,0,15,20,-78,0,8,-78,0,8,100,0,-61,NR N78,25,83895.0,10.0,10207,nan,0,3.16,0.0000
1743424795.9682844,NR5G-SA,CONNECT,TDD,DE3B0B093,-73,0,14,20,-78,-1,8,-78,-1,8,100,0,-60,NR N78,25,83886.0,10.0,10206,nan,0,3.16,0.0000
1743424797.0059822,NR5G-SA,CONNECT,TDD,DE3B0B093,-73,0,14,20,-78,-1,8,-78,-1,8,100,0,-59,NR N78,24,73392.0,8.75,8929,nan,0,3.16,0.0000
1743424798.0848372,NR5G-SA,CONNECT,TDD,DE3B0B093,-73,0,14,20,-79,-1,8,-79,-1,8,100,0,-59,NR N78,24,73402.0,8.75,8931,nan,0,3.16,0.0000
1743424799.1626503,NR5G-SA,CONNECT,TDD,DE3B0B093,-73,0,14,21,-78,-1,8,-78,-1,8,100,0,-59,NR N78,24,73398.0,8.75,8930,nan,0,3.16,0.0000
1743424800.2219105,NR5G-SA,CONNECT,TDD,DE3B0B093,-73,0,15,21,-78,-1,8,-78,-1,8,100,0,-58,NR N78,24,83890.0,10.0,10207,nan,0,3.16,0.0000
1743424801.2678468,NR5G-SA,CONNECT,TDD,DE3B0B093,-73,0,14,21,-78,0,9,-78,0,9,100,0,-61,NR N78,24,73403.0,8.75,8931,nan,0,3.16,0.0000
1743424802.325752,NR5G-SA,CONNECT,TDD,DE3B0B093,-74,0,14,21,-77,0,8,-77,0,8,100,0,-61,NR N78,24,83884.0,10.0,10206,nan,0,3.16,0.0000
1743424803.4190767,NR5G-SA,CONNECT,TDD,DE3B0B093,-74,-1,14,21,-77,-1,9,-77,-1,9,100,0,-59,NR N78,25,83893.0,10.0,10207,nan,0,3.16,0.0000
1743424804.4589858,NR5G-SA,CONNECT,TDD,DE3B0B093,-73,0,14,21,-77,-1,9,-77,-1,9,100,0,-58,NR N78,25,73386.0,8.75,8929,nan,0,3.16,0.0000
1743424805.5346537,NR5G-SA,CONNECT,TDD,DE3B0B093,-73,0,14,21,-77,-1,8,-77,-1,8,100,0,-61,NR N78,25,83881.0,10.0,10206,nan,0,3.16,0.0000
1743424806.580721,NR5G-SA,CONNECT,TDD,DE3B0B093,-74,0,13,21,-78,-1,9,-78,-1,9,100,0,-60,NR N78,25,73409.0,8.75,8931,nan,0,3.16,0.0000
1743424807.648567,NR5G-SA,CONNECT,TDD,DE3B0B093,-74,0,13,21,-78,-1,8,-78,-1,8,100,0,-60,NR N78,24,73395.0,8.75,8930,nan,0,3.16,0.0000
1743424808.7176597,NR5G-SA,CONNECT,TDD,DE3B0B093,-73,0,13,21,-78,-1,7,-78,-1,7,100,0,-58,NR N78,24,83842.0,10.0,10201,nan,0,3.16,0.0000
1743424809.8011785,NR5G-SA,CONNECT,TDD,DE3B0B093,-73,0,13,21,-78,-2,5,-78,-2,5,100,0,-61,NR N78,24,73436.0,8.75,8935,nan,0,3.16,0.0000
1743424810.858123,NR5G-SA,CONNECT,TDD,DE3B0B093,-73,0,13,21,-79,-2,4,-79,-2,4,100,0,-59,NR N78,24,73397.0,8.75,8930,nan,0,3.16,0.0000
1743424811.9208643,NR5G-SA,CONNECT,TDD,DE3B0B093,-73,0,14,20,-78,-2,5,-78,-2,5,100,0,-59,NR N78,24,83890.0,10.0,10207,nan,0,3.16,0.0000
1743424812.9946723,NR5G-SA,CONNECT,TDD,DE3B0B093,-74,-1,14,20,-78,-2,7,-78,-2,7,100,0,-60,NR N78,25,83892.0,10.0,10207,nan,0,3.16,0.0000
1743424814.080553,NR5G-SA,CONNECT,TDD,DE3B0B093,-74,0,14,20,-77,-1,8,-77,-1,8,100,0,-59,NR N78,25,73401.0,8.75,8930,nan,0,3.16,0.0000
1743424815.1268997,NR5G-SA,CONNECT,TDD,DE3B0B093,-74,-1,13,20,-77,-1,10,-77,-1,10,100,0,-60,NR N78,24,73402.0,8.75,8931,nan,0,3.16,0.0000
1743424816.179161,NR5G-SA,CONNECT,TDD,DE3B0B093,-74,-1,12,20,-76,-1,9,-76,-1,9,100,0,-59,NR N78,24,73401.0,8.75,8930,nan,0,3.16,0.0000
1743424817.2222328,NR5G-SA,CONNECT,TDD,DE3B0B093,-74,-2,12,20,-77,-2,6,-77,-2,6,100,0,-61,NR N78,24,62911.0,7.5,7654,nan,0,3.16,0.0000
1743424818.2879837,NR5G-SA,CONNECT,TDD,DE3B0B093,-75,-2,11,20,-77,-2,4,-77,-2,4,100,0,-59,NR N78,24,73390.0,8.75,8929,nan,0,3.16,0.0000
1743424819.3608387,NR5G-SA,CONNECT,TDD,DE3B0B093,-75,-1,11,20,-77,-2,6,-77,-2,6,100,0,-61,NR N78,25,83891.0,10.0,10207,nan,0,3.16,0.0000
1743424820.4355502,NR5G-SA,CONNECT,TDD,DE3B0B093,-75,-1,11,20,-77,-1,7,-77,-1,7,100,0,-60,NR N78,25,73405.0,8.75,8931,nan,0,3.16,0.0000
1743424821.4668493,NR5G-SA,CONNECT,TDD,DE3B0B093,-74,-2,10,20,-77,-2,5,-77,-2,5,100,0,-58,NR N78,25,83867.0,10.0,10204,nan,0,3.16,0.0000
1743424822.5448446,NR5G-SA,CONNECT,TDD,DE3B0B093,-73,-2,12,20,-77,-2,5,-77,-2,5,100,0,-59,NR N78,25,83894.0,10.0,10207,nan,0,3.16,0.0000
1743424823.5967247,NR5G-SA,CONNECT,TDD,DE3B0B093,-73,-1,12,20,-78,-2,4,-78,-2,4,100,0,-59,NR N78,26,94377.0,11.2,11483,nan,0,3.16,0.0000
1743424824.6788254,NR5G-SA,CONNECT,TDD,DE3B0B093,-74,-1,10,20,-78,-2,4,-78,-2,4,100,0,-59,NR N78,26,73395.0,8.75,8930,nan,0,3.16,0.0000
1743424825.7338314,NR5G-SA,CONNECT,TDD,DE3B0B093,-74,-2,11,20,-78,-2,4,-78,-2,4,100,0,-61,NR N78,26,94383.0,11.2,11483,nan,0,3.16,0.0000
1743424826.7765033,NR5G-SA,CONNECT,TDD,DE3B0B093,-73,-1,11,20,-77,-2,5,-77,-2,5,100,0,-59,NR N78,26,83878.0,10.0,10205,nan,0,3.16,0.0000
1743424827.8365967,NR5G-SA,CONNECT,TDD,DE3B0B093,-73,-1,12,20,-76,-2,3,-76,-2,3,100,0,-60,NR N78,26,83894.0,10.0,10207,nan,0,3.16,0.0000
1743424828.8934512,NR5G-SA,CONNECT,TDD,DE3B0B093,-74,-1,12,20,-77,-2,3,-77,-2,3,100,0,-59,NR N78,26,83875.0,10.0,10205,nan,0,3.16,0.0000
1743424829.9631402,NR5G-SA,CONNECT,TDD,DE3B0B093,-74,-3,12,20,-77,-3,4,-77,-3,4,100,0,-56,NR N78,26,94383.0,11.2,11483,nan,0,3.16,0.0000
1743424831.0126665,NR5G-SA,CONNECT,TDD,DE3B0B093,-74,-3,12,20,-77,-3,4,-77,-3,4,100,0,-56,NR N78,26,83887.0,10.0,10206,nan,0,3.16,0.0000
1743424832.0475204,NR5G-SA,CONNECT,TDD,DE3B0B093,-74,-2,12,20,-78,-3,4,-78,-3,4,100,0,-61,NR N78,26,83877.0,10.0,10205,nan,0,3.16,0.0000
1743424833.0924678,NR5G-SA,CONNECT,TDD,DE3B0B093,-74,-3,11,20,-77,-3,4,-77,-3,4,100,0,-52,NR N78,26,94373.0,11.2,11482,nan,0,3.16,0.0000
1743424834.1456149,NR5G-SA,CONNECT,TDD,DE3B0B093,-73,-3,12,20,-77,-3,3,-77,-3,3,100,0,-57,NR N78,26,94383.0,11.2,11483,nan,0,3.16,0.0000
1743424835.225211,NR5G-SA,CONNECT,TDD,DE3B0B093,-73,-2,11,20,-78,-3,4,-78,-3,4,100,0,-58,NR N78,26,83879.0,10.0,10205,nan,0,3.16,0.0000
1743424836.297475,NR5G-SA,CONNECT,TDD,DE3B0B093,-75,-3,9,20,-82,-7,1,-82,-7,1,100,0,-60,NR N78,26,83890.0,10.0,10207,nan,0,3.16,0.0000
1743424837.3709269,NR5G-SA,CONNECT,TDD,DE3B0B093,-75,-3,8,20,-81,-9,0,-81,-9,0,100,0,-59,NR N78,25,83886.0,10.0,10206,nan,0,3.16,0.0000
1743424838.4101293,NR5G-SA,CONNECT,TDD,DE3B0B093,-75,-2,8,20,-81,-7,0,-81,-7,0,100,0,-61,NR N78,25,83886.0,10.0,10206,nan,0,3.16,0.0000
1743424839.480171,NR5G-SA,CONNECT,TDD,DE3B0B093,-75,-2,7,20,-82,-7,-1,-82,-7,-1,100,0,-58,NR N78,25,83894.0,10.0,10207,nan,0,3.16,0.0000
1743424840.539059,NR5G-SA,CONNECT,TDD,DE3B0B093,-75,-2,7,20,-82,-6,0,-82,-6,0,100,0,-61,NR N78,25,83886.0,10.0,10206,nan,0,3.16,0.0000
1743424841.6079123,NR5G-SA,CONNECT,TDD,DE3B0B093,-75,-2,8,20,-82,-7,0,-82,-7,0,100,0,-60,NR N78,26,83882.0,10.0,10206,nan,0,3.16,0.0000
1743424842.6663184,NR5G-SA,CONNECT,TDD,DE3B0B093,-75,-2,6,20,-81,-8,-2,-81,-8,-2,100,0,-61,NR N78,26,83887.0,10.0,10206,nan,0,3.16,0.0000
1743424843.7249475,NR5G-SA,CONNECT,TDD,DE3B0B093,-76,-2,6,20,-83,-10,-2,-83,-10,-2,100,0,-61,NR N78,25,83882.0,10.0,10206,nan,0,3.16,0.0000
1743424844.8038678,NR5G-SA,CONNECT,TDD,DE3B0B093,-75,-2,8,20,0,0,0,0,0,0,100,0,-56,NR N78,25,73401.0,8.75,8930,nan,0,3.16,0.0000
1743424845.8565524,NR5G-SA,CONNECT,TDD,DE3B0B093,-74,-2,10,20,-81,-8,-2,-81,-8,-2,100,0,-59,NR N78,25,83891.0,10.0,10207,nan,0,3.16,0.0000
1743424846.8898692,NR5G-SA,CONNECT,TDD,DE3B0B093,-75,-2,10,20,-81,-7,0,-81,-7,0,100,0,-61,NR N78,25,83880.0,10.0,10205,nan,0,3.16,0.0000
1743424847.9536982,NR5G-SA,CONNECT,TDD,DE3B0B093,-75,-1,9,20,-81,-6,0,-81,-6,0,100,0,-58,NR N78,25,94303.0,11.2,11474,nan,0,3.16,0.0000
1743424849.0245092,NR5G-SA,CONNECT,TDD,DE3B0B093,-74,-2,9,20,-82,-6,0,-82,-6,0,100,0,-60,NR N78,26,83956.0,10.0,10215,nan,0,3.16,0.0000
1743424850.0612593,NR5G-SA,CONNECT,TDD,DE3B0B093,-74,-1,9,20,-81,-5,0,-81,-5,0,100,0,-59,NR N78,26,83889.0,10.0,10206,nan,0,3.16,0.0000
1743424851.1093063,NR5G-SA,CONNECT,TDD,DE3B0B093,-74,-1,11,20,-82,-6,0,-82,-6,0,100,0,-59,NR N78,26,94371.0,11.2,11482,nan,0,3.16,0.0000
1743424852.1556625,NR5G-SA,CONNECT,TDD,DE3B0B093,-74,-1,11,20,-83,-8,1,-83,-8,1,100,0,-59,NR N78,26,94375.0,11.2,11482,nan,0,3.16,0.0000
1743424853.2216249,NR5G-SA,CONNECT,TDD,DE3B0B093,-74,-1,11,20,-82,-8,2,-82,-8,2,100,0,-60,NR N78,26,83722.0,10.0,10186,nan,0,3.16,0.0000
1743424854.3082342,NR5G-SA,CONNECT,TDD,DE3B0B093,-75,-1,11,20,-81,-6,0,-81,-6,0,100,0,-60,NR N78,26,73537.0,8.75,8947,nan,0,3.16,0.0000
1743424855.3715513,NR5G-SA,CONNECT,TDD,DE3B0B093,-74,-1,12,20,-81,-6,2,-81,-6,2,100,0,-59,NR N78,25,83893.0,10.0,10207,nan,0,3.16,0.0000
1743424856.420741,NR5G-SA,CONNECT,TDD,DE3B0B093,-74,-1,12,20,-82,-6,3,-82,-6,3,100,0,-60,NR N78,25,83878.0,10.0,10205,nan,0,3.16,0.0000
1743424857.4711478,NR5G-SA,CONNECT,TDD,DE3B0B093,-75,-1,11,20,-82,-6,2,-82,-6,2,100,0,-61,NR N78,25,83887.0,10.0,10206,nan,0,3.16,0.0000
1743424858.52765,NR5G-SA,CONNECT,TDD,DE3B0B093,-75,-1,10,20,-83,-7,2,-83,-7,2,100,0,-59,NR N78,25,83874.0,10.0,10205,nan,0,3.16,0.0000
1743424859.6218646,NR5G-SA,CONNECT,TDD,DE3B0B093,-74,-1,10,20,-83,-7,2,-83,-7,2,100,0,-59,NR N78,26,83882.0,10.0,10206,nan,0,3.16,0.0000
1743424860.6792238,NR5G-SA,CONNECT,TDD,DE3B0B093,-74,-1,10,20,0,0,0,0,0,0,100,0,-61,NR N78,26,83893.0,10.0,10207,nan,0,3.16,0.0000
1743424861.716337,NR5G-SA,CONNECT,TDD,DE3B0B093,-75,-1,10,20,-81,-5,-2,-81,-5,-2,100,0,-60,NR N78,25,83884.0,10.0,10206,nan,0,3.16,0.0000
1743424862.759945,NR5G-SA,CONNECT,TDD,DE3B0B093,-74,-1,11,20,-81,-5,0,-81,-5,0,100,0,-58,NR N78,25,83889.0,10.0,10206,nan,0,3.16,0.0000
1743424863.8140202,NR5G-SA,CONNECT,TDD,DE3B0B093,-74,-2,11,20,-81,-6,1,-81,-6,1,100,0,-61,NR N78,26,94371.0,11.2,11482,nan,0,3.16,0.0000
1743424864.8580167,NR5G-SA,CONNECT,TDD,DE3B0B093,-74,-1,11,20,-80,-5,1,-80,-5,1,100,0,-58,NR N78,26,83890.0,10.0,10207,nan,0,3.16,0.0000
1743424865.8990307,NR5G-SA,CONNECT,TDD,DE3B0B093,-74,-1,11,20,-80,-5,0,-80,-5,0,100,0,-59,NR N78,26,94369.0,11.2,11482,nan,0,3.16,0.0000
1743424866.9472857,NR5G-SA,CONNECT,TDD,DE3B0B093,-75,-1,10,20,-80,-4,0,-80,-4,0,100,0,-60,NR N78,25,73398.0,8.75,8930,nan,0,3.16,0.0000
1743424868.0410068,NR5G-SA,CONNECT,TDD,DE3B0B093,-75,-1,11,20,-80,-4,0,-80,-4,0,100,0,-58,NR N78,25,83888.0,10.0,10206,nan,0,3.16,0.0000
1743424869.1121457,NR5G-SA,CONNECT,TDD,DE3B0B093,-75,-1,11,20,-80,-5,0,-80,-5,0,100,0,-60,NR N78,25,83878.0,10.0,10205,nan,0,3.16,0.0000
1743424870.191282,NR5G-SA,CONNECT,TDD,DE3B0B093,-75,-2,11,20,-80,-5,0,-80,-5,0,100,0,-59,NR N78,25,73405.0,8.75,8931,nan,0,3.16,0.0000
1743424871.2256126,NR5G-SA,CONNECT,TDD,DE3B0B093,-75,-1,11,20,-80,-5,0,-80,-5,0,100,0,-60,NR N78,24,83894.0,10.0,10207,nan,0,3.16,0.0000
1743424872.2927496,NR5G-SA,CONNECT,TDD,DE3B0B093,-75,-2,12,20,-81,-5,0,-81,-5,0,100,0,-61,NR N78,24,83874.0,10.0,10205,nan,0,3.16,0.0000
1743424873.3507483,NR5G-SA,CONNECT,TDD,DE3B0B093,-75,-2,11,20,-80,-4,0,-80,-4,0,100,0,-61,NR N78,25,83903.0,10.0,10208,nan,0,3.16,0.0000
1743424874.406682,NR5G-SA,CONNECT,TDD,DE3B0B093,-74,-2,12,20,-80,-4,1,-80,-4,1,100,0,-59,NR N78,25,73394.0,8.75,8930,nan,0,3.16,0.0000
1743424875.464433,NR5G-SA,CONNECT,TDD,DE3B0B093,-74,-3,12,20,-80,-5,1,-80,-5,1,100,0,-55,NR N78,25,83892.0,10.0,10207,nan,0,3.16,0.0000
1743424876.4959998,NR5G-SA,CONNECT,TDD,DE3B0B093,-74,-2,12,20,-80,-5,0,-80,-5,0,100,0,-60,NR N78,25,83886.0,10.0,10206,nan,0,3.16,0.0000
1743424877.5632389,NR5G-SA,CONNECT,TDD,DE3B0B093,-74,-1,13,20,-80,-4,0,-80,-4,0,100,0,-60,NR N78,24,73397.0,8.75,8930,nan,0,3.16,0.0000
1743424878.5976443,NR5G-SA,CONNECT,TDD,DE3B0B093,-74,-1,13,20,-81,-4,0,-81,-4,0,100,0,-60,NR N78,24,83895.0,10.0,10207,nan,0,3.16,0.0000
1743424879.6837578,NR5G-SA,CONNECT,TDD,DE3B0B093,-74,-1,13,20,-81,-4,0,-81,-4,0,100,0,-60,NR N78,25,73378.0,8.75,8928,nan,0,3.16,0.0000
1743424880.7351108,NR5G-SA,CONNECT,TDD,DE3B0B093,-74,-1,13,20,-80,-4,0,-80,-4,0,100,0,-59,NR N78,25,83904.0,10.0,10208,nan,0,3.16,0.0000
1743424881.7719467,NR5G-SA,CONNECT,TDD,DE3B0B093,-74,-1,13,20,-80,-4,0,-80,-4,0,100,0,-59,NR N78,25,83887.0,10.0,10206,nan,0,3.16,0.0000
1743424882.81327,NR5G-SA,CONNECT,TDD,DE3B0B093,-75,-1,14,20,-80,-4,0,-80,-4,0,100,0,-61,NR N78,25,83895.0,10.0,10207,nan,0,3.16,0.0000
1743424883.8477957,NR5G-SA,CONNECT,TDD,DE3B0B093,-75,-1,14,20,-80,-4,0,-80,-4,0,100,0,-57,NR N78,24,73392.0,8.75,8929,nan,0,3.16,0.0000
1743424884.8829272,NR5G-SA,CONNECT,TDD,DE3B0B093,-75,-1,14,20,-80,-4,0,-80,-4,0,100,0,-59,NR N78,25,83882.0,10.0,10206,nan,0,3.16,0.0000
1743424885.9285178,NR5G-SA,CONNECT,TDD,DE3B0B093,-75,-1,14,20,-80,-4,0,-80,-4,0,100,0,-62,NR N78,25,104864.0,12.5,12758,nan,0,3.16,0.0000
1743424886.9738803,NR5G-SA,CONNECT,TDD,DE3B0B093,-76,-1,13,20,-80,-4,0,-80,-4,0,100,0,-62,NR N78,26,83894.0,10.0,10207,nan,0,3.16,0.0000
1743424888.0165548,NR5G-SA,CONNECT,TDD,DE3B0B093,-76,-1,13,20,-80,-5,0,-80,-5,0,100,0,-63,NR N78,26,94360.0,11.2,11480,nan,0,3.16,0.0000
1743424889.0618956,NR5G-SA,CONNECT,TDD,DE3B0B093,-76,-1,14,20,-81,-5,1,-81,-5,1,100,0,-62,NR N78,26,83896.0,10.0,10207,nan,0,3.16,0.0000
1743424890.1248999,NR5G-SA,CONNECT,TDD,DE3B0B093,-77,-1,13,20,-81,-5,0,-81,-5,0,100,0,-62,NR N78,26,83885.0,10.0,10206,nan,0,3.16,0.0000
1743424891.1719663,NR5G-SA,CONNECT,TDD,DE3B0B093,-77,-2,10,20,-81,-5,-1,-81,-5,-1,100,0,-62,NR N78,25,83888.0,10.0,10206,nan,0,3.16,0.0000
1743424892.2346056,NR5G-SA,CONNECT,TDD,DE3B0B093,-77,-1,10,20,-82,-6,-1,-82,-6,-1,100,0,-62,NR N78,25,94373.0,11.2,11482,nan,0,3.16,0.0000
1743424893.2725937,NR5G-SA,CONNECT,TDD,DE3B0B093,-77,-1,10,20,-82,-6,-1,-82,-6,-1,100,0,-61,NR N78,25,73399.0,8.75,8930,nan,0,3.16,0.0000
1743424894.308403,NR5G-SA,CONNECT,TDD,DE3B0B093,-76,-2,12,20,-83,-7,0,-83,-7,0,100,0,-60,NR N78,25,83879.0,10.0,10205,nan,0,3.16,0.0000
1743424895.3694425,NR5G-SA,CONNECT,TDD,DE3B0B093,-76,-1,13,20,-82,-7,-1,-82,-7,-1,100,0,-61,NR N78,26,83880.0,10.0,10205,nan,0,3.16,0.0000
1743424896.4172623,NR5G-SA,CONNECT,TDD,DE3B0B093,-77,-2,12,20,-82,-6,0,-82,-6,0,100,0,-61,NR N78,26,83891.0,10.0,10207,nan,0,3.16,0.0000
1743424897.4475102,NR5G-SA,CONNECT,TDD,DE3B0B093,-77,-2,12,20,-82,-6,0,-82,-6,0,100,0,-60,NR N78,26,94379.0,11.2,11483,nan,0,3.16,0.0000
1743424898.4922934,NR5G-SA,CONNECT,TDD,DE3B0B093,-76,-1,11,20,-82,-5,0,-82,-5,0,100,0,-62,NR N78,26,94379.0,11.2,11483,nan,0,3.16,0.0000
1743424899.5505738,NR5G-SA,CONNECT,TDD,DE3B0B093,-76,-1,10,20,-83,-6,0,-83,-6,0,100,0,-62,NR N78,25,83883.0,10.0,10206,nan,0,3.16,0.0000
1743424900.6198866,NR5G-SA,CONNECT,TDD,DE3B0B093,-78,-2,9,20,-84,-8,-2,-84,-8,-2,100,0,-62,NR N78,25,73383.0,8.75,8928,nan,0,3.16,0.0000
1743424901.6735258,NR5G-SA,CONNECT,TDD,DE3B0B093,-77,-2,10,20,-84,-7,-1,-84,-7,-1,100,0,-60,NR N78,25,94386.0,11.2,11484,nan,0,3.16,0.0000
1743424902.703479,NR5G-SA,CONNECT,TDD,DE3B0B093,-78,-2,10,20,-83,-7,-2,-83,-7,-2,100,0,-62,NR N78,25,83881.0,10.0,10206,nan,0,3.16,0.0000
1743424903.810484,NR5G-SA,CONNECT,TDD,DE3B0B093,-78,-2,10,20,-83,-6,-1,-83,-6,-1,100,0,-62,NR N78,26,73400.0,8.75,8930,nan,0,3.16,0.0000
1743424904.8616834,NR5G-SA,CONNECT,TDD,DE3B0B093,-78,-2,9,20,-83,-6,-2,-83,-6,-2,100,0,-63,NR N78,25,94372.0,11.2,11482,nan,0,3.16,0.0000
1743424905.9522097,NR5G-SA,CONNECT,TDD,DE3B0B093,-78,-3,9,20,-87,-11,-3,-87,-11,-3,100,0,-63,NR N78,25,83901.0,10.0,10208,nan,0,3.16,0.0000
1743424907.040628,NR5G-SA,CONNECT,TDD,DE3B0B093,-77,-2,9,20,0,0,0,0,0,0,100,0,-62,NR N78,25,73391.0,8.75,8929,nan,0,3.16,0.0000
1743424908.0912333,NR5G-SA,CONNECT,TDD,DE3B0B093,-77,-2,10,20,0,0,0,0,0,0,100,0,-63,NR N78,25,83886.0,10.0,10206,nan,0,3.16,0.0000
1743424909.148327,NR5G-SA,CONNECT,TDD,DE3B0B093,-77,-2,11,20,-84,-6,-1,-84,-6,-1,100,0,-61,NR N78,25,83892.0,10.0,10207,nan,0,3.16,0.0000
1743424910.2060063,NR5G-SA,CONNECT,TDD,DE3B0B093,-77,-1,11,20,-83,-6,0,-83,-6,0,100,0,-61,NR N78,25,83878.0,10.0,10205,nan,0,3.16,0.0000
1743424911.2592607,NR5G-SA,CONNECT,TDD,DE3B0B093,-76,-2,11,20,-82,-6,0,-82,-6,0,100,0,-61,NR N78,25,83890.0,10.0,10207,nan,0,3.16,0.0000
1743424912.3184245,NR5G-SA,CONNECT,TDD,DE3B0B093,-76,-2,10,20,-83,-7,0,-83,-7,0,100,0,-58,NR N78,25,83895.0,10.0,10207,nan,0,3.16,0.0000
1743424913.3733258,NR5G-SA,CONNECT,TDD,DE3B0B093,-76,-2,10,20,-83,-7,0,-83,-7,0,100,0,-59,NR N78,25,83884.0,10.0,10206,nan,0,3.16,0.0000
1743424914.449318,NR5G-SA,CONNECT,TDD,DE3B0B093,-76,-2,10,20,-102,-24,-3,-102,-24,-3,100,0,-60,NR N78,25,83879.0,10.0,10205,nan,0,3.16,0.0000
1743424915.510692,NR5G-SA,CONNECT,TDD,DE3B0B093,-75,-1,10,20,0,0,0,0,0,0,100,0,-60,NR N78,26,83888.0,10.0,10206,nan,0,3.16,0.0000
1743424916.6101296,NR5G-SA,CONNECT,TDD,DE3B0B093,-74,-1,12,20,0,0,0,0,0,0,100,0,-59,NR N78,26,83879.0,10.0,10205,nan,0,3.16,0.0000
1743424917.6599655,NR5G-SA,CONNECT,TDD,DE3B0B093,-75,-1,12,21,0,0,0,0,0,0,100,0,-61,NR N78,26,73403.0,8.75,8931,nan,0,3.16,0.0000
1743424918.7056613,NR5G-SA,CONNECT,TDD,DE3B0B093,-74,-1,12,21,-81,-3,5,-81,-3,5,100,0,-60,NR N78,26,73399.0,8.75,8930,nan,0,3.16,0.0000
1743424919.7860055,NR5G-SA,CONNECT,TDD,DE3B0B093,-74,-1,12,21,-81,-2,5,-81,-2,5,100,0,-61,NR N78,23,83889.0,10.0,10206,nan,0,3.16,0.0000
1743424920.855691,NR5G-SA,CONNECT,TDD,DE3B0B093,-74,-1,13,21,-80,-3,6,-80,-3,6,100,0,-59,NR N78,25,73388.0,8.75,8929,nan,0,3.16,0.0000
1743424921.9051707,NR5G-SA,CONNECT,TDD,DE3B0B093,-74,-1,12,21,-80,-2,6,-80,-2,6,100,0,-60,NR N78,25,83891.0,10.0,10207,nan,0,3.16,0.0000
1743424922.9765904,NR5G-SA,CONNECT,TDD,DE3B0B093,-74,-1,11,21,-82,-4,4,-82,-4,4,100,0,-56,NR N78,25,83892.0,10.0,10207,nan,0,3.16,0.0000
1743424924.0641532,NR5G-SA,CONNECT,TDD,DE3B0B093,-73,-2,10,21,0,0,0,0,0,0,100,0,-58,NR N78,25,94384.0,11.2,11483,nan,0,3.16,0.0000
1743424925.128469,NR5G-SA,CONNECT,TDD,DE3B0B093,-73,-2,10,20,0,0,0,0,0,0,100,0,-60,NR N78,25,83878.0,10.0,10205,nan,0,3.16,0.0000
1743424926.2039466,NR5G-SA,CONNECT,TDD,DE3B0B093,-73,-1,11,20,0,0,0,0,0,0,100,0,-58,NR N78,25,83887.0,10.0,10206,nan,0,3.16,0.0000
1743424927.2480166,NR5G-SA,CONNECT,TDD,DE3B0B093,-73,-2,10,21,0,0,0,0,0,0,100,0,-56,NR N78,25,73396.0,8.75,8930,nan,0,3.16,0.0000
1743424928.341054,NR5G-SA,CONNECT,TDD,DE3B0B093,-73,-2,10,21,0,0,0,0,0,0,100,0,-59,NR N78,25,83894.0,10.0,10207,nan,0,3.16,0.0000
1743424929.418995,NR5G-SA,CONNECT,TDD,DE3B0B093,-73,-1,10,20,0,0,0,0,0,0,100,0,-58,NR N78,25,83890.0,10.0,10207,nan,0,3.16,0.0000
1743424930.4881303,NR5G-SA,CONNECT,TDD,DE3B0B093,-73,-2,10,20,-84,-7,-1,-84,-7,-1,100,0,-58,NR N78,25,83884.0,10.0,10206,nan,0,3.16,0.0000
1743424931.5474017,NR5G-SA,CONNECT,TDD,DE3B0B093,-73,-2,10,20,-85,-9,0,-85,-9,0,100,0,-58,NR N78,26,83882.0,10.0,10206,nan,0,3.16,0.0000
1743424932.603034,NR5G-SA,CONNECT,TDD,DE3B0B093,-73,-2,11,20,0,0,0,0,0,0,100,0,-57,NR N78,26,94320.0,11.2,11476,nan,0,3.16,0.0000
1743424933.6689208,NR5G-SA,CONNECT,TDD,DE3B0B093,-73,-2,11,20,0,0,0,0,0,0,100,0,-58,NR N78,26,83939.0,10.0,10213,nan,0,3.16,0.0000
1743424934.7002852,NR5G-SA,CONNECT,TDD,DE3B0B093,-72,-2,10,20,0,0,0,0,0,0,100,0,-57,NR N78,26,83878.0,10.0,10205,nan,0,3.16,0.0000
1743424935.763609,NR5G-SA,CONNECT,TDD,DE3B0B093,-72,-2,10,20,0,0,0,0,0,0,100,0,-58,NR N78,26,83894.0,10.0,10207,nan,0,3.16,0.0000
1743424936.8124866,NR5G-SA,CONNECT,TDD,DE3B0B093,-72,-1,10,20,0,0,0,0,0,0,100,0,-57,NR N78,26,83879.0,10.0,10205,nan,0,3.16,0.0000
1743424937.9057941,NR5G-SA,CONNECT,TDD,DE3B0B093,-73,-2,10,20,0,0,0,0,0,0,100,0,-59,NR N78,26,94371.0,11.2,11482,nan,0,3.16,0.0000
1743424938.9640312,NR5G-SA,CONNECT,TDD,DE3B0B093,-73,-2,10,20,0,0,0,0,0,0,100,0,-59,NR N78,26,94372.0,11.2,11482,nan,0,3.16,0.0000
1743424940.012933,NR5G-SA,CONNECT,TDD,DE3B0B093,-74,-2,9,20,0,0,0,0,0,0,100,0,-59,NR N78,26,94382.0,11.2,11483,nan,0,3.16,0.0000
1743424941.0565555,NR5G-SA,CONNECT,TDD,DE3B0B093,-74,-2,9,20,0,0,0,0,0,0,100,0,-57,NR N78,26,83884.0,10.0,10206,nan,0,3.16,0.0000
1743424942.124452,NR5G-SA,CONNECT,TDD,DE3B0B093,-73,-2,10,20,0,0,0,0,0,0,100,0,-59,NR N78,26,83881.0,10.0,10206,nan,0,3.16,0.0000
1743424943.183802,NR5G-SA,CONNECT,TDD,DE3B0B093,-73,-2,8,20,0,0,0,0,0,0,100,0,-58,NR N78,26,94372.0,11.2,11482,nan,0,3.16,0.0000
1743424944.25811,NR5G-SA,CONNECT,TDD,DE3B0B093,-73,-2,9,20,0,0,0,0,0,0,100,0,-58,NR N78,26,83887.0,10.0,10206,nan,0,3.16,0.0000
1743424945.2981343,NR5G-SA,CONNECT,TDD,DE3B0B093,-73,-2,9,20,0,0,0,0,0,0,100,0,-59,NR N78,26,94327.0,11.2,11476,nan,0,3.16,0.0000
1743424946.347231,NR5G-SA,CONNECT,TDD,DE3B0B093,-73,-2,9,20,0,0,0,0,0,0,100,0,-57,NR N78,26,83927.0,10.0,10211,nan,0,3.16,0.0000
1743424947.3887737,NR5G-SA,CONNECT,TDD,DE3B0B093,-73,-2,9,21,-83,-13,-5,-83,-13,-5,100,0,-57,NR N78,26,83886.0,10.0,10206,nan,0,3.16,0.0000
1743424948.4365528,NR5G-SA,CONNECT,TDD,DE3B0B093,-73,-1,9,21,0,0,0,0,0,0,100,0,-58,NR N78,26,94364.0,11.2,11481,nan,0,3.16,0.0000
1743424949.483253,NR5G-SA,CONNECT,TDD,DE3B0B093,-72,-1,9,21,0,0,0,0,0,0,100,0,-56,NR N78,26,83891.0,10.0,10207,nan,0,3.16,0.0000
1743424950.5142853,NR5G-SA,CONNECT,TDD,DE3B0B093,-72,-1,10,21,0,0,0,0,0,0,100,0,-57,NR N78,26,83872.0,10.0,10204,nan,0,3.16,0.0000
1743424951.5666103,NR5G-SA,CONNECT,TDD,DE3B0B093,-72,-2,10,21,0,0,0,0,0,0,100,0,-58,NR N78,26,83894.0,10.0,10207,nan,0,3.16,0.0000
1743424952.61275,NR5G-SA,CONNECT,TDD,DE3B0B093,-72,-1,9,21,0,0,0,0,0,0,100,0,-58,NR N78,26,83892.0,10.0,10207,nan,0,3.16,0.0000
1743424953.679503,NR5G-SA,CONNECT,TDD,DE3B0B093,-72,-1,9,21,0,0,0,0,0,0,100,0,-57,NR N78,25,73395.0,8.75,8930,nan,0,3.16,0.0000
1743424954.7433548,NR5G-SA,CONNECT,TDD,DE3B0B093,-72,-1,9,21,0,0,0,0,0,0,100,0,-59,NR N78,25,83889.0,10.0,10206,nan,0,3.16,0.0000
1743424955.7860045,NR5G-SA,CONNECT,TDD,DE3B0B093,-72,-1,9,21,0,0,0,0,0,0,100,0,-59,NR N78,25,83883.0,10.0,10206,nan,0,3.16,0.0000
1743424956.8449352,NR5G-SA,CONNECT,TDD,DE3B0B093,-73,-1,9,21,0,0,0,0,0,0,100,0,-58,NR N78,26,94381.0,11.2,11483,nan,0,3.16,0.0000
1743424957.9094336,NR5G-SA,CONNECT,TDD,DE3B0B093,-73,-1,8,21,-80,-10,-7,-80,-10,-7,100,0,-57,NR N78,26,83866.0,10.0,10204,nan,0,3.16,0.0000
1743424958.955835,NR5G-SA,CONNECT,TDD,DE3B0B093,-73,-1,9,21,-82,-9,-1,-82,-9,-1,100,0,-57,NR N78,26,83902.0,10.0,10208,nan,0,3.16,0.0000
1743424959.9856374,NR5G-SA,CONNECT,TDD,DE3B0B093,-72,-1,10,21,-83,-10,0,-83,-10,0,100,0,-59,NR N78,26,94366.0,11.2,11481,nan,0,3.16,0.0000
1743424961.027567,NR5G-SA,CONNECT,TDD,DE3B0B093,-72,-1,10,21,-82,-9,2,-82,-9,2,100,0,-59,NR N78,26,83889.0,10.0,10206,nan,0,3.16,0.0000
1743424962.0777042,NR5G-SA,CONNECT,TDD,DE3B0B093,-73,-1,10,21,0,0,0,0,0,0,100,0,-57,NR N78,26,83894.0,10.0,10207,nan,0,3.16,0.0000
1743424963.1412194,NR5G-SA,CONNECT,TDD,DE3B0B093,-72,-1,9,21,0,0,0,0,0,0,100,0,-59,NR N78,26,83879.0,10.0,10205,nan,0,3.16,0.0000
1743424964.1913218,NR5G-SA,CONNECT,TDD,DE3B0B093,-74,-2,8,21,-82,-9,-5,-82,-9,-5,100,0,-60,NR N78,26,83882.0,10.0,10206,nan,0,3.16,0.0000
1743424965.247723,NR5G-SA,CONNECT,TDD,DE3B0B093,-74,-2,7,21,-81,-8,-4,-81,-8,-4,100,0,-59,NR N78,25,83898.0,10.0,10208,nan,0,3.16,0.0000
1743424966.3182356,NR5G-SA,CONNECT,TDD,DE3B0B093,-74,-2,6,21,-80,-8,-2,-80,-8,-2,100,0,-57,NR N78,25,83883.0,10.0,10206,nan,0,3.16,0.0000
1743424967.3603942,NR5G-SA,CONNECT,TDD,DE3B0B093,-74,-2,6,21,-80,-7,-5,-80,-7,-5,100,0,-58,NR N78,25,73392.0,8.75,8929,nan,0,3.16,0.0000
1743424968.4592745,NR5G-SA,CONNECT,TDD,DE3B0B093,-73,-1,7,21,0,0,0,0,0,0,100,0,-60,NR N78,25,73403.0,8.75,8931,nan,0,3.16,0.0000
1743424969.5022573,NR5G-SA,CONNECT,TDD,DE3B0B093,-74,-2,8,21,-81,-6,0,-81,-6,0,100,0,-57,NR N78,24,83878.0,10.0,10205,nan,0,3.16,0.0000
1743424970.5471394,NR5G-SA,CONNECT,TDD,DE3B0B093,-74,-2,7,21,-81,-8,0,-81,-8,0,100,0,-58,NR N78,24,83886.0,10.0,10206,nan,0,3.16,0.0000
1743424971.5850985,NR5G-SA,CONNECT,TDD,DE3B0B093,-73,-2,8,20,-82,-10,0,-82,-10,0,100,0,-58,NR N78,26,83882.0,10.0,10206,nan,0,3.16,0.0000
1743424972.6276085,NR5G-SA,CONNECT,TDD,DE3B0B093,-73,-2,7,20,-81,-9,0,-81,-9,0,100,0,-59,NR N78,26,83890.0,10.0,10207,nan,0,3.16,0.0000
1743424973.6774855,NR5G-SA,CONNECT,TDD,DE3B0B093,-73,-2,7,20,-81,-9,0,-81,-9,0,100,0,-60,NR N78,26,94380.0,11.2,11483,nan,0,3.16,0.0000
1743424974.735099,NR5G-SA,CONNECT,TDD,DE3B0B093,-74,-2,6,20,0,0,0,0,0,0,100,0,-58,NR N78,26,73384.0,8.75,8928,nan,0,3.16,0.0000
1743424975.7775545,NR5G-SA,CONNECT,TDD,DE3B0B093,-74,-2,6,21,-81,-8,-5,-81,-8,-5,100,0,-59,NR N78,26,83895.0,10.0,10207,nan,0,3.16,0.0000
1743424976.8353777,NR5G-SA,CONNECT,TDD,DE3B0B093,-74,-2,6,21,-83,-11,-7,-83,-11,-7,100,0,-60,NR N78,25,83890.0,10.0,10207,nan,0,3.16,0.0000
1743424977.9129586,NR5G-SA,CONNECT,TDD,DE3B0B093,-75,-2,6,21,-85,-12,-3,-85,-12,-3,100,0,-60,NR N78,25,83882.0,10.0,10206,nan,0,3.16,0.0000
1743424978.9725804,NR5G-SA,CONNECT,TDD,DE3B0B093,-75,-2,5,21,-81,-8,-5,-81,-8,-5,100,0,-59,NR N78,25,83896.0,10.0,10207,nan,0,3.16,0.0000
1743425109.0552053,LTE,CONNECT,FDD,48D2C04,-70,-5,17,0,0,0,0,0,0,0,5,1,-45,LTE BAND 1,0,nan,nan,nan,nan,nan,nan,nan
1743425110.1301687,LTE,CONNECT,FDD,48D2C04,-69,-5,17,0,0,0,0,0,0,0,5,0,-45,LTE BAND 1,26,nan,nan,nan,nan,nan,nan,nan
1743425111.1637774,LTE,CONNECT,FDD,48D2C04,-69,-6,18,0,0,0,0,0,0,0,5,0,-44,LTE BAND 1,26,12340.0,1.47,1501,nan,0,94.3,0.0000
1743425112.2062018,LTE,CONNECT,FDD,48D2C04,-70,-6,18,3,-83,-14,1,-83,-14,1,5,0,-44,LTE BAND 1,27,45667.0,5.44,5556,nan,0,341.0,0.0000
1743425113.2526085,LTE,CONNECT,FDD,48D2C04,-69,-5,18,4,0,0,0,0,0,0,5,0,-45,LTE BAND 1,27,71085.0,8.47,8649,nan,0,722.0,0.0000
1743425114.2900987,LTE,CONNECT,FDD,48D2C04,-69,-5,18,5,0,0,0,0,0,0,5,0,-44,LTE BAND 1,27,62746.0,7.49,7634,nan,0,1.45,0.0000
1743425115.3244915,LTE,CONNECT,FDD,48D2C04,-69,-6,18,4,-82,-17,1,-82,-17,1,5,0,-44,LTE BAND 1,27,62837.0,7.5,7645,nan,0,1.5,0.0000
1743425116.381646,LTE,CONNECT,FDD,48D2C04,-70,-6,19,5,-82,-14,2,-82,-14,2,5,0,-44,LTE BAND 1,27,62948.0,7.5,7659,nan,0,1.5,0.0000
1743425117.4186978,LTE,CONNECT,FDD,48D2C04,-71,-6,19,4,0,0,0,0,0,0,5,0,-45,LTE BAND 1,27,63016.0,7.5,7667,nan,0,1.5,0.0000
1743425118.4711533,LTE,CONNECT,FDD,48D2C04,-70,-6,18,3,0,0,0,0,0,0,5,0,-45,LTE BAND 1,27,62885.0,7.5,7651,nan,0,1.5,0.0000
1743425119.5231688,LTE,CONNECT,FDD,48D2C04,-70,-6,18,4,-81,-14,0,-81,-14,0,5,0,-45,LTE BAND 1,27,62915.0,7.5,7655,nan,0,1.5,0.0000
1743425120.574261,LTE,CONNECT,FDD,48D2C04,-69,-5,18,4,0,0,0,0,0,0,5,0,-44,LTE BAND 1,27,62923.0,7.5,7656,nan,0,1.5,0.0000
1743425121.615386,LTE,CONNECT,FDD,48D2C04,-69,-5,11,3,0,0,0,0,0,0,5,0,-44,LTE BAND 1,27,62911.0,7.5,7654,nan,0,1.5,0.0000
1743425122.6610022,LTE,CONNECT,FDD,48D2C04,-69,-5,18,2,0,0,0,0,0,0,5,0,-45,LTE BAND 1,27,62941.0,7.5,7658,nan,0,1.5,0.0000
1743425123.696387,LTE,CONNECT,FDD,FFFFFDC4,327,327,19,2,-66,-4,19,-79,-10,9,5,1,-38,LTE BAND 3,27,62915.0,7.5,7655,nan,0,1.5,0.0000
1743425124.7478135,LTE,CONNECT,FDD,48D2C33,-64,-5,23,-12,-66,-7,7,-66,-7,7,5,1,-39,LTE BAND 3,26,20956.0,2.5,2550,nan,0,1.5,0.0000
1743425125.7985706,LTE,CONNECT,FDD,48D2C33,-64,-5,13,-6,-66,-7,7,-66,-7,7,5,0,-39,LTE BAND 3,25,20980.0,2.5,2553,nan,0,1.89,0.0000
1743425126.8476486,LTE,CONNECT,FDD,48D2C33,-63,-5,16,-7,-66,-7,7,-66,-7,7,5,0,-39,LTE BAND 3,25,41952.0,5.0,5104,nan,0,2.01,0.0000
1743425127.8965797,LTE,CONNECT,FDD,48D2C33,-63,-5,18,-7,-66,-7,7,-66,-7,7,5,0,-39,LTE BAND 3,25,20975.0,2.5,2280,nan,191,1.96,0.0001
1743425128.942788,LTE,CONNECT,FDD,48D2C33,-63,-5,18,-7,-66,-8,7,-66,-8,7,5,0,-39,LTE BAND 3,25,31438.0,3.75,3236,nan,413,1.83,0.0002
1743425130.0528507,LTE,CONNECT,FDD,48D2C33,-63,-5,16,-7,-66,-8,7,-66,-8,7,5,0,-38,LTE BAND 3,24,31473.0,3.75,3722,nan,75,1.31,0.0000
1743425131.087773,LTE,CONNECT,FDD,48D2C33,-63,-5,18,-7,-66,-7,7,-66,-7,7,5,0,-39,LTE BAND 3,24,31457.0,3.75,3827,nan,0,1.38,0.0000
1743425132.2204213,LTE,CONNECT,FDD,48D2C33,-63,-5,21,-7,-66,-8,7,-66,-8,7,5,0,-39,LTE BAND 3,24,31459.0,3.75,3828,nan,0,1.5,0.0000
1743425133.328359,LTE,CONNECT,FDD,48D2C33,-64,-5,22,-6,-66,-7,7,-66,-7,7,5,0,-39,LTE BAND 3,24,31451.0,3.75,3827,nan,0,1.54,0.0000
1743425134.4489703,LTE,CONNECT,FDD,48D2C33,-64,-5,22,-1,-66,-7,7,-66,-7,7,5,0,-38,LTE BAND 3,24,20974.0,2.5,2552,nan,0,1.57,0.0000
1743425135.5679853,LTE,CONNECT,FDD,48D2C33,-63,-5,18,2,-66,-7,7,-66,-7,7,5,0,-39,LTE BAND 3,24,52417.0,6.25,6377,nan,0,1.58,0.0000
1743425136.6857653,LTE,CONNECT,FDD,48D2C33,-63,-5,23,4,-66,-7,7,-66,-7,7,5,0,-39,LTE BAND 3,24,62926.0,7.5,7656,nan,0,1.59,0.0000
1743425137.768776,LTE,CONNECT,FDD,48D2C33,-63,-5,16,3,-66,-7,7,-66,-7,7,5,0,-39,LTE BAND 3,25,62923.0,7.5,7656,nan,0,1.59,0.0000
1743425138.879037,LTE,CONNECT,FDD,48D2C33,-63,-5,14,4,-66,-7,7,-66,-7,7,5,0,-39,LTE BAND 3,25,62917.0,7.5,7655,nan,0,1.59,0.0000
1743425139.9477098,LTE,CONNECT,FDD,48D2C33,-63,-5,18,3,-66,-7,7,-66,-7,7,5,0,-39,LTE BAND 3,25,62918.0,7.5,7655,nan,0,1.59,0.0000
1743425141.064464,LTE,CONNECT,FDD,48D2C33,-64,-5,23,4,-67,-8,7,-67,-8,7,5,0,-39,LTE BAND 3,25,62904.0,7.5,7653,nan,0,1.6,0.0000
1743425142.1315224,LTE,CONNECT,FDD,48D2C33,-63,-5,20,2,-67,-8,7,-67,-8,7,5,0,-39,LTE BAND 3,25,62916.0,7.5,7655,nan,0,1.62,0.0000
1743425143.2179534,LTE,CONNECT,FDD,48D2C33,-64,-4,20,3,-66,-3,20,-76,-9,10,5,0,-40,LTE BAND 1,25,52437.0,6.25,6380,nan,0,1.68,0.0000
1743425144.3228345,LTE,CONNECT,FDD,48D2C04,-69,-6,12,-14,-82,-13,3,-82,-13,3,5,1,-44,LTE BAND 1,25,10483.0,1.25,1275,nan,0,1.72,0.0000
1743425145.488802,LTE,CONNECT,FDD,48D2C04,-69,-6,17,-9,-82,-19,3,-82,-19,3,5,0,-43,LTE BAND 1,25,20974.0,2.5,2552,nan,0,1.8,0.0000
1743425146.6014483,LTE,CONNECT,FDD,48D2C04,-69,-6,12,-5,0,0,0,0,0,0,5,0,-43,LTE BAND 1,25,31455.0,3.75,3773,nan,38,1.27,0.0000
1743425147.6712396,LTE,CONNECT,FDD,48D2C04,-69,-6,19,-5,0,0,0,0,0,0,5,0,-44,LTE BAND 1,25,41934.0,5.0,5102,nan,0,1.4,0.0000
1743425148.7484782,LTE,CONNECT,FDD,48D2C04,-69,-5,19,-5,0,0,0,0,0,0,5,0,-44,LTE BAND 1,25,31445.0,3.75,3826,nan,0,1.51,0.0000
1743425149.867244,LTE,CONNECT,FDD,48D2C04,-69,-5,19,-5,-82,-14,1,-82,-14,1,5,0,-44,LTE BAND 1,25,41959.0,5.0,5105,nan,0,1.6,0.0000
1743425150.9295895,LTE,CONNECT,FDD,48D2C04,-69,-5,19,-5,-82,-14,2,-82,-14,2,5,0,-44,LTE BAND 1,25,41958.0,5.0,5105,nan,0,1.67,0.0000
1743425152.006737,LTE,CONNECT,FDD,48D2C04,-68,-5,17,-6,0,0,0,0,0,0,5,0,-43,LTE BAND 1,24,31442.0,3.75,3825,nan,0,1.72,0.0000
1743425153.073374,LTE,CONNECT,FDD,48D2C04,-69,-5,19,-6,0,0,0,0,0,0,5,0,-44,LTE BAND 1,24,41948.0,5.0,5104,nan,0,1.76,0.0000
1743425154.1546128,LTE,CONNECT,FDD,48D2C04,-69,-5,18,-5,0,0,0,0,0,0,5,0,-44,LTE BAND 1,24,31465.0,3.75,3820,nan,6,1.44,0.0000
1743425155.251349,LTE,CONNECT,FDD,48D2C04,-69,-6,17,-1,-82,-13,1,-82,-13,1,5,0,-44,LTE BAND 1,24,62933.0,7.5,7657,nan,0,1.38,0.0000
1743425156.3639226,LTE,CONNECT,FDD,48D2C04,-69,-5,18,3,-82,-14,2,-82,-14,2,5,0,-44,LTE BAND 1,25,52425.0,6.25,6378,nan,0,1.43,0.0000
1743425157.480427,LTE,CONNECT,FDD,48D2C04,-70,-5,14,7,0,0,0,0,0,0,5,0,-46,LTE BAND 1,25,62912.0,7.5,7654,nan,0,1.47,0.0000
1743425158.5424373,LTE,CONNECT,FDD,48D2C04,-71,-6,18,7,0,0,0,0,0,0,5,0,-45,LTE BAND 1,25,62919.0,7.5,7655,nan,0,1.49,0.0000
1743425159.6404023,LTE,CONNECT,FDD,48D2C04,-71,-6,18,6,0,0,0,0,0,0,5,0,-46,LTE BAND 1,25,62921.0,7.5,7655,nan,0,1.5,0.0000
1743425160.709858,LTE,CONNECT,FDD,48D2C04,-72,-6,16,7,-81,-12,4,-81,-12,4,5,0,-46,LTE BAND 1,25,62910.0,7.5,7654,nan,0,1.51,0.0000
1743425161.7915065,LTE,CONNECT,FDD,48D2C04,-71,-6,12,4,-81,-13,3,-81,-13,3,5,0,-45,LTE BAND 1,25,62914.0,7.5,7655,nan,0,1.51,0.0000
1743425162.8655624,LTE,CONNECT,FDD,48D2C04,-71,-6,11,4,0,0,0,0,0,0,5,0,-46,LTE BAND 1,25,62911.0,7.5,7654,nan,0,1.51,0.0000
1743425163.9625273,LTE,CONNECT,FDD,48D2C33,-66,-6,12,-15,-65,-6,12,-65,-6,12,5,1,-40,LTE BAND 3,25,52429.0,6.25,6379,nan,0,1.51,0.0000
1743425165.0977695,LTE,CONNECT,FDD,48D2C33,-66,-6,16,-7,-65,-6,12,-65,-6,12,5,0,-40,LTE BAND 3,25,10482.0,1.25,1275,nan,0,1.52,0.0000
1743425166.1681802,LTE,CONNECT,FDD,48D2C33,-66,-6,19,-7,-65,-5,12,-65,-5,12,5,0,-41,LTE BAND 3,24,20974.0,2.5,2552,nan,0,1.53,0.0000
1743425167.260306,LTE,CONNECT,FDD,48D2C33,-66,-6,19,-7,-65,-6,12,-65,-6,12,5,0,-41,LTE BAND 3,24,31464.0,3.75,3828,nan,0,1.6,0.0000
1743425168.38297,LTE,CONNECT,FDD,48D2C33,-65,-6,13,-7,-65,-6,12,-65,-6,12,5,0,-40,LTE BAND 3,24,20975.0,2.5,2552,nan,0,1.65,0.0000
1743425169.4909341,LTE,CONNECT,FDD,48D2C33,-65,-6,12,-7,-66,-6,12,-66,-6,12,5,0,-40,LTE BAND 3,24,20968.0,2.5,2551,nan,0,1.73,0.0000
1743425170.5694926,LTE,CONNECT,FDD,48D2C33,-66,-6,14,-7,-65,-6,12,-65,-6,12,5,0,-41,LTE BAND 3,24,20966.0,2.5,2551,nan,0,1.81,0.0000
1743425171.6101606,LTE,CONNECT,FDD,48D2C33,-66,-6,14,-7,-65,-6,12,-65,-6,12,5,0,-40,LTE BAND 3,24,31458.0,3.75,3700,nan,89,1.65,0.0000
1743425172.6877005,LTE,CONNECT,FDD,48D2C33,-66,-6,12,-7,-65,-6,12,-65,-6,12,5,0,-40,LTE BAND 3,24,10490.0,1.25,1231,nan,32,1.35,0.0000
1743425173.7900023,LTE,CONNECT,FDD,48D2C33,-67,-6,13,-6,-65,-5,12,-65,-5,12,5,0,-41,LTE BAND 3,24,41931.0,5.0,5102,nan,0,1.44,0.0000
1743425174.9136035,LTE,CONNECT,FDD,48D2C33,-67,-6,13,3,-66,-6,12,-66,-6,12,5,0,-42,LTE BAND 3,24,20969.0,2.5,2551,nan,0,1.55,0.0000
1743425175.998529,LTE,CONNECT,FDD,48D2C33,-67,-6,12,5,-66,-6,12,-66,-6,12,5,0,-41,LTE BAND 3,24,52446.0,6.25,6381,nan,0,1.69,0.0000
1743425177.0442042,LTE,CONNECT,FDD,48D2C33,-67,-7,17,6,-65,-6,12,-65,-6,12,5,0,-40,LTE BAND 3,24,62907.0,7.5,7654,nan,0,1.78,0.0000
1743425178.165289,LTE,CONNECT,FDD,48D2C33,-67,-6,15,4,-65,-6,12,-65,-6,12,5,0,-41,LTE BAND 3,24,52431.0,6.25,6379,nan,0,1.84,0.0000
1743425179.2009587,LTE,CONNECT,FDD,48D2C33,-66,-6,12,4,-66,-6,12,-66,-6,12,5,0,-41,LTE BAND 3,24,62924.0,7.5,7639,nan,12,1.3,0.0000
1743425180.2631767,LTE,CONNECT,FDD,48D2C33,-66,-6,21,5,-66,-6,12,-66,-6,12,5,0,-40,LTE BAND 3,24,62916.0,7.5,7655,nan,0,1.45,0.0000
1743425181.3788257,LTE,CONNECT,FDD,48D2C33,-66,-6,17,5,-66,-5,12,-66,-5,12,5,0,-41,LTE BAND 3,24,62914.0,7.5,7655,nan,0,1.51,0.0000
1743425182.4540691,LTE,CONNECT,FDD,48D2C33,-66,-6,18,4,-66,-5,12,-66,-5,12,5,0,-41,LTE BAND 3,24,62924.0,7.5,7656,nan,0,1.54,0.0000
1743425183.5651846,LTE,CONNECT,FDD,510781F,-89,-25,-3,22,-66,-3,20,-66,-3,20,5,1,-42,LTE BAND 3,24,62913.0,7.5,7654,nan,0,1.56,0.0000
1743425184.7042608,LTE,CONNECT,FDD,510781F,-86,-25,-4,22,-64,-3,20,-64,-3,20,5,0,-41,LTE BAND 3,24,10482.0,1.25,-316,nan,1116,1.1,0.0013
1743425185.7941482,LTE,CONNECT,FDD,510781F,-85,-24,-5,22,-65,-3,20,-65,-3,20,5,0,-42,LTE BAND 3,24,20972.0,2.5,2552,nan,0,1.16,0.0000
1743425186.8956416,LTE,CONNECT,FDD,510781F,-84,-23,-7,22,-65,-3,20,-65,-3,20,5,0,-42,LTE BAND 3,24,20972.0,2.5,2552,nan,0,1.22,0.0000
1743425187.9805803,LTE,CONNECT,FDD,510781F,-85,-25,-10,22,-64,-3,20,-64,-3,20,5,0,-41,LTE BAND 3,24,10481.0,1.25,1275,nan,0,1.25,0.0000
1743425189.1031184,LTE,CONNECT,FDD,510781F,-85,-24,-4,22,-65,-3,20,-65,-3,20,5,0,-42,LTE BAND 3,23,20986.0,2.5,2553,nan,0,1.29,0.0000
1743425190.2120354,LTE,CONNECT,FDD,510781F,-85,-24,-9,22,-65,-3,20,-65,-3,20,5,0,-42,LTE BAND 3,23,20968.0,2.5,2551,nan,0,1.32,0.0000
1743425191.3226924,LTE,CONNECT,FDD,510781F,-86,-24,-1,22,-65,-3,20,-65,-3,20,5,0,-42,LTE BAND 3,23,20975.0,2.5,2552,nan,0,1.33,0.0000
1743425192.4324718,LTE,CONNECT,FDD,510781F,-87,-25,-5,22,-65,-3,20,-65,-3,20,5,0,-42,LTE BAND 3,23,20972.0,2.5,2552,nan,0,1.33,0.0000
1743425193.5385013,LTE,CONNECT,FDD,510781F,-87,-25,-4,22,-65,-3,20,-65,-3,20,5,0,-42,LTE BAND 3,23,31461.0,3.75,3828,nan,0,1.33,0.0000
1743425194.6279418,LTE,CONNECT,FDD,510781F,-86,-25,-5,22,-66,-3,20,-66,-3,20,5,0,-42,LTE BAND 3,23,20970.0,2.5,2551,nan,0,1.33,0.0000
1743425195.729697,LTE,CONNECT,FDD,510781F,-86,-23,-10,22,-67,-3,20,-67,-3,20,5,0,-43,LTE BAND 3,23,20970.0,2.5,2551,nan,0,1.34,0.0000
1743425196.8192708,LTE,CONNECT,FDD,510781F,-85,-24,-6,22,-65,-3,20,-79,-14,11,5,0,-41,LTE BAND 3,23,20971.0,2.5,2551,nan,0,1.36,0.0000
1743425197.9400418,LTE,CONNECT,FDD,510781F,-85,-24,-3,22,-64,-3,20,-64,-3,20,5,0,-41,LTE BAND 3,23,20970.0,2.5,2551,nan,0,1.4,0.0000
1743425199.0086849,LTE,CONNECT,FDD,510781F,-85,-24,-4,22,-65,-3,20,-65,-3,20,5,0,-42,LTE BAND 3,23,20972.0,2.5,2552,nan,0,1.44,0.0000
1743425200.151501,LTE,CONNECT,FDD,510781F,-86,-24,-8,22,-65,-3,20,-65,-3,20,5,0,-42,LTE BAND 3,22,20971.0,2.5,2551,nan,0,1.51,0.0000
1743425201.278109,LTE,CONNECT,FDD,510781F,-86,-24,-3,22,-65,-3,20,-65,-3,20,5,0,-42,LTE BAND 3,22,20976.0,2.5,2552,nan,0,1.7,0.0000
1743425202.4061792,LTE,CONNECT,FDD,510781F,-86,-25,-4,22,-65,-3,20,-65,-3,20,5,0,-42,LTE BAND 3,22,10481.0,1.25,1275,nan,0,1.83,0.0000
1743425203.5093896,LTE,CONNECT,FDD,510781F,-85,-24,-8,22,-64,-4,20,-64,-4,20,5,0,-41,LTE BAND 3,22,10480.0,1.25,1151,nan,87,1.3,0.0001
1743425204.565351,LTE,CONNECT,FDD,510781F,-85,-25,-5,22,-64,-3,20,-64,-3,20,5,0,-41,LTE BAND 3,22,31481.0,3.75,3830,nan,0,1.31,0.0000
1743425205.6452699,LTE,CONNECT,FDD,510781F,-86,-25,-13,22,-65,-4,20,-65,-4,20,5,0,-42,LTE BAND 3,22,10482.0,1.25,1275,nan,0,1.41,0.0000
1743425206.751407,LTE,CONNECT,FDD,510781F,-85,-26,-11,22,-64,-4,20,-64,-4,20,5,0,-41,LTE BAND 3,22,20979.0,2.5,2552,nan,0,1.52,0.0000
1743425207.858827,LTE,CONNECT,FDD,510781F,-85,-24,-7,22,-65,-3,20,-65,-3,20,5,0,-42,LTE BAND 3,22,10483.0,1.25,1275,nan,0,1.63,0.0000
1743425208.9530392,LTE,CONNECT,FDD,510781F,-86,-25,-18,21,-65,-3,20,-65,-3,20,5,0,-42,LTE BAND 3,22,20973.0,2.5,2552,nan,0,1.7,0.0000
1743425210.0489905,LTE,CONNECT,FDD,510781F,-86,-24,-3,22,-65,-4,20,-80,-14,9,5,0,-42,LTE BAND 3,22,20977.0,2.5,2552,nan,0,1.76,0.0000
1743425211.1577046,LTE,CONNECT,FDD,510781F,-86,-24,-5,22,-66,-4,20,-66,-4,20,5,0,-42,LTE BAND 3,22,0.0,0.0,-29,nan,20,1.24,0.0000
1743425212.2683566,LTE,CONNECT,FDD,510781F,-86,-24,-2,22,-66,-3,20,-66,-3,20,5,0,-43,LTE BAND 3,21,20956.0,2.5,2550,nan,0,1.32,0.0000
1743425213.3826096,LTE,CONNECT,FDD,510781F,-87,-25,-6,22,-66,-4,20,-66,-4,20,5,0,-43,LTE BAND 3,21,10485.0,1.25,1276,nan,0,1.39,0.0000
1743425214.4822938,LTE,CONNECT,FDD,510781F,-86,-24,-7,22,-66,-4,20,-66,-4,20,5,0,-43,LTE BAND 3,21,20963.0,2.5,2550,nan,0,1.43,0.0000
1743425215.6394613,LTE,CONNECT,FDD,510781F,-86,-24,-6,22,-66,-4,20,-80,-13,11,5,0,-43,LTE BAND 3,21,21004.0,2.5,2555,nan,0,1.46,0.0000
1743425216.7788823,LTE,CONNECT,FDD,510781F,-86,-23,-8,22,-66,-4,20,-79,-14,8,5,0,-42,LTE BAND 3,21,10475.0,1.25,1274,nan,0,1.48,0.0000
1743425217.8938267,LTE,CONNECT,FDD,510781F,-86,-24,-5,22,-66,-4,20,-80,-14,10,5,0,-43,LTE BAND 3,21,20993.0,2.5,2554,nan,0,1.5,0.0000
1743425219.0068543,LTE,CONNECT,FDD,510781F,-86,-24,-6,22,-66,-4,20,-66,-4,20,5,0,-43,LTE BAND 3,21,10476.0,1.25,1275,nan,0,1.5,0.0000
1743425220.101236,LTE,CONNECT,FDD,510781F,-86,-25,-7,22,-65,-4,20,-65,-4,20,5,0,-42,LTE BAND 3,21,20983.0,2.5,2553,nan,0,1.5,0.0000
1743425221.2019455,LTE,CONNECT,FDD,510781F,-83,-24,-12,22,-65,-5,20,-65,-5,20,5,0,-42,LTE BAND 3,21,10484.0,1.25,1276,nan,0,1.5,0.0000
1743425222.2949965,LTE,CONNECT,FDD,510781F,-87,-24,-12,22,-66,-4,20,-80,-14,10,5,0,-43,LTE BAND 3,21,10485.0,1.25,1276,nan,0,1.51,0.0000
1743425223.3954685,LTE,CONNECT,FDD,510781F,-87,-25,-7,22,-65,-3,20,-65,-3,20,5,0,-42,LTE BAND 3,21,20966.0,2.5,2551,nan,0,1.54,0.0000
1743425224.4926734,LTE,CONNECT,FDD,510781F,-85,-24,-1,22,-64,-3,20,-64,-3,20,5,0,-41,LTE BAND 3,21,10482.0,1.25,1275,nan,0,1.57,0.0000
1743425225.5968916,LTE,CONNECT,FDD,510781F,-84,-25,-3,22,-64,-4,20,-64,-4,20,5,0,-41,LTE BAND 3,21,20984.0,2.5,2553,nan,0,1.62,0.0000
1743425226.7093334,LTE,CONNECT,FDD,510781F,-84,-23,-7,22,-65,-4,20,-65,-4,20,5,0,-42,LTE BAND 3,20,20964.0,2.5,2551,nan,0,1.68,0.0000
1743425227.8153508,LTE,CONNECT,FDD,510781F,-85,-24,-8,22,-65,-3,20,-65,-3,20,5,0,-42,LTE BAND 3,20,10488.0,1.25,1276,nan,0,1.76,0.0000
1743425228.9432542,LTE,CONNECT,FDD,510781F,-86,-24,-3,22,-65,-3,20,-79,-13,10,5,0,-42,LTE BAND 3,20,10479.0,1.25,1241,nan,24,1.61,0.0000
1743425230.0562057,LTE,CONNECT,FDD,510781F,-84,-23,-6,22,-65,-3,20,-76,-8,11,5,0,-42,LTE BAND 3,20,10492.0,1.25,1208,nan,48,1.28,0.0001
1743425231.1751757,LTE,CONNECT,FDD,510781F,-85,-23,-8,22,-65,-3,20,-80,-14,10,5,0,-42,LTE BAND 3,20,31461.0,3.75,3828,nan,0,1.35,0.0000
1743425232.2457979,LTE,CONNECT,FDD,510781F,-86,-24,-3,22,-64,-3,20,-64,-3,20,5,0,-41,LTE BAND 3,20,20978.0,2.5,2552,nan,0,1.57,0.0000
1743425233.3598235,LTE,CONNECT,FDD,510781F,-87,-24,-3,22,-65,-4,20,-65,-4,20,5,0,-42,LTE BAND 3,20,20976.0,2.5,2552,nan,0,1.65,0.0000
1743425234.4539874,LTE,CONNECT,FDD,510781F,-87,-24,-7,22,-66,-4,20,-66,-4,20,5,0,-40,LTE BAND 3,20,20974.0,2.5,2552,nan,0,1.71,0.0000
1743425235.5632546,LTE,CONNECT,FDD,510781F,-86,-23,-5,22,-66,-4,20,-66,-4,20,5,0,-43,LTE BAND 3,20,10482.0,1.25,1275,nan,0,1.76,0.0000
1743425236.6599085,LTE,CONNECT,FDD,510781F,-83,-23,-14,22,-68,-7,20,-80,-16,4,5,0,-39,LTE BAND 3,20,10481.0,1.25,1245,nan,21,1.24,0.0000
1743425237.7647262,LTE,CONNECT,FDD,510781F,-85,-21,0,22,-68,-3,20,-68,-3,20,5,0,-45,LTE BAND 3,20,31484.0,3.75,3829,nan,1,1.25,0.0000
1743425238.8851707,LTE,CONNECT,FDD,510781F,-86,-21,-1,22,-68,-3,20,-68,-3,20,5,0,-44,LTE BAND 3,20,10481.0,1.25,1275,nan,0,1.31,0.0000
1743425239.9991806,LTE,CONNECT,FDD,510781F,-87,-22,-1,22,-68,-3,20,-68,-3,20,5,0,-45,LTE BAND 3,20,20977.0,2.5,2552,nan,0,1.37,0.0000
1743425241.0722144,LTE,CONNECT,FDD,510781F,-86,-22,0,22,-68,-4,20,-68,-4,20,5,0,-45,LTE BAND 3,20,20973.0,2.5,2552,nan,0,1.42,0.0000
1743425242.1796606,LTE,CONNECT,FDD,510781F,-87,-21,0,22,-69,-4,20,-69,-4,20,5,0,-46,LTE BAND 3,20,10483.0,1.25,1275,nan,0,1.46,0.0000
1743425243.2546744,LTE,CONNECT,FDD,510781F,-87,-21,-4,22,-70,-4,20,-70,-4,20,5,0,-47,LTE BAND 3,20,10481.0,1.25,1275,nan,0,1.49,0.0000
1743425244.3441806,LTE,CONNECT,FDD,510781F,-87,-22,-1,22,-69,-4,20,-69,-4,20,5,0,-46,LTE BAND 3,19,20974.0,2.5,2552,nan,0,1.5,0.0000
1743425245.4280148,LTE,CONNECT,FDD,510781F,-87,-21,-2,22,-70,-4,20,-70,-4,20,5,0,-47,LTE BAND 3,19,20973.0,2.5,2552,nan,0,1.5,0.0000
1743425246.5396907,LTE,CONNECT,FDD,510781F,-87,-22,0,22,-68,-4,20,-68,-4,20,5,0,-45,LTE BAND 3,19,20974.0,2.5,2552,nan,0,1.5,0.0000
1743425247.6442602,LTE,CONNECT,FDD,510781F,-87,-22,1,22,-68,-3,20,-68,-3,20,5,0,-45,LTE BAND 3,19,10483.0,1.25,1275,nan,0,1.51,0.0000
1743425248.7699282,LTE,CONNECT,FDD,510781F,-87,-22,0,22,-68,-3,20,-79,-11,10,5,0,-45,LTE BAND 3,19,20978.0,2.5,2552,nan,0,1.51,0.0000
1743425249.9530718,LTE,CONNECT,FDD,510781F,-86,-22,-10,22,-68,-4,20,-80,-12,8,5,0,-45,LTE BAND 3,19,20977.0,2.5,2552,nan,0,1.53,0.0000
1743425251.0762205,LTE,CONNECT,FDD,510781F,-86,-22,-4,22,-67,-4,20,-67,-4,20,5,0,-44,LTE BAND 3,19,10479.0,1.25,1275,nan,0,1.56,0.0000
1743425252.2255757,LTE,CONNECT,FDD,510781F,-88,-22,-1,22,-67,-3,20,-67,-3,20,5,0,-44,LTE BAND 3,19,10480.0,1.25,1275,nan,0,1.65,0.0000
1743425253.3302712,LTE,CONNECT,FDD,510781F,-87,-23,0,22,-68,-3,20,-68,-3,20,5,0,-45,LTE BAND 3,19,20979.0,2.5,2552,nan,0,1.73,0.0000
1743425254.4715188,LTE,CONNECT,FDD,510781F,-86,-23,-8,22,-68,-4,20,-68,-4,20,5,0,-45,LTE BAND 3,19,10483.0,1.25,1263,nan,9,1.73,0.0000
1743425255.5438426,LTE,CONNECT,FDD,510781F,-87,-23,-1,22,-68,-4,20,-68,-4,20,5,0,-44,LTE BAND 3,19,10493.0,1.25,1194,nan,58,1.27,0.0001
1743425256.6040359,LTE,CONNECT,FDD,510781F,-86,-23,-1,22,-67,-4,20,-67,-4,20,5,0,-44,LTE BAND 3,19,20956.0,2.5,2550,nan,0,1.32,0.0000
1743425257.7113044,LTE,CONNECT,FDD,510781F,-86,-22,-5,22,-67,-4,20,-67,-4,20,5,0,-44,LTE BAND 3,19,20979.0,2.5,2552,nan,0,1.44,0.0000
1743425258.8626301,LTE,CONNECT,FDD,510781F,-86,-21,-11,22,-68,-4,20,-68,-4,20,5,0,-45,LTE BAND 3,19,20980.0,2.5,2553,nan,0,1.54,0.0000
1743425259.9162028,LTE,CONNECT,FDD,510781F,-86,-22,-2,22,-68,-4,20,-68,-4,20,5,0,-45,LTE BAND 3,19,10481.0,1.25,1275,nan,0,1.62,0.0000
1743425261.0106711,LTE,CONNECT,FDD,510781F,-86,-22,-4,22,-68,-4,20,-68,-4,20,5,0,-45,LTE BAND 3,19,20981.0,2.5,2553,nan,0,1.69,0.0000
1743425262.1178644,LTE,CONNECT,FDD,510781F,-86,-21,-1,22,-68,-4,20,-68,-4,20,5,0,-45,LTE BAND 3,19,10482.0,1.25,1275,nan,0,1.74,0.0000
1743425263.2232192,LTE,CONNECT,FDD,510781F,-86,-22,-1,22,-68,-4,20,-82,-14,8,5,0,-45,LTE BAND 3,19,10482.0,1.25,1257,nan,13,1.52,0.0000
1743425264.3066537,LTE,CONNECT,FDD,510781F,-87,-22,-7,22,-69,-4,20,-82,-14,7,5,0,-45,LTE BAND 3,19,10481.0,1.25,1275,nan,0,1.29,0.0000
1743425265.4184296,LTE,CONNECT,FDD,510781F,-87,-22,-9,22,-68,-4,20,-68,-4,20,5,0,-45,LTE BAND 3,19,20973.0,2.5,2552,nan,0,1.36,0.0000
1743425266.5270178,LTE,CONNECT,FDD,510781F,-87,-23,-6,22,-68,-4,20,-68,-4,20,5,0,-45,LTE BAND 3,18,10483.0,1.25,1275,nan,0,1.41,0.0000
1743425267.6207097,LTE,CONNECT,FDD,510781F,-88,-24,-8,22,-68,-4,20,-68,-4,20,5,0,-44,LTE BAND 3,18,20977.0,2.5,2552,nan,0,1.45,0.0000
1743425268.7679749,LTE,CONNECT,FDD,510781F,-86,-22,-5,22,-68,-4,20,-68,-4,20,5,0,-45,LTE BAND 3,18,20980.0,2.5,2553,nan,0,1.47,0.0000
1743425269.882543,LTE,CONNECT,FDD,510781F,-87,-24,-5,22,-67,-4,20,-67,-4,20,5,0,-43,LTE BAND 3,18,10482.0,1.25,1275,nan,0,1.49,0.0000
1743425271.0078444,LTE,CONNECT,FDD,510781F,-86,-23,-5,22,-66,-3,20,-66,-3,20,5,0,-43,LTE BAND 3,18,10483.0,1.25,1275,nan,0,1.5,0.0000
1743425272.1469514,LTE,CONNECT,FDD,510781F,-85,-22,-1,18,-67,-4,20,-67,-4,20,5,0,-44,LTE BAND 3,18,20981.0,2.5,2553,nan,0,1.5,0.0000
1743425273.2689753,LTE,CONNECT,FDD,510781F,-86,-23,0,22,-67,-4,20,-67,-4,20,5,0,-44,LTE BAND 3,18,20978.0,2.5,2552,nan,0,1.5,0.0000
1743425274.3730726,LTE,CONNECT,FDD,510781F,-86,-24,-15,22,-67,-4,20,-67,-4,20,5,0,-41,LTE BAND 3,18,10483.0,1.25,1275,nan,0,1.51,0.0000
1743425275.4526944,LTE,CONNECT,FDD,510781F,-86,-23,-12,22,-67,-4,20,-67,-4,20,5,0,-44,LTE BAND 3,18,10483.0,1.25,1275,nan,0,1.52,0.0000
1743425276.5717103,LTE,CONNECT,FDD,510781F,-87,-22,-4,22,-67,-4,20,-67,-4,20,5,0,-44,LTE BAND 3,18,10485.0,1.25,1276,nan,0,1.54,0.0000
1743425277.668744,LTE,CONNECT,FDD,510781F,-85,-24,-7,22,-65,-3,20,-79,-13,7,5,0,-42,LTE BAND 3,18,10484.0,1.25,1276,nan,0,1.58,0.0000
1743425278.8669083,LTE,CONNECT,FDD,510781F,-86,-24,-7,22,-66,-4,20,-80,-14,10,5,0,-42,LTE BAND 3,18,20960.0,2.5,2550,nan,0,1.64,0.0000
1743425279.9775429,LTE,CONNECT,FDD,510781F,-86,-23,-2,22,-66,-3,20,-77,-10,10,5,0,-43,LTE BAND 3,18,10496.0,1.25,1277,nan,0,1.7,0.0000
1743425281.0776687,LTE,CONNECT,FDD,510781F,-87,-24,-3,22,-67,-3,20,-67,-3,20,5,0,-44,LTE BAND 3,18,10481.0,1.25,1275,nan,0,1.8,0.0000
1743425282.184943,LTE,CONNECT,FDD,510781F,-86,-25,-9,22,-64,-4,20,-64,-4,20,5,0,-41,LTE BAND 3,18,10488.0,1.25,1202,nan,52,1.41,0.0001
1743425283.2945442,LTE,CONNECT,FDD,510781F,-83,-24,-3,22,-63,-3,20,-63,-3,20,5,0,-54,LTE BAND 3,18,10445.0,1.25,1271,nan,0,1.34,0.0000
1743425284.3608031,LTE,CONNECT,FDD,510781F,-83,-25,-4,22,-62,-3,20,-62,-3,20,5,0,-52,LTE BAND 3,18,21007.0,2.5,2556,nan,0,1.47,0.0000
1743425285.477111,LTE,CONNECT,FDD,510781F,-83,-26,-17,22,-61,-3,20,-61,-3,20,5,0,-43,LTE BAND 1,18,21014.0,2.5,2557,nan,0,1.58,0.0000
1743425286.5871665,LTE,CONNECT,FDD,48D2C04,-68,-6,19,-7,0,0,0,0,0,0,5,1,-43,LTE BAND 1,18,0.0,0.0,0,nan,0,1.58,0.0000
1743425287.6889927,LTE,CONNECT,FDD,48D2C04,-69,-6,16,-3,0,0,0,0,0,0,5,0,-43,LTE BAND 1,18,21006.0,2.5,923,nan,1145,1.12,0.0007
1743425288.845459,LTE,CONNECT,FDD,48D2C04,-67,-6,17,-5,0,0,0,0,0,0,5,0,-42,LTE BAND 1,18,31456.0,3.75,3827,nan,0,1.24,0.0000
1743425289.9841042,LTE,CONNECT,FDD,48D2C04,-68,-7,19,-4,0,0,0,0,0,0,5,0,-42,LTE BAND 1,18,31459.0,3.75,3828,nan,0,1.33,0.0000
1743425291.1438344,LTE,CONNECT,FDD,48D2C04,-68,-6,16,-4,0,0,0,0,0,0,5,0,-43,LTE BAND 1,18,20972.0,2.5,2552,nan,0,1.41,0.0000
1743425292.270139,LTE,CONNECT,FDD,48D2C04,-68,-6,16,-4,-77,-14,2,-77,-14,2,5,0,-43,LTE BAND 1,18,31455.0,3.75,3827,nan,0,1.53,0.0000
1743425293.3768117,LTE,CONNECT,FDD,48D2C04,-69,-6,16,-4,-77,-14,6,-77,-14,6,5,0,-44,LTE BAND 1,18,31452.0,3.75,3827,nan,0,1.55,0.0000
1743425294.434341,LTE,CONNECT,FDD,48D2C33,-63,-5,15,-11,-71,-14,0,-71,-14,0,5,1,-41,LTE BAND 3,18,20961.0,2.5,2550,nan,0,1.57,0.0000
1743425295.533773,LTE,CONNECT,FDD,48D2C33,-62,-5,13,-6,0,0,0,0,0,0,5,0,-42,LTE BAND 3,18,10486.0,1.25,1276,nan,0,1.58,0.0000
1743425296.6736143,LTE,CONNECT,FDD,48D2C33,-63,-5,14,-4,-70,-13,0,-70,-13,0,5,0,-42,LTE BAND 3,18,31476.0,3.75,3830,nan,0,1.58,0.0000
1743425297.717222,LTE,CONNECT,FDD,48D2C33,-62,-5,13,-4,-71,-13,0,-71,-13,0,5,0,-42,LTE BAND 3,18,31459.0,3.75,3828,nan,0,1.58,0.0000
1743425298.84604,LTE,CONNECT,FDD,48D2C33,-63,-5,12,-4,0,0,0,0,0,0,5,0,-43,LTE BAND 3,18,31461.0,3.75,3828,nan,0,1.58,0.0000
1743425299.9409027,LTE,CONNECT,FDD,48D2C33,-62,-5,14,-3,-71,-13,2,-71,-13,2,5,0,-42,LTE BAND 3,18,31453.0,3.75,3827,nan,0,1.59,0.0000
1743425301.0668626,LTE,CONNECT,FDD,48D2C33,-62,-5,14,-4,0,0,0,0,0,0,5,0,-42,LTE BAND 3,18,31458.0,3.75,3827,nan,0,1.6,0.0000
1743425302.1806688,LTE,CONNECT,FDD,48D2C33,-63,-5,13,-4,-70,-13,3,-70,-13,3,5,0,-42,LTE BAND 3,18,31455.0,3.75,3827,nan,0,1.62,0.0000
1743425303.2581918,LTE,CONNECT,FDD,48D2C33,-63,-5,13,-3,-71,-13,3,-71,-13,3,5,0,-42,LTE BAND 3,18,31458.0,3.75,3827,nan,0,1.71,0.0000
1743425304.3189456,LTE,CONNECT,FDD,48D2C33,-63,-5,12,-3,-70,-13,3,-70,-13,3,5,0,-43,LTE BAND 3,18,31446.0,3.75,3826,nan,0,1.79,0.0000
1743425305.3721504,LTE,CONNECT,FDD,48D2C33,-63,-5,13,2,-71,-13,3,-71,-13,3,5,0,-42,LTE BAND 3,18,52449.0,6.25,6330,nan,36,1.29,0.0000
1743425306.4732676,LTE,CONNECT,FDD,48D2C33,-63,-5,15,5,0,0,0,0,0,0,5,0,-43,LTE BAND 3,18,52414.0,6.25,6377,nan,0,1.43,0.0000
1743425307.5818794,LTE,CONNECT,FDD,48D2C33,-62,-5,13,5,0,0,0,0,0,0,5,0,-42,LTE BAND 3,18,62917.0,7.5,7655,nan,0,1.54,0.0000
1743425308.6506183,LTE,CONNECT,FDD,48D2C33,-63,-5,15,6,-70,-13,3,-70,-13,3,5,0,-42,LTE BAND 3,18,62918.0,7.5,7655,nan,0,1.63,0.0000
1743425309.753051,LTE,CONNECT,FDD,48D2C33,-63,-5,10,6,-70,-12,3,-70,-12,3,5,0,-42,LTE BAND 3,18,62911.0,7.5,7654,nan,0,1.7,0.0000
1743425310.8141093,LTE,CONNECT,FDD,48D2C33,-63,-5,16,5,-71,-13,3,-71,-13,3,5,0,-42,LTE BAND 3,19,62915.0,7.5,7655,nan,0,1.74,0.0000
1743425311.908052,LTE,CONNECT,FDD,48D2C33,-63,-6,13,4,-71,-13,3,-71,-13,3,5,0,-42,LTE BAND 3,19,62922.0,7.5,7656,nan,0,1.78,0.0000
1743425312.968942,LTE,CONNECT,FDD,48D2C33,-63,-5,13,6,-70,-13,3,-70,-13,3,5,0,-42,LTE BAND 3,19,62913.0,7.5,7654,nan,0,1.8,0.0000
1743425314.0467803,LTE,CONNECT,FDD,48D2C33,-63,-5,15,6,-70,-13,3,-70,-13,3,5,0,-42,LTE BAND 3,19,62922.0,7.5,7656,nan,0,1.81,0.0000
1743425315.104947,LTE,CONNECT,FDD,48D2C33,-63,-5,12,5,-70,-13,3,-70,-13,3,5,0,-42,LTE BAND 3,19,62917.0,7.5,7655,nan,0,1.81,0.0000
1743425316.2130609,LTE,CONNECT,FDD,48D2C33,-63,-5,9,6,-71,-14,3,-71,-14,3,5,0,-42,LTE BAND 3,19,52420.0,6.25,6378,nan,0,1.81,0.0000
1743425317.3107946,LTE,CONNECT,FDD,48D2C33,-63,-5,10,6,-70,-12,3,-70,-12,3,5,0,-42,LTE BAND 3,19,62912.0,7.5,7654,nan,0,1.81,0.0000
1743425318.3804822,LTE,CONNECT,FDD,48D2C33,-63,-5,17,5,-70,-12,3,-70,-12,3,5,0,-42,LTE BAND 3,19,62923.0,7.5,7656,nan,0,1.82,0.0000
1743425319.435358,LTE,CONNECT,FDD,48D2C33,-63,-5,15,6,-71,-13,3,-71,-13,3,5,0,-41,LTE BAND 3,19,62914.0,7.5,7655,nan,0,1.84,0.0000
1743425320.4884672,LTE,CONNECT,FDD,48D2C33,-63,-5,10,5,-70,-12,3,-70,-12,3,5,0,-42,LTE BAND 3,19,62919.0,7.5,7611,nan,31,1.39,0.0000
1743425321.6036503,LTE,CONNECT,FDD,48D2C33,-63,-5,17,7,-71,-12,3,-71,-12,3,5,0,-42,LTE BAND 3,19,62916.0,7.5,7655,nan,0,1.51,0.0000
1743425322.6652405,LTE,CONNECT,FDD,48D2C33,-63,-6,13,6,-70,-12,3,-70,-12,3,5,0,-42,LTE BAND 3,19,52407.0,6.25,6376,nan,0,1.61,0.0000
1743425323.7509534,LTE,CONNECT,FDD,48D2C33,-62,-5,11,5,-70,-13,3,-70,-13,3,5,0,-42,LTE BAND 3,19,62931.0,7.5,7657,nan,0,1.69,0.0000
1743425324.8320177,LTE,CONNECT,FDD,48D2C33,-63,-6,18,5,-70,-13,3,-70,-13,3,5,0,-42,LTE BAND 3,19,62911.0,7.5,7654,nan,0,1.75,0.0000
1743425325.9668326,LTE,CONNECT,FDD,48D2C33,-63,-6,15,4,0,0,0,0,0,0,5,0,-41,LTE BAND 3,19,62918.0,7.5,7655,nan,0,1.79,0.0000
1743425327.037091,LTE,CONNECT,FDD,48D2C33,-63,-5,13,7,-71,-13,2,-71,-13,2,5,0,-41,LTE BAND 3,19,52423.0,6.25,6361,nan,12,1.27,0.0000
1743425328.1022947,LTE,CONNECT,FDD,48D2C33,-63,-5,11,9,-71,-14,2,-71,-14,2,5,0,-41,LTE BAND 3,19,62919.0,7.5,7655,nan,0,1.35,0.0000
1743425329.2037265,LTE,CONNECT,FDD,48D2C33,-63,-5,17,8,0,0,0,0,0,0,5,0,-42,LTE BAND 3,19,62920.0,7.5,7655,nan,0,1.42,0.0000
1743425330.2746456,LTE,CONNECT,FDD,48D2C33,-63,-5,17,7,-71,-13,3,-71,-13,3,5,0,-41,LTE BAND 3,19,62918.0,7.5,7655,nan,0,1.5,0.0000
1743425331.3318565,LTE,CONNECT,FDD,48D2C33,-63,-5,19,6,-71,-13,1,-71,-13,1,5,0,-41,LTE BAND 3,19,62914.0,7.5,7655,nan,0,1.52,0.0000
1743425332.4247532,LTE,CONNECT,FDD,48D2C33,-63,-5,11,8,-71,-13,1,-71,-13,1,5,0,-41,LTE BAND 3,19,62915.0,7.5,7655,nan,0,1.53,0.0000
1743425333.472991,LTE,CONNECT,FDD,48D2C33,-63,-7,17,8,-72,-16,2,-72,-16,2,5,0,-40,LTE BAND 3,19,62910.0,7.5,7654,nan,0,1.54,0.0000
1743425334.535748,LTE,CONNECT,FDD,48D2C33,-63,-5,14,8,-71,-14,2,-71,-14,2,5,0,-41,LTE BAND 3,19,62911.0,7.5,7654,nan,0,1.54,0.0000
1743425335.6251585,LTE,CONNECT,FDD,48D2C33,-63,-5,14,7,-71,-13,0,-71,-13,0,5,0,-41,LTE BAND 3,20,52429.0,6.25,6379,nan,0,1.54,0.0000
1743425336.6913953,LTE,CONNECT,FDD,48D2C33,-63,-5,15,9,-71,-13,1,-71,-13,1,5,0,-42,LTE BAND 3,20,62913.0,7.5,7654,nan,0,1.54,0.0000
1743425337.802712,LTE,CONNECT,FDD,48D2C33,-63,-5,15,8,-72,-14,1,-72,-14,1,5,0,-42,LTE BAND 3,20,62917.0,7.5,7655,nan,0,1.55,0.0000
1743425338.8735826,LTE,CONNECT,FDD,48D2C33,-63,-5,13,7,-70,-13,-1,-70,-13,-1,5,0,-41,LTE BAND 3,20,62917.0,7.5,7655,nan,0,1.57,0.0000
1743425339.9360657,LTE,CONNECT,FDD,48D2C33,-63,-5,17,7,-71,-13,-1,-71,-13,-1,5,0,-42,LTE BAND 3,20,62920.0,7.5,7655,nan,0,1.6,0.0000
1743425340.9798703,LTE,CONNECT,FDD,48D2C33,-63,-5,13,6,-71,-13,2,-71,-13,2,5,0,-41,LTE BAND 3,20,62905.0,7.5,7653,nan,0,1.65,0.0000
1743425342.0748844,LTE,CONNECT,FDD,48D2C33,-63,-5,16,6,-70,-13,2,-70,-13,2,5,0,-41,LTE BAND 3,20,62925.0,7.5,7656,nan,0,1.71,0.0000
1743425343.121843,LTE,CONNECT,FDD,48D2C33,-63,-5,13,5,-70,-12,2,-70,-12,2,5,0,-42,LTE BAND 3,20,52414.0,6.25,6377,nan,0,1.8,0.0000
1743425344.2191014,LTE,CONNECT,FDD,48D2C33,-62,-5,10,8,0,0,0,0,0,0,5,0,-41,LTE BAND 3,20,52417.0,6.25,6345,nan,23,1.31,0.0000
1743425345.2604933,LTE,CONNECT,FDD,48D2C33,-63,-5,10,10,0,0,0,0,0,0,5,0,-42,LTE BAND 3,20,62926.0,7.5,7656,nan,0,1.55,0.0000
1743425346.3015058,LTE,CONNECT,FDD,48D2C33,-63,-5,14,9,-71,-14,1,-71,-14,1,5,0,-42,LTE BAND 3,20,62904.0,7.5,7653,nan,0,1.65,0.0000
1743425347.3496292,LTE,CONNECT,FDD,48D2C33,-63,-5,14,9,0,0,0,0,0,0,5,0,-42,LTE BAND 3,20,62909.0,7.5,7654,nan,0,1.73,0.0000
1743425348.455609,LTE,CONNECT,FDD,48D2C33,-63,-5,10,10,0,0,0,0,0,0,5,0,-42,LTE BAND 3,20,62926.0,7.5,7656,nan,0,1.78,0.0000
1743425349.5114532,LTE,CONNECT,FDD,48D2C33,-63,-5,11,9,0,0,0,0,0,0,5,0,-42,LTE BAND 3,20,62917.0,7.5,7655,nan,0,1.82,0.0000
1743425350.614193,LTE,CONNECT,FDD,48D2C33,-63,-5,12,8,0,0,0,0,0,0,5,0,-42,LTE BAND 3,20,62914.0,7.5,7655,nan,0,1.85,0.0000
1743425351.7040377,LTE,CONNECT,FDD,48D2C33,-62,-5,12,7,-71,-14,3,-71,-14,3,5,0,-42,LTE BAND 3,20,62914.0,7.5,7645,nan,7,1.33,0.0000
1743425352.7695444,LTE,CONNECT,FDD,48D2C33,-63,-5,18,6,-72,-14,1,-72,-14,1,5,0,-42,LTE BAND 3,20,62902.0,7.5,7653,nan,0,1.41,0.0000
1743425353.857659,LTE,CONNECT,FDD,48D2C33,-63,-5,16,8,-71,-13,2,-71,-13,2,5,0,-42,LTE BAND 3,20,62928.0,7.5,7656,nan,0,1.48,0.0000
1743425354.9690154,LTE,CONNECT,FDD,48D2C33,-63,-5,11,9,-71,-13,2,-71,-13,2,5,0,-42,LTE BAND 3,20,62916.0,7.5,7655,nan,0,1.52,0.0000
1743425356.0466266,LTE,CONNECT,FDD,48D2C33,-63,-5,13,8,-70,-13,2,-70,-13,2,5,0,-42,LTE BAND 3,20,62914.0,7.5,7655,nan,0,1.55,0.0000
1743425357.1034636,LTE,CONNECT,FDD,48D2C33,-63,-5,19,8,0,0,0,0,0,0,5,0,-42,LTE BAND 3,20,62915.0,7.5,7655,nan,0,1.56,0.0000
1743425358.1910439,LTE,CONNECT,FDD,48D2C33,-63,-5,19,7,-71,-14,1,-71,-14,1,5,0,-42,LTE BAND 3,20,62917.0,7.5,7655,nan,0,1.57,0.0000
1743425359.2905357,LTE,CONNECT,FDD,48D2C33,-62,-5,15,6,0,0,0,0,0,0,5,0,-42,LTE BAND 3,20,52417.0,6.25,6377,nan,0,1.58,0.0000
1743425360.355734,LTE,CONNECT,FDD,48D2C33,-63,-5,15,6,0,0,0,0,0,0,5,0,-42,LTE BAND 3,20,62914.0,7.5,7655,nan,0,1.58,0.0000
1743425361.4605317,LTE,CONNECT,FDD,48D2C33,-64,-5,9,5,-71,-13,2,-71,-13,2,5,0,-41,LTE BAND 3,20,62926.0,7.5,7656,nan,0,1.58,0.0000
1743425362.534769,LTE,CONNECT,FDD,48D2C33,-63,-5,16,6,-73,-15,0,-73,-15,0,5,0,-42,LTE BAND 3,20,62911.0,7.5,7654,nan,0,1.59,0.0000
1743425363.5911465,LTE,CONNECT,FDD,48D2C33,-63,-5,8,7,-73,-15,-1,-73,-15,-1,5,0,-41,LTE BAND 3,20,62913.0,7.5,7654,nan,0,1.61,0.0000
1743425364.6954253,LTE,CONNECT,FDD,48D2C33,-63,-5,15,6,0,0,0,0,0,0,5,0,-42,LTE BAND 3,20,62923.0,7.5,7656,nan,0,1.65,0.0000
1743425365.7562642,LTE,CONNECT,FDD,48D2C33,-63,-5,13,6,0,0,0,0,0,0,5,0,-42,LTE BAND 3,20,62910.0,7.5,7654,nan,0,1.7,0.0000
1743425366.8201332,LTE,CONNECT,FDD,48D2C33,-62,-5,10,6,0,0,0,0,0,0,5,0,-42,LTE BAND 3,21,62921.0,7.5,7655,nan,0,1.77,0.0000
1743425367.8787665,LTE,CONNECT,FDD,48D2C33,-63,-5,9,7,-72,-14,2,-72,-14,2,5,0,-42,LTE BAND 3,21,62913.0,7.5,7619,nan,25,1.7,0.0000
1743425368.9348912,LTE,CONNECT,FDD,48D2C33,-63,-5,11,6,0,0,0,0,0,0,5,0,-42,LTE BAND 3,21,62908.0,7.5,7654,nan,0,1.41,0.0000
1743425369.997451,LTE,CONNECT,FDD,48D2C33,-63,-5,15,7,-71,-14,1,-71,-14,1,5,0,-42,LTE BAND 3,21,62924.0,7.5,7656,nan,0,1.53,0.0000
1743425371.0655558,LTE,CONNECT,FDD,48D2C33,-62,-5,14,6,0,0,0,0,0,0,5,0,-42,LTE BAND 3,21,52417.0,6.25,6377,nan,0,1.63,0.0000
1743425372.1103365,LTE,CONNECT,FDD,48D2C33,-63,-5,9,7,-71,-14,2,-71,-14,2,5,0,-42,LTE BAND 3,21,62921.0,7.5,7655,nan,0,1.71,0.0000
1743425373.252565,LTE,CONNECT,FDD,48D2C33,-63,-5,13,8,-71,-14,0,-71,-14,0,5,0,-42,LTE BAND 3,21,62921.0,7.5,7655,nan,0,1.81,0.0000
1743425374.3333883,LTE,CONNECT,FDD,48D2C33,-63,-5,14,7,0,0,0,0,0,0,5,0,-42,LTE BAND 3,21,62921.0,7.5,7655,nan,0,1.84,0.0000
1743425375.4626958,LTE,CONNECT,FDD,48D2C33,-63,-5,17,7,0,0,0,0,0,0,5,0,-42,LTE BAND 3,21,62910.0,7.5,7651,nan,2,1.3,0.0000
1743425376.098723,LTE,CONNECT,FDD,48D2C33,-63,-5,13,4,0,0,0,0,0,0,5,0,-42,LTE BAND 3,21,62923.0,7.5,7656,nan,0,1.38,0.0000
1743425377.1750162,LTE,CONNECT,FDD,48D2C33,-63,-5,9,8,0,0,0,0,0,0,5,0,-42,LTE BAND 3,21,62911.0,7.5,7654,nan,0,1.45,0.0000
1743425378.254604,LTE,CONNECT,FDD,48D2C33,-63,-5,17,7,-72,-15,1,-72,-15,1,5,0,-42,LTE BAND 3,21,62916.0,7.5,7655,nan,0,1.5,0.0000
1743425379.3850808,LTE,CONNECT,FDD,48D2C33,-63,-5,9,8,-71,-13,1,-71,-13,1,5,0,-42,LTE BAND 3,21,52430.0,6.25,6379,nan,0,1.53,0.0000
1743425380.4880207,LTE,CONNECT,FDD,48D2C33,-63,-5,15,8,-72,-15,1,-72,-15,1,5,0,-42,LTE BAND 3,21,62909.0,7.5,7654,nan,0,1.55,0.0000
1743425381.5422006,LTE,CONNECT,FDD,48D2C33,-62,-5,9,7,0,0,0,0,0,0,5,0,-42,LTE BAND 3,21,62914.0,7.5,7655,nan,0,1.57,0.0000
1743425382.6270442,LTE,CONNECT,FDD,48D2C33,-63,-5,13,6,0,0,0,0,0,0,5,0,-42,LTE BAND 3,21,62914.0,7.5,7655,nan,0,1.57,0.0000
1743425383.7192779,LTE,CONNECT,FDD,48D2C33,-63,-6,15,8,-71,-14,2,-71,-14,2,5,0,-41,LTE BAND 3,21,62926.0,7.5,7656,nan,0,1.57,0.0000
1743425384.7660673,LTE,CONNECT,FDD,48D2C33,-63,-6,12,8,-71,-14,0,-71,-14,0,5,0,-42,LTE BAND 3,21,62913.0,7.5,7654,nan,0,1.57,0.0000
1743425385.8496623,LTE,CONNECT,FDD,48D2C33,-63,-5,11,8,0,0,0,0,0,0,5,0,-42,LTE BAND 3,21,62913.0,7.5,7654,nan,0,1.58,0.0000
1743425386.9024794,LTE,CONNECT,FDD,48D2C33,-63,-5,11,9,0,0,0,0,0,0,5,0,-42,LTE BAND 3,21,62919.0,7.5,7655,nan,0,1.6,0.0000
1743425387.9683933,LTE,CONNECT,FDD,48D2C33,-63,-5,12,7,0,0,0,0,0,0,5,0,-43,LTE BAND 3,21,62916.0,7.5,7655,nan,0,1.63,0.0000
1743425389.1138818,LTE,CONNECT,FDD,48D2C33,-63,-5,13,6,0,0,0,0,0,0,5,0,-42,LTE BAND 3,21,62915.0,7.5,7655,nan,0,1.68,0.0000
1743425390.19917,LTE,CONNECT,FDD,48D2C33,-63,-5,16,7,-71,-14,2,-71,-14,2,5,0,-42,LTE BAND 3,21,62906.0,7.5,7654,nan,0,1.74,0.0000
1743425391.243729,LTE,CONNECT,FDD,48D2C33,-63,-5,13,7,-71,-13,1,-71,-13,1,5,0,-42,LTE BAND 3,21,62922.0,7.5,7656,nan,0,1.82,0.0000
1743425392.3783746,LTE,CONNECT,FDD,48D2C33,-63,-5,18,8,-71,-13,1,-71,-13,1,5,0,-43,LTE BAND 3,21,62915.0,7.5,7649,nan,4,1.33,0.0000
1743425393.457551,LTE,CONNECT,FDD,48D2C04,-69,-7,16,-14,-78,-16,1,-78,-16,1,5,1,-41,LTE BAND 1,21,62910.0,7.5,7654,nan,0,1.47,0.0000
1743425394.598007,LTE,CONNECT,FDD,48D2C04,-68,-6,17,-6,0,0,0,0,0,0,5,0,-42,LTE BAND 1,21,20971.0,2.5,2551,nan,0,1.52,0.0000
1743425395.7411046,LTE,CONNECT,FDD,48D2C04,-68,-7,15,-6,0,0,0,0,0,0,5,0,-42,LTE BAND 1,21,10486.0,1.25,1276,nan,0,1.62,0.0000
1743425396.8082073,LTE,CONNECT,FDD,48D2C04,-68,-6,15,-6,0,0,0,0,0,0,5,0,-42,LTE BAND 1,21,31463.0,3.75,3828,nan,0,1.77,0.0000
1743425397.9279315,LTE,CONNECT,FDD,48D2C04,-68,-7,9,-6,0,0,0,0,0,0,5,0,-42,LTE BAND 1,21,10486.0,1.25,1237,nan,27,1.24,0.0000
1743425399.0516047,LTE,CONNECT,FDD,48D2C04,-68,-6,17,-6,0,0,0,0,0,0,5,0,-42,LTE BAND 1,21,31442.0,3.75,3825,nan,0,1.29,0.0000
1743425400.1191816,LTE,CONNECT,FDD,48D2C04,-68,-6,14,-6,-77,-15,1,-77,-15,1,5,0,-42,LTE BAND 1,21,31475.0,3.75,3829,nan,0,1.36,0.0000
1743425401.2260492,LTE,CONNECT,FDD,48D2C04,-67,-6,15,-6,0,0,0,0,0,0,5,0,-42,LTE BAND 1,21,20967.0,2.5,2551,nan,0,1.42,0.0000
1743425402.3358662,LTE,CONNECT,FDD,48D2C04,-67,-6,16,-6,0,0,0,0,0,0,5,0,-42,LTE BAND 1,21,20967.0,2.5,2551,nan,0,1.46,0.0000
1743425403.4415004,LTE,CONNECT,FDD,48D2C04,-68,-6,16,0,0,0,0,0,0,0,5,0,-42,LTE BAND 1,21,31473.0,3.75,3829,nan,0,1.49,0.0000
1743425404.4848151,LTE,CONNECT,FDD,48D2C04,-68,-6,14,3,0,0,0,0,0,0,5,0,-42,LTE BAND 1,21,31449.0,3.75,3826,nan,0,1.5,0.0000
1743425405.5815327,LTE,CONNECT,FDD,48D2C04,-68,-7,14,5,0,0,0,0,0,0,5,0,-42,LTE BAND 1,21,62927.0,7.5,7656,nan,0,1.51,0.0000
1743425406.6520889,LTE,CONNECT,FDD,48D2C04,-68,-6,15,5,-76,-15,1,-76,-15,1,5,0,-42,LTE BAND 1,21,62919.0,7.5,7655,nan,0,1.51,0.0000
1743425407.708457,LTE,CONNECT,FDD,48D2C04,-68,-6,15,5,-76,-14,1,-76,-14,1,5,0,-42,LTE BAND 1,21,62915.0,7.5,7655,nan,0,1.51,0.0000
1743425408.7699585,LTE,CONNECT,FDD,48D2C04,-68,-6,14,6,0,0,0,0,0,0,5,0,-42,LTE BAND 1,21,62914.0,7.5,7655,nan,0,1.52,0.0000
1743425409.8719351,LTE,CONNECT,FDD,48D2C04,-68,-7,14,5,-76,-15,0,-76,-15,0,5,0,-42,LTE BAND 1,21,62911.0,7.5,7654,nan,0,1.54,0.0000
1743425410.9895039,LTE,CONNECT,FDD,48D2C04,-68,-7,7,5,0,0,0,0,0,0,5,0,-42,LTE BAND 1,21,62918.0,7.5,7655,nan,0,1.57,0.0000
1743425412.0304596,LTE,CONNECT,FDD,48D2C04,-68,-6,15,5,0,0,0,0,0,0,5,0,-42,LTE BAND 1,21,62911.0,7.5,7654,nan,0,1.61,0.0000
1743425413.1163776,LTE,CONNECT,FDD,48D2C04,-68,-7,7,6,-71,-6,14,-71,-6,14,5,0,-42,LTE BAND 1,21,52419.0,6.25,6378,nan,0,1.67,0.0000
1743425414.2370498,LTE,CONNECT,FDD,48D2C33,-63,-5,9,-13,-71,-13,0,-71,-13,0,5,1,-42,LTE BAND 3,21,31447.0,3.75,3826,nan,0,1.71,0.0000
1743425415.3107939,LTE,CONNECT,FDD,48D2C33,-63,-5,12,-4,-71,-13,3,-71,-13,3,5,0,-43,LTE BAND 3,21,10486.0,1.25,1276,nan,0,1.78,0.0000
1743425416.3798609,LTE,CONNECT,FDD,48D2C33,-62,-5,19,-4,-70,-13,3,-70,-13,3,5,0,-42,LTE BAND 3,21,31470.0,3.75,3825,nan,3,1.3,0.0000
1743425417.489002,LTE,CONNECT,FDD,48D2C33,-62,-5,17,-4,-71,-14,3,-71,-14,3,5,0,-42,LTE BAND 3,21,31457.0,3.75,3827,nan,0,1.43,0.0000
1743425418.6059098,LTE,CONNECT,FDD,48D2C33,-62,-6,15,-5,-71,-14,1,-71,-14,1,5,0,-42,LTE BAND 3,21,31457.0,3.75,3827,nan,0,1.54,0.0000
1743425419.675631,LTE,CONNECT,FDD,48D2C33,-62,-6,10,-5,-70,-13,1,-70,-13,1,5,0,-42,LTE BAND 3,21,31457.0,3.75,3827,nan,0,1.63,0.0000
1743425420.7563784,LTE,CONNECT,FDD,48D2C33,-62,-5,13,-5,-71,-14,1,-71,-14,1,5,0,-42,LTE BAND 3,21,31461.0,3.75,3828,nan,0,1.76,0.0000
1743425421.871619,LTE,CONNECT,FDD,48D2C33,-62,-5,11,-4,-89,-22,-10,-89,-22,-10,5,0,-43,LTE BAND 3,21,31451.0,3.75,3827,nan,0,1.8,0.0000
1743425422.9552035,LTE,CONNECT,FDD,48D2C33,-63,-5,13,-3,-70,-13,1,-70,-13,1,5,0,-42,LTE BAND 3,21,31451.0,3.75,3791,nan,25,1.28,0.0000
1743425424.0184605,LTE,CONNECT,FDD,48D2C04,-68,-7,16,-10,-77,-17,0,-77,-17,0,5,1,-41,LTE BAND 1,21,20968.0,2.5,2551,nan,0,1.34,0.0000
1743425425.1401167,LTE,CONNECT,FDD,48D2C04,-68,-7,14,-10,0,0,0,0,0,0,5,0,-42,LTE BAND 1,21,20983.0,2.5,2553,nan,0,1.4,0.0000
1743425426.2519228,LTE,CONNECT,FDD,48D2C04,-68,-7,15,-4,0,0,0,0,0,0,5,0,-42,LTE BAND 1,21,20970.0,2.5,2551,nan,0,1.45,0.0000
1743425427.3211887,LTE,CONNECT,FDD,48D2C04,-67,-6,17,-5,0,0,0,0,0,0,5,0,-41,LTE BAND 1,21,31456.0,3.75,3827,nan,0,1.5,0.0000
1743425428.4538376,LTE,CONNECT,FDD,48D2C04,-68,-7,16,-5,-76,-14,2,-76,-14,2,5,0,-42,LTE BAND 1,21,31460.0,3.75,3828,nan,0,1.51,0.0000
1743425429.6019785,LTE,CONNECT,FDD,48D2C04,-67,-6,17,-5,0,0,0,0,0,0,5,0,-41,LTE BAND 1,21,31455.0,3.75,3827,nan,0,1.52,0.0000
1743425430.665008,LTE,CONNECT,FDD,48D2C04,-67,-6,16,-5,-77,-16,0,-77,-16,0,5,0,-42,LTE BAND 1,21,31457.0,3.75,3827,nan,0,1.53,0.0000
1743425431.7805855,LTE,CONNECT,FDD,48D2C04,-67,-6,15,-5,-77,-15,1,-77,-15,1,5,0,-42,LTE BAND 1,21,31457.0,3.75,3827,nan,0,1.53,0.0000
1743425432.9038393,LTE,CONNECT,FDD,48D2C04,-67,-6,17,-5,-71,-6,13,-75,-8,9,5,0,-41,LTE BAND 1,21,31453.0,3.75,3827,nan,0,1.53,0.0000
1743425433.9841652,LTE,CONNECT,FDD,48D2C33,-62,-5,16,-14,-70,-13,0,-70,-13,0,5,1,-42,LTE BAND 3,21,20968.0,2.5,2551,nan,0,1.54,0.0000
1743425435.080595,LTE,CONNECT,FDD,48D2C33,-61,-5,18,-4,0,0,0,0,0,0,5,0,-42,LTE BAND 3,21,10490.0,1.25,1276,nan,0,1.56,0.0000
1743425436.2324104,LTE,CONNECT,FDD,48D2C33,-61,-5,14,-5,0,0,0,0,0,0,5,0,-42,LTE BAND 3,21,31457.0,3.75,3827,nan,0,1.6,0.0000
1743425437.3357382,LTE,CONNECT,FDD,48D2C33,-62,-5,10,-5,0,0,0,0,0,0,5,0,-41,LTE BAND 3,21,31455.0,3.75,3827,nan,0,1.64,0.0000
1743425438.4080424,LTE,CONNECT,FDD,48D2C33,-62,-5,15,-5,-73,-16,-1,-73,-16,-1,5,0,-41,LTE BAND 3,21,31462.0,3.75,3828,nan,0,1.71,0.0000
1743425439.481628,LTE,CONNECT,FDD,48D2C33,-62,-5,14,-5,-73,-17,-1,-73,-17,-1,5,0,-41,LTE BAND 3,21,31458.0,3.75,3827,nan,0,1.8,0.0000
1743425440.6049836,LTE,CONNECT,FDD,48D2C33,-62,-5,14,-6,-73,-16,0,-73,-16,0,5,0,-41,LTE BAND 3,21,31458.0,3.75,3750,nan,54,1.28,0.0000
1743425441.7336204,LTE,CONNECT,FDD,48D2C33,-62,-5,15,-4,0,0,0,0,0,0,5,0,-42,LTE BAND 3,21,20964.0,2.5,2551,nan,0,1.51,0.0000
1743425442.8556902,LTE,CONNECT,FDD,48D2C33,-62,-5,10,-5,0,0,0,0,0,0,5,0,-41,LTE BAND 3,21,31452.0,3.75,3827,nan,0,1.61,0.0000
1743425443.9454284,LTE,CONNECT,FDD,48D2C04,-68,-7,14,-11,-78,-17,2,-78,-17,2,5,1,-42,LTE BAND 1,21,20968.0,2.5,2551,nan,0,1.66,0.0000
1743425445.0569437,LTE,CONNECT,FDD,48D2C04,-68,-6,17,-9,-77,-16,4,-77,-16,4,5,0,-42,LTE BAND 1,21,20983.0,2.5,2553,nan,0,1.72,0.0000
1743425446.21108,LTE,CONNECT,FDD,48D2C04,-67,-6,15,-5,-78,-16,2,-78,-16,2,5,0,-41,LTE BAND 1,21,20972.0,2.5,2546,nan,4,1.7,0.0000
1743425447.3495843,LTE,CONNECT,FDD,48D2C04,-67,-6,17,-4,-77,-16,0,-77,-16,0,5,0,-41,LTE BAND 1,21,31455.0,3.75,3820,nan,5,1.27,0.0000
1743425448.4549437,LTE,CONNECT,FDD,48D2C04,-68,-7,11,-4,-76,-15,0,-76,-15,0,5,0,-42,LTE BAND 1,21,31454.0,3.75,3827,nan,0,1.34,0.0000
1743425449.5567217,LTE,CONNECT,FDD,48D2C04,-68,-6,16,-5,0,0,0,0,0,0,5,0,-42,LTE BAND 1,21,31463.0,3.75,3828,nan,0,1.4,0.0000
1743425450.6623356,LTE,CONNECT,FDD,48D2C04,-67,-6,10,-4,0,0,0,0,0,0,5,0,-42,LTE BAND 1,21,31456.0,3.75,3827,nan,0,1.44,0.0000
1743425451.7583537,LTE,CONNECT,FDD,48D2C04,-67,-6,16,-5,-77,-16,1,-77,-16,1,5,0,-42,LTE BAND 1,21,31456.0,3.75,3827,nan,0,1.49,0.0000
1743425452.8294716,LTE,CONNECT,FDD,48D2C04,-67,-6,16,-5,-76,-15,1,-76,-15,1,5,0,-42,LTE BAND 1,21,31454.0,3.75,3827,nan,0,1.5,0.0000
1743425453.9014182,LTE,CONNECT,FDD,48D2C04,-67,-6,16,1,0,0,0,0,0,0,5,0,-42,LTE BAND 1,21,41956.0,5.0,5105,nan,0,1.5,0.0000
1743425455.0265472,LTE,CONNECT,FDD,48D2C04,-68,-6,15,4,0,0,0,0,0,0,5,0,-42,LTE BAND 1,21,52425.0,6.25,6378,nan,0,1.5,0.0000
1743425456.089509,LTE,CONNECT,FDD,48D2C04,-67,-6,13,5,0,0,0,0,0,0,5,0,-42,LTE BAND 1,21,62911.0,7.5,7654,nan,0,1.5,0.0000
1743425457.1554854,LTE,CONNECT,FDD,48D2C04,-67,-6,15,4,-77,-17,3,-77,-17,3,5,0,-42,LTE BAND 1,21,62912.0,7.5,7654,nan,0,1.51,0.0000
1743425458.240865,LTE,CONNECT,FDD,48D2C04,-67,-6,18,4,-77,-16,3,-77,-16,3,5,0,-42,LTE BAND 1,21,62920.0,7.5,7655,nan,0,1.52,0.0000
1743425459.295235,LTE,CONNECT,FDD,48D2C04,-67,-6,17,4,0,0,0,0,0,0,5,0,-42,LTE BAND 1,21,62915.0,7.5,7655,nan,0,1.55,0.0000
1743425460.4005733,LTE,CONNECT,FDD,48D2C04,-67,-6,16,3,0,0,0,0,0,0,5,0,-42,LTE BAND 1,21,62913.0,7.5,7654,nan,0,1.58,0.0000
1743425461.4545507,LTE,CONNECT,FDD,48D2C04,-67,-6,16,4,0,0,0,0,0,0,5,0,-42,LTE BAND 1,21,62915.0,7.5,7655,nan,0,1.64,0.0000
1743425462.543194,LTE,CONNECT,FDD,48D2C04,-67,-6,15,4,-77,-16,3,-77,-16,3,5,0,-42,LTE BAND 1,21,62911.0,7.5,7654,nan,0,1.71,0.0000
1743425463.66256,LTE,CONNECT,FDD,48D2C04,-67,-6,15,4,-61,-3,25,-80,-12,7,5,0,-42,LTE BAND 1,21,62921.0,7.5,7655,nan,0,1.81,0.0000
1743425464.7527528,LTE,CONNECT,FDD,48D2C33,-62,-5,12,-10,-70,-13,0,-70,-13,0,5,1,-42,LTE BAND 3,21,52427.0,6.25,6343,nan,25,1.32,0.0000
1743425465.8093474,LTE,CONNECT,FDD,48D2C33,-63,-5,18,-9,-70,-13,0,-70,-13,0,5,0,-42,LTE BAND 3,21,20962.0,2.5,2550,nan,0,1.53,0.0000
1743425466.9182277,LTE,CONNECT,FDD,48D2C33,-63,-5,15,-3,-70,-13,0,-70,-13,0,5,0,-42,LTE BAND 3,21,31469.0,3.75,3829,nan,0,1.64,0.0000
1743425468.04103,LTE,CONNECT,FDD,48D2C33,-63,-5,19,-4,-70,-12,0,-70,-12,0,5,0,-42,LTE BAND 3,21,31449.0,3.75,3826,nan,0,1.71,0.0000
1743425469.1523519,LTE,CONNECT,FDD,48D2C33,-63,-5,19,0,-70,-12,0,-70,-12,0,5,0,-43,LTE BAND 3,21,41959.0,5.0,5105,nan,0,1.75,0.0000
1743425470.246671,LTE,CONNECT,FDD,48D2C33,-63,-5,16,-4,-69,-11,0,-69,-11,0,5,0,-43,LTE BAND 3,21,20968.0,2.5,2551,nan,0,1.78,0.0000
1743425471.3512871,LTE,CONNECT,FDD,48D2C33,-63,-4,15,-4,-70,-11,0,-70,-11,0,5,0,-43,LTE BAND 3,21,31455.0,3.75,3790,nan,26,1.28,0.0000
1743425472.455617,LTE,CONNECT,FDD,48D2C33,-63,-5,17,-4,-69,-11,0,-69,-11,0,5,0,-43,LTE BAND 3,21,41950.0,5.0,5104,nan,0,1.36,0.0000
1743425473.5425785,LTE,CONNECT,FDD,48D2C33,-63,-4,20,-4,-70,-11,0,-70,-11,0,5,0,-42,LTE BAND 3,21,31457.0,3.75,3827,nan,0,1.42,0.0000
1743425474.6089914,LTE,CONNECT,FDD,48D2C33,-63,-4,18,-4,-70,-11,0,-70,-11,0,5,0,-43,LTE BAND 3,21,31450.0,3.75,3826,nan,0,1.46,0.0000
1743425475.7111888,LTE,CONNECT,FDD,48D2C33,-63,-4,18,2,-70,-11,0,-70,-11,0,5,0,-42,LTE BAND 3,21,31460.0,3.75,3828,nan,0,1.49,0.0000
1743425476.8087752,LTE,CONNECT,FDD,48D2C33,-62,-4,16,5,-70,-12,0,-70,-12,0,5,0,-42,LTE BAND 3,21,62922.0,7.5,7656,nan,0,1.52,0.0000
1743425477.8803678,LTE,CONNECT,FDD,48D2C33,-62,-4,19,6,-70,-12,0,-70,-12,0,5,0,-43,LTE BAND 3,21,62929.0,7.5,7656,nan,0,1.52,0.0000
1743425478.9460857,LTE,CONNECT,FDD,48D2C33,-63,-4,16,7,0,0,0,0,0,0,5,0,-42,LTE BAND 3,21,52415.0,6.25,6377,nan,0,1.52,0.0000
1743425480.0118454,LTE,CONNECT,FDD,48D2C33,-63,-4,18,6,0,0,0,0,0,0,5,0,-42,LTE BAND 3,21,62912.0,7.5,7654,nan,0,1.52,0.0000
1743425481.1254601,LTE,CONNECT,FDD,48D2C33,-63,-5,19,6,-72,-14,5,-72,-14,5,5,0,-42,LTE BAND 3,21,62921.0,7.5,7655,nan,0,1.53,0.0000
1743425482.2305596,LTE,CONNECT,FDD,48D2C33,-63,-4,17,6,-71,-13,4,-71,-13,4,5,0,-42,LTE BAND 3,22,62915.0,7.5,7655,nan,0,1.54,0.0000
1743425483.3638148,LTE,CONNECT,FDD,48D2C33,-63,-4,16,6,-72,-13,5,-72,-13,5,5,0,-43,LTE BAND 3,22,62921.0,7.5,7655,nan,0,1.56,0.0000
1743425484.443604,LTE,CONNECT,FDD,48D2C33,-63,-5,15,5,-70,-12,7,-70,-12,7,5,0,-42,LTE BAND 3,22,62909.0,7.5,7654,nan,0,1.6,0.0000
1743425485.4971468,LTE,CONNECT,FDD,48D2C33,-63,-5,15,8,-70,-11,7,-70,-11,7,5,0,-43,LTE BAND 3,22,62929.0,7.5,7656,nan,0,1.65,0.0000
1743425486.5410995,LTE,CONNECT,FDD,48D2C33,-63,-5,12,7,-70,-11,7,-70,-11,7,5,0,-43,LTE BAND 3,22,62907.0,7.5,7654,nan,0,1.73,0.0000
1743425487.6086576,LTE,CONNECT,FDD,48D2C33,-63,-4,17,6,-70,-11,7,-70,-11,7,5,0,-43,LTE BAND 3,22,62916.0,7.5,7655,nan,0,1.83,0.0000
1743425488.6813645,LTE,CONNECT,FDD,48D2C33,-63,-5,17,8,-70,-11,7,-70,-11,7,5,0,-43,LTE BAND 3,22,52425.0,6.25,6364,nan,10,1.34,0.0000
1743425489.7412589,LTE,CONNECT,FDD,48D2C33,-63,-5,12,8,-70,-12,7,-70,-12,7,5,0,-42,LTE BAND 3,22,62908.0,7.5,7654,nan,0,1.47,0.0000
1743425490.8029757,LTE,CONNECT,FDD,48D2C33,-63,-5,18,7,-70,-11,7,-70,-11,7,5,0,-42,LTE BAND 3,22,62914.0,7.5,7655,nan,0,1.68,0.0000
1743425491.880733,LTE,CONNECT,FDD,48D2C33,-63,-5,18,8,-70,-11,7,-70,-11,7,5,0,-43,LTE BAND 3,22,62920.0,7.5,7655,nan,0,1.76,0.0000
1743425492.9242704,LTE,CONNECT,FDD,48D2C33,-63,-5,12,7,-70,-11,7,-70,-11,7,5,0,-42,LTE BAND 3,22,52414.0,6.25,6377,nan,0,1.81,0.0000
1743425493.9858959,LTE,CONNECT,FDD,510781F,-78,-23,-4,8,-61,-4,22,-61,-4,22,5,1,-43,LTE BAND 3,22,52422.0,6.25,6342,nan,25,1.29,0.0000
1743425495.090924,LTE,CONNECT,FDD,510781F,-81,-24,-7,10,-61,-3,22,-61,-3,22,5,0,-43,LTE BAND 3,22,0.0,0.0,-720,nan,505,67.4,0.0000
1743425496.1787121,LTE,CONNECT,FDD,510781F,-82,-24,-3,22,-61,-3,22,-61,-3,22,5,0,-43,LTE BAND 3,22,10490.0,1.25,695,nan,408,83.6,0.0005
1743425497.2985675,LTE,CONNECT,FDD,510781F,-81,-24,-4,22,-61,-3,22,-61,-3,22,5,0,-43,LTE BAND 3,22,10486.0,1.25,1276,nan,0,299.0,0.0000
1743425498.3759873,LTE,CONNECT,FDD,510781F,-83,-25,-8,22,-61,-3,22,-61,-3,22,5,0,-43,LTE BAND 3,22,20987.0,2.5,2553,nan,0,499.0,0.0000
1743425499.46136,LTE,CONNECT,FDD,510781F,-83,-25,-4,22,-61,-3,22,-61,-3,22,5,0,-43,LTE BAND 3,22,20969.0,2.5,2551,nan,0,609.0,0.0000
1743425500.5813794,LTE,CONNECT,FDD,510781F,-82,-25,-1,22,-61,-3,22,-61,-3,22,5,0,-43,LTE BAND 3,22,10484.0,1.25,1276,nan,0,771.0,0.0000
1743425501.704287,LTE,CONNECT,FDD,510781F,-83,-26,-2,22,-61,-3,22,-61,-3,22,5,0,-43,LTE BAND 3,22,20977.0,2.5,2552,nan,0,864.0,0.0000
1743425502.8378792,LTE,CONNECT,FDD,510781F,-83,-23,-5,12,-63,-3,22,-63,-3,22,5,0,-43,LTE BAND 3,22,31472.0,3.75,3829,nan,0,1017.0,0.0000
1743425503.946879,LTE,CONNECT,FDD,510781F,-82,-23,-7,22,-62,-3,22,-62,-3,22,5,0,-42,LTE BAND 3,22,20977.0,2.5,2552,nan,0,1.04,0.0000
1743425505.0342953,LTE,CONNECT,FDD,510781F,-82,-23,-2,22,-63,-3,22,-63,-3,22,5,0,-41,LTE BAND 3,22,10482.0,1.25,1275,nan,0,1.07,0.0000
1743425506.1498127,LTE,CONNECT,FDD,510781F,-83,-25,-6,22,-62,-4,22,-62,-4,22,5,0,-43,LTE BAND 3,22,20975.0,2.5,2552,nan,0,1.09,0.0000
1743425507.2614603,LTE,CONNECT,FDD,510781F,-82,-24,-1,22,-61,-3,22,-61,-3,22,5,0,-43,LTE BAND 3,22,20980.0,2.5,2553,nan,0,1.09,0.0000
1743425508.378602,LTE,CONNECT,FDD,510781F,-83,-25,-12,13,-61,-3,22,-61,-3,22,5,0,-41,LTE BAND 3,22,20968.0,2.5,2551,nan,0,1.1,0.0000
1743425509.4737961,LTE,CONNECT,FDD,510781F,-84,-26,-11,22,-61,-3,22,-61,-3,22,5,0,-41,LTE BAND 3,22,10483.0,1.25,1275,nan,0,1.1,0.0000
1743425510.5538151,LTE,CONNECT,FDD,510781F,-82,-24,-5,22,-62,-3,22,-62,-3,22,5,0,-41,LTE BAND 3,22,20972.0,2.5,2552,nan,0,1.1,0.0000
1743425511.6564174,LTE,CONNECT,FDD,510781F,-84,-26,-8,22,-62,-3,22,-62,-3,22,5,0,-40,LTE BAND 3,22,20972.0,2.5,2552,nan,0,1.1,0.0000
1743425512.7711358,LTE,CONNECT,FDD,510781F,-83,-25,-6,22,-62,-4,22,-62,-4,22,5,0,-41,LTE BAND 3,22,20975.0,2.5,2552,nan,0,1.14,0.0000
1743425513.8814828,LTE,CONNECT,FDD,510781F,-83,-25,-10,22,-62,-3,22,-62,-3,22,5,0,-41,LTE BAND 3,22,10479.0,1.25,1275,nan,0,1.16,0.0000
1743425514.9695225,LTE,CONNECT,FDD,510781F,-82,-24,-11,22,-62,-4,22,-62,-4,22,5,0,-41,LTE BAND 3,22,20976.0,2.5,2552,nan,0,1.22,0.0000
1743425516.1150753,LTE,CONNECT,FDD,48D2C04,327,327,-6,22,-62,-3,22,-62,-3,22,5,1,-41,LTE BAND 1,22,20974.0,2.5,2552,nan,0,1.28,0.0000
1743425517.2452714,LTE,CONNECT,FDD,48D2C04,-70,-7,15,1,0,0,0,0,0,0,5,0,-43,LTE BAND 1,22,0.0,0.0,-1,nan,1,1.35,0.0000
1743425518.4103737,LTE,CONNECT,FDD,48D2C04,-70,-7,17,2,-78,-15,1,-78,-15,1,5,0,-43,LTE BAND 1,22,31491.0,3.75,2535,nan,909,957.0,0.0003
1743425519.528836,LTE,CONNECT,FDD,48D2C04,-69,-7,16,1,0,0,0,0,0,0,5,0,-43,LTE BAND 1,22,52444.0,6.25,6381,nan,0,1.04,0.0000
1743425520.600451,LTE,CONNECT,FDD,48D2C04,-70,-7,15,2,0,0,0,0,0,0,5,0,-43,LTE BAND 1,22,41937.0,5.0,5102,nan,0,1.12,0.0000
1743425521.6643233,LTE,CONNECT,FDD,48D2C04,-70,-7,14,2,-78,-15,3,-78,-15,3,5,0,-44,LTE BAND 1,22,41947.0,5.0,5104,nan,0,1.18,0.0000
1743425522.7809217,LTE,CONNECT,FDD,48D2C04,-70,-6,16,2,-79,-15,5,-79,-15,5,5,0,-44,LTE BAND 1,22,41943.0,5.0,5103,nan,0,1.25,0.0000
1743425523.9064267,LTE,CONNECT,FDD,48D2C33,-64,-6,20,-11,-71,-15,0,-71,-15,0,5,1,-41,LTE BAND 3,22,41934.0,5.0,5102,nan,0,1.27,0.0000
1743425525.02107,LTE,CONNECT,FDD,48D2C33,-62,-6,16,-11,0,0,0,0,0,0,5,0,-42,LTE BAND 3,22,10479.0,1.25,1275,nan,0,1.28,0.0000
1743425526.1289058,LTE,CONNECT,FDD,48D2C33,-62,-5,20,-5,-71,-14,0,-71,-14,0,5,0,-42,LTE BAND 3,22,31474.0,3.75,3829,nan,0,1.28,0.0000
1743425527.2535772,LTE,CONNECT,FDD,48D2C33,-62,-5,19,-5,-71,-14,0,-71,-14,0,5,0,-42,LTE BAND 3,22,41961.0,5.0,5105,nan,0,1.28,0.0000
1743425528.3527477,LTE,CONNECT,FDD,48D2C33,-62,-5,17,-5,0,0,0,0,0,0,5,0,-42,LTE BAND 3,22,31454.0,3.75,3827,nan,0,1.28,0.0000
1743425529.4823823,LTE,CONNECT,FDD,48D2C33,-62,-5,16,-5,0,0,0,0,0,0,5,0,-42,LTE BAND 3,22,31451.0,3.75,3827,nan,0,1.29,0.0000
1743425530.5430033,LTE,CONNECT,FDD,48D2C33,-62,-5,12,-5,0,0,0,0,0,0,5,0,-42,LTE BAND 3,22,31462.0,3.75,3828,nan,0,1.3,0.0000
1743425531.6417518,LTE,CONNECT,FDD,48D2C33,-62,-5,18,-5,0,0,0,0,0,0,5,0,-41,LTE BAND 3,22,31461.0,3.75,3828,nan,0,1.32,0.0000
1743425532.7168064,LTE,CONNECT,FDD,48D2C33,-62,-5,16,-5,-71,-14,1,-71,-14,1,5,0,-41,LTE BAND 3,22,31459.0,3.75,3828,nan,0,1.35,0.0000
1743425533.8098814,LTE,CONNECT,FDD,48D2C04,-69,-7,17,-9,-80,-15,2,-80,-15,2,5,1,-43,LTE BAND 1,22,10481.0,1.25,1275,nan,0,1.45,0.0000
1743425534.912304,LTE,CONNECT,FDD,48D2C04,-70,-7,15,-7,-79,-15,3,-79,-15,3,5,0,-44,LTE BAND 1,22,20974.0,2.5,2552,nan,0,1.53,0.0000
1743425536.006523,LTE,CONNECT,FDD,48D2C04,-69,-7,17,-3,-78,-15,3,-78,-15,3,5,0,-43,LTE BAND 1,22,20978.0,2.5,2552,nan,0,1.65,0.0000
1743425537.122654,LTE,CONNECT,FDD,48D2C04,-70,-7,14,-2,-78,-15,2,-78,-15,2,5,0,-44,LTE BAND 1,22,31451.0,3.75,3827,nan,0,1.81,0.0000
1743425538.2372308,LTE,CONNECT,FDD,48D2C04,-70,-6,14,-2,-78,-15,3,-78,-15,3,5,0,-44,LTE BAND 1,22,31462.0,3.75,3749,nan,55,1.29,0.0000
1743425539.3130112,LTE,CONNECT,FDD,48D2C04,-70,-7,15,-2,-78,-15,1,-78,-15,1,5,0,-44,LTE BAND 1,22,31455.0,3.75,3827,nan,0,1.41,0.0000
1743425540.4256322,LTE,CONNECT,FDD,48D2C04,-70,-6,16,-2,0,0,0,0,0,0,5,0,-44,LTE BAND 1,22,31453.0,3.75,3827,nan,0,1.52,0.0000
1743425541.5246294,LTE,CONNECT,FDD,48D2C04,-69,-6,17,-4,0,0,0,0,0,0,5,0,-44,LTE BAND 1,22,31463.0,3.75,3828,nan,0,1.62,0.0000
1743425542.6362495,LTE,CONNECT,FDD,48D2C04,-70,-6,16,-2,0,0,0,0,0,0,5,0,-44,LTE BAND 1,22,31460.0,3.75,3828,nan,0,1.7,0.0000
1743425543.827833,LTE,CONNECT,FDD,48D2C33,-62,-6,11,-7,0,0,0,0,0,0,5,1,-41,LTE BAND 3,22,20975.0,2.5,2529,nan,16,1.24,0.0000
1743425544.9406667,LTE,CONNECT,FDD,48D2C33,-62,-5,20,0,-72,-15,-1,-72,-15,-1,5,0,-42,LTE BAND 3,22,31451.0,3.75,3799,nan,19,1.27,0.0000
1743425546.0254407,LTE,CONNECT,FDD,48D2C33,-62,-6,12,-1,0,0,0,0,0,0,5,0,-42,LTE BAND 3,22,52438.0,6.25,6380,nan,0,1.35,0.0000
1743425547.1465693,LTE,CONNECT,FDD,48D2C33,-63,-6,15,-1,0,0,0,0,0,0,5,0,-42,LTE BAND 3,22,41942.0,5.0,5103,nan,0,1.41,0.0000
1743425548.2706892,LTE,CONNECT,FDD,48D2C33,-62,-5,14,0,-71,-15,0,-71,-15,0,5,0,-42,LTE BAND 3,22,52430.0,6.25,6379,nan,0,1.46,0.0000
1743425549.3349283,LTE,CONNECT,FDD,48D2C33,-62,-5,17,-1,-71,-14,0,-71,-14,0,5,0,-42,LTE BAND 3,22,52430.0,6.25,6379,nan,0,1.48,0.0000
1743425550.4258509,LTE,CONNECT,FDD,48D2C33,-64,-5,14,1,-70,-11,2,-79,-17,-2,5,0,-43,LTE BAND 3,22,41934.0,5.0,5102,nan,0,1.5,0.0000
1743425551.529523,LTE,CONNECT,FDD,48D2C33,-64,-5,14,1,-76,-18,-1,-76,-18,-1,5,0,-42,LTE BAND 3,22,52436.0,6.25,6380,nan,0,1.51,0.0000
1743425552.6373377,LTE,CONNECT,FDD,48D2C33,-63,-5,20,0,0,0,0,0,0,0,5,0,-43,LTE BAND 3,22,41935.0,5.0,5102,nan,0,1.51,0.0000
1743425553.744746,LTE,CONNECT,FDD,48D2C04,-70,-6,16,-12,-79,-15,1,-79,-15,1,5,1,-44,LTE BAND 1,22,52436.0,6.25,6380,nan,0,1.51,0.0000
1743425554.8011997,LTE,CONNECT,FDD,48D2C04,-70,-6,15,-8,-78,-14,3,-78,-14,3,5,0,-45,LTE BAND 1,22,10480.0,1.25,1275,nan,0,1.51,0.0000
1743425555.8812792,LTE,CONNECT,FDD,48D2C04,-71,-6,15,-4,-79,-15,3,-79,-15,3,5,0,-45,LTE BAND 1,22,20981.0,2.5,2553,nan,0,1.52,0.0000
1743425556.967811,LTE,CONNECT,FDD,48D2C04,-70,-6,14,-4,0,0,0,0,0,0,5,0,-44,LTE BAND 1,22,31461.0,3.75,3828,nan,0,1.55,0.0000
1743425558.0506568,LTE,CONNECT,FDD,48D2C04,-70,-6,16,-4,0,0,0,0,0,0,5,0,-45,LTE BAND 1,22,31458.0,3.75,3827,nan,0,1.58,0.0000
1743425559.1120994,LTE,CONNECT,FDD,48D2C04,-71,-7,15,-4,-79,-14,5,-79,-14,5,5,0,-45,LTE BAND 1,22,31462.0,3.75,3828,nan,0,1.63,0.0000
1743425560.2272582,LTE,CONNECT,FDD,48D2C04,-71,-6,15,-4,-79,-14,5,-79,-14,5,5,0,-45,LTE BAND 1,22,31455.0,3.75,3827,nan,0,1.7,0.0000
1743425561.3656085,LTE,CONNECT,FDD,48D2C04,-71,-7,15,-4,-78,-14,5,-78,-14,5,5,0,-45,LTE BAND 1,22,31458.0,3.75,3827,nan,0,1.79,0.0000
1743425562.4398017,LTE,CONNECT,FDD,48D2C04,-70,-6,16,-4,-78,-14,5,-78,-14,5,5,0,-44,LTE BAND 1,22,31455.0,3.75,3787,nan,28,1.1,0.0000
1743425563.5489488,LTE,CONNECT,FDD,48D2C04,-70,-6,15,-4,-78,-14,4,-78,-14,4,5,0,-45,LTE BAND 1,22,31460.0,3.75,3828,nan,0,947.0,0.0000
1743425564.6143942,LTE,CONNECT,FDD,48D2C04,-70,-7,16,-4,-79,-15,4,-79,-15,4,5,0,-44,LTE BAND 1,22,20968.0,2.5,2551,nan,0,1005.0,0.0000
1743425565.7107143,LTE,CONNECT,FDD,48D2C04,-71,-7,17,6,-79,-15,3,-79,-15,3,5,0,-45,LTE BAND 1,22,41953.0,5.0,5104,nan,0,1.02,0.0000
1743425566.8094301,LTE,CONNECT,FDD,48D2C04,-71,-7,17,7,-78,-14,3,-78,-14,3,5,0,-45,LTE BAND 1,22,52423.0,6.25,6378,nan,0,1.07,0.0000
1743425567.8988593,LTE,CONNECT,FDD,48D2C04,-71,-7,15,7,-78,-14,3,-78,-14,3,5,0,-45,LTE BAND 1,22,62913.0,7.5,7654,nan,0,1.07,0.0000
1743425569.036129,LTE,CONNECT,FDD,48D2C04,-71,-7,16,5,-79,-15,3,-79,-15,3,5,0,-45,LTE BAND 1,22,62912.0,7.5,7654,nan,0,1.07,0.0000
1743425570.0860648,LTE,CONNECT,FDD,48D2C04,-71,-7,15,6,-78,-14,3,-78,-14,3,5,0,-44,LTE BAND 1,22,62908.0,7.5,7654,nan,0,1.07,0.0000
1743425571.1366966,LTE,CONNECT,FDD,48D2C04,-70,-6,16,7,0,0,0,0,0,0,5,0,-44,LTE BAND 1,22,62926.0,7.5,7656,nan,0,1.08,0.0000
1743425572.2646973,LTE,CONNECT,FDD,48D2C04,-71,-7,16,6,-79,-14,6,-79,-14,6,5,0,-45,LTE BAND 1,22,62914.0,7.5,7655,nan,0,1.08,0.0000
1743425573.375913,LTE,CONNECT,FDD,48D2C04,-71,-7,16,7,-79,-14,6,-79,-14,6,5,0,-45,LTE BAND 1,22,62906.0,7.5,7654,nan,0,1.1,0.0000
1743425574.421466,LTE,CONNECT,FDD,48D2C04,-71,-6,14,7,-79,-14,6,-79,-14,6,5,0,-45,LTE BAND 1,22,62922.0,7.5,7656,nan,0,1.12,0.0000
1743425575.4743881,LTE,CONNECT,FDD,48D2C04,-71,-6,14,7,-79,-14,6,-79,-14,6,5,0,-45,LTE BAND 1,22,62915.0,7.5,7655,nan,0,1.16,0.0000
1743425576.5754485,LTE,CONNECT,FDD,48D2C04,-71,-6,15,6,-78,-14,6,-78,-14,6,5,0,-45,LTE BAND 1,22,62908.0,7.5,7654,nan,0,1.22,0.0000
1743425577.6407542,LTE,CONNECT,FDD,48D2C04,-71,-6,14,7,-79,-13,6,-79,-13,6,5,0,-46,LTE BAND 1,22,62921.0,7.5,7655,nan,0,1.3,0.0000
1743425578.7177591,LTE,CONNECT,FDD,48D2C04,-72,-7,15,7,-79,-14,6,-87,-18,-4,5,0,-46,LTE BAND 1,22,62910.0,7.5,7654,nan,0,1.53,0.0000
1743425579.8408687,LTE,CONNECT,FDD,48D2C04,-71,-6,15,5,-80,-15,4,-80,-15,4,5,0,-46,LTE BAND 1,22,73265.0,8.75,8914,nan,0,1.68,0.0000
1743425580.9508436,LTE,CONNECT,FDD,48D2C04,-71,-6,13,6,0,0,0,0,0,0,5,0,-46,LTE BAND 1,22,52521.0,6.25,6380,nan,7,1.86,0.0000
1743425582.0770686,LTE,CONNECT,FDD,48D2C04,-70,-6,14,7,0,0,0,0,0,0,5,0,-45,LTE BAND 1,22,62916.0,7.5,7649,nan,4,1.39,0.0000
1743425583.1433766,LTE,CONNECT,FDD,48D2C04,-72,-8,16,8,-78,-14,1,-78,-14,1,5,0,-45,LTE BAND 1,22,62913.0,7.5,7654,nan,0,1.52,0.0000
1743425584.2701294,LTE,CONNECT,FDD,48D2C04,-71,-7,16,8,-78,-14,1,-78,-14,1,5,0,-45,LTE BAND 1,22,62917.0,7.5,7655,nan,0,1.63,0.0000
1743425585.3248153,LTE,CONNECT,FDD,48D2C04,-72,-8,13,8,-78,-14,1,-78,-14,1,5,0,-45,LTE BAND 1,22,62922.0,7.5,7656,nan,0,1.71,0.0000
1743425586.382793,LTE,CONNECT,FDD,48D2C04,-72,-8,13,7,-79,-14,1,-79,-14,1,5,0,-45,LTE BAND 1,22,62907.0,7.5,7654,nan,0,1.77,0.0000
1743425587.4462311,LTE,CONNECT,FDD,48D2C04,-72,-8,14,8,-79,-14,1,-79,-14,1,5,0,-45,LTE BAND 1,22,62917.0,7.5,7655,nan,0,1.81,0.0000
1743425588.5533664,LTE,CONNECT,FDD,48D2C04,-72,-7,12,9,-79,-14,1,-79,-14,1,5,0,-45,LTE BAND 1,22,62918.0,7.5,7655,nan,0,1.84,0.0000
1743425589.6478863,LTE,CONNECT,FDD,48D2C04,-71,-7,15,7,-79,-14,1,-79,-14,1,5,0,-45,LTE BAND 1,22,62918.0,7.5,7651,nan,3,1.33,0.0000
1743425590.7241588,LTE,CONNECT,FDD,48D2C04,-73,-8,15,10,-79,-14,1,-79,-14,1,5,0,-46,LTE BAND 1,22,62910.0,7.5,7654,nan,0,1.41,0.0000
1743425591.7978258,LTE,CONNECT,FDD,48D2C04,-73,-8,14,9,-79,-14,1,-79,-14,1,5,0,-46,LTE BAND 1,22,62918.0,7.5,7655,nan,0,1.51,0.0000
1743425592.863745,LTE,CONNECT,FDD,48D2C04,-73,-8,13,9,-79,-13,1,-79,-13,1,5,0,-46,LTE BAND 1,22,62908.0,7.5,7654,nan,0,1.54,0.0000
1743425593.9577467,LTE,CONNECT,FDD,48D2C04,-73,-8,13,9,-79,-14,1,-79,-14,1,5,0,-46,LTE BAND 1,22,62918.0,7.5,7655,nan,0,1.56,0.0000
1743425595.0082598,LTE,CONNECT,FDD,48D2C04,-72,-8,14,8,-79,-14,1,-79,-14,1,5,0,-45,LTE BAND 1,22,62901.0,7.5,7653,nan,0,1.57,0.0000
1743425596.063946,LTE,CONNECT,FDD,48D2C04,-73,-8,15,9,-79,-14,1,-79,-14,1,5,0,-45,LTE BAND 1,22,62930.0,7.5,7656,nan,0,1.57,0.0000
1743425597.1087525,LTE,CONNECT,FDD,48D2C04,-73,-8,14,8,-79,-14,1,-79,-14,1,5,0,-45,LTE BAND 1,22,62905.0,7.5,7653,nan,0,1.57,0.0000
1743425598.1775637,LTE,CONNECT,FDD,48D2C04,-72,-8,15,8,-79,-15,1,-79,-15,1,5,0,-44,LTE BAND 1,22,52437.0,6.25,6380,nan,0,1.57,0.0000
1743425599.2502213,LTE,CONNECT,FDD,48D2C04,-71,-7,15,7,-79,-15,1,-79,-15,1,5,0,-44,LTE BAND 1,22,52431.0,6.25,6379,nan,0,1.58,0.0000
1743425600.3509269,LTE,CONNECT,FDD,48D2C04,-71,-7,14,9,-78,-14,1,-78,-14,1,5,0,-44,LTE BAND 1,22,62913.0,7.5,7654,nan,0,1.59,0.0000
1743425601.423337,LTE,CONNECT,FDD,48D2C04,-71,-7,16,8,-79,-15,1,-79,-15,1,5,0,-44,LTE BAND 1,22,62926.0,7.5,7656,nan,0,1.61,0.0000
1743425602.5301821,LTE,CONNECT,FDD,48D2C04,-71,-7,12,8,-78,-14,1,-78,-14,1,5,0,-45,LTE BAND 1,22,62909.0,7.5,7654,nan,0,1.65,0.0000
1743425603.6006894,LTE,CONNECT,FDD,48D2C04,-72,-7,13,8,-79,-14,1,-79,-14,1,5,0,-45,LTE BAND 1,22,52433.0,6.25,6379,nan,0,1.69,0.0000
1743425604.7179036,LTE,CONNECT,FDD,48D2C04,-73,-8,14,10,-79,-14,1,-79,-14,1,5,0,-46,LTE BAND 1,22,52421.0,6.25,6378,nan,0,1.76,0.0000
1743425605.7795353,LTE,CONNECT,FDD,48D2C04,-73,-8,13,9,-79,-14,1,-79,-14,1,5,0,-46,LTE BAND 1,22,62918.0,7.5,7635,nan,14,1.37,0.0000
1743425606.8592098,LTE,CONNECT,FDD,48D2C04,-73,-7,14,8,-79,-14,1,-79,-14,1,5,0,-46,LTE BAND 1,22,73403.0,8.75,8931,nan,0,1.51,0.0000
1743425607.9645612,LTE,CONNECT,FDD,48D2C04,-72,-7,14,7,-79,-14,1,-79,-14,1,5,0,-45,LTE BAND 1,22,62918.0,7.5,7655,nan,0,1.62,0.0000
1743425609.0961132,LTE,CONNECT,FDD,48D2C04,-73,-8,6,9,-78,-13,1,-78,-13,1,5,0,-45,LTE BAND 1,22,62913.0,7.5,7654,nan,0,1.71,0.0000
1743425610.2156818,LTE,CONNECT,FDD,48D2C04,-73,-8,14,8,-79,-14,1,-79,-14,1,5,0,-45,LTE BAND 1,22,62920.0,7.5,7655,nan,0,1.77,0.0000
1743425611.2843783,LTE,CONNECT,FDD,48D2C04,-73,-8,13,7,-78,-13,1,-78,-13,1,5,0,-45,LTE BAND 1,22,62913.0,7.5,7654,nan,0,1.82,0.0000
1743425612.4061606,LTE,CONNECT,FDD,48D2C04,-73,-8,12,8,-78,-13,1,-78,-13,1,5,0,-46,LTE BAND 1,22,62915.0,7.5,7655,nan,0,1.85,0.0000
1743425613.4929566,LTE,CONNECT,FDD,48D2C04,-73,-8,13,9,-79,-14,1,-79,-14,1,5,0,-46,LTE BAND 1,22,62910.0,7.5,7644,nan,7,1.32,0.0000
1743425614.552566,LTE,CONNECT,FDD,48D2C04,-72,-8,13,9,-78,-14,1,-78,-14,1,5,0,-45,LTE BAND 1,22,62917.0,7.5,7655,nan,0,1.4,0.0000
1743425615.610619,LTE,CONNECT,FDD,48D2C04,-72,-8,14,8,-79,-15,1,-79,-15,1,5,0,-45,LTE BAND 1,22,62915.0,7.5,7655,nan,0,1.47,0.0000
1743425616.7565217,LTE,CONNECT,FDD,48D2C04,-73,-8,14,9,-80,-15,1,-80,-15,1,5,0,-45,LTE BAND 1,22,62911.0,7.5,7654,nan,0,1.55,0.0000
1743425617.8306038,LTE,CONNECT,FDD,48D2C04,-73,-8,15,8,-79,-14,1,-79,-14,1,5,0,-46,LTE BAND 1,22,62917.0,7.5,7655,nan,0,1.56,0.0000
1743425618.9405327,LTE,CONNECT,FDD,48D2C04,-73,-8,13,7,-80,-15,1,-80,-15,1,5,0,-45,LTE BAND 1,22,62915.0,7.5,7655,nan,0,1.57,0.0000
1743425620.0283577,LTE,CONNECT,FDD,48D2C04,-73,-8,12,7,-80,-14,1,-80,-14,1,5,0,-46,LTE BAND 1,22,62917.0,7.5,7655,nan,0,1.58,0.0000
1743425621.095738,LTE,CONNECT,FDD,48D2C04,-73,-8,13,8,-80,-15,1,-80,-15,1,5,0,-45,LTE BAND 1,22,62912.0,7.5,7654,nan,0,1.58,0.0000
1743425622.2117002,LTE,CONNECT,FDD,48D2C04,-72,-8,12,8,-80,-15,1,-80,-15,1,5,0,-45,LTE BAND 1,22,52424.0,6.25,6378,nan,0,1.58,0.0000
1743425623.3130605,LTE,CONNECT,FDD,48D2C04,-72,-8,14,8,-80,-15,1,-80,-15,1,5,0,-45,LTE BAND 1,22,62915.0,7.5,7655,nan,0,1.58,0.0000
1743425624.418305,LTE,CONNECT,FDD,48D2C04,-72,-7,13,8,-80,-15,1,-87,-19,-7,5,0,-45,LTE BAND 1,22,62921.0,7.5,7655,nan,0,1.59,0.0000
1743425625.4975471,LTE,CONNECT,FDD,48D2C04,-72,-8,6,8,-80,-17,0,-80,-17,0,5,0,-44,LTE BAND 1,22,62918.0,7.5,7655,nan,0,1.61,0.0000
1743425626.5943239,LTE,CONNECT,FDD,48D2C04,-72,-8,13,8,-81,-16,2,-81,-16,2,5,0,-45,LTE BAND 1,22,62902.0,7.5,7653,nan,0,1.64,0.0000
1743425627.6616933,LTE,CONNECT,FDD,48D2C04,-72,-8,10,8,0,0,0,0,0,0,5,0,-45,LTE BAND 1,22,62919.0,7.5,7655,nan,0,1.69,0.0000
1743425628.7369204,LTE,CONNECT,FDD,48D2C04,-71,-7,13,7,0,0,0,0,0,0,5,0,-44,LTE BAND 1,22,62918.0,7.5,7655,nan,0,1.76,0.0000
1743425629.8102539,LTE,CONNECT,FDD,48D2C04,-72,-7,14,8,-80,-16,0,-80,-16,0,5,0,-45,LTE BAND 1,22,62915.0,7.5,7630,nan,17,1.35,0.0000
1743425630.868941,LTE,CONNECT,FDD,48D2C04,-72,-8,12,6,-80,-16,-1,-80,-16,-1,5,0,-45,LTE BAND 1,22,62916.0,7.5,7655,nan,0,1.48,0.0000
1743425631.9186485,LTE,CONNECT,FDD,48D2C04,-72,-7,14,6,0,0,0,0,0,0,5,0,-45,LTE BAND 1,22,62915.0,7.5,7655,nan,0,1.6,0.0000
1743425632.9951494,LTE,CONNECT,FDD,48D2C04,-72,-7,9,8,-79,-15,0,-79,-15,0,5,0,-45,LTE BAND 1,22,62923.0,7.5,7656,nan,0,1.69,0.0000
1743425634.0857735,LTE,CONNECT,FDD,48D2C04,-71,-7,13,7,-79,-15,0,-79,-15,0,5,0,-44,LTE BAND 1,22,62914.0,7.5,7655,nan,0,1.76,0.0000
1743425635.1645489,LTE,CONNECT,FDD,48D2C04,-71,-7,13,7,-79,-15,-1,-79,-15,-1,5,0,-44,LTE BAND 1,22,62909.0,7.5,7654,nan,0,1.81,0.0000
1743425636.2232833,LTE,CONNECT,FDD,48D2C04,-71,-7,14,8,-80,-16,0,-80,-16,0,5,0,-44,LTE BAND 1,22,62916.0,7.5,7655,nan,0,1.84,0.0000
1743425637.2763917,LTE,CONNECT,FDD,48D2C04,-71,-7,8,8,-79,-15,0,-79,-15,0,5,0,-45,LTE BAND 1,22,62908.0,7.5,7610,nan,31,1.33,0.0000
1743425638.3805563,LTE,CONNECT,FDD,48D2C04,-71,-7,12,7,-80,-15,0,-80,-15,0,5,0,-45,LTE BAND 1,23,62918.0,7.5,7655,nan,0,1.41,0.0000
1743425639.446228,LTE,CONNECT,FDD,48D2C04,-72,-7,14,7,-80,-15,0,-80,-15,0,5,0,-45,LTE BAND 1,23,62917.0,7.5,7655,nan,0,1.47,0.0000
1743425640.5475395,LTE,CONNECT,FDD,48D2C04,-71,-7,15,7,-79,-15,1,-79,-15,1,5,0,-45,LTE BAND 1,23,62909.0,7.5,7654,nan,0,1.51,0.0000
1743425641.6012805,LTE,CONNECT,FDD,48D2C04,-71,-7,13,7,-79,-15,1,-79,-15,1,5,0,-45,LTE BAND 1,23,62916.0,7.5,7655,nan,0,1.54,0.0000
1743425642.6577,LTE,CONNECT,FDD,48D2C04,-71,-7,15,7,0,0,0,0,0,0,5,0,-45,LTE BAND 1,23,62913.0,7.5,7654,nan,0,1.56,0.0000
1743425643.7072158,LTE,CONNECT,FDD,48D2C04,-72,-7,14,8,-80,-15,0,-80,-15,0,5,0,-45,LTE BAND 1,23,62923.0,7.5,7656,nan,0,1.57,0.0000
1743425644.7909296,LTE,CONNECT,FDD,48D2C04,-72,-7,14,8,0,0,0,0,0,0,5,0,-45,LTE BAND 1,23,62910.0,7.5,7654,nan,0,1.57,0.0000
1743425645.898901,LTE,CONNECT,FDD,48D2C04,-72,-7,14,9,-80,-15,0,-87,-19,-7,5,0,-45,LTE BAND 1,23,62931.0,7.5,7657,nan,0,1.57,0.0000
1743425646.9641263,LTE,CONNECT,FDD,48D2C04,-72,-7,13,8,-80,-15,0,-87,-18,-7,5,0,-45,LTE BAND 1,23,62914.0,7.5,7655,nan,0,1.58,0.0000
1743425648.0522854,LTE,CONNECT,FDD,48D2C04,-72,-8,13,8,-79,-14,0,-79,-14,0,5,0,-45,LTE BAND 1,23,62908.0,7.5,7654,nan,0,1.59,0.0000
1743425649.186482,LTE,CONNECT,FDD,48D2C04,-72,-8,13,8,-80,-15,0,-80,-15,0,5,0,-45,LTE BAND 1,23,62919.0,7.5,7655,nan,0,1.61,0.0000
1743425650.2724094,LTE,CONNECT,FDD,48D2C04,-72,-7,13,9,-79,-15,0,-79,-15,0,5,0,-45,LTE BAND 1,23,52422.0,6.25,6378,nan,0,1.64,0.0000
1743425651.3387363,LTE,CONNECT,FDD,48D2C04,-71,-7,13,8,0,0,0,0,0,0,5,0,-44,LTE BAND 1,23,62918.0,7.5,7655,nan,0,1.7,0.0000
1743425652.4489348,LTE,CONNECT,FDD,48D2C04,-71,-7,14,9,-79,-15,0,-87,-18,-7,5,0,-45,LTE BAND 1,23,52434.0,6.25,6379,nan,0,1.76,0.0000
1743425653.6048734,LTE,CONNECT,FDD,48D2C04,-71,-7,15,9,-80,-16,1,-80,-16,1,5,0,-45,LTE BAND 1,23,62914.0,7.5,7655,nan,0,1.86,0.0000
1743425654.6797724,LTE,CONNECT,FDD,48D2C04,-72,-7,14,9,-80,-15,0,-80,-15,0,5,0,-45,LTE BAND 1,23,62915.0,7.5,7630,nan,17,1.37,0.0000
1743425655.7640586,LTE,CONNECT,FDD,48D2C04,-71,-7,14,8,-81,-17,1,-81,-17,1,5,0,-44,LTE BAND 1,23,62918.0,7.5,7655,nan,0,1.61,0.0000
1743425656.8492053,LTE,CONNECT,FDD,48D2C04,-71,-7,13,8,0,0,0,0,0,0,5,0,-44,LTE BAND 1,23,52432.0,6.25,6379,nan,0,1.7,0.0000
1743425657.919107,LTE,CONNECT,FDD,48D2C04,-71,-7,15,7,0,0,0,0,0,0,5,0,-44,LTE BAND 1,23,62915.0,7.5,7655,nan,0,1.77,0.0000
1743425658.9959073,LTE,CONNECT,FDD,48D2C04,-71,-7,15,7,-80,-16,0,-80,-16,0,5,0,-45,LTE BAND 1,23,62913.0,7.5,7654,nan,0,1.82,0.0000
1743425660.0661037,LTE,CONNECT,FDD,48D2C04,-71,-7,14,7,0,0,0,0,0,0,5,0,-44,LTE BAND 1,23,62920.0,7.5,7655,nan,0,1.85,0.0000
1743425661.1542776,LTE,CONNECT,FDD,48D2C04,-71,-7,15,6,-79,-15,0,-79,-15,0,5,0,-44,LTE BAND 1,23,62915.0,7.5,7649,nan,4,1.35,0.0000
1743425662.293482,LTE,CONNECT,FDD,48D2C04,-71,-7,16,7,-78,-15,0,-78,-15,0,5,0,-44,LTE BAND 1,23,62915.0,7.5,7655,nan,0,1.43,0.0000
1743425663.3991473,LTE,CONNECT,FDD,48D2C04,-71,-7,14,6,-79,-15,0,-86,-19,-7,5,0,-44,LTE BAND 1,23,62915.0,7.5,7655,nan,0,1.48,0.0000
1743425664.4498134,LTE,CONNECT,FDD,48D2C04,-71,-7,16,7,-78,-14,0,-85,-18,-7,5,0,-44,LTE BAND 1,23,62915.0,7.5,7655,nan,0,1.52,0.0000
1743425665.5036926,LTE,CONNECT,FDD,48D2C04,-71,-7,16,7,-79,-15,0,-79,-15,0,5,0,-44,LTE BAND 1,23,62912.0,7.5,7654,nan,0,1.55,0.0000
1743425666.572239,LTE,CONNECT,FDD,48D2C04,-70,-7,16,8,0,0,0,0,0,0,5,0,-44,LTE BAND 1,23,62914.0,7.5,7655,nan,0,1.57,0.0000
1743425667.637647,LTE,CONNECT,FDD,48D2C04,-70,-7,15,7,-79,-16,0,-79,-16,0,5,0,-44,LTE BAND 1,23,62916.0,7.5,7655,nan,0,1.57,0.0000
1743425668.706771,LTE,CONNECT,FDD,48D2C04,-70,-7,15,8,-78,-16,2,-78,-16,2,5,0,-43,LTE BAND 1,23,62905.0,7.5,7653,nan,0,1.57,0.0000
1743425669.7762878,LTE,CONNECT,FDD,48D2C04,-70,-7,16,8,-79,-16,0,-79,-16,0,5,0,-44,LTE BAND 1,23,62907.0,7.5,7654,nan,0,1.58,0.0000
1743425670.8902097,LTE,CONNECT,FDD,48D2C04,-71,-7,16,7,-79,-16,0,-79,-16,0,5,0,-44,LTE BAND 1,23,62921.0,7.5,7655,nan,0,1.58,0.0000
1743425671.9787257,LTE,CONNECT,FDD,48D2C04,-71,-7,15,7,-78,-15,2,-78,-15,2,5,0,-44,LTE BAND 1,23,62902.0,7.5,7653,nan,0,1.6,0.0000
1743425673.0320845,LTE,CONNECT,FDD,48D2C04,-70,-6,16,8,-70,-6,15,-70,-6,15,5,0,-45,LTE BAND 1,23,62924.0,7.5,7656,nan,0,1.62,0.0000
1743425674.1030052,LTE,CONNECT,FDD,48D2C33,-61,-5,16,-14,0,0,0,0,0,0,5,1,-42,LTE BAND 3,23,20961.0,2.5,2550,nan,0,1.64,0.0000
1743425675.218195,LTE,CONNECT,FDD,48D2C33,-61,-5,16,-6,0,0,0,0,0,0,5,0,-42,LTE BAND 3,23,20980.0,2.5,2553,nan,0,1.69,0.0000
1743425676.3243256,LTE,CONNECT,FDD,48D2C33,-61,-5,16,-6,0,0,0,0,0,0,5,0,-42,LTE BAND 3,23,31456.0,3.75,3827,nan,0,1.77,0.0000
1743425677.4379208,LTE,CONNECT,FDD,48D2C33,-61,-5,17,-6,-72,-16,0,-72,-16,0,5,0,-42,LTE BAND 3,23,20964.0,2.5,2504,nan,33,1.32,0.0000
1743425678.516798,LTE,CONNECT,FDD,48D2C33,-62,-5,11,-6,-71,-15,0,-71,-15,0,5,0,-42,LTE BAND 3,23,41944.0,5.0,5088,nan,11,1.34,0.0000
1743425679.5896149,LTE,CONNECT,FDD,48D2C33,-61,-5,11,-6,0,0,0,0,0,0,5,0,-41,LTE BAND 3,23,31461.0,3.75,3828,nan,0,1.46,0.0000
1743425680.6572025,LTE,CONNECT,FDD,48D2C33,-62,-5,15,-6,0,0,0,0,0,0,5,0,-42,LTE BAND 3,23,41960.0,5.0,5105,nan,0,1.57,0.0000
1743425681.778487,LTE,CONNECT,FDD,48D2C33,-62,-5,17,-6,0,0,0,0,0,0,5,0,-41,LTE BAND 3,23,31459.0,3.75,3828,nan,0,1.71,0.0000
1743425682.868785,LTE,CONNECT,FDD,48D2C33,-62,-4,17,-6,-72,-14,2,-72,-14,2,5,0,-43,LTE BAND 3,23,31457.0,3.75,3827,nan,0,1.76,0.0000
1743425683.9806247,LTE,CONNECT,FDD,48D2C04,-72,-8,12,-11,-79,-15,0,-79,-15,0,5,1,-44,LTE BAND 1,23,10479.0,1.25,1248,nan,19,1.36,0.0000
1743425685.096038,LTE,CONNECT,FDD,48D2C04,-71,-7,15,-10,-78,-15,0,-78,-15,0,5,0,-44,LTE BAND 1,23,20983.0,2.5,2550,nan,2,1.24,0.0000
1743425686.255921,LTE,CONNECT,FDD,48D2C04,-72,-7,15,-3,-79,-15,0,-79,-15,0,5,0,-45,LTE BAND 1,23,20972.0,2.5,2552,nan,0,1.3,0.0000
1743425687.350265,LTE,CONNECT,FDD,48D2C04,-72,-7,16,-3,-80,-15,0,-80,-15,0,5,0,-45,LTE BAND 1,23,20967.0,2.5,2551,nan,0,1.38,0.0000
1743425688.4298277,LTE,CONNECT,FDD,48D2C04,-72,-7,15,-3,-79,-15,0,-79,-15,0,5,0,-45,LTE BAND 1,23,31460.0,3.75,3828,nan,0,1.43,0.0000
1743425689.5247412,LTE,CONNECT,FDD,48D2C04,-71,-7,15,-4,-80,-16,0,-80,-16,0,5,0,-45,LTE BAND 1,23,31462.0,3.75,3828,nan,0,1.47,0.0000
1743425690.642675,LTE,CONNECT,FDD,48D2C04,-71,-7,14,-4,-79,-15,2,-79,-15,2,5,0,-45,LTE BAND 1,23,20968.0,2.5,2551,nan,0,1.49,0.0000
1743425691.762101,LTE,CONNECT,FDD,48D2C04,-71,-8,15,-4,-79,-15,2,-79,-15,2,5,0,-45,LTE BAND 1,23,20969.0,2.5,2551,nan,0,1.51,0.0000
1743425692.827494,LTE,CONNECT,FDD,48D2C04,-71,-6,17,-4,-71,-6,16,-76,-9,8,5,0,-44,LTE BAND 1,23,20966.0,2.5,2551,nan,0,1.51,0.0000
1743425693.9363213,LTE,CONNECT,FDD,48D2C33,-62,-6,10,-13,0,0,0,0,0,0,5,1,-42,LTE BAND 3,23,20973.0,2.5,2552,nan,0,1.51,0.0000
1743425695.0565634,LTE,CONNECT,FDD,48D2C33,-62,-5,17,-6,0,0,0,0,0,0,5,0,-42,LTE BAND 3,23,31466.0,3.75,3828,nan,0,1.51,0.0000
1743425696.2106283,LTE,CONNECT,FDD,48D2C33,-62,-5,11,-6,-72,-15,0,-72,-15,0,5,0,-42,LTE BAND 3,23,31455.0,3.75,3827,nan,0,1.52,0.0000
1743425697.296391,LTE,CONNECT,FDD,48D2C33,-62,-5,17,-6,-71,-15,0,-71,-15,0,5,0,-41,LTE BAND 3,23,31458.0,3.75,3827,nan,0,1.54,0.0000
1743425698.3747284,LTE,CONNECT,FDD,48D2C33,-62,-5,17,-6,-72,-15,-1,-72,-15,-1,5,0,-42,LTE BAND 3,23,31455.0,3.75,3827,nan,0,1.56,0.0000
1743425699.5192294,LTE,CONNECT,FDD,48D2C33,-62,-5,20,-6,0,0,0,0,0,0,5,0,-42,LTE BAND 3,23,31456.0,3.75,3827,nan,0,1.61,0.0000
1743425700.637883,LTE,CONNECT,FDD,48D2C33,-62,-5,12,-6,0,0,0,0,0,0,5,0,-42,LTE BAND 3,23,31456.0,3.75,3827,nan,0,1.67,0.0000
1743425701.7086627,LTE,CONNECT,FDD,48D2C33,-62,-6,17,-6,0,0,0,0,0,0,5,0,-42,LTE BAND 3,23,31457.0,3.75,3827,nan,0,1.75,0.0000
1743425702.7979188,LTE,CONNECT,FDD,48D2C33,-62,-5,15,-6,-72,-15,0,-72,-15,0,5,0,-42,LTE BAND 3,23,41952.0,5.0,5074,nan,21,1.33,0.0000
1743425703.8612785,LTE,CONNECT,FDD,48D2C04,-70,-7,14,-8,-80,-16,-2,-80,-16,-2,5,1,-44,LTE BAND 1,23,20966.0,2.5,2551,nan,0,1.43,0.0000
1743425704.9726963,LTE,CONNECT,FDD,48D2C04,-70,-7,8,-8,0,0,0,0,0,0,5,0,-44,LTE BAND 1,23,10484.0,1.25,1276,nan,0,1.52,0.0000
1743425706.1182528,LTE,CONNECT,FDD,48D2C04,-70,-6,15,-2,0,0,0,0,0,0,5,0,-43,LTE BAND 1,23,20980.0,2.5,2553,nan,0,1.62,0.0000
1743425707.2230875,LTE,CONNECT,FDD,48D2C04,-70,-7,13,-2,0,0,0,0,0,0,5,0,-44,LTE BAND 1,23,20970.0,2.5,2551,nan,0,1.71,0.0000
1743425708.3017313,LTE,CONNECT,FDD,48D2C04,-70,-6,14,-2,-79,-16,0,-79,-16,0,5,0,-44,LTE BAND 1,23,31459.0,3.75,3828,nan,0,1.77,0.0000
1743425709.405984,LTE,CONNECT,FDD,48D2C04,-69,-7,7,-3,-79,-17,0,-79,-17,0,5,0,-43,LTE BAND 1,23,20973.0,2.5,2539,nan,9,1.24,0.0000
1743425710.5177627,LTE,CONNECT,FDD,48D2C04,-69,-7,7,-3,0,0,0,0,0,0,5,0,-42,LTE BAND 1,23,31455.0,3.75,3827,nan,0,1.3,0.0000
1743425711.6324823,LTE,CONNECT,FDD,48D2C04,-69,-7,7,-3,0,0,0,0,0,0,5,0,-43,LTE BAND 1,23,31461.0,3.75,3828,nan,0,1.37,0.0000
1743425712.7513692,LTE,CONNECT,FDD,48D2C04,-70,-6,9,-2,0,0,0,0,0,0,5,0,-44,LTE BAND 1,23,20969.0,2.5,2551,nan,0,1.46,0.0000
1743425713.8155444,LTE,CONNECT,FDD,48D2C04,-69,-6,16,0,-61,-4,20,-80,-14,3,5,0,-42,LTE BAND 1,23,20966.0,2.5,2551,nan,0,1.48,0.0000
1743425714.9229379,LTE,CONNECT,FDD,48D2C33,-62,-5,16,-6,-72,-15,0,-72,-15,0,5,1,-42,LTE BAND 3,23,41962.0,5.0,5105,nan,0,1.5,0.0000
1743425716.0050066,LTE,CONNECT,FDD,48D2C33,-62,-5,16,-3,0,0,0,0,0,0,5,0,-42,LTE BAND 3,23,31454.0,3.75,3827,nan,0,1.51,0.0000
1743425717.1375163,LTE,CONNECT,FDD,48D2C33,-62,-5,16,-1,0,0,0,0,0,0,5,0,-42,LTE BAND 3,23,41937.0,5.0,5102,nan,0,1.51,0.0000
1743425718.2081459,LTE,CONNECT,FDD,48D2C33,-62,-5,22,0,0,0,0,0,0,0,5,0,-42,LTE BAND 3,23,52433.0,6.25,6379,nan,0,1.51,0.0000
1743425719.3316536,LTE,CONNECT,FDD,48D2C33,-62,-5,15,0,0,0,0,0,0,0,5,0,-42,LTE BAND 3,23,52429.0,6.25,6379,nan,0,1.51,0.0000
1743425720.4004624,LTE,CONNECT,FDD,48D2C33,-62,-5,14,1,-72,-15,-1,-72,-15,-1,5,0,-42,LTE BAND 3,23,52429.0,6.25,6379,nan,0,1.52,0.0000
1743425721.4834795,LTE,CONNECT,FDD,48D2C33,-62,-6,16,4,-72,-15,-1,-72,-15,-1,5,0,-42,LTE BAND 3,23,52428.0,6.25,6379,nan,0,1.54,0.0000
1743425722.5772684,LTE,CONNECT,FDD,48D2C33,-62,-5,17,6,0,0,0,0,0,0,5,0,-42,LTE BAND 3,23,62926.0,7.5,7656,nan,0,1.57,0.0000
1743425723.6256351,LTE,CONNECT,FDD,48D2C04,-70,-7,9,-10,-79,-17,-1,-79,-17,-1,5,1,-43,LTE BAND 1,23,62915.0,7.5,7655,nan,0,1.61,0.0000
1743425724.7510955,LTE,CONNECT,FDD,48D2C04,-70,-7,9,-8,0,0,0,0,0,0,5,0,-43,LTE BAND 1,23,20981.0,2.5,2553,nan,0,1.71,0.0000
1743425725.852493,LTE,CONNECT,FDD,48D2C04,-70,-7,6,-2,0,0,0,0,0,0,5,0,-43,LTE BAND 1,23,20971.0,2.5,2541,nan,7,1.7,0.0000
1743425727.0020845,LTE,CONNECT,FDD,48D2C04,-70,-7,15,-2,0,0,0,0,0,0,5,0,-44,LTE BAND 1,23,31455.0,3.75,3807,nan,14,1.31,0.0000
1743425728.1169639,LTE,CONNECT,FDD,48D2C04,-70,-7,8,-3,-79,-16,-1,-79,-16,-1,5,0,-43,LTE BAND 1,23,31461.0,3.75,3828,nan,0,1.44,0.0000
1743425729.2067668,LTE,CONNECT,FDD,48D2C04,-70,-6,14,-2,-80,-16,1,-80,-16,1,5,0,-44,LTE BAND 1,23,31449.0,3.75,3826,nan,0,1.55,0.0000
1743425730.2953568,LTE,CONNECT,FDD,48D2C04,-70,-7,9,-2,-80,-16,0,-80,-16,0,5,0,-44,LTE BAND 1,23,31460.0,3.75,3828,nan,0,1.63,0.0000
1743425731.4201465,LTE,CONNECT,FDD,48D2C04,-70,-7,14,-2,0,0,0,0,0,0,5,0,-44,LTE BAND 1,23,31458.0,3.75,3827,nan,0,1.7,0.0000
1743425732.5434802,LTE,CONNECT,FDD,48D2C04,-70,-7,10,-2,0,0,0,0,0,0,5,0,-45,LTE BAND 1,23,31460.0,3.75,3828,nan,0,1.74,0.0000
1743425733.6388156,LTE,CONNECT,FDD,48D2C04,-70,-6,16,-2,-61,-3,25,-82,-13,7,5,0,-45,LTE BAND 1,23,31458.0,3.75,3827,nan,0,1.78,0.0000
1743425734.7251465,LTE,CONNECT,FDD,48D2C33,-62,-5,16,-12,-72,-16,-1,-72,-16,-1,5,1,-42,LTE BAND 3,23,10479.0,1.25,1232,nan,30,1.25,0.0000
1743425735.7834826,LTE,CONNECT,FDD,48D2C33,-62,-5,15,-9,0,0,0,0,0,0,5,0,-42,LTE BAND 3,23,20970.0,2.5,2551,nan,0,1.35,0.0000
1743425736.8944507,LTE,CONNECT,FDD,48D2C33,-62,-5,17,-3,0,0,0,0,0,0,5,0,-42,LTE BAND 3,23,41946.0,5.0,5103,nan,0,1.42,0.0000
1743425738.0265758,LTE,CONNECT,FDD,48D2C33,-62,-5,16,-3,0,0,0,0,0,0,5,0,-42,LTE BAND 3,23,41939.0,5.0,5103,nan,0,1.46,0.0000
1743425739.1544135,LTE,CONNECT,FDD,48D2C33,-62,-5,11,-3,0,0,0,0,0,0,5,0,-41,LTE BAND 3,23,41946.0,5.0,5103,nan,0,1.49,0.0000
1743425740.279504,LTE,CONNECT,FDD,48D2C33,-62,-5,16,-3,-71,-15,0,-71,-15,0,5,0,-42,LTE BAND 3,23,41944.0,5.0,5103,nan,0,1.5,0.0000
1743425741.3547099,LTE,CONNECT,FDD,48D2C33,-62,-6,18,-3,-71,-14,0,-71,-14,0,5,0,-42,LTE BAND 3,23,41939.0,5.0,5103,nan,0,1.51,0.0000
1743425742.4515429,LTE,CONNECT,FDD,48D2C33,-62,-5,17,-3,0,0,0,0,0,0,5,0,-42,LTE BAND 3,23,41946.0,5.0,5103,nan,0,1.51,0.0000
1743425743.569626,LTE,CONNECT,FDD,48D2C33,-62,-5,18,-3,-61,-3,26,-80,-13,9,5,0,-42,LTE BAND 1,23,41942.0,5.0,5103,nan,0,1.51,0.0000
1743425744.6929886,LTE,CONNECT,FDD,48D2C04,-71,-8,6,-11,-80,-16,0,-80,-16,0,5,1,-44,LTE BAND 1,23,31460.0,3.75,3828,nan,0,1.52,0.0000
1743425745.815116,LTE,CONNECT,FDD,48D2C04,-71,-7,8,-5,-81,-17,-1,-81,-17,-1,5,0,-44,LTE BAND 1,23,10481.0,1.25,1275,nan,0,1.53,0.0000
1743425746.9329853,LTE,CONNECT,FDD,48D2C04,-71,-7,8,-4,0,0,0,0,0,0,5,0,-44,LTE BAND 1,23,31465.0,3.75,3828,nan,0,1.55,0.0000
1743425748.0569882,LTE,CONNECT,FDD,48D2C04,-70,-6,14,-4,0,0,0,0,0,0,5,0,-45,LTE BAND 1,23,31458.0,3.75,3827,nan,0,1.59,0.0000
1743425749.20456,LTE,CONNECT,FDD,48D2C04,-70,-6,10,-4,0,0,0,0,0,0,5,0,-45,LTE BAND 1,23,31457.0,3.75,3827,nan,0,1.64,0.0000
1743425750.3325078,LTE,CONNECT,FDD,48D2C04,-71,-7,14,-4,0,0,0,0,0,0,5,0,-44,LTE BAND 1,22,31454.0,3.75,3827,nan,0,1.71,0.0000
1743425751.4569354,LTE,CONNECT,FDD,48D2C04,-70,-6,12,-4,0,0,0,0,0,0,5,0,-44,LTE BAND 1,22,31457.0,3.75,3827,nan,0,1.8,0.0000
1743425752.5805547,LTE,CONNECT,FDD,48D2C04,-70,-7,13,-4,-79,-16,0,-79,-16,0,5,0,-43,LTE BAND 1,22,31461.0,3.75,3781,nan,33,1.27,0.0000
1743425753.6516216,LTE,CONNECT,FDD,48D2C33,-61,-5,20,-10,-75,-19,-1,-75,-19,-1,5,1,-42,LTE BAND 3,22,20967.0,2.5,2551,nan,0,1.39,0.0000
1743425754.7589316,LTE,CONNECT,FDD,48D2C33,-61,-5,13,-9,0,0,0,0,0,0,5,0,-42,LTE BAND 3,22,20992.0,2.5,2554,nan,0,1.58,0.0000
1743425755.8790948,LTE,CONNECT,FDD,48D2C33,-61,-5,16,-3,0,0,0,0,0,0,5,0,-42,LTE BAND 3,22,10483.0,1.25,1275,nan,0,1.66,0.0000
1743425756.9516363,LTE,CONNECT,FDD,48D2C33,-61,-5,16,-2,-72,-16,0,-72,-16,0,5,0,-42,LTE BAND 3,22,41944.0,5.0,5103,nan,0,1.73,0.0000
1743425758.0805886,LTE,CONNECT,FDD,48D2C33,-61,-5,15,-2,-73,-17,0,-73,-17,0,5,0,-42,LTE BAND 3,22,41954.0,5.0,5104,nan,0,1.77,0.0000
1743425759.2160301,LTE,CONNECT,FDD,48D2C33,-61,-5,13,-2,-72,-16,0,-72,-16,0,5,0,-42,LTE BAND 3,22,31453.0,3.75,3827,nan,0,1.79,0.0000
1743425760.3289797,LTE,CONNECT,FDD,48D2C33,-61,-5,15,-2,0,0,0,0,0,0,5,0,-42,LTE BAND 3,22,41940.0,5.0,5100,nan,2,1.27,0.0000
1743425761.424652,LTE,CONNECT,FDD,48D2C33,-61,-5,17,-2,0,0,0,0,0,0,5,0,-42,LTE BAND 3,22,41952.0,5.0,5104,nan,0,1.35,0.0000
1743425762.5161886,LTE,CONNECT,FDD,48D2C33,-61,-5,16,-1,0,0,0,0,0,0,5,0,-42,LTE BAND 3,22,31447.0,3.75,3826,nan,0,1.42,0.0000
1743425763.6368563,LTE,CONNECT,FDD,48D2C33,-61,-5,16,-2,-75,-15,1,-75,-15,1,5,0,-42,LTE BAND 3,22,41944.0,5.0,5103,nan,0,1.46,0.0000
1743425764.7126887,LTE,CONNECT,FDD,48D2C33,-61,-5,18,-1,-75,-17,-1,-75,-17,-1,5,0,-42,LTE BAND 3,22,31451.0,3.75,3827,nan,0,1.49,0.0000
1743425765.80262,LTE,CONNECT,FDD,48D2C33,-61,-5,20,6,-73,-18,0,-73,-18,0,5,0,-42,LTE BAND 3,22,62917.0,7.5,7655,nan,0,1.52,0.0000
1743425766.9330676,LTE,CONNECT,FDD,48D2C33,-61,-5,14,6,-75,-13,1,-75,-13,1,5,0,-43,LTE BAND 3,23,62925.0,7.5,7656,nan,0,1.52,0.0000
1743425768.0566678,LTE,CONNECT,FDD,48D2C33,-61,-5,15,7,0,0,0,0,0,0,5,0,-42,LTE BAND 3,23,52411.0,6.25,6377,nan,0,1.52,0.0000
1743425769.1290417,LTE,CONNECT,FDD,48D2C33,-61,-5,15,8,0,0,0,0,0,0,5,0,-42,LTE BAND 3,23,62935.0,7.5,7657,nan,0,1.52,0.0000
1743425770.21287,LTE,CONNECT,FDD,48D2C33,-61,-5,11,7,-75,-17,1,-75,-17,1,5,0,-42,LTE BAND 3,23,62907.0,7.5,7654,nan,0,1.53,0.0000
1743425771.2848,LTE,CONNECT,FDD,48D2C33,-61,-5,18,7,-74,-16,1,-74,-16,1,5,0,-43,LTE BAND 3,23,62920.0,7.5,7655,nan,0,1.54,0.0000
1743425772.3650036,LTE,CONNECT,FDD,48D2C33,-61,-5,15,6,0,0,0,0,0,0,5,0,-42,LTE BAND 3,23,62919.0,7.5,7655,nan,0,1.56,0.0000
1743425773.4174554,LTE,CONNECT,FDD,48D2C33,-61,-4,20,7,-61,-4,22,-79,-13,6,5,0,-44,LTE BAND 3,23,52413.0,6.25,6377,nan,0,1.6,0.0000
1743425774.5214007,LTE,CONNECT,FDD,48D2C04,-70,-8,15,-4,0,0,0,0,0,0,5,1,-42,LTE BAND 1,23,41938.0,5.0,5102,nan,0,1.63,0.0000
1743425775.6116478,LTE,CONNECT,FDD,48D2C04,-69,-7,16,-5,0,0,0,0,0,0,5,0,-43,LTE BAND 1,23,20969.0,2.5,2551,nan,0,1.7,0.0000
1743425776.6991887,LTE,CONNECT,FDD,48D2C04,-69,-7,16,0,0,0,0,0,0,0,5,0,-43,LTE BAND 1,23,31463.0,3.75,3828,nan,0,1.78,0.0000
1743425777.77725,LTE,CONNECT,FDD,48D2C04,-70,-7,17,2,-79,-16,1,-79,-16,1,5,0,-43,LTE BAND 1,23,52439.0,6.25,6380,nan,0,1.37,0.0000
1743425778.9094002,LTE,CONNECT,FDD,48D2C04,-70,-7,10,2,-78,-15,0,-78,-15,0,5,0,-43,LTE BAND 1,23,31449.0,3.75,3826,nan,0,1.49,0.0000
1743425780.016072,LTE,CONNECT,FDD,48D2C04,-70,-7,9,2,-79,-15,1,-79,-15,1,5,0,-43,LTE BAND 1,23,41947.0,5.0,5104,nan,0,1.59,0.0000
1743425781.077541,LTE,CONNECT,FDD,48D2C04,-70,-7,17,2,0,0,0,0,0,0,5,0,-43,LTE BAND 1,23,41939.0,5.0,5103,nan,0,1.66,0.0000
1743425782.1997957,LTE,CONNECT,FDD,48D2C04,-70,-7,14,2,0,0,0,0,0,0,5,0,-44,LTE BAND 1,23,41942.0,5.0,5103,nan,0,1.72,0.0000
1743425783.3006518,LTE,CONNECT,FDD,48D2C04,-70,-7,16,2,0,0,0,0,0,0,5,0,-43,LTE BAND 1,23,41950.0,5.0,5104,nan,0,1.76,0.0000
1743425784.3502803,LTE,CONNECT,FDD,48D2C04,-70,-7,15,5,-79,-16,0,-79,-16,0,5,0,-43,LTE BAND 1,23,52433.0,6.25,6379,nan,0,1.78,0.0000
1743425785.4510758,LTE,CONNECT,FDD,48D2C04,-70,-7,14,5,-79,-15,0,-79,-15,0,5,0,-44,LTE BAND 1,23,62909.0,7.5,7654,nan,0,1.8,0.0000
1743425786.5260556,LTE,CONNECT,FDD,48D2C04,-70,-7,15,9,0,0,0,0,0,0,5,0,-44,LTE BAND 1,23,52428.0,6.25,6373,nan,4,1.67,0.0000
1743425787.6408792,LTE,CONNECT,FDD,48D2C04,-71,-8,15,8,-78,-15,2,-78,-15,2,5,0,-44,LTE BAND 1,23,62915.0,7.5,7655,nan,0,1.36,0.0000
1743425788.7558248,LTE,CONNECT,FDD,48D2C04,-71,-7,16,7,-78,-15,2,-78,-15,2,5,0,-44,LTE BAND 1,23,62920.0,7.5,7655,nan,0,1.58,0.0000
1743425789.8596382,LTE,CONNECT,FDD,48D2C04,-70,-7,11,7,-79,-15,1,-79,-15,1,5,0,-44,LTE BAND 1,23,62910.0,7.5,7654,nan,0,1.66,0.0000
1743425790.9305916,LTE,CONNECT,FDD,48D2C04,-69,-6,16,8,-78,-15,0,-78,-15,0,5,0,-44,LTE BAND 1,23,62918.0,7.5,7655,nan,0,1.71,0.0000
1743425791.9923146,LTE,CONNECT,FDD,48D2C04,-71,-7,13,8,0,0,0,0,0,0,5,0,-44,LTE BAND 1,23,62916.0,7.5,7655,nan,0,1.75,0.0000
1743425793.0682316,LTE,CONNECT,FDD,48D2C04,-71,-7,8,8,-70,-6,17,-74,-10,8,5,0,-44,LTE BAND 1,23,62913.0,7.5,7654,nan,0,1.78,0.0000
1743425794.1080105,LTE,CONNECT,FDD,48D2C33,-62,-6,20,-15,0,0,0,0,0,0,5,1,-41,LTE BAND 3,23,10477.0,1.25,1256,nan,13,1.25,0.0000
1743425795.3063805,LTE,CONNECT,FDD,48D2C33,-63,-5,17,-3,0,0,0,0,0,0,5,0,-43,LTE BAND 3,23,20980.0,2.5,2553,nan,0,1.26,0.0000
1743425796.382449,LTE,CONNECT,FDD,48D2C33,-63,-5,18,-3,0,0,0,0,0,0,5,0,-43,LTE BAND 3,23,41949.0,5.0,5104,nan,0,1.35,0.0000
1743425797.4628112,LTE,CONNECT,FDD,48D2C33,-62,-5,14,-3,-74,-16,-1,-74,-16,-1,5,0,-43,LTE BAND 3,23,41949.0,5.0,5104,nan,0,1.41,0.0000
1743425798.5813625,LTE,CONNECT,FDD,48D2C33,-62,-5,12,-3,-75,-17,0,-75,-17,0,5,0,-43,LTE BAND 3,23,41951.0,5.0,5104,nan,0,1.46,0.0000
1743425799.6987295,LTE,CONNECT,FDD,48D2C33,-62,-5,13,-3,0,0,0,0,0,0,5,0,-44,LTE BAND 3,23,31447.0,3.75,3826,nan,0,1.49,0.0000
1743425800.7882037,LTE,CONNECT,FDD,48D2C33,-63,-5,16,-3,0,0,0,0,0,0,5,0,-43,LTE BAND 3,23,41947.0,5.0,5104,nan,0,1.51,0.0000
1743425801.8878224,LTE,CONNECT,FDD,48D2C33,-62,-5,20,-3,0,0,0,0,0,0,5,0,-43,LTE BAND 3,23,41943.0,5.0,5103,nan,0,1.52,0.0000
1743425802.9781642,LTE,CONNECT,FDD,48D2C33,-62,-5,14,-3,0,0,0,0,0,0,5,0,-43,LTE BAND 3,23,31443.0,3.75,3826,nan,0,1.52,0.0000
1743425804.081054,LTE,CONNECT,FDD,48D2C04,-69,-6,17,-10,-79,-16,1,-79,-16,1,5,1,-44,LTE BAND 1,23,31460.0,3.75,3828,nan,0,1.52,0.0000
1743425805.1952918,LTE,CONNECT,FDD,48D2C04,-69,-5,15,-8,0,0,0,0,0,0,5,0,-44,LTE BAND 1,23,20979.0,2.5,2552,nan,0,1.52,0.0000
1743425806.2917616,LTE,CONNECT,FDD,48D2C04,-69,-6,9,-3,0,0,0,0,0,0,5,0,-44,LTE BAND 1,23,20966.0,2.5,2551,nan,0,1.53,0.0000
1743425807.3967383,LTE,CONNECT,FDD,48D2C04,-69,-6,11,-3,0,0,0,0,0,0,5,0,-44,LTE BAND 1,23,31461.0,3.75,3828,nan,0,1.55,0.0000
1743425808.4920743,LTE,CONNECT,FDD,48D2C04,-69,-6,15,-2,0,0,0,0,0,0,5,0,-44,LTE BAND 1,23,31449.0,3.75,3826,nan,0,1.58,0.0000
1743425809.634438,LTE,CONNECT,FDD,48D2C04,-69,-6,15,-3,-80,-17,0,-80,-17,0,5,0,-43,LTE BAND 1,23,41963.0,5.0,5105,nan,0,1.63,0.0000
1743425810.7008765,LTE,CONNECT,FDD,48D2C04,-69,-6,10,-3,-80,-17,2,-80,-17,2,5,0,-44,LTE BAND 1,23,31456.0,3.75,3827,nan,0,1.7,0.0000
1743425811.767747,LTE,CONNECT,FDD,48D2C04,-69,-6,16,-3,0,0,0,0,0,0,5,0,-44,LTE BAND 1,23,31457.0,3.75,3787,nan,28,1.27,0.0000
1743425812.844425,LTE,CONNECT,FDD,48D2C04,-69,-6,16,-3,0,0,0,0,0,0,5,0,-44,LTE BAND 1,23,31452.0,3.75,3827,nan,0,1.39,0.0000
1743425813.961667,LTE,CONNECT,FDD,48D2C04,-69,-6,15,-3,0,0,0,0,0,0,5,0,-43,LTE BAND 1,23,31460.0,3.75,3828,nan,0,1.5,0.0000
1743425815.0668674,LTE,CONNECT,FDD,48D2C04,-69,-5,16,3,-81,-17,3,-81,-17,3,5,0,-44,LTE BAND 1,23,31454.0,3.75,3827,nan,0,1.6,0.0000
1743425816.1423671,LTE,CONNECT,FDD,48D2C04,-69,-5,13,6,-80,-16,1,-80,-16,1,5,0,-44,LTE BAND 1,23,52439.0,6.25,6380,nan,0,1.68,0.0000
1743425817.2112892,LTE,CONNECT,FDD,48D2C04,-68,-5,15,7,0,0,0,0,0,0,5,0,-44,LTE BAND 1,23,62915.0,7.5,7655,nan,0,1.73,0.0000
1743425818.3146758,LTE,CONNECT,FDD,48D2C04,-69,-5,16,7,0,0,0,0,0,0,5,0,-44,LTE BAND 1,23,62910.0,7.5,7654,nan,0,1.76,0.0000
1743425819.3960304,LTE,CONNECT,FDD,48D2C04,-70,-6,16,7,0,0,0,0,0,0,5,0,-44,LTE BAND 1,23,62917.0,7.5,7655,nan,0,1.79,0.0000
1743425820.4707193,LTE,CONNECT,FDD,48D2C04,-69,-6,13,7,-80,-16,2,-80,-16,2,5,0,-44,LTE BAND 1,23,62918.0,7.5,7655,nan,0,1.8,0.0000
1743425821.5585518,LTE,CONNECT,FDD,48D2C04,-70,-6,16,7,-79,-15,1,-79,-15,1,5,0,-45,LTE BAND 1,23,62915.0,7.5,7655,nan,0,1.8,0.0000
1743425822.6745155,LTE,CONNECT,FDD,48D2C04,-70,-7,14,7,-79,-15,2,-79,-15,2,5,0,-44,LTE BAND 1,23,62915.0,7.5,7655,nan,0,1.8,0.0000
1743425823.7411623,LTE,CONNECT,FDD,48D2C04,-70,-7,7,6,0,0,0,0,0,0,5,0,-44,LTE BAND 1,23,62913.0,7.5,7654,nan,0,1.81,0.0000
1743425824.8481514,LTE,CONNECT,FDD,48D2C04,-70,-7,7,7,0,0,0,0,0,0,5,0,-44,LTE BAND 1,23,62919.0,7.5,7655,nan,0,1.81,0.0000
1743425825.9627838,LTE,CONNECT,FDD,48D2C04,-70,-6,15,7,-80,-16,4,-80,-16,4,5,0,-44,LTE BAND 1,23,62919.0,7.5,7651,nan,3,1.28,0.0000
1743425827.0429273,LTE,CONNECT,FDD,48D2C04,-71,-6,7,6,-80,-15,3,-80,-15,3,5,0,-46,LTE BAND 1,23,62903.0,7.5,7653,nan,0,1.41,0.0000
1743425828.1790977,LTE,CONNECT,FDD,48D2C04,-70,-6,13,6,-79,-15,1,-79,-15,1,5,0,-45,LTE BAND 1,23,62899.0,7.5,7653,nan,0,1.53,0.0000
1743425829.2567813,LTE,CONNECT,FDD,48D2C04,-70,-6,15,7,0,0,0,0,0,0,5,0,-45,LTE BAND 1,23,62930.0,7.5,7656,nan,0,1.62,0.0000
1743425830.2995737,LTE,CONNECT,FDD,48D2C04,-69,-6,12,6,0,0,0,0,0,0,5,0,-44,LTE BAND 1,23,62918.0,7.5,7655,nan,0,1.7,0.0000
1743425831.365331,LTE,CONNECT,FDD,48D2C04,-69,-5,13,5,0,0,0,0,0,0,5,0,-44,LTE BAND 1,23,62918.0,7.5,7655,nan,0,1.75,0.0000
1743425832.4981709,LTE,CONNECT,FDD,48D2C04,-69,-5,15,6,-79,-15,3,-79,-15,3,5,0,-44,LTE BAND 1,23,62914.0,7.5,7655,nan,0,1.78,0.0000
1743425833.5652092,LTE,CONNECT,FDD,48D2C04,-70,-5,16,7,-79,-14,2,-79,-14,2,5,0,-45,LTE BAND 1,23,62910.0,7.5,7654,nan,0,1.81,0.0000
1743425834.639114,LTE,CONNECT,FDD,48D2C04,-69,-5,15,6,0,0,0,0,0,0,5,0,-45,LTE BAND 1,23,62919.0,7.5,7647,nan,6,1.3,0.0000
1743425835.7296987,LTE,CONNECT,FDD,48D2C04,-69,-7,13,6,0,0,0,0,0,0,5,0,-42,LTE BAND 1,23,62909.0,7.5,7654,nan,0,1.38,0.0000
1743425836.7911165,LTE,CONNECT,FDD,48D2C04,-69,-6,6,6,0,0,0,0,0,0,5,0,-44,LTE BAND 1,23,62912.0,7.5,7654,nan,0,1.49,0.0000
1743425837.8701532,LTE,CONNECT,FDD,48D2C04,-70,-6,16,5,-78,-14,4,-78,-14,4,5,0,-44,LTE BAND 1,23,62911.0,7.5,7654,nan,0,1.51,0.0000
1743425838.9425244,LTE,CONNECT,FDD,48D2C04,-69,-6,8,5,-80,-16,2,-80,-16,2,5,0,-44,LTE BAND 1,23,62914.0,7.5,7655,nan,0,1.53,0.0000
1743425840.0089808,LTE,CONNECT,FDD,48D2C04,-69,-5,16,6,0,0,0,0,0,0,5,0,-44,LTE BAND 1,23,62917.0,7.5,7655,nan,0,1.54,0.0000
1743425841.1154451,LTE,CONNECT,FDD,48D2C04,-69,-5,14,7,0,0,0,0,0,0,5,0,-44,LTE BAND 1,23,62919.0,7.5,7655,nan,0,1.54,0.0000
1743425842.2098994,LTE,CONNECT,FDD,48D2C04,-70,-6,6,7,0,0,0,0,0,0,5,0,-44,LTE BAND 1,23,62914.0,7.5,7655,nan,0,1.54,0.0000
1743425843.322166,LTE,CONNECT,FDD,48D2C04,-70,-5,15,6,-62,-3,22,-78,-15,6,5,0,-45,LTE BAND 1,23,62916.0,7.5,7655,nan,0,1.54,0.0000
1743425844.4109426,LTE,CONNECT,FDD,48D2C33,-62,-5,15,-12,-74,-17,0,-74,-17,0,5,1,-41,LTE BAND 3,23,52424.0,6.25,6378,nan,0,1.55,0.0000
1743425845.5584185,LTE,CONNECT,FDD,48D2C33,-62,-5,18,-11,-75,-17,-1,-75,-17,-1,5,0,-42,LTE BAND 3,23,10481.0,1.25,1275,nan,0,1.55,0.0000
1743425846.6928983,LTE,CONNECT,FDD,48D2C33,-62,-4,15,-3,-76,-14,0,-76,-14,0,5,0,-42,LTE BAND 3,23,10491.0,1.25,1276,nan,0,1.57,0.0000
1743425847.7850785,LTE,CONNECT,FDD,48D2C33,-62,-4,18,-4,0,0,0,0,0,0,5,0,-43,LTE BAND 3,23,31455.0,3.75,3827,nan,0,1.66,0.0000
1743425848.917542,LTE,CONNECT,FDD,48D2C33,-62,-4,16,-3,0,0,0,0,0,0,5,0,-43,LTE BAND 3,23,31453.0,3.75,3827,nan,0,1.73,0.0000
1743425850.0566154,LTE,CONNECT,FDD,48D2C33,-62,-4,14,-5,0,0,0,0,0,0,5,0,-43,LTE BAND 3,23,31455.0,3.75,3807,nan,14,1.65,0.0000
1743425851.1228878,LTE,CONNECT,FDD,48D2C33,-62,-4,15,-4,0,0,0,0,0,0,5,0,-42,LTE BAND 3,23,31459.0,3.75,3815,nan,9,1.29,0.0000
1743425852.2506385,LTE,CONNECT,FDD,48D2C33,-62,-5,19,-5,-75,-15,-3,-75,-15,-3,5,0,-43,LTE BAND 3,23,31458.0,3.75,3827,nan,0,1.41,0.0000
1743425853.3274217,LTE,CONNECT,FDD,48D2C33,-62,-5,17,-3,-75,-13,0,-75,-13,0,5,0,-43,LTE BAND 3,23,31457.0,3.75,3827,nan,0,1.53,0.0000
1743425854.436457,LTE,CONNECT,FDD,48D2C33,-62,-5,14,-3,-77,-19,-1,-77,-19,-1,5,0,-43,LTE BAND 3,23,41945.0,5.0,5103,nan,0,1.62,0.0000
1743425855.5022671,LTE,CONNECT,FDD,48D2C33,-62,-4,18,4,0,0,0,0,0,0,5,0,-43,LTE BAND 3,23,31457.0,3.75,3827,nan,0,1.69,0.0000
1743425856.5705047,LTE,CONNECT,FDD,48D2C33,-62,-4,17,6,0,0,0,0,0,0,5,0,-43,LTE BAND 3,23,52436.0,6.25,6380,nan,0,1.74,0.0000
1743425857.6279106,LTE,CONNECT,FDD,48D2C33,-62,-4,18,7,-75,-17,0,-75,-17,0,5,0,-43,LTE BAND 3,23,62918.0,7.5,7655,nan,0,1.78,0.0000
1743425858.6766996,LTE,CONNECT,FDD,48D2C33,-63,-5,18,8,-75,-17,0,-75,-17,0,5,0,-43,LTE BAND 3,23,62914.0,7.5,7655,nan,0,1.79,0.0000
1743425859.7814915,LTE,CONNECT,FDD,48D2C33,-63,-5,16,7,0,0,0,0,0,0,5,0,-43,LTE BAND 3,23,52433.0,6.25,6379,nan,0,1.81,0.0000
1743425860.856816,LTE,CONNECT,FDD,48D2C33,-63,-5,14,7,0,0,0,0,0,0,5,0,-43,LTE BAND 3,23,62916.0,7.5,7655,nan,0,1.81,0.0000
1743425861.921975,LTE,CONNECT,FDD,48D2C33,-63,-5,14,6,0,0,0,0,0,0,5,0,-43,LTE BAND 3,23,62905.0,7.5,7653,nan,0,1.81,0.0000
1743425862.9813998,LTE,CONNECT,FDD,48D2C33,-63,-5,15,6,-74,-16,-1,-74,-16,-1,5,0,-43,LTE BAND 3,23,62917.0,7.5,7655,nan,0,1.81,0.0000
1743425864.0803394,LTE,CONNECT,FDD,48D2C04,-70,-7,16,-10,-79,-16,0,-79,-16,0,5,1,-44,LTE BAND 1,23,41930.0,5.0,5064,nan,26,1.3,0.0000
1743425865.1827483,LTE,CONNECT,FDD,48D2C04,-70,-6,14,-9,-78,-15,0,-78,-15,0,5,0,-44,LTE BAND 1,23,20978.0,2.5,2552,nan,0,1.41,0.0000
1743425866.2891603,LTE,CONNECT,FDD,48D2C04,-69,-5,14,-6,0,0,0,0,0,0,5,0,-44,LTE BAND 1,23,20967.0,2.5,2551,nan,0,1.53,0.0000
1743425867.3444488,LTE,CONNECT,FDD,48D2C04,-70,-6,13,-1,0,0,0,0,0,0,5,0,-44,LTE BAND 1,23,31465.0,3.75,3828,nan,0,1.63,0.0000
1743425868.455477,LTE,CONNECT,FDD,48D2C04,-70,-6,16,-1,0,0,0,0,0,0,5,0,-44,LTE BAND 1,23,31456.0,3.75,3827,nan,0,1.7,0.0000
1743425869.5856721,LTE,CONNECT,FDD,48D2C04,-70,-6,16,-1,-80,-17,2,-80,-17,2,5,0,-44,LTE BAND 1,23,31455.0,3.75,3827,nan,0,1.75,0.0000
1743425870.6579328,LTE,CONNECT,FDD,48D2C04,-71,-7,11,-1,-79,-15,2,-79,-15,2,5,0,-45,LTE BAND 1,23,31452.0,3.75,3822,nan,3,1.5,0.0000
1743425871.7917416,LTE,CONNECT,FDD,48D2C04,-71,-7,13,-1,-80,-16,2,-80,-16,2,5,0,-45,LTE BAND 1,23,31451.0,3.75,3827,nan,0,1.35,0.0000
1743425872.863301,LTE,CONNECT,FDD,48D2C04,-71,-7,15,-1,-79,-15,2,-79,-15,2,5,0,-45,LTE BAND 1,23,41948.0,5.0,5104,nan,0,1.41,0.0000
1743425873.9485102,LTE,CONNECT,FDD,48D2C04,-71,-7,15,-1,-80,-16,3,-80,-16,3,5,0,-45,LTE BAND 1,23,41945.0,5.0,5103,nan,0,1.45,0.0000
1743425875.0469482,LTE,CONNECT,FDD,48D2C04,-71,-8,8,3,-80,-16,5,-80,-16,5,5,0,-45,LTE BAND 1,23,31455.0,3.75,3827,nan,0,1.48,0.0000
1743425876.131334,LTE,CONNECT,FDD,48D2C04,-71,-7,14,6,0,0,0,0,0,0,5,0,-44,LTE BAND 1,23,62920.0,7.5,7655,nan,0,1.5,0.0000
1743425877.1761832,LTE,CONNECT,FDD,48D2C04,-71,-7,15,5,-78,-14,2,-78,-14,2,5,0,-45,LTE BAND 1,23,62913.0,7.5,7654,nan,0,1.51,0.0000
1743425878.2777917,LTE,CONNECT,FDD,48D2C04,-71,-7,15,6,-79,-15,2,-79,-15,2,5,0,-44,LTE BAND 1,23,62914.0,7.5,7655,nan,0,1.51,0.0000
1743425879.3838236,LTE,CONNECT,FDD,48D2C04,-71,-7,16,4,-79,-16,2,-79,-16,2,5,0,-44,LTE BAND 1,23,62916.0,7.5,7655,nan,0,1.51,0.0000
1743425880.4979694,LTE,CONNECT,FDD,48D2C04,-71,-8,15,5,-79,-15,2,-79,-15,2,5,0,-45,LTE BAND 1,23,62913.0,7.5,7654,nan,0,1.51,0.0000
1743425881.5830958,LTE,CONNECT,FDD,48D2C04,-71,-8,15,6,-80,-17,2,-80,-17,2,5,0,-43,LTE BAND 1,23,62915.0,7.5,7655,nan,0,1.51,0.0000
1743425882.6243944,LTE,CONNECT,FDD,48D2C04,-70,-7,17,6,-79,-15,3,-79,-15,3,5,0,-44,LTE BAND 1,23,62910.0,7.5,7654,nan,0,1.53,0.0000
1743425883.7143755,LTE,CONNECT,FDD,48D2C04,-70,-7,15,5,-79,-15,1,-79,-15,1,5,0,-45,LTE BAND 1,23,62923.0,7.5,7656,nan,0,1.55,0.0000
1743425884.8031666,LTE,CONNECT,FDD,48D2C04,-71,-7,17,5,0,0,0,0,0,0,5,0,-44,LTE BAND 1,23,62925.0,7.5,7656,nan,0,1.64,0.0000
1743425885.8995092,LTE,CONNECT,FDD,48D2C04,-71,-7,13,6,0,0,0,0,0,0,5,0,-44,LTE BAND 1,23,62914.0,7.5,7655,nan,0,1.72,0.0000
1743425887.0151603,LTE,CONNECT,FDD,48D2C04,-71,-7,16,6,0,0,0,0,0,0,5,0,-44,LTE BAND 1,23,62908.0,7.5,7654,nan,0,1.81,0.0000
1743425888.0876052,LTE,CONNECT,FDD,48D2C04,-71,-7,15,6,-80,-16,3,-80,-16,3,5,0,-44,LTE BAND 1,23,62922.0,7.5,7624,nan,22,833.0,0.0000
1743425889.1930263,LTE,CONNECT,FDD,48D2C04,-71,-7,16,6,-80,-17,3,-80,-17,3,5,0,-44,LTE BAND 1,23,62913.0,7.5,7654,nan,0,920.0,0.0000
1743425890.2559526,LTE,CONNECT,FDD,48D2C04,-71,-7,17,6,0,0,0,0,0,0,5,0,-44,LTE BAND 1,23,62912.0,7.5,7654,nan,0,999.0,0.0000
1743425891.339218,LTE,CONNECT,FDD,48D2C04,-70,-6,14,7,0,0,0,0,0,0,5,0,-44,LTE BAND 1,23,62913.0,7.5,7654,nan,0,1.03,0.0000
1743425892.39477,LTE,CONNECT,FDD,48D2C04,-71,-7,16,6,0,0,0,0,0,0,5,0,-45,LTE BAND 1,23,62915.0,7.5,7655,nan,0,1.07,0.0000
1743425893.4299505,LTE,CONNECT,FDD,48D2C04,-70,-6,16,6,-79,-15,1,-79,-15,1,5,0,-44,LTE BAND 1,23,62911.0,7.5,7654,nan,0,1.1,0.0000
1743425894.4976552,LTE,CONNECT,FDD,48D2C04,-70,-6,16,6,-78,-15,0,-78,-15,0,5,0,-44,LTE BAND 1,23,62919.0,7.5,7655,nan,0,1.11,0.0000
1743425895.5517018,LTE,CONNECT,FDD,48D2C04,-70,-6,17,5,-79,-15,-1,-79,-15,-1,5,0,-44,LTE BAND 1,23,62920.0,7.5,7655,nan,0,1.12,0.0000
1743425896.639481,LTE,CONNECT,FDD,48D2C04,-70,-7,17,6,-78,-15,0,-78,-15,0,5,0,-44,LTE BAND 1,23,62911.0,7.5,7654,nan,0,1.12,0.0000
1743425897.764123,LTE,CONNECT,FDD,48D2C04,-71,-7,17,6,-79,-15,1,-79,-15,1,5,0,-45,LTE BAND 1,23,62914.0,7.5,7655,nan,0,1.12,0.0000
1743425898.8361866,LTE,CONNECT,FDD,48D2C04,-71,-7,16,6,-79,-15,1,-79,-15,1,5,0,-45,LTE BAND 1,23,62905.0,7.5,7653,nan,0,1.13,0.0000
1743425899.9109538,LTE,CONNECT,FDD,48D2C04,-71,-7,13,6,-79,-15,1,-79,-15,1,5,0,-45,LTE BAND 1,23,62927.0,7.5,7656,nan,0,1.14,0.0000
1743425901.0348127,LTE,CONNECT,FDD,48D2C04,-71,-7,16,5,-80,-16,1,-80,-16,1,5,0,-44,LTE BAND 1,23,62911.0,7.5,7654,nan,0,1.17,0.0000
1743425902.1322718,LTE,CONNECT,FDD,48D2C04,-70,-6,17,7,0,0,0,0,0,0,5,0,-45,LTE BAND 1,23,62918.0,7.5,7655,nan,0,1.2,0.0000
1743425903.1979108,LTE,CONNECT,FDD,48D2C04,-70,-6,16,9,0,0,0,0,0,0,5,0,-44,LTE BAND 1,23,62906.0,7.5,7654,nan,0,1.26,0.0000
1743425904.2945342,LTE,CONNECT,FDD,48D2C04,-69,-6,18,5,-79,-16,0,-79,-16,0,5,0,-43,LTE BAND 1,23,73397.0,8.75,8930,nan,0,1.34,0.0000
1743425905.3661542,LTE,CONNECT,FDD,48D2C04,-68,-6,16,6,-80,-18,-2,-80,-18,-2,5,0,-43,LTE BAND 1,23,62918.0,7.5,7655,nan,0,1.44,0.0000
1743425906.4444067,LTE,CONNECT,FDD,48D2C04,-68,-6,18,8,0,0,0,0,0,0,5,0,-43,LTE BAND 1,23,62913.0,7.5,7654,nan,0,1.56,0.0000
1743425907.5266416,LTE,CONNECT,FDD,48D2C04,-69,-6,16,8,0,0,0,0,0,0,5,0,-43,LTE BAND 1,23,62911.0,7.5,7654,nan,0,1.72,0.0000
1743425908.5898914,LTE,CONNECT,FDD,48D2C04,-69,-6,15,7,0,0,0,0,0,0,5,0,-43,LTE BAND 1,23,62921.0,7.5,7654,nan,1,1.9,0.0000
1743425909.646458,LTE,CONNECT,FDD,48D2C04,-69,-6,17,7,-79,-17,0,-79,-17,0,5,0,-43,LTE BAND 1,23,73390.0,8.75,8876,nan,37,1.41,0.0000
1743425910.707145,LTE,CONNECT,FDD,48D2C04,-69,-6,18,7,0,0,0,0,0,0,5,0,-43,LTE BAND 1,23,62927.0,7.5,7656,nan,0,1.54,0.0000
1743425911.7910333,LTE,CONNECT,FDD,48D2C04,-69,-6,17,7,0,0,0,0,0,0,5,0,-43,LTE BAND 1,23,62916.0,7.5,7655,nan,0,1.73,0.0000
1743425912.8664787,LTE,CONNECT,FDD,48D2C04,-69,-6,18,7,0,0,0,0,0,0,5,0,-43,LTE BAND 1,23,62915.0,7.5,7655,nan,0,1.8,0.0000
1743425913.9327915,LTE,CONNECT,FDD,48D2C04,-69,-6,17,7,-79,-16,0,-79,-16,0,5,0,-43,LTE BAND 1,23,62915.0,7.5,7655,nan,0,1.84,0.0000
1743425915.0404398,LTE,CONNECT,FDD,48D2C04,-68,-6,16,6,-79,-16,1,-79,-16,1,5,0,-43,LTE BAND 1,23,73408.0,8.75,8903,nan,20,1.33,0.0000
1743425916.1609101,LTE,CONNECT,FDD,48D2C04,-69,-6,17,8,-79,-16,0,-79,-16,0,5,0,-43,LTE BAND 1,23,52419.0,6.25,6378,nan,0,1.41,0.0000
1743425917.2365112,LTE,CONNECT,FDD,48D2C04,-69,-6,16,8,0,0,0,0,0,0,5,0,-43,LTE BAND 1,23,73414.0,8.75,8932,nan,0,1.48,0.0000
1743425918.3265033,LTE,CONNECT,FDD,48D2C04,-69,-6,16,9,0,0,0,0,0,0,5,0,-43,LTE BAND 1,23,62911.0,7.5,7654,nan,0,1.52,0.0000
1743425919.4084804,LTE,CONNECT,FDD,48D2C04,-69,-7,16,9,0,0,0,0,0,0,5,0,-44,LTE BAND 1,23,62908.0,7.5,7654,nan,0,1.55,0.0000
1743425920.5159857,LTE,CONNECT,FDD,48D2C04,-69,-6,12,8,-78,-15,0,-78,-15,0,5,0,-43,LTE BAND 1,23,73406.0,8.75,8931,nan,0,1.56,0.0000
1743425921.5869713,LTE,CONNECT,FDD,48D2C04,-69,-6,16,8,-79,-16,0,-79,-16,0,5,0,-44,LTE BAND 1,23,62920.0,7.5,7655,nan,0,1.57,0.0000
1743425922.6680508,LTE,CONNECT,FDD,48D2C04,-69,-6,16,8,0,0,0,0,0,0,5,0,-44,LTE BAND 1,23,62913.0,7.5,7654,nan,0,1.57,0.0000
1743425923.7706258,LTE,CONNECT,FDD,48D2C04,-69,-6,16,8,0,0,0,0,0,0,5,0,-43,LTE BAND 1,23,52421.0,6.25,6378,nan,0,1.58,0.0000
1743425924.8348432,LTE,CONNECT,FDD,48D2C04,-69,-6,15,8,-78,-15,0,-78,-15,0,5,0,-43,LTE BAND 1,23,62924.0,7.5,7656,nan,0,1.58,0.0000
1743425925.966342,LTE,CONNECT,FDD,48D2C04,-68,-6,16,10,0,0,0,0,0,0,5,0,-43,LTE BAND 1,23,62908.0,7.5,7654,nan,0,1.59,0.0000
1743425927.0736494,LTE,CONNECT,FDD,48D2C04,-68,-5,17,9,-79,-16,-1,-79,-16,-1,5,0,-44,LTE BAND 1,23,62923.0,7.5,7656,nan,0,1.61,0.0000
1743425928.1472175,LTE,CONNECT,FDD,48D2C04,-69,-6,16,9,-78,-15,1,-78,-15,1,5,0,-44,LTE BAND 1,23,62913.0,7.5,7654,nan,0,1.65,0.0000
1743425929.2626975,LTE,CONNECT,FDD,48D2C04,-69,-6,17,10,0,0,0,0,0,0,5,0,-44,LTE BAND 1,23,62911.0,7.5,7654,nan,0,1.7,0.0000
1743425930.3690948,LTE,CONNECT,FDD,48D2C04,-69,-6,9,9,0,0,0,0,0,0,5,0,-44,LTE BAND 1,23,62921.0,7.5,7655,nan,0,1.77,0.0000
1743425931.4186087,LTE,CONNECT,FDD,48D2C04,-69,-6,15,8,0,0,0,0,0,0,5,0,-44,LTE BAND 1,23,73400.0,8.75,8930,nan,0,1.86,0.0000
1743425932.4722462,LTE,CONNECT,FDD,48D2C04,-69,-6,18,9,-79,-16,1,-79,-16,1,5,0,-43,LTE BAND 1,23,62916.0,7.5,7611,nan,31,1.36,0.0000
1743425933.5781646,LTE,CONNECT,FDD,48D2C04,-68,-6,16,8,-79,-17,0,-79,-17,0,5,0,-43,LTE BAND 1,23,62913.0,7.5,7654,nan,0,1.51,0.0000
1743425934.6985073,LTE,CONNECT,FDD,48D2C04,-68,-6,17,9,-80,-17,0,-80,-17,0,5,0,-43,LTE BAND 1,23,62909.0,7.5,7654,nan,0,1.62,0.0000
1743425935.7868042,LTE,CONNECT,FDD,48D2C04,-68,-6,18,8,0,0,0,0,0,0,5,0,-43,LTE BAND 1,23,62922.0,7.5,7656,nan,0,1.77,0.0000
1743425936.9044693,LTE,CONNECT,FDD,48D2C04,-68,-6,11,8,0,0,0,0,0,0,5,0,-43,LTE BAND 1,23,62919.0,7.5,7655,nan,0,1.82,0.0000
1743425937.9837823,LTE,CONNECT,FDD,48D2C04,-69,-6,16,9,0,0,0,0,0,0,5,0,-43,LTE BAND 1,23,52428.0,6.25,6370,nan,6,1.3,0.0000
1743425939.074543,LTE,CONNECT,FDD,48D2C04,-69,-6,16,9,-79,-17,3,-79,-17,3,5,0,-43,LTE BAND 1,23,73391.0,8.75,8929,nan,0,1.38,0.0000
1743425940.1879756,LTE,CONNECT,FDD,48D2C04,-68,-6,17,7,-79,-17,0,-79,-17,0,5,0,-43,LTE BAND 1,23,62924.0,7.5,7656,nan,0,1.45,0.0000
1743425941.2441626,LTE,CONNECT,FDD,48D2C04,-68,-6,17,7,0,0,0,0,0,0,5,0,-42,LTE BAND 1,23,52427.0,6.25,6379,nan,0,1.49,0.0000
1743425942.329548,LTE,CONNECT,FDD,48D2C04,-68,-6,17,7,0,0,0,0,0,0,5,0,-43,LTE BAND 1,23,52428.0,6.25,6379,nan,0,1.53,0.0000
1743425943.4444652,LTE,CONNECT,FDD,48D2C04,-69,-6,16,8,0,0,0,0,0,0,5,0,-43,LTE BAND 1,23,52426.0,6.25,6378,nan,0,1.55,0.0000
1743425944.5617557,LTE,CONNECT,FDD,48D2C04,-69,-6,17,8,0,0,0,0,0,0,5,0,-43,LTE BAND 1,23,52426.0,6.25,6378,nan,0,1.56,0.0000
1743425945.6813958,LTE,CONNECT,FDD,48D2C04,-69,-7,16,8,-79,-16,0,-79,-16,0,5,0,-43,LTE BAND 1,23,62919.0,7.5,7655,nan,0,1.56,0.0000
1743425946.7528856,LTE,CONNECT,FDD,48D2C04,-69,-6,16,8,-79,-16,0,-79,-16,0,5,0,-43,LTE BAND 1,23,52427.0,6.25,6379,nan,0,1.56,0.0000
1743425947.8463993,LTE,CONNECT,FDD,48D2C04,-68,-5,16,8,0,0,0,0,0,0,5,0,-43,LTE BAND 1,23,62915.0,7.5,7655,nan,0,1.56,0.0000
1743425948.9008427,LTE,CONNECT,FDD,48D2C04,-68,-6,17,8,0,0,0,0,0,0,5,0,-43,LTE BAND 1,23,73403.0,8.75,8931,nan,0,1.58,0.0000
1743425949.9911847,LTE,CONNECT,FDD,48D2C04,-68,-6,16,8,0,0,0,0,0,0,5,0,-43,LTE BAND 1,23,73403.0,8.75,8931,nan,0,1.59,0.0000
1743425951.0972793,LTE,CONNECT,FDD,48D2C04,-68,-6,16,8,-78,-16,0,-78,-16,0,5,0,-43,LTE BAND 1,23,62900.0,7.5,7653,nan,0,1.63,0.0000
1743425952.17649,LTE,CONNECT,FDD,48D2C04,-69,-6,17,8,-78,-15,1,-78,-15,1,5,0,-43,LTE BAND 1,23,73409.0,8.75,8931,nan,0,1.67,0.0000
1743425953.253261,LTE,CONNECT,FDD,48D2C04,-69,-6,17,8,0,0,0,0,0,0,5,0,-43,LTE BAND 1,23,62906.0,7.5,7654,nan,0,1.74,0.0000
1743425954.3529966,LTE,CONNECT,FDD,48D2C04,-69,-6,17,8,0,0,0,0,0,0,5,0,-43,LTE BAND 1,23,73414.0,8.75,8932,nan,0,1.83,0.0000
1743425955.456911,LTE,CONNECT,FDD,48D2C04,-68,-6,16,8,0,0,0,0,0,0,5,0,-43,LTE BAND 1,23,73398.0,8.75,8913,nan,12,1.34,0.0000
1743425956.509189,LTE,CONNECT,FDD,48D2C04,-68,-6,17,8,0,0,0,0,0,0,5,0,-43,LTE BAND 1,23,62917.0,7.5,7655,nan,0,1.48,0.0000
1743425957.6188354,LTE,CONNECT,FDD,48D2C04,-68,-5,16,8,-80,-17,0,-80,-17,0,5,0,-43,LTE BAND 1,23,62917.0,7.5,7655,nan,0,1.59,0.0000
1743425958.69148,LTE,CONNECT,FDD,48D2C04,-67,-5,18,7,-78,-16,0,-78,-16,0,5,0,-42,LTE BAND 1,23,62907.0,7.5,7654,nan,0,1.69,0.0000
1743425959.7848659,LTE,CONNECT,FDD,48D2C04,-67,-5,17,8,0,0,0,0,0,0,5,0,-42,LTE BAND 1,23,62909.0,7.5,7654,nan,0,1.81,0.0000
1743425960.8485768,LTE,CONNECT,FDD,48D2C04,-68,-5,17,9,0,0,0,0,0,0,5,0,-43,LTE BAND 1,23,73408.0,8.75,8931,nan,0,1.84,0.0000
1743425961.9208248,LTE,CONNECT,FDD,48D2C04,-69,-6,16,8,0,0,0,0,0,0,5,0,-44,LTE BAND 1,23,73398.0,8.75,8930,nan,0,1.86,0.0000
1743425962.9829583,LTE,CONNECT,FDD,48D2C04,-68,-5,16,7,-80,-17,0,-80,-17,0,5,0,-43,LTE BAND 1,23,73407.0,8.75,8928,nan,2,1.36,0.0000
1743425964.0580518,LTE,CONNECT,FDD,48D2C04,-69,-6,15,7,0,0,0,0,0,0,5,0,-44,LTE BAND 1,23,62906.0,7.5,7654,nan,0,1.44,0.0000
1743425965.1415293,LTE,CONNECT,FDD,48D2C04,-70,-6,18,8,0,0,0,0,0,0,5,0,-44,LTE BAND 1,23,73403.0,8.75,8931,nan,0,1.5,0.0000
1743425966.2523975,LTE,CONNECT,FDD,48D2C04,-69,-6,14,7,0,0,0,0,0,0,5,0,-44,LTE BAND 1,23,73408.0,8.75,8931,nan,0,1.54,0.0000
1743425967.3547816,LTE,CONNECT,FDD,48D2C04,-69,-6,17,7,0,0,0,0,0,0,5,0,-44,LTE BAND 1,23,62908.0,7.5,7654,nan,0,1.56,0.0000
1743425968.4285553,LTE,CONNECT,FDD,48D2C04,-68,-5,15,6,-80,-17,0,-80,-17,0,5,0,-44,LTE BAND 1,23,73405.0,8.75,8931,nan,0,1.58,0.0000
1743425969.5338087,LTE,CONNECT,FDD,48D2C04,-69,-6,17,8,-79,-16,1,-79,-16,1,5,0,-44,LTE BAND 1,23,62912.0,7.5,7654,nan,0,1.58,0.0000
1743425970.6035469,LTE,CONNECT,FDD,48D2C04,-69,-6,17,8,0,0,0,0,0,0,5,0,-44,LTE BAND 1,23,73405.0,8.75,8931,nan,0,1.58,0.0000
1743425971.6444392,LTE,CONNECT,FDD,48D2C04,-68,-6,9,8,0,0,0,0,0,0,5,0,-43,LTE BAND 1,23,73400.0,8.75,8930,nan,0,1.58,0.0000
1743425972.7042985,LTE,CONNECT,FDD,48D2C04,-68,-6,16,8,-80,-17,0,-80,-17,0,5,0,-43,LTE BAND 1,23,62912.0,7.5,7654,nan,0,1.58,0.0000
1743425973.7769332,LTE,CONNECT,FDD,48D2C04,-69,-6,16,7,-81,-17,1,-81,-17,1,5,0,-44,LTE BAND 1,23,73395.0,8.75,8930,nan,0,1.61,0.0000
1743425974.8554494,LTE,CONNECT,FDD,48D2C04,-69,-6,15,7,0,0,0,0,0,0,5,0,-43,LTE BAND 1,23,62912.0,7.5,7654,nan,0,1.63,0.0000
1743425975.8961368,LTE,CONNECT,FDD,48D2C04,-69,-6,17,7,0,0,0,0,0,0,5,0,-44,LTE BAND 1,23,73403.0,8.75,8931,nan,0,1.67,0.0000
1743425977.009526,LTE,CONNECT,FDD,48D2C04,-69,-6,16,7,0,0,0,0,0,0,5,0,-43,LTE BAND 1,23,73407.0,8.75,8931,nan,0,1.73,0.0000
1743425978.1297476,LTE,CONNECT,FDD,48D2C04,-69,-6,16,8,0,0,0,0,0,0,5,0,-44,LTE BAND 1,23,62901.0,7.5,7653,nan,0,1.8,0.0000
1743425979.2396638,LTE,CONNECT,FDD,48D2C04,-69,-6,11,8,-78,-16,1,-78,-16,1,5,0,-44,LTE BAND 1,23,62914.0,7.5,7642,nan,9,1.63,0.0000
1743425980.3337817,LTE,CONNECT,FDD,48D2C04,-70,-6,15,8,-78,-15,1,-78,-15,1,5,0,-44,LTE BAND 1,23,83895.0,10.0,10197,nan,7,1.43,0.0000
1743425981.399199,LTE,CONNECT,FDD,48D2C04,-70,-6,13,8,-78,-14,0,-78,-14,0,5,0,-44,LTE BAND 1,23,73407.0,8.75,8931,nan,0,1.56,0.0000
1743425982.4828093,LTE,CONNECT,FDD,48D2C04,-69,-6,15,8,0,0,0,0,0,0,5,0,-44,LTE BAND 1,23,62912.0,7.5,7654,nan,0,1.66,0.0000
1743425983.5589397,LTE,CONNECT,FDD,48D2C04,-69,-6,17,7,0,0,0,0,0,0,5,0,-44,LTE BAND 1,23,73396.0,8.75,8930,nan,0,1.74,0.0000
1743425984.6610665,LTE,CONNECT,FDD,48D2C04,-69,-6,15,7,-79,-17,0,-79,-17,0,5,0,-43,LTE BAND 1,23,62920.0,7.5,7655,nan,0,1.8,0.0000
1743425985.7632573,LTE,CONNECT,FDD,48D2C04,-69,-6,16,7,-79,-16,2,-79,-16,2,5,0,-44,LTE BAND 1,23,73409.0,8.75,8931,nan,0,1.87,0.0000
1743425986.833532,LTE,CONNECT,FDD,48D2C04,-69,-6,17,7,0,0,0,0,0,0,5,0,-44,LTE BAND 1,23,62911.0,7.5,7638,nan,11,1.35,0.0000
1743425987.9494274,LTE,CONNECT,FDD,48D2C04,-68,-6,16,9,0,0,0,0,0,0,5,0,-43,LTE BAND 1,23,62909.0,7.5,7654,nan,0,1.43,0.0000
1743425989.0264263,LTE,CONNECT,FDD,48D2C04,-70,-7,15,10,-78,-16,1,-78,-16,1,5,0,-43,LTE BAND 1,23,73403.0,8.75,8931,nan,0,1.49,0.0000
1743425990.143376,LTE,CONNECT,FDD,48D2C04,-69,-7,15,9,0,0,0,0,0,0,5,0,-43,LTE BAND 1,23,73401.0,8.75,8930,nan,0,1.54,0.0000
1743425991.2205362,LTE,CONNECT,FDD,48D2C04,-71,-8,7,10,-77,-14,0,-77,-14,0,5,0,-44,LTE BAND 1,23,73389.0,8.75,8929,nan,0,1.56,0.0000
1743425992.310343,LTE,CONNECT,FDD,48D2C04,-71,-7,15,9,-78,-15,1,-78,-15,1,5,0,-44,LTE BAND 1,23,62919.0,7.5,7655,nan,0,1.58,0.0000
1743425993.3729503,LTE,CONNECT,FDD,48D2C04,-71,-6,14,9,-79,-16,6,-79,-16,6,5,0,-44,LTE BAND 1,23,73404.0,8.75,8931,nan,0,1.59,0.0000
1743425994.4295099,LTE,CONNECT,FDD,48D2C04,-69,-7,15,7,0,0,0,0,0,0,5,0,-44,LTE BAND 1,23,62913.0,7.5,7654,nan,0,1.59,0.0000
1743425995.5701582,LTE,CONNECT,FDD,48D2C04,-72,-8,16,10,-78,-14,5,-78,-14,5,5,0,-44,LTE BAND 1,23,73412.0,8.75,8932,nan,0,1.59,0.0000
1743425996.6769888,LTE,CONNECT,FDD,48D2C04,-71,-8,15,8,-78,-14,5,-78,-14,5,5,0,-44,LTE BAND 1,23,62910.0,7.5,7654,nan,0,1.59,0.0000
1743425997.7522109,LTE,CONNECT,FDD,48D2C04,-72,-8,14,8,-78,-14,5,-78,-14,5,5,0,-45,LTE BAND 1,23,52426.0,6.25,6378,nan,0,1.61,0.0000
1743425998.8199866,LTE,CONNECT,FDD,48D2C04,-71,-8,6,7,-79,-16,5,-79,-16,5,5,0,-43,LTE BAND 1,23,62917.0,7.5,7655,nan,0,1.63,0.0000
1743425999.8860214,LTE,CONNECT,FDD,48D2C04,-71,-7,14,7,-79,-15,2,-79,-15,2,5,0,-45,LTE BAND 1,23,62908.0,7.5,7654,nan,0,1.67,0.0000
1743426000.9577584,LTE,CONNECT,FDD,48D2C04,-71,-7,14,7,-78,-14,2,-78,-14,2,5,0,-44,LTE BAND 1,23,62913.0,7.5,7654,nan,0,1.72,0.0000
1743426002.0418744,LTE,CONNECT,FDD,48D2C04,-71,-8,16,6,-78,-15,2,-78,-15,2,5,0,-44,LTE BAND 1,23,62916.0,7.5,7655,nan,0,1.79,0.0000
1743426003.1008346,LTE,CONNECT,FDD,48D2C04,-69,-6,16,4,0,0,0,0,0,0,5,0,-44,LTE BAND 1,23,62912.0,7.5,7654,nan,0,1.88,0.0000
1743426004.17303,LTE,CONNECT,FDD,48D2C33,-64,-6,15,-12,-71,-12,0,-71,-12,0,5,1,-42,LTE BAND 3,23,52421.0,6.25,6294,nan,59,1.37,0.0000
1743426005.2239835,LTE,CONNECT,FDD,48D2C33,-63,-5,15,-11,-71,-13,0,-71,-13,0,5,0,-42,LTE BAND 3,23,10485.0,1.25,1276,nan,0,1.47,0.0000
1743426006.2928886,LTE,CONNECT,FDD,48D2C33,-63,-5,16,-4,-70,-12,0,-70,-12,0,5,0,-42,LTE BAND 3,23,20974.0,2.5,2552,nan,0,1.6,0.0000
1743426007.3933094,LTE,CONNECT,FDD,48D2C33,-64,-5,14,-5,-71,-13,0,-71,-13,0,5,0,-42,LTE BAND 3,23,41945.0,5.0,5103,nan,0,1.7,0.0000
1743426008.5066261,LTE,CONNECT,FDD,48D2C33,-64,-6,21,-6,-72,-14,0,-72,-14,0,5,0,-40,LTE BAND 3,23,31457.0,3.75,3827,nan,0,1.77,0.0000
1743426009.6175013,LTE,CONNECT,FDD,48D2C33,-64,-6,15,-5,-74,-15,0,-74,-15,0,5,0,-42,LTE BAND 3,23,31461.0,3.75,3812,nan,11,1.25,0.0000
1743426010.735506,LTE,CONNECT,FDD,48D2C33,-63,-5,17,-5,-74,-17,0,-74,-17,0,5,0,-42,LTE BAND 3,23,31453.0,3.75,3827,nan,0,1.39,0.0000
1743426011.847713,LTE,CONNECT,FDD,48D2C33,-62,-5,17,-5,0,0,0,0,0,0,5,0,-41,LTE BAND 3,23,31456.0,3.75,3827,nan,0,1.44,0.0000
1743426012.909848,LTE,CONNECT,FDD,48D2C33,-62,-5,20,-6,0,0,0,0,0,0,5,0,-41,LTE BAND 3,23,31461.0,3.75,3828,nan,0,1.48,0.0000
1743426013.999045,LTE,CONNECT,FDD,48D2C33,-62,-5,17,-5,0,0,0,0,0,0,5,0,-41,LTE BAND 3,23,31454.0,3.75,3827,nan,0,1.5,0.0000
1743426015.1127417,LTE,CONNECT,FDD,48D2C33,-63,-5,20,0,-71,-14,0,-71,-14,0,5,0,-41,LTE BAND 3,23,31453.0,3.75,3827,nan,0,1.51,0.0000
1743426016.17264,LTE,CONNECT,FDD,48D2C33,-63,-5,16,3,-72,-15,0,-72,-15,0,5,0,-41,LTE BAND 3,23,52442.0,6.25,6380,nan,0,1.52,0.0000
1743426017.264964,LTE,CONNECT,FDD,48D2C33,-62,-5,19,4,0,0,0,0,0,0,5,0,-41,LTE BAND 3,23,62909.0,7.5,7654,nan,0,1.52,0.0000
1743426018.3347728,LTE,CONNECT,FDD,48D2C33,-62,-5,18,6,0,0,0,0,0,0,5,0,-42,LTE BAND 3,23,62920.0,7.5,7655,nan,0,1.52,0.0000
1743426019.409916,LTE,CONNECT,FDD,48D2C33,-61,-5,16,4,0,0,0,0,0,0,5,0,-41,LTE BAND 3,23,62920.0,7.5,7655,nan,0,1.53,0.0000
1743426020.4971492,LTE,CONNECT,FDD,48D2C33,-62,-5,17,4,-72,-15,-1,-72,-15,-1,5,0,-42,LTE BAND 3,23,62908.0,7.5,7654,nan,0,1.53,0.0000
1743426021.5980766,LTE,CONNECT,FDD,48D2C33,-62,-5,18,4,-73,-16,-6,-73,-16,-6,5,0,-42,LTE BAND 3,23,62920.0,7.5,7655,nan,0,1.55,0.0000
1743426022.71552,LTE,CONNECT,FDD,48D2C33,-62,-4,21,4,-73,-7,14,-74,-11,8,5,0,-43,LTE BAND 3,23,52426.0,6.25,6378,nan,0,1.62,0.0000
1743426023.817038,LTE,CONNECT,FDD,48D2C04,-68,-6,19,-10,0,0,0,0,0,0,5,1,-42,LTE BAND 1,23,20962.0,2.5,2550,nan,0,1.66,0.0000
1743426024.9280899,LTE,CONNECT,FDD,48D2C04,-67,-5,17,-7,0,0,0,0,0,0,5,0,-42,LTE BAND 1,23,20980.0,2.5,2553,nan,0,1.73,0.0000
1743426026.01438,LTE,CONNECT,FDD,48D2C04,-67,-5,16,-7,-77,-16,0,-77,-16,0,5,0,-42,LTE BAND 1,23,20973.0,2.5,2542,nan,7,1.71,0.0000
1743426027.1292472,LTE,CONNECT,FDD,48D2C04,-66,-5,18,-8,-77,-16,0,-77,-16,0,5,0,-42,LTE BAND 1,23,20971.0,2.5,2482,nan,49,1.27,0.0000
1743426028.1954029,LTE,CONNECT,FDD,48D2C04,-68,-6,17,-6,0,0,0,0,0,0,5,0,-42,LTE BAND 1,23,20965.0,2.5,2551,nan,0,1.36,0.0000
1743426029.3418882,LTE,CONNECT,FDD,48D2C04,-67,-6,18,-7,0,0,0,0,0,0,5,0,-42,LTE BAND 1,23,31469.0,3.75,3829,nan,0,1.49,0.0000
1743426030.4586852,LTE,CONNECT,FDD,48D2C04,-68,-6,19,-6,0,0,0,0,0,0,5,0,-43,LTE BAND 1,23,20969.0,2.5,2551,nan,0,1.58,0.0000
1743426031.5887618,LTE,CONNECT,FDD,48D2C04,-69,-7,18,-5,0,0,0,0,0,0,5,0,-43,LTE BAND 1,23,31458.0,3.75,3827,nan,0,1.66,0.0000
1743426032.6451583,LTE,CONNECT,FDD,48D2C04,-70,-7,16,-4,-79,-16,-1,-79,-16,-1,5,0,-43,LTE BAND 1,23,31456.0,3.75,3827,nan,0,1.72,0.0000
1743426033.7706482,LTE,CONNECT,FDD,48D2C04,-69,-7,16,2,-79,-17,0,-79,-17,0,5,0,-43,LTE BAND 1,23,31460.0,3.75,3805,nan,16,1.24,0.0000
1743426034.8612578,LTE,CONNECT,FDD,48D2C04,-70,-7,16,5,-80,-17,0,-80,-17,0,5,0,-44,LTE BAND 1,23,62910.0,7.5,7654,nan,0,1.32,0.0000
1743426035.9329739,LTE,CONNECT,FDD,48D2C04,-69,-6,16,6,0,0,0,0,0,0,5,0,-43,LTE BAND 1,23,73405.0,8.75,8931,nan,0,1.39,0.0000
1743426036.9919314,LTE,CONNECT,FDD,48D2C04,-69,-6,15,8,0,0,0,0,0,0,5,0,-44,LTE BAND 1,23,62908.0,7.5,7654,nan,0,1.43,0.0000
1743426038.049431,LTE,CONNECT,FDD,48D2C04,-69,-6,14,9,0,0,0,0,0,0,5,0,-44,LTE BAND 1,23,73409.0,8.75,8931,nan,0,1.47,0.0000
1743426039.1266222,LTE,CONNECT,FDD,48D2C04,-69,-6,15,7,-79,-16,2,-79,-16,2,5,0,-44,LTE BAND 1,23,73397.0,8.75,8930,nan,0,1.49,0.0000
1743426040.1932404,LTE,CONNECT,FDD,48D2C04,-69,-6,17,8,0,0,0,0,0,0,5,0,-43,LTE BAND 1,23,62913.0,7.5,7654,nan,0,1.5,0.0000
1743426041.2570355,LTE,CONNECT,FDD,48D2C04,-69,-6,15,8,0,0,0,0,0,0,5,0,-44,LTE BAND 1,23,62921.0,7.5,7655,nan,0,1.5,0.0000
1743426042.3147764,LTE,CONNECT,FDD,48D2C04,-69,-6,17,8,0,0,0,0,0,0,5,0,-44,LTE BAND 1,23,62916.0,7.5,7655,nan,0,1.5,0.0000
1743426043.3904567,LTE,CONNECT,FDD,48D2C04,-69,-6,15,7,-80,-17,2,-80,-17,2,5,0,-44,LTE BAND 1,23,62914.0,7.5,7655,nan,0,1.5,0.0000
1743426044.4686215,LTE,CONNECT,FDD,48D2C04,-69,-6,16,8,-79,-16,3,-79,-16,3,5,0,-44,LTE BAND 1,23,62902.0,7.5,7653,nan,0,1.51,0.0000
1743426045.5800776,LTE,CONNECT,FDD,48D2C04,-70,-7,16,8,0,0,0,0,0,0,5,0,-44,LTE BAND 1,23,62918.0,7.5,7655,nan,0,1.52,0.0000
1743426046.6757221,LTE,CONNECT,FDD,48D2C04,-70,-6,15,8,0,0,0,0,0,0,5,0,-44,LTE BAND 1,23,73399.0,8.75,8930,nan,0,1.54,0.0000
1743426047.744365,LTE,CONNECT,FDD,48D2C04,-70,-6,16,8,0,0,0,0,0,0,5,0,-45,LTE BAND 1,23,73403.0,8.75,8931,nan,0,1.61,0.0000
1743426048.826286,LTE,CONNECT,FDD,48D2C04,-71,-7,14,9,-79,-15,0,-79,-15,0,5,0,-44,LTE BAND 1,23,62909.0,7.5,7654,nan,0,1.68,0.0000
1743426049.9247773,LTE,CONNECT,FDD,48D2C04,-70,-6,15,8,-80,-16,0,-80,-16,0,5,0,-44,LTE BAND 1,23,73404.0,8.75,8931,nan,0,1.76,0.0000
1743426050.9913197,LTE,CONNECT,FDD,48D2C04,-70,-7,15,8,0,0,0,0,0,0,5,0,-44,LTE BAND 1,23,62906.0,7.5,7654,nan,0,1.87,0.0000
1743426052.08563,LTE,CONNECT,FDD,48D2C04,-70,-6,15,8,0,0,0,0,0,0,5,0,-44,LTE BAND 1,23,73403.0,8.75,8885,nan,32,1.4,0.0000
1743426053.1693113,LTE,CONNECT,FDD,48D2C04,-70,-6,15,8,0,0,0,0,0,0,5,0,-44,LTE BAND 1,23,73410.0,8.75,8932,nan,0,1.53,0.0000
1743426054.2271113,LTE,CONNECT,FDD,48D2C04,-70,-7,16,8,-79,-15,1,-79,-15,1,5,0,-44,LTE BAND 1,23,62909.0,7.5,7654,nan,0,1.64,0.0000
1743426055.304265,LTE,CONNECT,FDD,48D2C04,-70,-7,16,9,-79,-16,1,-79,-16,1,5,0,-44,LTE BAND 1,23,73405.0,8.75,8931,nan,0,1.73,0.0000
1743426056.3603234,LTE,CONNECT,FDD,48D2C04,-70,-6,16,8,0,0,0,0,0,0,5,0,-44,LTE BAND 1,24,73401.0,8.75,8930,nan,0,1.79,0.0000
1743426057.4182246,LTE,CONNECT,FDD,48D2C04,-70,-7,17,8,0,0,0,0,0,0,5,0,-44,LTE BAND 1,24,62910.0,7.5,7654,nan,0,1.83,0.0000
1743426058.5255337,LTE,CONNECT,FDD,48D2C04,-70,-6,15,8,0,0,0,0,0,0,5,0,-44,LTE BAND 1,24,73396.0,8.75,8930,nan,0,1.86,0.0000
1743426059.6280537,LTE,CONNECT,FDD,48D2C04,-70,-6,16,7,-80,-16,2,-80,-16,2,5,0,-44,LTE BAND 1,24,62913.0,7.5,7653,nan,1,1.36,0.0000
1743426060.7474675,LTE,CONNECT,FDD,48D2C04,-70,-6,15,9,-80,-16,1,-80,-16,1,5,0,-44,LTE BAND 1,24,62922.0,7.5,7656,nan,0,1.43,0.0000
1743426061.8129523,LTE,CONNECT,FDD,48D2C04,-69,-6,16,8,0,0,0,0,0,0,5,0,-44,LTE BAND 1,24,73393.0,8.75,8929,nan,0,1.53,0.0000
1743426062.9367626,LTE,CONNECT,FDD,48D2C04,-70,-6,17,9,0,0,0,0,0,0,5,0,-44,LTE BAND 1,24,73406.0,8.75,8931,nan,0,1.56,0.0000
1743426064.0664732,LTE,CONNECT,FDD,48D2C04,-70,-6,16,8,0,0,0,0,0,0,5,0,-44,LTE BAND 1,24,62912.0,7.5,7654,nan,0,1.57,0.0000
1743426065.197563,LTE,CONNECT,FDD,48D2C04,-70,-7,17,-8,0,0,0,0,0,0,5,0,-44,LTE BAND 1,24,62915.0,7.5,7655,nan,0,1.58,0.0000
1743426066.3100662,LTE,CONNECT,FDD,48D2C04,-70,-7,12,7,0,0,0,0,0,0,5,0,-44,LTE BAND 1,24,62915.0,7.5,7655,nan,0,1.58,0.0000
1743426067.37454,LTE,CONNECT,FDD,48D2C04,-70,-7,14,7,-80,-17,3,-80,-17,3,5,0,-43,LTE BAND 1,24,62912.0,7.5,7654,nan,0,1.58,0.0000
1743426068.450365,LTE,CONNECT,FDD,48D2C04,-70,-7,15,7,-80,-17,3,-80,-17,3,5,0,-44,LTE BAND 1,24,62913.0,7.5,7654,nan,0,1.58,0.0000
1743426069.5827875,LTE,CONNECT,FDD,48D2C04,-70,-6,15,7,0,0,0,0,0,0,5,0,-44,LTE BAND 1,24,62910.0,7.5,7654,nan,0,1.59,0.0000
1743426070.7117774,LTE,CONNECT,FDD,48D2C04,-70,-7,15,7,0,0,0,0,0,0,5,0,-44,LTE BAND 1,24,62926.0,7.5,7656,nan,0,1.6,0.0000
1743426071.785471,LTE,CONNECT,FDD,48D2C04,-70,-6,16,8,0,0,0,0,0,0,5,0,-44,LTE BAND 1,24,62910.0,7.5,7654,nan,0,1.66,0.0000
1743426072.8318405,LTE,CONNECT,FDD,48D2C04,-71,-7,15,7,-80,-16,0,-80,-16,0,5,0,-44,LTE BAND 1,24,62919.0,7.5,7655,nan,0,1.72,0.0000
1743426073.9347532,LTE,CONNECT,FDD,48D2C04,-70,-6,16,6,0,0,0,0,0,0,5,0,-44,LTE BAND 1,24,62915.0,7.5,7655,nan,0,1.79,0.0000
1743426075.0247037,LTE,CONNECT,FDD,48D2C04,-70,-6,15,6,0,0,0,0,0,0,5,0,-44,LTE BAND 1,24,52425.0,6.25,6354,nan,17,1.31,0.0000
1743426076.0698445,LTE,CONNECT,FDD,48D2C04,-70,-6,16,7,0,0,0,0,0,0,5,0,-44,LTE BAND 1,24,62919.0,7.5,7655,nan,0,1.45,0.0000
1743426077.1252258,LTE,CONNECT,FDD,48D2C04,-70,-6,16,7,-78,-15,1,-78,-15,1,5,0,-44,LTE BAND 1,24,62907.0,7.5,7654,nan,0,1.56,0.0000
1743426078.2036862,LTE,CONNECT,FDD,48D2C04,-69,-6,15,6,-79,-15,3,-79,-15,3,5,0,-44,LTE BAND 1,24,52427.0,6.25,6379,nan,0,1.65,0.0000
1743426079.3331437,LTE,CONNECT,FDD,48D2C04,-70,-7,15,7,-79,-16,4,-79,-16,4,5,0,-44,LTE BAND 1,24,73412.0,8.75,8932,nan,0,1.72,0.0000
1743426080.3988872,LTE,CONNECT,FDD,48D2C04,-70,-7,16,7,0,0,0,0,0,0,5,0,-43,LTE BAND 1,24,62912.0,7.5,7654,nan,0,1.77,0.0000
1743426081.444421,LTE,CONNECT,FDD,48D2C04,-70,-7,15,7,0,0,0,0,0,0,5,0,-44,LTE BAND 1,24,62905.0,7.5,7653,nan,0,1.8,0.0000
1743426082.5210752,LTE,CONNECT,FDD,48D2C04,-70,-8,16,8,-77,-15,1,-77,-15,1,5,0,-43,LTE BAND 1,24,62923.0,7.5,7656,nan,0,1.82,0.0000
1743426083.5703738,LTE,CONNECT,FDD,48D2C04,-70,-7,15,8,-77,-15,1,-77,-15,1,5,0,-43,LTE BAND 1,24,62918.0,7.5,7649,nan,4,1.33,0.0000
1743426084.713418,LTE,CONNECT,FDD,48D2C04,-70,-7,15,7,-78,-16,1,-78,-16,1,5,0,-43,LTE BAND 1,24,62914.0,7.5,7655,nan,0,1.4,0.0000
1743426085.7919705,LTE,CONNECT,FDD,48D2C04,-70,-7,12,7,-78,-15,1,-78,-15,1,5,0,-44,LTE BAND 1,24,52425.0,6.25,6378,nan,0,1.5,0.0000
1743426086.8601272,LTE,CONNECT,FDD,48D2C04,-70,-7,13,9,0,0,0,0,0,0,5,0,-43,LTE BAND 1,24,62906.0,7.5,7654,nan,0,1.52,0.0000
1743426087.991646,LTE,CONNECT,FDD,48D2C04,-70,-7,15,9,-78,-15,2,-78,-15,2,5,0,-43,LTE BAND 1,24,62925.0,7.5,7656,nan,0,1.54,0.0000
1743426089.0617478,LTE,CONNECT,FDD,48D2C04,-69,-7,15,7,0,0,0,0,0,0,5,0,-43,LTE BAND 1,24,62912.0,7.5,7654,nan,0,1.55,0.0000
1743426090.157597,LTE,CONNECT,FDD,48D2C04,-69,-7,16,8,-78,-15,6,-78,-15,6,5,0,-43,LTE BAND 1,24,62915.0,7.5,7655,nan,0,1.55,0.0000
1743426091.2139976,LTE,CONNECT,FDD,48D2C04,-69,-7,17,6,-78,-16,3,-78,-16,3,5,0,-43,LTE BAND 1,24,62912.0,7.5,7654,nan,0,1.55,0.0000
1743426092.3150847,LTE,CONNECT,FDD,48D2C04,-69,-7,18,5,0,0,0,0,0,0,5,0,-43,LTE BAND 1,24,62916.0,7.5,7655,nan,0,1.55,0.0000
1743426093.4187105,LTE,CONNECT,FDD,48D2C04,-69,-7,14,7,0,0,0,0,0,0,5,0,-43,LTE BAND 1,24,62918.0,7.5,7655,nan,0,1.55,0.0000
1743426094.5316212,LTE,CONNECT,FDD,48D2C04,-70,-7,16,9,0,0,0,0,0,0,5,0,-44,LTE BAND 1,24,62914.0,7.5,7655,nan,0,1.57,0.0000
1743426095.6519704,LTE,CONNECT,FDD,48D2C04,-70,-7,16,8,-78,-15,4,-78,-15,4,5,0,-43,LTE BAND 1,24,73402.0,8.75,8931,nan,0,1.6,0.0000
1743426096.7159424,LTE,CONNECT,FDD,48D2C04,-69,-7,17,8,-78,-15,2,-78,-15,2,5,0,-43,LTE BAND 1,24,73396.0,8.75,8930,nan,0,1.63,0.0000
1743426097.8011339,LTE,CONNECT,FDD,48D2C04,-70,-7,16,9,0,0,0,0,0,0,5,0,-43,LTE BAND 1,24,73396.0,8.75,8930,nan,0,1.77,0.0000
1743426098.8430538,LTE,CONNECT,FDD,48D2C04,-70,-7,15,9,0,0,0,0,0,0,5,0,-43,LTE BAND 1,24,73408.0,8.75,8931,nan,0,1.87,0.0000
1743426099.8924658,LTE,CONNECT,FDD,48D2C04,-70,-7,16,8,0,0,0,0,0,0,5,0,-44,LTE BAND 1,24,62905.0,7.5,7614,nan,28,1.37,0.0000
1743426100.9643786,LTE,CONNECT,FDD,48D2C04,-70,-7,14,8,-79,-16,4,-79,-16,4,5,0,-44,LTE BAND 1,24,73412.0,8.75,8932,nan,0,1.51,0.0000
1743426102.0204346,LTE,CONNECT,FDD,48D2C04,-69,-6,16,7,0,0,0,0,0,0,5,0,-44,LTE BAND 1,24,62911.0,7.5,7654,nan,0,1.62,0.0000
1743426103.0705457,LTE,CONNECT,FDD,48D2C04,-69,-6,16,7,-67,-5,17,-69,-8,13,5,0,-43,LTE BAND 1,24,52425.0,6.25,6378,nan,0,1.71,0.0000
1743426104.1782827,LTE,CONNECT,FDD,48D2C04,-69,-6,15,9,-63,-3,19,-82,-11,6,5,0,-44,LTE BAND 1,24,52427.0,6.25,6379,nan,0,1.78,0.0000
1743426105.321442,LTE,CONNECT,FDD,48D2C04,-70,-7,10,9,-63,-3,19,-82,-12,6,5,0,-44,LTE BAND 1,24,52424.0,6.25,6371,nan,5,1.6,0.0000
1743426106.403998,LTE,CONNECT,FDD,48D2C04,-69,-6,15,8,-64,-4,19,-80,-11,7,5,0,-43,LTE BAND 1,24,73418.0,8.75,8890,nan,30,1.33,0.0000
1743426107.4615204,LTE,CONNECT,FDD,48D2C04,-68,-6,15,9,-64,-4,19,-82,-12,6,5,0,-43,LTE BAND 1,24,52422.0,6.25,6378,nan,0,1.41,0.0000
1743426108.5200787,LTE,CONNECT,FDD,48D2C04,-69,-6,14,9,-63,-5,19,-81,-12,7,5,0,-43,LTE BAND 1,24,52430.0,6.25,6379,nan,0,1.47,0.0000
1743426109.596103,LTE,CONNECT,FDD,48D2C04,-68,-6,18,9,-64,-5,19,-81,-12,7,5,0,-43,LTE BAND 1,24,62915.0,7.5,7655,nan,0,1.5,0.0000
1743426110.679156,LTE,CONNECT,FDD,48D2C04,-69,-6,16,9,-63,-4,19,-80,-9,9,5,0,-43,LTE BAND 1,24,52426.0,6.25,6378,nan,0,1.53,0.0000
1743426111.8037639,LTE,CONNECT,FDD,48D2C04,-69,-6,14,8,-63,-3,19,-79,-10,7,5,0,-43,LTE BAND 1,24,52424.0,6.25,6378,nan,0,1.55,0.0000
1743426112.895421,LTE,CONNECT,FDD,48D2C04,-70,-7,11,9,-62,-3,19,-81,-12,6,5,0,-44,LTE BAND 1,24,62921.0,7.5,7655,nan,0,1.55,0.0000
1743426114.064112,LTE,CONNECT,FDD,48D2C33,-64,-5,18,-6,0,0,0,0,0,0,5,1,-40,LTE BAND 3,24,20964.0,2.5,2551,nan,0,1.55,0.0000
1743426115.1751163,LTE,CONNECT,FDD,48D2C33,-64,-6,19,-3,-72,-13,0,-72,-13,0,5,0,-40,LTE BAND 3,24,31462.0,3.75,3828,nan,0,1.55,0.0000
1743426116.3032436,LTE,CONNECT,FDD,48D2C33,-64,-6,14,0,-72,-14,0,-72,-14,0,5,0,-40,LTE BAND 3,24,41942.0,5.0,5103,nan,0,1.56,0.0000
1743426117.41021,LTE,CONNECT,FDD,48D2C33,-64,-6,15,0,-71,-12,0,-71,-12,0,5,0,-40,LTE BAND 3,24,52433.0,6.25,6379,nan,0,1.57,0.0000
1743426118.5114913,LTE,CONNECT,FDD,48D2C33,-64,-6,16,2,-72,-13,0,-72,-13,0,5,0,-40,LTE BAND 3,24,52431.0,6.25,6379,nan,0,1.6,0.0000
1743426119.5801249,LTE,CONNECT,FDD,48D2C33,-64,-6,18,3,-71,-13,0,-79,-17,-3,5,0,-41,LTE BAND 3,24,52429.0,6.25,6379,nan,0,1.64,0.0000
1743426120.6375923,LTE,CONNECT,FDD,48D2C33,-64,-5,22,3,-71,-13,0,-71,-13,0,5,0,-41,LTE BAND 3,24,62914.0,7.5,7655,nan,0,1.7,0.0000
1743426121.7048194,LTE,CONNECT,FDD,48D2C33,-64,-5,19,3,0,0,0,0,0,0,5,0,-41,LTE BAND 3,24,62913.0,7.5,7654,nan,0,1.87,0.0000
1743426122.8349543,LTE,CONNECT,FDD,48D2C33,-63,-5,18,3,0,0,0,0,0,0,5,0,-41,LTE BAND 3,24,62909.0,7.5,7620,nan,24,1.38,0.0000
1743426123.9349566,LTE,CONNECT,FDD,48D2C33,-64,-5,20,3,-72,-13,0,-72,-13,0,5,0,-41,LTE BAND 3,24,62918.0,7.5,7655,nan,0,1.51,0.0000
1743426125.0163968,LTE,CONNECT,FDD,48D2C33,-64,-6,19,5,-72,-14,0,-72,-14,0,5,0,-41,LTE BAND 3,24,62918.0,7.5,7655,nan,0,1.62,0.0000
1743426126.1247795,LTE,CONNECT,FDD,48D2C33,-64,-5,15,4,-72,-14,0,-72,-14,0,5,0,-41,LTE BAND 3,24,62914.0,7.5,7655,nan,0,1.71,0.0000
1743426127.23024,LTE,CONNECT,FDD,48D2C33,-64,-5,16,5,-72,-14,0,-72,-14,0,5,0,-41,LTE BAND 3,24,62910.0,7.5,7654,nan,0,1.77,0.0000
1743426128.307608,LTE,CONNECT,FDD,48D2C33,-64,-5,21,4,-72,-14,1,-72,-14,1,5,0,-41,LTE BAND 3,24,62919.0,7.5,7655,nan,0,1.82,0.0000
1743426129.385094,LTE,CONNECT,FDD,48D2C33,-64,-6,15,6,-71,-13,0,-71,-13,0,5,0,-41,LTE BAND 3,24,62912.0,7.5,7654,nan,0,1.85,0.0000
1743426130.488068,LTE,CONNECT,FDD,48D2C33,-64,-6,18,5,-71,-13,0,-71,-13,0,5,0,-41,LTE BAND 3,24,62918.0,7.5,7617,nan,27,1.32,0.0000
1743426131.5670254,LTE,CONNECT,FDD,48D2C33,-64,-6,14,6,-71,-13,1,-81,-19,-4,5,0,-41,LTE BAND 3,24,62912.0,7.5,7654,nan,0,1.41,0.0000
1743426132.6603615,LTE,CONNECT,FDD,48D2C33,-64,-6,15,7,-72,-8,12,-78,-11,7,5,0,-41,LTE BAND 3,24,62919.0,7.5,7655,nan,0,1.47,0.0000
1743426133.728658,LTE,CONNECT,FDD,48D2C04,-68,-6,12,-17,0,0,0,0,0,0,5,1,-43,LTE BAND 1,24,62915.0,7.5,7655,nan,0,1.51,0.0000
1743426134.811002,LTE,CONNECT,FDD,48D2C04,-68,-6,16,-6,-80,-18,2,-80,-18,2,5,0,-42,LTE BAND 1,24,20988.0,2.5,2554,nan,0,1.56,0.0000
1743426135.9026463,LTE,CONNECT,FDD,48D2C04,-68,-6,14,-5,-81,-19,0,-81,-19,0,5,0,-42,LTE BAND 1,24,31456.0,3.75,3827,nan,0,1.57,0.0000
1743426136.9899108,LTE,CONNECT,FDD,48D2C04,-68,-6,16,-5,0,0,0,0,0,0,5,0,-43,LTE BAND 1,24,31460.0,3.75,3828,nan,0,1.58,0.0000
1743426138.0549865,LTE,CONNECT,FDD,48D2C04,-68,-6,15,-5,0,0,0,0,0,0,5,0,-43,LTE BAND 1,24,31454.0,3.75,3827,nan,0,1.58,0.0000
1743426139.143889,LTE,CONNECT,FDD,48D2C04,-70,-7,11,-3,0,0,0,0,0,0,5,0,-43,LTE BAND 1,24,31459.0,3.75,3828,nan,0,1.58,0.0000
1743426140.230749,LTE,CONNECT,FDD,48D2C04,-70,-7,13,-3,-80,-17,2,-80,-17,2,5,0,-43,LTE BAND 1,24,31454.0,3.75,3827,nan,0,1.58,0.0000
1743426141.34598,LTE,CONNECT,FDD,48D2C04,-69,-6,15,-4,-79,-17,2,-79,-17,2,5,0,-43,LTE BAND 1,24,31456.0,3.75,3827,nan,0,1.59,0.0000
1743426142.471828,LTE,CONNECT,FDD,48D2C04,-69,-6,13,-4,-81,-19,0,-81,-19,0,5,0,-43,LTE BAND 1,24,31456.0,3.75,3827,nan,0,1.61,0.0000
1743426143.581556,LTE,CONNECT,FDD,48D2C04,-69,-5,12,-4,-63,-4,19,-82,-15,1,5,0,-44,LTE BAND 1,24,31458.0,3.75,3827,nan,0,1.64,0.0000
1743426144.7144425,LTE,CONNECT,FDD,48D2C04,-69,-6,14,-4,-63,-4,19,-82,-15,1,5,0,-44,LTE BAND 1,24,31462.0,3.75,3828,nan,0,1.68,0.0000
1743426145.811604,LTE,CONNECT,FDD,48D2C04,-69,-6,9,-4,-63,-5,19,-81,-13,1,5,0,-44,LTE BAND 1,24,10480.0,1.25,1235,nan,28,1.25,0.0000
1743426146.9051242,LTE,CONNECT,FDD,48D2C04,-69,-5,9,-5,-63,-4,19,-79,-12,3,5,0,-44,LTE BAND 1,24,41955.0,5.0,5105,nan,0,1.31,0.0000
1743426148.019947,LTE,CONNECT,FDD,48D2C04,-68,-6,9,-5,-63,-4,19,-79,-12,3,5,0,-43,LTE BAND 1,24,31465.0,3.75,3828,nan,0,1.43,0.0000
1743426149.1572955,LTE,CONNECT,FDD,48D2C04,-69,-6,14,-4,-63,-4,19,-80,-12,3,5,0,-44,LTE BAND 1,24,20965.0,2.5,2551,nan,0,1.54,0.0000
1743426150.2715354,LTE,CONNECT,FDD,48D2C04,-69,-6,9,-4,-63,-4,19,-79,-12,3,5,0,-43,LTE BAND 1,24,31462.0,3.75,3828,nan,0,1.62,0.0000
1743426151.3353891,LTE,CONNECT,FDD,48D2C04,-69,-6,14,-4,-63,-4,19,-82,-14,2,5,0,-44,LTE BAND 1,24,31463.0,3.75,3828,nan,0,1.68,0.0000
1743426152.4694479,LTE,CONNECT,FDD,48D2C04,-69,-6,9,-4,-64,-4,19,-77,-12,4,5,0,-43,LTE BAND 1,24,20964.0,2.5,2551,nan,0,1.73,0.0000
1743426153.5509105,LTE,CONNECT,FDD,48D2C33,-64,-6,15,-11,-71,-12,2,-71,-12,2,5,1,-41,LTE BAND 3,24,31466.0,3.75,3828,nan,0,1.75,0.0000
1743426154.6882226,LTE,CONNECT,FDD,48D2C33,-64,-5,17,-9,-71,-13,2,-71,-13,2,5,0,-41,LTE BAND 3,24,0.0,0.0,-10,nan,7,1.23,0.0000
1743426155.7862532,LTE,CONNECT,FDD,48D2C33,-64,-6,17,-1,-72,-13,1,-81,-18,-3,5,0,-41,LTE BAND 3,24,41955.0,5.0,5105,nan,0,1.34,0.0000
1743426156.8894742,LTE,CONNECT,FDD,48D2C33,-64,-6,15,-1,-72,-13,1,-72,-13,1,5,0,-41,LTE BAND 3,24,41939.0,5.0,5103,nan,0,1.4,0.0000
1743426157.9499106,LTE,CONNECT,FDD,48D2C33,-64,-5,16,-1,-72,-13,1,-72,-13,1,5,0,-41,LTE BAND 3,24,41946.0,5.0,5103,nan,0,1.44,0.0000
1743426159.0452554,LTE,CONNECT,FDD,48D2C33,-64,-6,20,-1,-72,-13,1,-72,-13,1,5,0,-41,LTE BAND 3,24,41936.0,5.0,5102,nan,0,1.47,0.0000
1743426160.148866,LTE,CONNECT,FDD,48D2C33,-64,-6,17,0,-72,-14,1,-72,-14,1,5,0,-42,LTE BAND 3,24,41947.0,5.0,5104,nan,0,1.48,0.0000
1743426161.2575948,LTE,CONNECT,FDD,48D2C33,-64,-6,20,-4,-72,-13,1,-72,-13,1,5,0,-42,LTE BAND 3,24,52430.0,6.25,6379,nan,0,1.49,0.0000
1743426162.3557758,LTE,CONNECT,FDD,48D2C33,-64,-6,17,-1,-71,-13,0,-71,-13,0,5,0,-41,LTE BAND 3,24,41947.0,5.0,5104,nan,0,1.49,0.0000
1743426163.4395669,LTE,CONNECT,FDD,48D2C33,-64,-6,20,4,-71,-13,0,-71,-13,0,5,0,-42,LTE BAND 3,24,41943.0,5.0,5103,nan,0,1.49,0.0000
1743426164.5201004,LTE,CONNECT,FDD,48D2C33,-64,-6,15,5,-72,-13,0,-72,-13,0,5,0,-41,LTE BAND 3,24,52420.0,6.25,6378,nan,0,1.5,0.0000
1743426165.5925832,LTE,CONNECT,FDD,48D2C33,-64,-5,21,6,-72,-14,0,-80,-18,-3,5,0,-41,LTE BAND 3,24,52428.0,6.25,6379,nan,0,1.5,0.0000
1743426166.6437342,LTE,CONNECT,FDD,48D2C33,-64,-5,16,5,0,0,0,0,0,0,5,0,-41,LTE BAND 3,24,62923.0,7.5,7656,nan,0,1.52,0.0000
1743426167.7004807,LTE,CONNECT,FDD,48D2C33,-64,-5,17,6,-72,-14,0,-72,-14,0,5,0,-41,LTE BAND 3,24,62914.0,7.5,7655,nan,0,1.54,0.0000
1743426168.765725,LTE,CONNECT,FDD,48D2C33,-64,-6,19,7,-72,-14,0,-72,-14,0,5,0,-41,LTE BAND 3,24,62919.0,7.5,7655,nan,0,1.64,0.0000
1743426169.8996408,LTE,CONNECT,FDD,48D2C33,-63,-5,17,7,0,0,0,0,0,0,5,0,-43,LTE BAND 3,24,62916.0,7.5,7655,nan,0,1.71,0.0000
1743426170.9826288,LTE,CONNECT,FDD,48D2C33,-64,-5,18,7,-73,-14,0,-73,-14,0,5,0,-43,LTE BAND 3,24,62911.0,7.5,7654,nan,0,1.81,0.0000
1743426172.0928965,LTE,CONNECT,FDD,48D2C33,-64,-5,17,6,-73,-14,0,-73,-14,0,5,0,-42,LTE BAND 3,24,62926.0,7.5,7623,nan,23,1.32,0.0000
1743426173.181373,LTE,CONNECT,FDD,48D2C04,-74,-7,12,-10,-79,-16,3,-79,-16,3,5,1,-44,LTE BAND 1,24,62911.0,7.5,7654,nan,0,1.45,0.0000
1743426174.2228582,LTE,CONNECT,FDD,48D2C04,-72,-7,14,-11,-78,-14,3,-78,-14,3,5,0,-44,LTE BAND 1,24,20967.0,2.5,2551,nan,0,1.51,0.0000
1743426175.3358743,LTE,CONNECT,FDD,48D2C04,-71,-7,12,-5,-78,-14,3,-78,-14,3,5,0,-45,LTE BAND 1,24,10486.0,1.25,1276,nan,0,1.61,0.0000
1743426176.4424217,LTE,CONNECT,FDD,48D2C04,-70,-6,14,-4,-78,-15,3,-78,-15,3,5,0,-44,LTE BAND 1,24,20972.0,2.5,2552,nan,0,1.71,0.0000
1743426177.6207898,LTE,CONNECT,FDD,48D2C04,-70,-6,11,-4,0,0,0,0,0,0,5,0,-44,LTE BAND 1,24,31461.0,3.75,3828,nan,0,1.78,0.0000
1743426178.6938493,LTE,CONNECT,FDD,48D2C04,-69,-7,14,-5,0,0,0,0,0,0,5,0,-43,LTE BAND 1,24,31463.0,3.75,3797,nan,22,1.25,0.0000
1743426179.7759206,LTE,CONNECT,FDD,48D2C04,-69,-6,13,-5,0,0,0,0,0,0,5,0,-43,LTE BAND 1,24,20966.0,2.5,2551,nan,0,1.39,0.0000
1743426180.8910918,LTE,CONNECT,FDD,48D2C04,-69,-6,15,-5,0,0,0,0,0,0,5,0,-43,LTE BAND 1,24,31461.0,3.75,3828,nan,0,1.44,0.0000
1743426181.9966352,LTE,CONNECT,FDD,48D2C04,-69,-6,14,-5,-78,-15,3,-78,-15,3,5,0,-43,LTE BAND 1,24,20969.0,2.5,2551,nan,0,1.48,0.0000
1743426183.0718515,LTE,CONNECT,FDD,48D2C04,-70,-7,12,-4,-79,-16,1,-79,-16,1,5,0,-43,LTE BAND 1,24,31462.0,3.75,3828,nan,0,1.5,0.0000
1743426184.1635013,LTE,CONNECT,FDD,48D2C04,-70,-7,15,3,-78,-15,1,-78,-15,1,5,0,-44,LTE BAND 1,24,41947.0,5.0,5104,nan,0,1.52,0.0000
1743426185.2981474,LTE,CONNECT,FDD,48D2C04,-69,-6,18,6,0,0,0,0,0,0,5,0,-43,LTE BAND 1,24,52424.0,6.25,6378,nan,0,1.52,0.0000
1743426186.3550918,LTE,CONNECT,FDD,48D2C04,-68,-5,10,6,0,0,0,0,0,0,5,0,-43,LTE BAND 1,24,62918.0,7.5,7655,nan,0,1.52,0.0000
1743426187.4218073,LTE,CONNECT,FDD,48D2C04,-68,-6,17,6,-79,-16,3,-79,-16,3,5,0,-43,LTE BAND 1,24,62914.0,7.5,7655,nan,0,1.52,0.0000
1743426188.5017304,LTE,CONNECT,FDD,48D2C04,-68,-5,13,6,-79,-16,3,-79,-16,3,5,0,-43,LTE BAND 1,24,62906.0,7.5,7654,nan,0,1.53,0.0000
1743426189.5606053,LTE,CONNECT,FDD,48D2C04,-68,-5,16,6,0,0,0,0,0,0,5,0,-43,LTE BAND 1,24,62921.0,7.5,7655,nan,0,1.54,0.0000
1743426190.6844437,LTE,CONNECT,FDD,48D2C04,-68,-6,16,7,0,0,0,0,0,0,5,0,-43,LTE BAND 1,24,62917.0,7.5,7655,nan,0,1.55,0.0000
1743426191.7687683,LTE,CONNECT,FDD,48D2C04,-68,-6,15,6,0,0,0,0,0,0,5,0,-43,LTE BAND 1,24,62924.0,7.5,7656,nan,0,1.63,0.0000
1743426192.8655434,LTE,CONNECT,FDD,48D2C04,-69,-6,15,6,-80,-16,3,-80,-16,3,5,0,-44,LTE BAND 1,24,62914.0,7.5,7655,nan,0,1.69,0.0000
1743426193.9453173,LTE,CONNECT,FDD,48D2C04,-68,-5,16,5,-80,-17,6,-80,-17,6,5,0,-43,LTE BAND 1,24,62907.0,7.5,7654,nan,0,1.78,0.0000
1743426195.0167716,LTE,CONNECT,FDD,48D2C04,-68,-5,14,5,0,0,0,0,0,0,5,0,-43,LTE BAND 1,24,62914.0,7.5,7649,nan,4,1.65,0.0000
1743426196.1230807,LTE,CONNECT,FDD,48D2C04,-69,-6,14,6,0,0,0,0,0,0,5,0,-44,LTE BAND 1,24,62921.0,7.5,7634,nan,15,1.4,0.0000
1743426197.200652,LTE,CONNECT,FDD,48D2C04,-69,-6,14,7,0,0,0,0,0,0,5,0,-44,LTE BAND 1,24,62909.0,7.5,7654,nan,0,1.53,0.0000
1743426198.3237376,LTE,CONNECT,FDD,48D2C04,-69,-6,15,7,0,0,0,0,0,0,5,0,-44,LTE BAND 1,24,62919.0,7.5,7655,nan,0,1.64,0.0000
1743426199.3923512,LTE,CONNECT,FDD,48D2C04,-69,-6,17,7,-80,-16,5,-80,-16,5,5,0,-44,LTE BAND 1,24,62910.0,7.5,7654,nan,0,1.72,0.0000
1743426200.4510753,LTE,CONNECT,FDD,48D2C04,-69,-6,9,7,-80,-16,3,-80,-16,3,5,0,-44,LTE BAND 1,24,62915.0,7.5,7655,nan,0,1.78,0.0000
1743426201.5200443,LTE,CONNECT,FDD,48D2C04,-70,-7,9,6,0,0,0,0,0,0,5,0,-44,LTE BAND 1,24,62920.0,7.5,7655,nan,0,1.82,0.0000
1743426202.635665,LTE,CONNECT,FDD,48D2C04,-70,-6,8,7,0,0,0,0,0,0,5,0,-44,LTE BAND 1,24,62913.0,7.5,7654,nan,0,1.85,0.0000
1743426203.703225,LTE,CONNECT,FDD,48D2C04,-69,-5,12,6,0,0,0,0,0,0,5,0,-44,LTE BAND 1,24,73398.0,8.75,8926,nan,3,1.34,0.0000
1743426204.8200657,LTE,CONNECT,FDD,48D2C04,-69,-6,15,6,-78,-15,3,-78,-15,3,5,0,-43,LTE BAND 1,24,62905.0,7.5,7653,nan,0,1.48,0.0000
1743426205.942458,LTE,CONNECT,FDD,48D2C04,-69,-7,7,6,-79,-17,3,-79,-17,3,5,0,-43,LTE BAND 1,24,73413.0,8.75,8932,nan,0,1.52,0.0000
1743426207.0269136,LTE,CONNECT,FDD,48D2C04,-70,-6,17,6,0,0,0,0,0,0,5,0,-44,LTE BAND 1,24,62908.0,7.5,7654,nan,0,1.55,0.0000
1743426208.0769877,LTE,CONNECT,FDD,48D2C04,-69,-6,9,6,0,0,0,0,0,0,5,0,-43,LTE BAND 1,24,62918.0,7.5,7655,nan,0,1.57,0.0000
1743426209.1150534,LTE,CONNECT,FDD,48D2C04,-69,-7,9,5,0,0,0,0,0,0,5,0,-43,LTE BAND 1,24,73404.0,8.75,8931,nan,0,1.58,0.0000
1743426210.1840582,LTE,CONNECT,FDD,48D2C04,-70,-7,8,7,-80,-16,3,-80,-16,3,5,0,-44,LTE BAND 1,24,62907.0,7.5,7654,nan,0,1.58,0.0000
1743426211.2429967,LTE,CONNECT,FDD,48D2C04,-70,-7,8,6,0,0,0,0,0,0,5,0,-43,LTE BAND 1,24,73409.0,8.75,8931,nan,0,1.58,0.0000
1743426212.2820249,LTE,CONNECT,FDD,48D2C04,-69,-6,9,7,0,0,0,0,0,0,5,0,-43,LTE BAND 1,24,62910.0,7.5,7654,nan,0,1.58,0.0000
1743426213.3237798,LTE,CONNECT,FDD,48D2C04,-70,-7,8,7,-78,-15,4,-78,-15,4,5,0,-44,LTE BAND 1,24,62913.0,7.5,7654,nan,0,1.58,0.0000
1743426214.4162426,LTE,CONNECT,FDD,48D2C04,-70,-7,16,6,-80,-16,4,-80,-16,4,5,0,-44,LTE BAND 1,24,62910.0,7.5,7654,nan,0,1.6,0.0000
1743426215.4696465,LTE,CONNECT,FDD,48D2C04,-69,-7,9,5,-79,-16,4,-79,-16,4,5,0,-43,LTE BAND 1,24,73401.0,8.75,8930,nan,0,1.62,0.0000
1743426216.5389242,LTE,CONNECT,FDD,48D2C04,-69,-7,7,6,0,0,0,0,0,0,5,0,-43,LTE BAND 1,24,73410.0,8.75,8932,nan,0,1.65,0.0000
1743426217.651433,LTE,CONNECT,FDD,48D2C04,-69,-6,9,7,0,0,0,0,0,0,5,0,-43,LTE BAND 1,24,73396.0,8.75,8930,nan,0,1.71,0.0000
1743426218.7448359,LTE,CONNECT,FDD,48D2C04,-69,-6,17,7,0,0,0,0,0,0,5,0,-43,LTE BAND 1,24,73403.0,8.75,8931,nan,0,1.87,0.0000
1743426219.843834,LTE,CONNECT,FDD,48D2C04,-69,-6,16,7,-79,-16,4,-79,-16,4,5,0,-43,LTE BAND 1,24,73402.0,8.75,8902,nan,20,1.39,0.0000
1743426220.9233348,LTE,CONNECT,FDD,48D2C04,-70,-7,14,8,-78,-15,3,-78,-15,3,5,0,-44,LTE BAND 1,24,73394.0,8.75,8930,nan,0,1.53,0.0000
1743426221.9849632,LTE,CONNECT,FDD,48D2C04,-72,-8,13,10,-78,-13,4,-78,-13,4,5,0,-45,LTE BAND 1,24,73409.0,8.75,8931,nan,0,1.64,0.0000
1743426223.055264,LTE,CONNECT,FDD,48D2C04,-72,-8,14,9,-79,-15,4,-79,-15,4,5,0,-45,LTE BAND 1,24,62910.0,7.5,7654,nan,0,1.72,0.0000
1743426224.1778288,LTE,CONNECT,FDD,48D2C04,-70,-6,15,5,0,0,0,0,0,0,5,0,-44,LTE BAND 1,24,73400.0,8.75,8930,nan,0,1.78,0.0000
1743426225.2530231,LTE,CONNECT,FDD,48D2C04,-70,-7,6,7,-79,-16,2,-79,-16,2,5,0,-43,LTE BAND 1,24,73399.0,8.75,8930,nan,0,1.83,0.0000
1743426226.3007727,LTE,CONNECT,FDD,48D2C04,-69,-7,6,6,-78,-16,4,-78,-16,4,5,0,-43,LTE BAND 1,24,52423.0,6.25,6370,nan,6,1.5,0.0000
1743426227.4492564,LTE,CONNECT,FDD,48D2C04,-70,-7,8,6,-78,-15,3,-78,-15,3,5,0,-44,LTE BAND 1,24,83893.0,10.0,10207,nan,0,1.37,0.0000
1743426228.55321,LTE,CONNECT,FDD,48D2C04,-70,-7,7,6,0,0,0,0,0,0,5,0,-43,LTE BAND 1,24,62915.0,7.5,7655,nan,0,1.44,0.0000
1743426229.6140099,LTE,CONNECT,FDD,48D2C04,-70,-7,8,5,0,0,0,0,0,0,5,0,-44,LTE BAND 1,24,62914.0,7.5,7655,nan,0,1.5,0.0000
1743426230.744645,LTE,CONNECT,FDD,48D2C04,-70,-7,9,7,0,0,0,0,0,0,5,0,-44,LTE BAND 1,24,73407.0,8.75,8931,nan,0,1.53,0.0000
1743426231.8073902,LTE,CONNECT,FDD,48D2C04,-71,-8,9,6,-79,-16,8,-79,-16,8,5,0,-44,LTE BAND 1,24,62909.0,7.5,7654,nan,0,1.57,0.0000
1743426232.925046,LTE,CONNECT,FDD,48D2C04,-70,-7,9,5,-79,-16,9,-79,-16,9,5,0,-44,LTE BAND 1,24,62920.0,7.5,7655,nan,0,1.58,0.0000
1743426234.025603,LTE,CONNECT,FDD,48D2C33,-64,-6,17,-13,-72,-14,1,-72,-14,1,5,1,-41,LTE BAND 3,24,41937.0,5.0,5102,nan,0,1.58,0.0000
1743426235.1296635,LTE,CONNECT,FDD,48D2C33,-64,-5,18,-11,-73,-14,0,-73,-14,0,5,0,-41,LTE BAND 3,24,10484.0,1.25,1276,nan,0,1.58,0.0000
1743426236.238544,LTE,CONNECT,FDD,48D2C33,-64,-5,16,-5,0,0,0,0,0,0,5,0,-41,LTE BAND 3,24,31462.0,3.75,3828,nan,0,1.58,0.0000
1743426237.3541324,LTE,CONNECT,FDD,48D2C33,-64,-5,19,-5,0,0,0,0,0,0,5,0,-41,LTE BAND 3,24,41952.0,5.0,5104,nan,0,1.59,0.0000
1743426238.4827094,LTE,CONNECT,FDD,48D2C33,-64,-5,17,-5,0,0,0,0,0,0,5,0,-41,LTE BAND 3,24,31450.0,3.75,3826,nan,0,1.6,0.0000
1743426239.601411,LTE,CONNECT,FDD,48D2C33,-64,-5,17,-5,0,0,0,0,0,0,5,0,-41,LTE BAND 3,24,41950.0,5.0,5104,nan,0,1.63,0.0000
1743426240.7285042,LTE,CONNECT,FDD,48D2C33,-64,-5,19,-5,0,0,0,0,0,0,5,0,-41,LTE BAND 3,24,41944.0,5.0,5103,nan,0,1.66,0.0000
1743426241.7876282,LTE,CONNECT,FDD,48D2C33,-64,-6,18,-5,-72,-14,0,-76,-17,-2,5,0,-42,LTE BAND 3,24,41945.0,5.0,5103,nan,0,1.8,0.0000
1743426242.8910272,LTE,CONNECT,FDD,48D2C33,-64,-6,20,-5,-72,-14,0,-72,-14,0,5,0,-41,LTE BAND 3,24,31460.0,3.75,3779,nan,34,1.28,0.0000
1743426244.0216107,LTE,CONNECT,FDD,48D2C04,-72,-8,11,-11,-79,-16,4,-79,-16,4,5,1,-44,LTE BAND 1,24,31454.0,3.75,3827,nan,0,1.37,0.0000
1743426245.1183,LTE,CONNECT,FDD,48D2C04,-72,-7,15,-9,-80,-16,4,-80,-16,4,5,0,-45,LTE BAND 1,24,10484.0,1.25,1276,nan,0,1.47,0.0000
1743426246.2198558,LTE,CONNECT,FDD,48D2C04,-71,-7,14,-4,0,0,0,0,0,0,5,0,-45,LTE BAND 1,24,20976.0,2.5,2552,nan,0,1.58,0.0000
1743426247.3382952,LTE,CONNECT,FDD,48D2C04,-71,-7,15,-4,0,0,0,0,0,0,5,0,-44,LTE BAND 1,24,31448.0,3.75,3826,nan,0,1.68,0.0000
1743426248.3945546,LTE,CONNECT,FDD,48D2C04,-72,-7,16,-3,0,0,0,0,0,0,5,0,-45,LTE BAND 1,24,31462.0,3.75,3828,nan,0,1.73,0.0000
1743426249.4812038,LTE,CONNECT,FDD,48D2C04,-72,-7,13,-4,-80,-11,7,-80,-11,7,5,0,-45,LTE BAND 1,24,31458.0,3.75,3827,nan,0,1.77,0.0000
1743426250.5728862,LTE,CONNECT,FDD,48D2C04,-71,-7,13,-4,-81,-16,5,-81,-16,5,5,0,-45,LTE BAND 1,24,31466.0,3.75,3806,nan,16,1.24,0.0000
1743426251.6805024,LTE,CONNECT,FDD,48D2C04,-71,-7,15,-4,0,0,0,0,0,0,5,0,-45,LTE BAND 1,24,31451.0,3.75,3827,nan,0,1.31,0.0000
1743426252.8022609,LTE,CONNECT,FDD,48D2C04,-71,-6,16,-4,0,0,0,0,0,0,5,0,-45,LTE BAND 1,24,31452.0,3.75,3827,nan,0,1.43,0.0000
1743426253.9250026,LTE,CONNECT,FDD,48D2C04,-71,-7,15,-3,0,0,0,0,0,0,5,0,-45,LTE BAND 1,24,31465.0,3.75,3828,nan,0,1.47,0.0000
1743426255.0404704,LTE,CONNECT,FDD,48D2C04,-70,-6,16,3,0,0,0,0,0,0,5,0,-45,LTE BAND 1,24,41945.0,5.0,5103,nan,0,1.49,0.0000
1743426256.0999894,LTE,CONNECT,FDD,48D2C04,-70,-6,16,7,-80,-16,5,-80,-16,5,5,0,-45,LTE BAND 1,24,52441.0,6.25,6380,nan,0,1.51,0.0000
1743426257.2151551,LTE,CONNECT,FDD,48D2C04,-70,-6,14,7,-80,-9,6,-80,-9,6,5,0,-45,LTE BAND 1,24,73394.0,8.75,8930,nan,0,1.51,0.0000
1743426258.3069952,LTE,CONNECT,FDD,48D2C04,-70,-6,15,9,0,0,0,0,0,0,5,0,-44,LTE BAND 1,24,62923.0,7.5,7656,nan,0,1.51,0.0000
1743426259.3680727,LTE,CONNECT,FDD,48D2C04,-70,-6,14,9,0,0,0,0,0,0,5,0,-45,LTE BAND 1,24,62919.0,7.5,7655,nan,0,1.51,0.0000
1743426260.4480145,LTE,CONNECT,FDD,48D2C04,-71,-6,7,9,-79,-14,3,-79,-14,3,5,0,-45,LTE BAND 1,24,52412.0,6.25,6377,nan,0,1.51,0.0000
1743426261.5287492,LTE,CONNECT,FDD,48D2C04,-70,-6,11,7,-79,-15,3,-79,-15,3,5,0,-44,LTE BAND 1,24,73407.0,8.75,8931,nan,0,1.52,0.0000
1743426262.577085,LTE,CONNECT,FDD,48D2C04,-72,-7,14,11,-79,-15,2,-79,-15,2,5,0,-45,LTE BAND 1,24,62912.0,7.5,7654,nan,0,1.54,0.0000
1743426263.6727867,LTE,CONNECT,FDD,48D2C04,-73,-8,10,10,-77,-13,2,-77,-13,2,5,0,-45,LTE BAND 1,24,73419.0,8.75,8933,nan,0,1.57,0.0000
1743426264.7200868,LTE,CONNECT,FDD,48D2C04,-72,-8,12,9,-77,-13,2,-77,-13,2,5,0,-44,LTE BAND 1,24,62907.0,7.5,7654,nan,0,1.62,0.0000
1743426265.8154418,LTE,CONNECT,FDD,48D2C04,-71,-7,16,7,-78,-14,2,-78,-14,2,5,0,-44,LTE BAND 1,24,62906.0,7.5,7654,nan,0,1.77,0.0000
1743426266.942058,LTE,CONNECT,FDD,48D2C04,-71,-8,14,5,-78,-14,2,-86,-18,-6,5,0,-44,LTE BAND 1,24,62911.0,7.5,7654,nan,0,1.88,0.0000
1743426268.0211465,LTE,CONNECT,FDD,48D2C04,-71,-7,14,4,-78,-14,2,-86,-18,-6,5,0,-44,LTE BAND 1,24,73414.0,8.75,8881,nan,36,969.0,0.0000
1743426269.1159825,LTE,CONNECT,FDD,48D2C04,-70,-7,12,7,-77,-14,2,-77,-14,2,5,0,-43,LTE BAND 1,24,62906.0,7.5,7654,nan,0,1.01,0.0000
1743426270.1643262,LTE,CONNECT,FDD,48D2C04,-70,-7,10,6,0,0,0,0,0,0,5,0,-42,LTE BAND 1,24,62914.0,7.5,7655,nan,0,1.06,0.0000
1743426271.263506,LTE,CONNECT,FDD,48D2C04,-70,-6,14,7,0,0,0,0,0,0,5,0,-44,LTE BAND 1,24,73400.0,8.75,8930,nan,0,1.1,0.0000
1743426272.3440993,LTE,CONNECT,FDD,48D2C04,-69,-6,14,7,-79,-15,0,-79,-15,0,5,0,-44,LTE BAND 1,24,52430.0,6.25,6379,nan,0,1.12,0.0000
1743426273.4228592,LTE,CONNECT,FDD,48D2C04,-69,-7,7,9,-77,-14,0,-77,-14,0,5,0,-42,LTE BAND 1,24,62921.0,7.5,7655,nan,0,1.13,0.0000
1743426274.5215557,LTE,CONNECT,FDD,48D2C04,-69,-6,18,8,-76,-13,0,-76,-13,0,5,0,-43,LTE BAND 1,24,52425.0,6.25,6378,nan,0,1.13,0.0000
1743426275.5943747,LTE,CONNECT,FDD,48D2C04,-69,-6,11,9,0,0,0,0,0,0,5,0,-43,LTE BAND 1,24,62915.0,7.5,7655,nan,0,1.13,0.0000
1743426276.6711268,LTE,CONNECT,FDD,48D2C04,-69,-6,15,9,0,0,0,0,0,0,5,0,-44,LTE BAND 1,24,62919.0,7.5,7655,nan,0,1.13,0.0000
1743426277.7522109,LTE,CONNECT,FDD,48D2C04,-69,-6,14,9,-77,-15,2,-77,-15,2,5,0,-43,LTE BAND 1,24,62909.0,7.5,7654,nan,0,1.15,0.0000
1743426278.8568332,LTE,CONNECT,FDD,48D2C04,-68,-6,15,9,-77,-15,2,-77,-15,2,5,0,-43,LTE BAND 1,24,62916.0,7.5,7655,nan,0,1.16,0.0000
1743426279.92796,LTE,CONNECT,FDD,48D2C04,-70,-7,17,8,0,0,0,0,0,0,5,0,-43,LTE BAND 1,24,62908.0,7.5,7654,nan,0,1.19,0.0000
1743426280.9743915,LTE,CONNECT,FDD,48D2C04,-70,-7,14,7,-78,-14,1,-78,-14,1,5,0,-44,LTE BAND 1,24,62909.0,7.5,7654,nan,0,1.24,0.0000
1743426282.0986662,LTE,CONNECT,FDD,48D2C04,-69,-7,8,6,-78,-15,-1,-78,-15,-1,5,0,-43,LTE BAND 1,24,62923.0,7.5,7656,nan,0,1.3,0.0000
1743426283.2248638,LTE,CONNECT,FDD,48D2C04,-71,-7,7,6,-63,-3,24,-76,-11,9,5,0,-45,LTE BAND 3,24,62915.0,7.5,7655,nan,0,1.39,0.0000
1743426284.3556724,LTE,CONNECT,FDD,48D2C33,-63,-6,15,-16,-71,-13,0,-71,-13,0,5,1,-42,LTE BAND 3,24,20960.0,2.5,2550,nan,0,1.45,0.0000
1743426285.4761038,LTE,CONNECT,FDD,48D2C33,-63,-5,18,-5,-71,-14,0,-79,-18,-2,5,0,-41,LTE BAND 3,24,20978.0,2.5,2552,nan,0,1.55,0.0000
1743426286.577417,LTE,CONNECT,FDD,48D2C33,-63,-5,20,-6,0,0,0,0,0,0,5,0,-42,LTE BAND 3,24,31456.0,3.75,3827,nan,0,1.77,0.0000
1743426287.684162,LTE,CONNECT,FDD,48D2C33,-63,-5,17,-5,0,0,0,0,0,0,5,0,-43,LTE BAND 3,24,20967.0,2.5,2463,nan,62,1.31,0.0000
1743426288.7939184,LTE,CONNECT,FDD,48D2C33,-62,-5,16,-5,0,0,0,0,0,0,5,0,-42,LTE BAND 3,24,41950.0,5.0,5104,nan,0,1.52,0.0000
1743426289.8836935,LTE,CONNECT,FDD,48D2C33,-63,-5,18,-6,0,0,0,0,0,0,5,0,-42,LTE BAND 3,24,31454.0,3.75,3827,nan,0,1.62,0.0000
1743426290.978492,LTE,CONNECT,FDD,48D2C33,-63,-5,14,-4,-71,-14,0,-71,-14,0,5,0,-43,LTE BAND 3,24,31451.0,3.75,3827,nan,0,1.71,0.0000
1743426292.0708547,LTE,CONNECT,FDD,48D2C33,-62,-5,14,-5,-74,-16,-1,-74,-16,-1,5,0,-43,LTE BAND 3,24,41954.0,5.0,5104,nan,0,1.77,0.0000
1743426293.1872485,LTE,CONNECT,FDD,48D2C33,-63,-5,18,-7,-72,-7,14,-76,-10,11,5,0,-41,LTE BAND 3,24,20965.0,2.5,2528,nan,16,1.5,0.0000
1743426294.293191,LTE,CONNECT,FDD,48D2C04,-72,-8,13,-9,0,0,0,0,0,0,5,1,-45,LTE BAND 1,24,31459.0,3.75,3810,nan,12,1.27,0.0000
1743426295.394353,LTE,CONNECT,FDD,48D2C04,-71,-7,11,-9,-79,-15,3,-79,-15,3,5,0,-44,LTE BAND 1,24,20970.0,2.5,2551,nan,0,1.34,0.0000
1743426296.4866707,LTE,CONNECT,FDD,48D2C04,-71,-7,11,-4,-78,-14,3,-78,-14,3,5,0,-45,LTE BAND 1,24,20974.0,2.5,2552,nan,0,1.41,0.0000
1743426297.5925674,LTE,CONNECT,FDD,48D2C04,-71,-7,16,-4,-78,-15,3,-78,-15,3,5,0,-44,LTE BAND 1,24,41948.0,5.0,5104,nan,0,1.46,0.0000
1743426298.6892414,LTE,CONNECT,FDD,48D2C04,-72,-7,17,-3,-79,-15,3,-79,-15,3,5,0,-45,LTE BAND 1,24,31456.0,3.75,3827,nan,0,1.5,0.0000
1743426299.7731466,LTE,CONNECT,FDD,48D2C04,-72,-7,16,-3,-82,-17,0,-82,-17,0,5,0,-46,LTE BAND 1,24,41957.0,5.0,5105,nan,0,1.53,0.0000
1743426300.8759234,LTE,CONNECT,FDD,48D2C04,-72,-7,14,-3,-79,-15,0,-79,-15,0,5,0,-45,LTE BAND 1,24,31448.0,3.75,3826,nan,0,1.53,0.0000
1743426302.0052972,LTE,CONNECT,FDD,48D2C04,-72,-7,16,-3,0,0,0,0,0,0,5,0,-45,LTE BAND 1,24,31461.0,3.75,3828,nan,0,1.53,0.0000
1743426303.1371312,LTE,CONNECT,FDD,48D2C04,-73,-7,18,-1,-79,-13,2,-79,-13,2,5,0,-46,LTE BAND 1,24,31452.0,3.75,3827,nan,0,1.53,0.0000
1743426304.2305994,LTE,CONNECT,FDD,48D2C04,-71,-7,17,-3,-79,-16,2,-79,-16,2,5,0,-44,LTE BAND 1,24,41952.0,5.0,5104,nan,0,1.54,0.0000
1743426305.2854087,LTE,CONNECT,FDD,48D2C04,-71,-7,10,3,-79,-15,2,-79,-15,2,5,0,-44,LTE BAND 1,24,41949.0,5.0,5104,nan,0,1.55,0.0000
1743426306.322537,LTE,CONNECT,FDD,48D2C04,-71,-7,16,7,-78,-15,2,-78,-15,2,5,0,-44,LTE BAND 1,24,52418.0,6.25,6378,nan,0,1.57,0.0000
1743426307.3764987,LTE,CONNECT,FDD,48D2C04,-73,-8,10,9,-77,-12,2,-77,-12,2,5,0,-45,LTE BAND 1,24,73410.0,8.75,8932,nan,0,1.6,0.0000
1743426308.4656029,LTE,CONNECT,FDD,48D2C04,-73,-8,6,8,-78,-13,2,-78,-13,2,5,0,-45,LTE BAND 1,24,73406.0,8.75,8931,nan,0,1.65,0.0000
1743426309.5246809,LTE,CONNECT,FDD,48D2C04,-71,-7,7,6,-78,-13,2,-78,-13,2,5,0,-44,LTE BAND 1,24,73391.0,8.75,8929,nan,0,1.72,0.0000
1743426310.6138759,LTE,CONNECT,FDD,48D2C04,-72,-8,14,8,-78,-13,2,-78,-13,2,5,0,-45,LTE BAND 1,24,62908.0,7.5,7654,nan,0,1.81,0.0000
1743426311.6838439,LTE,CONNECT,FDD,48D2C04,-71,-7,8,7,-78,-14,2,-78,-14,2,5,0,-44,LTE BAND 1,24,62918.0,7.5,7622,nan,23,1.47,0.0000
1743426312.762544,LTE,CONNECT,FDD,48D2C04,-71,-7,13,6,-78,-13,2,-78,-13,2,5,0,-44,LTE BAND 1,24,73396.0,8.75,8930,nan,0,1.58,0.0000
1743426313.832083,LTE,CONNECT,FDD,48D2C04,-70,-7,16,6,-78,-15,2,-78,-15,2,5,0,-44,LTE BAND 1,24,62908.0,7.5,7654,nan,0,1.68,0.0000
1743426314.894183,LTE,CONNECT,FDD,48D2C04,-71,-7,5,7,-77,-13,2,-77,-13,2,5,0,-45,LTE BAND 1,24,62918.0,7.5,7655,nan,0,1.75,0.0000
1743426315.9601533,LTE,CONNECT,FDD,48D2C04,-72,-8,14,8,-76,-12,2,-76,-12,2,5,0,-45,LTE BAND 1,24,62910.0,7.5,7654,nan,0,1.81,0.0000
1743426317.0844665,LTE,CONNECT,FDD,48D2C04,-72,-8,15,8,-77,-13,2,-77,-13,2,5,0,-44,LTE BAND 1,24,62911.0,7.5,7651,nan,2,1.55,0.0000
1743426318.184584,LTE,CONNECT,FDD,48D2C04,-72,-8,13,8,-77,-13,2,-77,-13,2,5,0,-44,LTE BAND 1,24,83906.0,10.0,10209,nan,0,1.37,0.0000
1743426319.3118207,LTE,CONNECT,FDD,48D2C04,-70,-7,14,7,-76,-14,2,-76,-14,2,5,0,-43,LTE BAND 1,24,62917.0,7.5,7655,nan,0,1.44,0.0000
1743426320.4469733,LTE,CONNECT,FDD,48D2C04,-70,-7,5,7,-77,-14,2,-77,-14,2,5,0,-45,LTE BAND 1,24,62916.0,7.5,7655,nan,0,1.49,0.0000
1743426321.5162365,LTE,CONNECT,FDD,48D2C04,-69,-6,12,8,-77,-14,2,-77,-14,2,5,0,-44,LTE BAND 1,24,62911.0,7.5,7654,nan,0,1.53,0.0000
1743426322.6313062,LTE,CONNECT,FDD,48D2C04,-71,-7,11,8,-78,-15,2,-78,-15,2,5,0,-44,LTE BAND 1,24,62909.0,7.5,7654,nan,0,1.55,0.0000
1743426323.6998022,LTE,CONNECT,FDD,48D2C33,-65,-7,19,-17,-72,-14,0,-72,-14,0,5,1,-40,LTE BAND 3,24,62915.0,7.5,7655,nan,0,1.57,0.0000
1743426324.8307588,LTE,CONNECT,FDD,48D2C33,-64,-6,17,-6,-72,-14,0,-72,-14,0,5,0,-41,LTE BAND 3,24,10485.0,1.25,1276,nan,0,1.57,0.0000
1743426325.913485,LTE,CONNECT,FDD,48D2C33,-64,-6,17,-7,-88,-22,-14,-88,-22,-14,5,0,-41,LTE BAND 3,24,31452.0,3.75,3827,nan,0,1.57,0.0000
1743426327.0283358,LTE,CONNECT,FDD,48D2C33,-64,-6,16,-6,0,0,0,0,0,0,5,0,-41,LTE BAND 3,24,41950.0,5.0,5104,nan,0,1.58,0.0000
1743426328.153887,LTE,CONNECT,FDD,48D2C33,-64,-6,18,-7,-73,-15,-1,-73,-15,-1,5,0,-41,LTE BAND 3,24,31455.0,3.75,3827,nan,0,1.58,0.0000
1743426329.2470517,LTE,CONNECT,FDD,48D2C33,-64,-6,20,-6,-74,-16,0,-74,-16,0,5,0,-41,LTE BAND 3,24,31452.0,3.75,3827,nan,0,1.6,0.0000
1743426330.3596869,LTE,CONNECT,FDD,48D2C33,-64,-6,17,-6,-74,-16,-1,-74,-16,-1,5,0,-41,LTE BAND 3,24,41950.0,5.0,5104,nan,0,1.62,0.0000
1743426331.4320965,LTE,CONNECT,FDD,48D2C33,-63,-6,16,-6,0,0,0,0,0,0,5,0,-41,LTE BAND 3,24,31452.0,3.75,3827,nan,0,1.66,0.0000
1743426332.5204568,LTE,CONNECT,FDD,48D2C33,-64,-6,15,-6,0,0,0,0,0,0,5,0,-41,LTE BAND 3,24,41954.0,5.0,5104,nan,0,1.71,0.0000
1743426333.6223104,LTE,CONNECT,FDD,48D2C33,-63,-6,16,-5,0,0,0,0,0,0,5,0,-41,LTE BAND 3,24,31453.0,3.75,3827,nan,0,1.79,0.0000
1743426334.7543385,LTE,CONNECT,FDD,48D2C33,-63,-6,19,5,-75,-18,-1,-75,-18,-1,5,0,-41,LTE BAND 3,24,52438.0,6.25,6380,nan,0,1.41,0.0000
1743426335.854854,LTE,CONNECT,FDD,48D2C33,-63,-6,18,5,-72,-15,0,-72,-15,0,5,0,-41,LTE BAND 3,24,62917.0,7.5,7655,nan,0,1.53,0.0000
1743426336.9283445,LTE,CONNECT,FDD,48D2C33,-63,-6,19,4,0,0,0,0,0,0,5,0,-41,LTE BAND 3,24,62910.0,7.5,7654,nan,0,1.63,0.0000
1743426338.025897,LTE,CONNECT,FDD,48D2C33,-63,-6,16,3,0,0,0,0,0,0,5,0,-41,LTE BAND 3,24,62915.0,7.5,7655,nan,0,1.7,0.0000
1743426339.0910606,LTE,CONNECT,FDD,48D2C33,-63,-6,17,4,0,0,0,0,0,0,5,0,-42,LTE BAND 3,24,62915.0,7.5,7655,nan,0,1.75,0.0000
1743426340.126658,LTE,CONNECT,FDD,48D2C33,-63,-6,16,4,-74,-17,-1,-74,-17,-1,5,0,-41,LTE BAND 3,24,62916.0,7.5,7655,nan,0,1.78,0.0000
1743426341.2512743,LTE,CONNECT,FDD,48D2C33,-63,-6,17,5,-73,-16,0,-73,-16,0,5,0,-42,LTE BAND 3,24,62910.0,7.5,7654,nan,0,1.81,0.0000
1743426342.3830924,LTE,CONNECT,FDD,48D2C33,-63,-6,19,3,-73,-16,-1,-73,-16,-1,5,0,-42,LTE BAND 3,24,62919.0,7.5,7655,nan,0,1.82,0.0000
1743426343.4814537,LTE,CONNECT,FDD,48D2C33,-64,-6,17,4,0,0,0,0,0,0,5,0,-41,LTE BAND 3,24,62905.0,7.5,7653,nan,0,1.82,0.0000
1743426344.565436,LTE,CONNECT,FDD,48D2C33,-64,-6,16,5,0,0,0,0,0,0,5,0,-42,LTE BAND 3,24,52431.0,6.25,6379,nan,0,1.82,0.0000
1743426345.6941123,LTE,CONNECT,FDD,48D2C33,-64,-6,17,4,0,0,0,0,0,0,5,0,-41,LTE BAND 3,24,73410.0,8.75,8923,nan,6,1.34,0.0000
1743426346.7505221,LTE,CONNECT,FDD,48D2C33,-63,-6,11,2,-72,-15,-1,-72,-15,-1,5,0,-41,LTE BAND 3,24,62922.0,7.5,7656,nan,0,1.58,0.0000
1743426347.8114202,LTE,CONNECT,FDD,48D2C33,-64,-6,20,3,-74,-16,-1,-74,-16,-1,5,0,-41,LTE BAND 3,24,62914.0,7.5,7655,nan,0,1.66,0.0000
1743426348.874645,LTE,CONNECT,FDD,48D2C33,-64,-6,20,5,0,0,0,0,0,0,5,0,-42,LTE BAND 3,24,62913.0,7.5,7654,nan,0,1.72,0.0000
1743426349.939122,LTE,CONNECT,FDD,48D2C33,-64,-6,16,5,0,0,0,0,0,0,5,0,-41,LTE BAND 3,24,62891.0,7.5,7652,nan,0,1.76,0.0000
1743426351.0485995,LTE,CONNECT,FDD,48D2C33,-64,-6,17,6,0,0,0,0,0,0,5,0,-41,LTE BAND 3,24,52441.0,6.25,6380,nan,0,1.79,0.0000
1743426352.109747,LTE,CONNECT,FDD,48D2C33,-64,-6,17,5,-73,-16,0,-73,-16,0,5,0,-41,LTE BAND 3,24,73404.0,8.75,8931,nan,0,1.81,0.0000
1743426353.2127717,LTE,CONNECT,FDD,48D2C33,-64,-6,12,4,-72,-15,0,-72,-15,0,5,0,-41,LTE BAND 3,24,62922.0,7.5,7656,nan,0,1.82,0.0000
1743426354.3407812,LTE,CONNECT,FDD,48D2C33,-64,-6,16,4,-73,-16,1,-73,-16,1,5,0,-41,LTE BAND 3,24,52414.0,6.25,6356,nan,15,1.79,0.0000
1743426355.461038,LTE,CONNECT,FDD,48D2C33,-64,-6,20,3,0,0,0,0,0,0,5,0,-41,LTE BAND 3,24,62923.0,7.5,7651,nan,3,1.37,0.0000
1743426356.551095,LTE,CONNECT,FDD,48D2C33,-63,-6,21,5,0,0,0,0,0,0,5,0,-40,LTE BAND 3,24,62911.0,7.5,7654,nan,0,1.49,0.0000
1743426357.6339953,LTE,CONNECT,FDD,48D2C33,-64,-6,17,4,-71,-13,-1,-71,-13,-1,5,0,-41,LTE BAND 3,24,62921.0,7.5,7655,nan,0,1.6,0.0000
1743426358.6944122,LTE,CONNECT,FDD,48D2C33,-63,-6,17,4,-72,-14,-1,-72,-14,-1,5,0,-41,LTE BAND 3,24,62905.0,7.5,7653,nan,0,1.67,0.0000
1743426359.7846694,LTE,CONNECT,FDD,48D2C33,-63,-6,19,6,-72,-15,-1,-72,-15,-1,5,0,-41,LTE BAND 3,24,62910.0,7.5,7654,nan,0,1.77,0.0000
1743426360.8368099,LTE,CONNECT,FDD,48D2C33,-63,-6,21,4,0,0,0,0,0,0,5,0,-41,LTE BAND 3,24,62922.0,7.5,7656,nan,0,1.8,0.0000
1743426361.895348,LTE,CONNECT,FDD,48D2C33,-63,-6,20,3,0,0,0,0,0,0,5,0,-41,LTE BAND 3,24,62908.0,7.5,7654,nan,0,1.81,0.0000
1743426363.0120277,LTE,CONNECT,FDD,48D2C33,-63,-6,16,6,-71,-8,10,-78,-11,5,5,0,-41,LTE BAND 1,24,62919.0,7.5,7655,nan,0,1.82,0.0000
1743426364.0734918,LTE,CONNECT,FDD,48D2C04,-71,-7,13,-13,-78,-14,3,-78,-14,3,5,1,-45,LTE BAND 1,24,10486.0,1.25,1226,nan,35,1.28,0.0000
1743426365.1583393,LTE,CONNECT,FDD,48D2C04,-71,-7,15,-10,-77,-13,3,-77,-13,3,5,0,-45,LTE BAND 1,24,20962.0,2.5,2550,nan,0,1.32,0.0000
1743426366.2476282,LTE,CONNECT,FDD,48D2C04,-72,-8,16,-3,-78,-14,3,-78,-14,3,5,0,-45,LTE BAND 1,24,31470.0,3.75,3829,nan,0,1.4,0.0000
1743426367.376825,LTE,CONNECT,FDD,48D2C04,-72,-8,15,-3,-78,-14,3,-78,-14,3,5,0,-45,LTE BAND 1,24,31455.0,3.75,3827,nan,0,1.46,0.0000
1743426368.4523072,LTE,CONNECT,FDD,48D2C04,-72,-8,14,-3,-78,-14,3,-78,-14,3,5,0,-45,LTE BAND 1,24,31454.0,3.75,3827,nan,0,1.5,0.0000
1743426369.5716531,LTE,CONNECT,FDD,48D2C04,-72,-7,15,-3,-78,-13,3,-78,-13,3,5,0,-45,LTE BAND 1,24,41956.0,5.0,5105,nan,0,1.53,0.0000
1743426370.6577609,LTE,CONNECT,FDD,48D2C04,-72,-8,14,-3,-78,-13,3,-78,-13,3,5,0,-45,LTE BAND 1,24,31456.0,3.75,3827,nan,0,1.54,0.0000
1743426371.788329,LTE,CONNECT,FDD,48D2C04,-72,-8,15,-3,-78,-13,3,-78,-13,3,5,0,-45,LTE BAND 1,24,31450.0,3.75,3826,nan,0,1.55,0.0000
1743426372.8910172,LTE,CONNECT,FDD,48D2C04,-71,-7,15,-4,-78,-14,3,-78,-14,3,5,0,-44,LTE BAND 1,24,31460.0,3.75,3828,nan,0,1.55,0.0000
1743426374.032819,LTE,CONNECT,FDD,48D2C04,-72,-8,16,6,-77,-13,3,-77,-13,3,5,0,-45,LTE BAND 1,24,41939.0,5.0,5103,nan,0,1.55,0.0000
1743426375.1070209,LTE,CONNECT,FDD,48D2C04,-72,-8,14,7,-77,-13,3,-77,-13,3,5,0,-44,LTE BAND 1,24,62926.0,7.5,7656,nan,0,1.56,0.0000
1743426376.2361708,LTE,CONNECT,FDD,48D2C04,-72,-7,16,7,-77,-13,3,-77,-13,3,5,0,-45,LTE BAND 1,24,62917.0,7.5,7655,nan,0,1.57,0.0000
1743426377.3276842,LTE,CONNECT,FDD,48D2C04,-71,-8,15,6,-77,-13,3,-77,-13,3,5,0,-44,LTE BAND 1,24,62916.0,7.5,7655,nan,0,1.6,0.0000
1743426378.385996,LTE,CONNECT,FDD,48D2C04,-72,-8,8,8,-77,-13,3,-77,-13,3,5,0,-44,LTE BAND 1,24,62907.0,7.5,7654,nan,0,1.65,0.0000
1743426379.466446,LTE,CONNECT,FDD,48D2C04,-72,-8,15,8,-78,-13,3,-78,-13,3,5,0,-45,LTE BAND 1,24,73397.0,8.75,8930,nan,0,1.71,0.0000
1743426380.5273693,LTE,CONNECT,FDD,48D2C04,-72,-8,16,8,-78,-14,3,-78,-14,3,5,0,-45,LTE BAND 1,24,62922.0,7.5,7656,nan,0,1.79,0.0000
1743426381.6257052,LTE,CONNECT,FDD,48D2C04,-72,-8,15,8,-79,-14,3,-79,-14,3,5,0,-45,LTE BAND 1,24,52417.0,6.25,6357,nan,14,1.58,0.0000
1743426382.6967442,LTE,CONNECT,FDD,48D2C04,-72,-8,14,8,-79,-14,3,-79,-14,3,5,0,-45,LTE BAND 1,24,83901.0,10.0,10192,nan,11,1.41,0.0000
1743426383.820087,LTE,CONNECT,FDD,48D2C04,-72,-8,13,8,-78,-14,3,-78,-14,3,5,0,-45,LTE BAND 1,24,73400.0,8.75,8930,nan,0,1.64,0.0000
1743426384.8968685,LTE,CONNECT,FDD,48D2C04,-72,-8,16,8,-78,-14,3,-78,-14,3,5,0,-45,LTE BAND 1,24,62915.0,7.5,7655,nan,0,1.72,0.0000
1743426385.9994097,LTE,CONNECT,FDD,48D2C04,-73,-8,17,9,-79,-14,3,-79,-14,3,5,0,-45,LTE BAND 1,24,73394.0,8.75,8930,nan,0,1.78,0.0000
1743426387.085259,LTE,CONNECT,FDD,48D2C04,-72,-7,15,8,-80,-15,3,-80,-15,3,5,0,-45,LTE BAND 1,24,73411.0,8.75,8932,nan,0,1.82,0.0000
1743426388.1681447,LTE,CONNECT,FDD,48D2C04,-72,-7,16,8,-79,-14,3,-79,-14,3,5,0,-46,LTE BAND 1,24,62901.0,7.5,7653,nan,0,1.85,0.0000
1743426389.257426,LTE,CONNECT,FDD,48D2C04,-72,-7,16,8,-78,-14,3,-78,-14,3,5,0,-45,LTE BAND 1,24,62925.0,7.5,7644,nan,8,1.33,0.0000
1743426390.3746235,LTE,CONNECT,FDD,48D2C04,-71,-8,8,7,-78,-15,3,-78,-15,3,5,0,-44,LTE BAND 1,24,62916.0,7.5,7655,nan,0,1.41,0.0000
1743426391.4667907,LTE,CONNECT,FDD,48D2C04,-72,-7,16,9,-78,-13,3,-78,-13,3,5,0,-45,LTE BAND 1,24,62913.0,7.5,7654,nan,0,1.47,0.0000
1743426392.5220234,LTE,CONNECT,FDD,48D2C04,-72,-7,15,9,-78,-13,3,-78,-13,3,5,0,-45,LTE BAND 1,24,62907.0,7.5,7654,nan,0,1.52,0.0000
1743426393.5957696,LTE,CONNECT,FDD,48D2C04,-72,-7,15,9,-79,-14,3,-79,-14,3,5,0,-45,LTE BAND 1,24,73412.0,8.75,8932,nan,0,1.55,0.0000
1743426394.6458445,LTE,CONNECT,FDD,48D2C04,-73,-8,12,10,-79,-14,3,-79,-14,3,5,0,-45,LTE BAND 1,24,73400.0,8.75,8930,nan,0,1.56,0.0000
1743426395.7603343,LTE,CONNECT,FDD,48D2C04,-73,-8,7,9,-78,-13,3,-78,-13,3,5,0,-45,LTE BAND 1,24,73398.0,8.75,8930,nan,0,1.57,0.0000
1743426396.7995071,LTE,CONNECT,FDD,48D2C04,-72,-8,16,8,-78,-14,3,-78,-14,3,5,0,-45,LTE BAND 1,24,73404.0,8.75,8931,nan,0,1.58,0.0000
1743426397.8668847,LTE,CONNECT,FDD,48D2C04,-71,-7,14,7,-78,-14,3,-78,-14,3,5,0,-45,LTE BAND 1,24,62913.0,7.5,7654,nan,0,1.58,0.0000
1743426398.9792316,LTE,CONNECT,FDD,48D2C04,-72,-8,13,9,-78,-14,3,-78,-14,3,5,0,-44,LTE BAND 1,24,62912.0,7.5,7654,nan,0,1.58,0.0000
1743426400.0339592,LTE,CONNECT,FDD,48D2C04,-72,-7,14,9,-78,-14,3,-78,-14,3,5,0,-45,LTE BAND 1,24,73397.0,8.75,8930,nan,0,1.59,0.0000
1743426401.124762,LTE,CONNECT,FDD,48D2C04,-72,-8,13,8,-78,-13,3,-78,-13,3,5,0,-45,LTE BAND 1,24,73406.0,8.75,8931,nan,0,1.61,0.0000
1743426402.1967716,LTE,CONNECT,FDD,48D2C04,-71,-7,16,7,-78,-14,3,-78,-14,3,5,0,-44,LTE BAND 1,24,73404.0,8.75,8931,nan,0,1.65,0.0000
1743426403.3251684,LTE,CONNECT,FDD,48D2C04,-72,-7,13,9,-78,-14,3,-78,-14,3,5,0,-45,LTE BAND 1,24,62904.0,7.5,7653,nan,0,1.7,0.0000
1743426404.4158432,LTE,CONNECT,FDD,48D2C04,-71,-7,15,8,-78,-14,3,-78,-14,3,5,0,-44,LTE BAND 1,24,73412.0,8.75,8932,nan,0,1.77,0.0000
1743426405.4776983,LTE,CONNECT,FDD,48D2C04,-71,-7,15,8,-78,-15,3,-78,-15,3,5,0,-43,LTE BAND 1,24,73401.0,8.75,8930,nan,0,1.86,0.0000
1743426406.5863137,LTE,CONNECT,FDD,48D2C04,-71,-8,15,7,-79,-15,3,-79,-15,3,5,0,-44,LTE BAND 1,24,62904.0,7.5,7625,nan,20,1.38,0.0000
1743426407.6577406,LTE,CONNECT,FDD,48D2C04,-71,-8,6,7,-78,-14,3,-78,-14,3,5,0,-44,LTE BAND 1,24,73406.0,8.75,8931,nan,0,1.51,0.0000
1743426408.719686,LTE,CONNECT,FDD,48D2C04,-71,-8,15,8,-78,-15,3,-78,-15,3,5,0,-44,LTE BAND 1,24,73398.0,8.75,8930,nan,0,1.62,0.0000
1743426409.782064,LTE,CONNECT,FDD,48D2C04,-71,-8,8,8,-78,-15,3,-78,-15,3,5,0,-43,LTE BAND 1,24,73404.0,8.75,8931,nan,0,1.78,0.0000
1743426410.8555014,LTE,CONNECT,FDD,48D2C04,-71,-8,8,8,-78,-16,3,-78,-16,3,5,0,-44,LTE BAND 1,24,62904.0,7.5,7653,nan,0,1.82,0.0000
1743426411.91685,LTE,CONNECT,FDD,48D2C04,-71,-8,16,8,-78,-14,3,-78,-14,3,5,0,-44,LTE BAND 1,24,73403.0,8.75,8931,nan,0,1.86,0.0000
1743426413.0001228,LTE,CONNECT,FDD,48D2C04,-72,-8,14,9,-78,-14,3,-78,-14,3,5,0,-45,LTE BAND 1,24,73404.0,8.75,8917,nan,10,1.32,0.0000
1743426414.092532,LTE,CONNECT,FDD,48D2C04,-72,-8,17,8,-79,-15,3,-79,-15,3,5,0,-44,LTE BAND 1,24,62914.0,7.5,7655,nan,0,1.41,0.0000
1743426415.156516,LTE,CONNECT,FDD,48D2C04,-71,-8,15,6,-79,-15,3,-79,-15,3,5,0,-44,LTE BAND 1,24,62916.0,7.5,7655,nan,0,1.47,0.0000
1743426416.2144663,LTE,CONNECT,FDD,48D2C04,-72,-8,15,6,-79,-15,3,-79,-15,3,5,0,-45,LTE BAND 1,24,62907.0,7.5,7654,nan,0,1.52,0.0000
1743426417.3558118,LTE,CONNECT,FDD,48D2C04,-72,-8,9,5,-80,-12,3,-80,-12,3,5,0,-44,LTE BAND 1,24,62920.0,7.5,7655,nan,0,1.55,0.0000
1743426418.4028213,LTE,CONNECT,FDD,48D2C04,-72,-7,16,6,-80,-12,3,-80,-12,3,5,0,-45,LTE BAND 1,24,62914.0,7.5,7655,nan,0,1.57,0.0000
1743426419.4697413,LTE,CONNECT,FDD,48D2C04,-72,-8,11,6,-80,-15,3,-80,-15,3,5,0,-45,LTE BAND 1,24,62916.0,7.5,7655,nan,0,1.58,0.0000
1743426420.588771,LTE,CONNECT,FDD,48D2C04,-72,-8,14,6,-79,-15,3,-79,-15,3,5,0,-45,LTE BAND 1,24,52426.0,6.25,6378,nan,0,1.59,0.0000
1743426421.6576998,LTE,CONNECT,FDD,48D2C04,-72,-8,15,6,-80,-15,3,-80,-15,3,5,0,-45,LTE BAND 1,24,62920.0,7.5,7655,nan,0,1.59,0.0000
1743426422.7170403,LTE,CONNECT,FDD,48D2C04,-72,-8,16,6,-79,-15,3,-79,-15,3,5,0,-46,LTE BAND 1,24,52422.0,6.25,6378,nan,0,1.59,0.0000
1743426423.822442,LTE,CONNECT,FDD,48D2C04,-72,-7,16,6,-63,-6,21,-81,-15,2,5,0,-40,LTE BAND 3,24,52426.0,6.25,6378,nan,0,1.6,0.0000
1743426424.9489124,LTE,CONNECT,FDD,48D2C33,-63,-5,18,-11,0,0,0,0,0,0,5,1,-42,LTE BAND 3,24,10482.0,1.25,1275,nan,0,1.61,0.0000
1743426426.081856,LTE,CONNECT,FDD,48D2C33,-63,-5,18,-4,-73,-15,2,-73,-15,2,5,0,-42,LTE BAND 3,24,20980.0,2.5,2553,nan,0,1.64,0.0000
1743426427.211366,LTE,CONNECT,FDD,48D2C33,-63,-5,21,-4,-72,-14,4,-72,-14,4,5,0,-42,LTE BAND 3,24,41949.0,5.0,5104,nan,0,1.69,0.0000
1743426428.3178995,LTE,CONNECT,FDD,48D2C33,-63,-5,20,-4,-74,-15,1,-74,-15,1,5,0,-42,LTE BAND 3,24,31447.0,3.75,3826,nan,0,1.75,0.0000
1743426429.4546895,LTE,CONNECT,FDD,48D2C33,-63,-5,22,-4,-74,-15,1,-74,-15,1,5,0,-42,LTE BAND 3,24,31455.0,3.75,3803,nan,17,1.29,0.0000
1743426430.5144591,LTE,CONNECT,FDD,48D2C33,-63,-5,19,-4,0,0,0,0,0,0,5,0,-42,LTE BAND 3,24,52444.0,6.25,6375,nan,4,1.34,0.0000
1743426431.5734816,LTE,CONNECT,FDD,48D2C33,-63,-5,23,-4,-73,-15,2,-73,-15,2,5,0,-42,LTE BAND 3,24,31456.0,3.75,3827,nan,0,1.46,0.0000
1743426432.6444912,LTE,CONNECT,FDD,48D2C33,-63,-5,22,-5,-73,-14,2,-73,-14,2,5,0,-42,LTE BAND 3,24,41943.0,5.0,5103,nan,0,1.56,0.0000
1743426433.714366,LTE,CONNECT,FDD,48D2C33,-63,-5,20,-4,-73,-15,1,-73,-15,1,5,0,-42,LTE BAND 3,24,31458.0,3.75,3827,nan,0,1.65,0.0000
1743426434.8334405,LTE,CONNECT,FDD,48D2C33,-63,-5,22,-4,0,0,0,0,0,0,5,0,-42,LTE BAND 3,24,31451.0,3.75,3827,nan,0,1.75,0.0000
1743426435.941712,LTE,CONNECT,FDD,48D2C33,-63,-5,19,2,0,0,0,0,0,0,5,0,-42,LTE BAND 3,24,52435.0,6.25,6380,nan,0,1.78,0.0000
1743426437.0146036,LTE,CONNECT,FDD,48D2C33,-62,-5,20,4,0,0,0,0,0,0,5,0,-41,LTE BAND 3,24,62914.0,7.5,7655,nan,0,1.8,0.0000
1743426438.1487372,LTE,CONNECT,FDD,48D2C33,-64,-6,22,7,-71,-13,5,-71,-13,5,5,0,-42,LTE BAND 3,24,62921.0,7.5,7567,nan,62,1.31,0.0000
1743426439.220992,LTE,CONNECT,FDD,48D2C33,-63,-5,20,6,-71,-13,5,-71,-13,5,5,0,-42,LTE BAND 3,24,62917.0,7.5,7655,nan,0,1.39,0.0000
1743426440.30443,LTE,CONNECT,FDD,48D2C33,-62,-5,20,5,-73,-16,1,-73,-16,1,5,0,-42,LTE BAND 3,24,62909.0,7.5,7654,nan,0,1.44,0.0000
1743426441.4150465,LTE,CONNECT,FDD,48D2C33,-63,-5,20,5,0,0,0,0,0,0,5,0,-42,LTE BAND 3,24,62918.0,7.5,7655,nan,0,1.48,0.0000
1743426442.511302,LTE,CONNECT,FDD,48D2C33,-63,-5,21,4,0,0,0,0,0,0,5,0,-42,LTE BAND 3,24,62917.0,7.5,7655,nan,0,1.51,0.0000
1743426443.573135,LTE,CONNECT,FDD,48D2C33,-64,-5,19,3,-73,-15,5,-73,-15,5,5,0,-42,LTE BAND 3,24,62911.0,7.5,7654,nan,0,1.52,0.0000
1743426444.6485841,LTE,CONNECT,FDD,48D2C33,-64,-5,18,2,-73,-12,5,-73,-12,5,5,0,-42,LTE BAND 3,24,62917.0,7.5,7655,nan,0,1.53,0.0000
1743426445.7079396,LTE,CONNECT,FDD,48D2C33,-64,-5,21,2,-73,-15,3,-73,-15,3,5,0,-42,LTE BAND 3,24,62915.0,7.5,7655,nan,0,1.53,0.0000
1743426446.802281,LTE,CONNECT,FDD,48D2C33,-64,-5,19,3,0,0,0,0,0,0,5,0,-42,LTE BAND 3,24,62914.0,7.5,7655,nan,0,1.53,0.0000
1743426447.8685765,LTE,CONNECT,FDD,48D2C33,-63,-5,14,3,0,0,0,0,0,0,5,0,-42,LTE BAND 3,24,62914.0,7.5,7655,nan,0,1.54,0.0000
1743426448.9237587,LTE,CONNECT,FDD,48D2C33,-63,-5,20,2,-73,-12,6,-73,-12,6,5,0,-42,LTE BAND 3,24,62904.0,7.5,7653,nan,0,1.55,0.0000
1743426450.0261366,LTE,CONNECT,FDD,48D2C33,-63,-5,18,3,-72,-14,4,-72,-14,4,5,0,-43,LTE BAND 3,24,62927.0,7.5,7656,nan,0,1.58,0.0000
1743426451.1089795,LTE,CONNECT,FDD,48D2C33,-63,-5,20,2,-72,-14,4,-72,-14,4,5,0,-42,LTE BAND 3,24,62907.0,7.5,7654,nan,0,1.62,0.0000
1743426452.222689,LTE,CONNECT,FDD,48D2C33,-63,-5,19,2,-72,-14,2,-72,-14,2,5,0,-42,LTE BAND 3,24,62921.0,7.5,7655,nan,0,1.67,0.0000
1743426453.318954,LTE,CONNECT,FDD,48D2C33,-63,-5,17,2,-62,-3,25,-78,-13,10,5,0,-44,LTE BAND 3,24,62912.0,7.5,7654,nan,0,1.75,0.0000
1743426454.3783896,LTE,CONNECT,FDD,48D2C04,-70,-8,17,-8,-78,-16,-1,-78,-16,-1,5,1,-43,LTE BAND 1,24,31444.0,3.75,3826,nan,0,1.82,0.0000
1743426455.501577,LTE,CONNECT,FDD,48D2C04,-70,-8,15,-8,-79,-17,-5,-79,-17,-5,5,0,-41,LTE BAND 1,24,10482.0,1.25,1168,nan,75,1.35,0.0001
1743426456.5925472,LTE,CONNECT,FDD,48D2C04,-70,-7,16,-2,0,0,0,0,0,0,5,0,-43,LTE BAND 1,24,31471.0,3.75,3799,nan,21,1.33,0.0000
1743426457.7442272,LTE,CONNECT,FDD,48D2C04,-70,-7,15,-2,0,0,0,0,0,0,5,0,-43,LTE BAND 1,24,31456.0,3.75,3827,nan,0,1.58,0.0000
1743426458.8340309,LTE,CONNECT,FDD,48D2C04,-70,-8,16,-2,-77,-15,1,-77,-15,1,5,0,-43,LTE BAND 1,24,31453.0,3.75,3827,nan,0,1.67,0.0000
1743426459.9353151,LTE,CONNECT,FDD,48D2C04,-72,-8,15,-1,-79,-16,1,-79,-16,1,5,0,-43,LTE BAND 1,24,31459.0,3.75,3828,nan,0,1.74,0.0000
1743426461.0481403,LTE,CONNECT,FDD,48D2C04,-70,-7,16,-2,-78,-16,0,-78,-16,0,5,0,-43,LTE BAND 1,24,31454.0,3.75,3827,nan,0,1.79,0.0000
1743426462.1340475,LTE,CONNECT,FDD,48D2C04,-69,-7,16,-3,0,0,0,0,0,0,5,0,-43,LTE BAND 1,24,41948.0,5.0,5064,nan,28,1.26,0.0000
1743426463.2266817,LTE,CONNECT,FDD,48D2C04,-69,-7,16,-3,0,0,0,0,0,0,5,0,-43,LTE BAND 1,24,31457.0,3.75,3827,nan,0,1.33,0.0000
1743426464.335644,LTE,CONNECT,FDD,48D2C04,-69,-7,17,-3,0,0,0,0,0,0,5,0,-43,LTE BAND 1,24,31456.0,3.75,3827,nan,0,1.4,0.0000
1743426465.456928,LTE,CONNECT,FDD,48D2C04,-69,-7,14,5,0,0,0,0,0,0,5,0,-42,LTE BAND 1,24,31454.0,3.75,3827,nan,0,1.45,0.0000
1743426466.5159583,LTE,CONNECT,FDD,48D2C04,-69,-7,16,7,-79,-17,2,-79,-17,2,5,0,-43,LTE BAND 1,24,62931.0,7.5,7657,nan,0,1.49,0.0000
1743426467.580212,LTE,CONNECT,FDD,48D2C04,-69,-7,16,7,0,0,0,0,0,0,5,0,-43,LTE BAND 1,24,52425.0,6.25,6378,nan,0,1.51,0.0000
1743426468.6663992,LTE,CONNECT,FDD,48D2C04,-69,-7,14,7,0,0,0,0,0,0,5,0,-42,LTE BAND 1,24,62914.0,7.5,7655,nan,0,1.52,0.0000
1743426469.7147834,LTE,CONNECT,FDD,48D2C04,-69,-6,16,7,0,0,0,0,0,0,5,0,-43,LTE BAND 1,24,62912.0,7.5,7654,nan,0,1.53,0.0000
1743426470.822925,LTE,CONNECT,FDD,48D2C04,-69,-7,16,7,-80,-18,5,-80,-18,5,5,0,-43,LTE BAND 1,24,62922.0,7.5,7656,nan,0,1.53,0.0000
1743426471.8767323,LTE,CONNECT,FDD,48D2C04,-69,-7,17,7,-80,-18,2,-80,-18,2,5,0,-42,LTE BAND 1,24,52429.0,6.25,6379,nan,0,1.53,0.0000
1743426472.9470778,LTE,CONNECT,FDD,48D2C04,-69,-6,17,7,0,0,0,0,0,0,5,0,-44,LTE BAND 1,24,62922.0,7.5,7656,nan,0,1.54,0.0000
1743426474.0454607,LTE,CONNECT,FDD,48D2C33,-63,-6,23,-10,-71,-15,-2,-71,-15,-2,5,1,-40,LTE BAND 3,24,41932.0,5.0,5102,nan,0,1.56,0.0000
1743426475.0886354,LTE,CONNECT,FDD,48D2C33,-62,-6,17,-9,0,0,0,0,0,0,5,0,-41,LTE BAND 3,24,20971.0,2.5,2551,nan,0,1.58,0.0000
1743426476.1857262,LTE,CONNECT,FDD,48D2C33,-62,-6,22,-4,-73,-16,0,-73,-16,0,5,0,-40,LTE BAND 3,24,31463.0,3.75,3828,nan,0,1.62,0.0000
1743426477.290002,LTE,CONNECT,FDD,48D2C33,-62,-6,18,-4,-71,-15,-1,-71,-15,-1,5,0,-41,LTE BAND 3,24,41949.0,5.0,5104,nan,0,1.69,0.0000
1743426478.3560557,LTE,CONNECT,FDD,48D2C33,-62,-6,19,-4,0,0,0,0,0,0,5,0,-41,LTE BAND 3,24,41938.0,5.0,5102,nan,0,1.78,0.0000
1743426479.4684515,LTE,CONNECT,FDD,48D2C33,-62,-6,21,-3,0,0,0,0,0,0,5,0,-41,LTE BAND 3,24,41946.0,5.0,5065,nan,27,1.27,0.0000
1743426480.5778313,LTE,CONNECT,FDD,48D2C33,-62,-6,19,-3,-71,-15,0,-71,-15,0,5,0,-41,LTE BAND 3,24,41944.0,5.0,5103,nan,0,1.39,0.0000
1743426481.6639817,LTE,CONNECT,FDD,48D2C33,-62,-6,21,-3,0,0,0,0,0,0,5,0,-41,LTE BAND 3,24,41942.0,5.0,5103,nan,0,1.51,0.0000
1743426482.752685,LTE,CONNECT,FDD,48D2C33,-62,-6,21,-4,-71,-15,0,-71,-15,0,5,0,-41,LTE BAND 3,24,41943.0,5.0,5103,nan,0,1.68,0.0000
1743426483.8223655,LTE,CONNECT,FDD,48D2C33,-62,-6,22,-4,-71,-15,0,-71,-15,0,5,0,-41,LTE BAND 3,24,41935.0,5.0,5102,nan,0,1.73,0.0000
1743426484.9434512,LTE,CONNECT,FDD,48D2C33,-61,-6,18,1,0,0,0,0,0,0,5,0,-42,LTE BAND 3,24,52437.0,6.25,6380,nan,0,1.77,0.0000
1743426486.0611231,LTE,CONNECT,FDD,48D2C33,-61,-6,21,1,-71,-15,-2,-71,-15,-2,5,0,-41,LTE BAND 3,24,62914.0,7.5,7655,nan,0,1.79,0.0000
1743426487.1431239,LTE,CONNECT,FDD,48D2C33,-61,-6,21,3,0,0,0,0,0,0,5,0,-41,LTE BAND 3,24,62922.0,7.5,7656,nan,0,1.81,0.0000
1743426488.1950526,LTE,CONNECT,FDD,48D2C33,-62,-6,21,2,-70,-14,0,-70,-14,0,5,0,-41,LTE BAND 3,24,62911.0,7.5,7654,nan,0,1.81,0.0000
1743426489.2484422,LTE,CONNECT,FDD,48D2C33,-61,-6,22,3,-71,-16,-1,-71,-16,-1,5,0,-41,LTE BAND 3,24,62918.0,7.5,7655,nan,0,1.81,0.0000
1743426490.3023508,LTE,CONNECT,FDD,48D2C33,-61,-6,16,3,0,0,0,0,0,0,5,0,-42,LTE BAND 3,24,62916.0,7.5,7655,nan,0,1.81,0.0000
1743426491.3871956,LTE,CONNECT,FDD,48D2C33,-62,-6,18,3,0,0,0,0,0,0,5,0,-41,LTE BAND 3,24,62912.0,7.5,7654,nan,0,1.81,0.0000
1743426492.5081332,LTE,CONNECT,FDD,48D2C33,-62,-6,16,5,0,0,0,0,0,0,5,0,-41,LTE BAND 3,24,52435.0,6.25,6361,nan,13,1.64,0.0000
1743426493.5691848,LTE,CONNECT,FDD,48D2C33,-61,-6,18,4,-72,-16,-1,-72,-16,-1,5,0,-41,LTE BAND 3,24,73393.0,8.75,8929,nan,0,1.38,0.0000
1743426494.6669445,LTE,CONNECT,FDD,48D2C33,-62,-6,18,4,-71,-15,0,-71,-15,0,5,0,-42,LTE BAND 3,24,62916.0,7.5,7655,nan,0,1.5,0.0000
1743426495.7333047,LTE,CONNECT,FDD,48D2C33,-61,-6,19,3,0,0,0,0,0,0,5,0,-41,LTE BAND 3,24,62907.0,7.5,7654,nan,0,1.6,0.0000
1743426496.8101425,LTE,CONNECT,FDD,48D2C33,-62,-6,21,6,0,0,0,0,0,0,5,0,-41,LTE BAND 3,24,62914.0,7.5,7655,nan,0,1.73,0.0000
1743426497.9220982,LTE,CONNECT,FDD,48D2C33,-61,-6,20,5,0,0,0,0,0,0,5,0,-41,LTE BAND 3,24,62913.0,7.5,7654,nan,0,1.77,0.0000
1743426498.9951515,LTE,CONNECT,FDD,48D2C33,-62,-6,22,3,-71,-15,0,-71,-15,0,5,0,-40,LTE BAND 3,24,62911.0,7.5,7654,nan,0,1.8,0.0000
1743426500.0506,LTE,CONNECT,FDD,48D2C33,-63,-6,20,4,-70,-13,0,-70,-13,0,5,0,-40,LTE BAND 3,24,62919.0,7.5,7655,nan,0,1.81,0.0000
1743426501.132528,LTE,CONNECT,FDD,48D2C33,-62,-6,20,3,0,0,0,0,0,0,5,0,-40,LTE BAND 3,24,62916.0,7.5,7655,nan,0,1.82,0.0000
1743426502.2354345,LTE,CONNECT,FDD,48D2C33,-62,-6,21,3,0,0,0,0,0,0,5,0,-41,LTE BAND 3,24,62914.0,7.5,7655,nan,0,1.82,0.0000
1743426503.2978766,LTE,CONNECT,FDD,48D2C04,-73,-8,10,-10,-78,-17,1,-78,-17,1,5,1,-41,LTE BAND 1,24,52422.0,6.25,6378,nan,0,1.82,0.0000
1743426504.3540103,LTE,CONNECT,FDD,48D2C04,-69,-8,10,-12,-78,-16,-1,-78,-16,-1,5,0,-42,LTE BAND 1,24,31458.0,3.75,3779,nan,34,1.28,0.0000
1743426505.4345667,LTE,CONNECT,FDD,48D2C04,-72,-8,12,-1,-78,-14,-1,-78,-14,-1,5,0,-44,LTE BAND 1,24,10484.0,1.25,1276,nan,0,1.37,0.0000
1743426506.555914,LTE,CONNECT,FDD,48D2C04,-68,-7,13,-4,-79,-16,1,-79,-16,1,5,0,-43,LTE BAND 1,24,41958.0,5.0,5105,nan,0,1.51,0.0000
1743426507.682376,LTE,CONNECT,FDD,48D2C04,-70,-7,9,-2,-79,-16,1,-79,-16,1,5,0,-43,LTE BAND 1,24,31454.0,3.75,3827,nan,0,1.6,0.0000
1743426508.7804096,LTE,CONNECT,FDD,48D2C04,-70,-8,6,-2,-78,-15,0,-78,-15,0,5,0,-43,LTE BAND 1,24,31457.0,3.75,3827,nan,0,1.73,0.0000
1743426509.8940644,LTE,CONNECT,FDD,48D2C04,-70,-7,15,-2,-78,-15,0,-78,-15,0,5,0,-44,LTE BAND 1,24,31455.0,3.75,3827,nan,0,1.77,0.0000
1743426511.0215538,LTE,CONNECT,FDD,48D2C04,-70,-7,14,-2,-77,-14,0,-77,-14,0,5,0,-44,LTE BAND 1,24,31458.0,3.75,3802,nan,18,1.25,0.0000
1743426512.1277094,LTE,CONNECT,FDD,48D2C04,-71,-8,6,-2,-78,-15,0,-78,-15,0,5,0,-43,LTE BAND 1,24,31458.0,3.75,3827,nan,0,1.33,0.0000
1743426513.2307723,LTE,CONNECT,FDD,48D2C04,-71,-7,12,-2,-78,-14,0,-78,-14,0,5,0,-45,LTE BAND 1,24,31456.0,3.75,3827,nan,0,1.39,0.0000
1743426514.3588386,LTE,CONNECT,FDD,48D2C04,-71,-8,6,4,-77,-13,0,-77,-13,0,5,0,-44,LTE BAND 1,24,31459.0,3.75,3828,nan,0,1.44,0.0000
1743426515.428413,LTE,CONNECT,FDD,48D2C04,-70,-8,6,5,-76,-14,0,-76,-14,0,5,0,-42,LTE BAND 1,24,52432.0,6.25,6379,nan,0,1.48,0.0000
1743426516.5188615,LTE,CONNECT,FDD,48D2C04,-69,-8,6,4,-76,-15,0,-76,-15,0,5,0,-42,LTE BAND 1,24,52430.0,6.25,6379,nan,0,1.5,0.0000
1743426517.5799122,LTE,CONNECT,FDD,48D2C04,-70,-7,17,6,-76,-13,0,-76,-13,0,5,0,-43,LTE BAND 1,24,52429.0,6.25,6379,nan,0,1.51,0.0000
1743426518.6383522,LTE,CONNECT,FDD,48D2C04,-70,-7,13,6,-76,-13,0,-76,-13,0,5,0,-43,LTE BAND 1,24,52424.0,6.25,6378,nan,0,1.51,0.0000
1743426519.7713284,LTE,CONNECT,FDD,48D2C04,-70,-7,14,6,-77,-14,0,-77,-14,0,5,0,-44,LTE BAND 1,24,52434.0,6.25,6379,nan,0,1.51,0.0000
1743426520.9019935,LTE,CONNECT,FDD,48D2C04,-70,-7,13,6,-77,-13,0,-77,-13,0,5,0,-44,LTE BAND 1,24,62922.0,7.5,7656,nan,0,1.51,0.0000
1743426522.0167062,LTE,CONNECT,FDD,48D2C04,-71,-9,10,6,-79,-17,0,-79,-17,0,5,0,-42,LTE BAND 1,24,52428.0,6.25,6379,nan,0,1.52,0.0000
1743426523.0861006,LTE,CONNECT,FDD,48D2C04,-72,-7,12,7,-72,-6,16,-77,-10,6,5,0,-46,LTE BAND 1,24,52427.0,6.25,6379,nan,0,1.55,0.0000
1743426524.1664512,LTE,CONNECT,FDD,48D2C33,-64,-6,21,-20,-72,-14,-1,-72,-14,-1,5,1,-40,LTE BAND 3,24,31452.0,3.75,3827,nan,0,1.56,0.0000
1743426525.2857053,LTE,CONNECT,FDD,48D2C33,-65,-6,17,-7,-72,-13,-1,-72,-13,-1,5,0,-41,LTE BAND 3,24,0.0,0.0,0,nan,0,1.59,0.0000
1743426526.367261,LTE,CONNECT,FDD,48D2C33,-63,-6,18,-6,-72,-14,0,-72,-14,0,5,0,-41,LTE BAND 3,24,31485.0,3.75,3831,nan,0,1.68,0.0000
1743426527.5088444,LTE,CONNECT,FDD,48D2C33,-63,-6,16,-6,-71,-13,0,-76,-16,-3,5,0,-41,LTE BAND 3,24,41946.0,5.0,5103,nan,0,1.77,0.0000
1743426528.6342824,LTE,CONNECT,FDD,48D2C33,-64,-6,16,-6,-71,-13,0,-71,-13,0,5,0,-41,LTE BAND 3,24,31455.0,3.75,3780,nan,33,1.27,0.0000
1743426529.768819,LTE,CONNECT,FDD,48D2C33,-64,-6,21,-6,-71,-13,0,-79,-17,-3,5,0,-41,LTE BAND 3,24,41948.0,5.0,5104,nan,0,1.5,0.0000
1743426530.8907533,LTE,CONNECT,FDD,48D2C33,-64,-6,14,-6,-71,-13,0,-71,-13,0,5,0,-41,LTE BAND 3,24,31451.0,3.75,3827,nan,0,1.6,0.0000
1743426531.9682722,LTE,CONNECT,FDD,48D2C33,-64,-6,16,-6,-72,-14,0,-72,-14,0,5,0,-41,LTE BAND 3,24,41946.0,5.0,5103,nan,0,1.67,0.0000
1743426533.0863774,LTE,CONNECT,FDD,48D2C33,-64,-5,20,-5,-71,-8,9,-77,-11,4,5,0,-43,LTE BAND 3,24,31453.0,3.75,3827,nan,0,1.73,0.0000
1743426534.2184079,LTE,CONNECT,FDD,48D2C04,-71,-7,14,-5,-79,-16,1,-79,-16,1,5,1,-43,LTE BAND 1,24,20967.0,2.5,2551,nan,0,1.76,0.0000
1743426535.3346963,LTE,CONNECT,FDD,48D2C04,-71,-8,14,-4,-79,-15,1,-79,-15,1,5,0,-44,LTE BAND 1,24,31470.0,3.75,3793,nan,25,1.25,0.0000
1743426536.4039216,LTE,CONNECT,FDD,48D2C04,-72,-8,14,-3,-78,-15,1,-78,-15,1,5,0,-44,LTE BAND 1,24,20965.0,2.5,2551,nan,0,1.31,0.0000
1743426537.478645,LTE,CONNECT,FDD,48D2C04,-71,-8,15,-4,-78,-15,1,-78,-15,1,5,0,-44,LTE BAND 1,24,31466.0,3.75,3828,nan,0,1.38,0.0000
1743426538.58456,LTE,CONNECT,FDD,48D2C04,-72,-8,15,-3,-79,-15,1,-79,-15,1,5,0,-44,LTE BAND 1,24,31460.0,3.75,3828,nan,0,1.43,0.0000
1743426539.6684682,LTE,CONNECT,FDD,48D2C04,-71,-8,14,-4,-78,-15,1,-78,-15,1,5,0,-44,LTE BAND 1,24,20968.0,2.5,2551,nan,0,1.46,0.0000
1743426540.7756917,LTE,CONNECT,FDD,48D2C04,-72,-8,14,-3,-78,-14,1,-78,-14,1,5,0,-45,LTE BAND 1,24,20968.0,2.5,2551,nan,0,1.5,0.0000
1743426541.8947656,LTE,CONNECT,FDD,48D2C04,-72,-8,12,-3,-78,-15,1,-78,-15,1,5,0,-45,LTE BAND 1,24,31462.0,3.75,3828,nan,0,1.5,0.0000
1743426542.999988,LTE,CONNECT,FDD,48D2C04,-72,-8,15,-3,-78,-14,1,-78,-14,1,5,0,-44,LTE BAND 1,24,20968.0,2.5,2551,nan,0,1.5,0.0000
1743426544.0597508,LTE,CONNECT,FDD,48D2C04,-71,-8,17,1,-78,-14,1,-78,-14,1,5,0,-44,LTE BAND 1,24,31460.0,3.75,3828,nan,0,1.5,0.0000
1743426545.177972,LTE,CONNECT,FDD,48D2C04,-71,-7,14,5,-78,-14,1,-78,-14,1,5,0,-44,LTE BAND 1,24,41946.0,5.0,5103,nan,0,1.51,0.0000
1743426546.2379417,LTE,CONNECT,FDD,48D2C04,-71,-8,8,5,-78,-14,1,-78,-14,1,5,0,-44,LTE BAND 1,24,52432.0,6.25,6379,nan,0,1.52,0.0000
1743426547.30672,LTE,CONNECT,FDD,48D2C04,-72,-8,13,6,-79,-15,1,-79,-15,1,5,0,-45,LTE BAND 1,24,52429.0,6.25,6379,nan,0,1.54,0.0000
1743426548.365155,LTE,CONNECT,FDD,48D2C04,-71,-8,15,5,-77,-14,1,-77,-14,1,5,0,-44,LTE BAND 1,24,52426.0,6.25,6378,nan,0,1.57,0.0000
1743426549.44645,LTE,CONNECT,FDD,48D2C04,-72,-8,12,6,-78,-13,1,-78,-13,1,5,0,-44,LTE BAND 1,24,52424.0,6.25,6378,nan,0,1.62,0.0000
1743426550.5653589,LTE,CONNECT,FDD,48D2C04,-71,-8,14,5,-78,-14,1,-78,-14,1,5,0,-44,LTE BAND 1,24,52439.0,6.25,6380,nan,0,1.68,0.0000
1743426551.7016847,LTE,CONNECT,FDD,48D2C04,-72,-8,12,6,-78,-15,1,-78,-15,1,5,0,-44,LTE BAND 1,24,52420.0,6.25,6378,nan,0,1.77,0.0000
1743426552.799085,LTE,CONNECT,FDD,48D2C04,-71,-7,15,5,-77,-14,1,-77,-14,1,5,0,-44,LTE BAND 1,24,52422.0,6.25,6365,nan,9,1.39,0.0000
1743426553.8554587,LTE,CONNECT,FDD,48D2C04,-71,-8,13,5,-78,-14,1,-78,-14,1,5,0,-44,LTE BAND 1,24,52438.0,6.25,6380,nan,0,1.52,0.0000
1743426554.9514644,LTE,CONNECT,FDD,48D2C04,-71,-7,13,5,-78,-14,1,-78,-14,1,5,0,-44,LTE BAND 1,24,52433.0,6.25,6379,nan,0,1.62,0.0000
1743426556.0757866,LTE,CONNECT,FDD,48D2C04,-70,-7,15,6,-79,-16,1,-79,-16,1,5,0,-43,LTE BAND 1,24,41931.0,5.0,5102,nan,0,1.7,0.0000
1743426557.2026699,LTE,CONNECT,FDD,48D2C04,-71,-7,15,6,-77,-14,1,-77,-14,1,5,0,-43,LTE BAND 1,24,52439.0,6.25,6380,nan,0,1.76,0.0000
1743426558.270325,LTE,CONNECT,FDD,48D2C04,-71,-8,15,6,-78,-14,1,-78,-14,1,5,0,-45,LTE BAND 1,24,52434.0,6.25,6379,nan,0,1.81,0.0000
1743426559.3565867,LTE,CONNECT,FDD,48D2C04,-71,-7,15,7,0,0,0,0,0,0,5,0,-44,LTE BAND 1,24,52422.0,6.25,6355,nan,16,1.31,0.0000
1743426560.416898,LTE,CONNECT,FDD,48D2C04,-70,-8,18,6,0,0,0,0,0,0,5,0,-43,LTE BAND 1,24,62915.0,7.5,7655,nan,0,1.39,0.0000
1743426561.4718595,LTE,CONNECT,FDD,48D2C04,-72,-8,14,6,-79,-15,1,-79,-15,1,5,0,-45,LTE BAND 1,24,62919.0,7.5,7655,nan,0,1.45,0.0000
1743426562.5868263,LTE,CONNECT,FDD,48D2C04,-72,-8,14,6,-79,-13,1,-79,-13,1,5,0,-45,LTE BAND 1,24,62914.0,7.5,7655,nan,0,1.49,0.0000
1743426563.6976256,LTE,CONNECT,FDD,48D2C04,-72,-7,14,7,-61,-3,21,-79,-12,6,5,0,-46,LTE BAND 1,24,52425.0,6.25,6378,nan,0,1.52,0.0000
1743426564.7750206,LTE,CONNECT,FDD,48D2C04,-71,-7,14,6,-61,-3,21,-80,-12,6,5,0,-45,LTE BAND 1,24,52429.0,6.25,6379,nan,0,1.54,0.0000
1743426565.8894017,LTE,CONNECT,FDD,48D2C04,-71,-7,15,5,-61,-3,21,-77,-9,9,5,0,-45,LTE BAND 1,24,52431.0,6.25,6379,nan,0,1.54,0.0000
1743426566.9698355,LTE,CONNECT,FDD,48D2C04,-71,-7,15,7,-61,-3,21,-73,-8,11,5,0,-45,LTE BAND 1,24,52428.0,6.25,6379,nan,0,1.54,0.0000
1743426568.0488358,LTE,CONNECT,FDD,48D2C04,-71,-7,14,5,-61,-3,21,-73,-8,11,5,0,-45,LTE BAND 1,24,52433.0,6.25,6379,nan,0,1.54,0.0000
1743426569.1229334,LTE,CONNECT,FDD,48D2C04,-71,-6,16,6,-61,-3,21,-76,-9,9,5,0,-45,LTE BAND 1,24,41939.0,5.0,5103,nan,0,1.55,0.0000
1743426570.1935065,LTE,CONNECT,FDD,48D2C04,-71,-6,17,5,-61,-3,21,-77,-10,9,5,0,-45,LTE BAND 1,24,52434.0,6.25,6379,nan,0,1.56,0.0000
1743426571.3111732,LTE,CONNECT,FDD,48D2C04,-71,-7,15,5,-61,-3,21,-77,-9,9,5,0,-44,LTE BAND 1,24,41939.0,5.0,5103,nan,0,1.58,0.0000
1743426572.4146466,LTE,CONNECT,FDD,48D2C04,-71,-7,16,5,-61,-3,21,-79,-8,11,5,0,-45,LTE BAND 1,24,52432.0,6.25,6379,nan,0,1.62,0.0000
1743426573.4841883,LTE,CONNECT,FDD,48D2C33,-64,-6,11,-12,-72,-14,-1,-72,-14,-1,5,1,-40,LTE BAND 3,24,41935.0,5.0,5102,nan,0,1.67,0.0000
1743426574.5910275,LTE,CONNECT,FDD,48D2C33,-63,-6,13,-10,-73,-14,0,-73,-14,0,5,0,-41,LTE BAND 3,24,20966.0,2.5,2551,nan,0,1.71,0.0000
1743426575.739924,LTE,CONNECT,FDD,48D2C33,-63,-6,21,-6,0,0,0,0,0,0,5,0,-41,LTE BAND 3,24,31453.0,3.75,3761,nan,46,1.29,0.0000
1743426576.8487713,LTE,CONNECT,FDD,48D2C33,-63,-6,16,-6,-71,-14,0,-71,-14,0,5,0,-41,LTE BAND 3,24,41948.0,5.0,5104,nan,0,1.42,0.0000
1743426577.9939897,LTE,CONNECT,FDD,48D2C33,-64,-6,16,-6,-71,-14,0,-71,-14,0,5,0,-41,LTE BAND 3,24,31451.0,3.75,3827,nan,0,1.53,0.0000
1743426579.091962,LTE,CONNECT,FDD,48D2C33,-64,-6,11,-7,-72,-14,0,-72,-14,0,5,0,-41,LTE BAND 3,24,41947.0,5.0,5104,nan,0,1.62,0.0000
1743426580.170242,LTE,CONNECT,FDD,48D2C33,-64,-6,21,-7,-72,-14,0,-76,-17,-3,5,0,-41,LTE BAND 3,24,31458.0,3.75,3827,nan,0,1.69,0.0000
1743426581.2067842,LTE,CONNECT,FDD,48D2C33,-64,-6,11,-7,-72,-14,0,-72,-14,0,5,0,-41,LTE BAND 3,24,31453.0,3.75,3827,nan,0,1.74,0.0000
1743426582.2775843,LTE,CONNECT,FDD,48D2C33,-64,-6,19,-6,-71,-13,0,-71,-13,0,5,0,-41,LTE BAND 3,24,31455.0,3.75,3827,nan,0,1.78,0.0000
1743426583.3766732,LTE,CONNECT,FDD,48D2C33,-64,-6,20,-6,-72,-14,0,-72,-14,0,5,0,-41,LTE BAND 3,24,41953.0,5.0,5090,nan,10,1.26,0.0000
1743426584.5018744,LTE,CONNECT,FDD,48D2C33,-64,-6,19,-1,-72,-14,0,-72,-14,0,5,0,-41,LTE BAND 3,24,31454.0,3.75,3827,nan,0,1.33,0.0000
1743426585.562513,LTE,CONNECT,FDD,48D2C33,-64,-6,13,2,-72,-13,0,-72,-13,0,5,0,-41,LTE BAND 3,24,52438.0,6.25,6380,nan,0,1.4,0.0000
1743426586.6478658,LTE,CONNECT,FDD,48D2C33,-64,-6,18,2,-72,-14,0,-75,-16,-3,5,0,-41,LTE BAND 3,24,62915.0,7.5,7655,nan,0,1.45,0.0000
1743426587.750336,LTE,CONNECT,FDD,48D2C33,-64,-6,16,4,-72,-14,0,-72,-14,0,5,0,-41,LTE BAND 3,24,52426.0,6.25,6378,nan,0,1.5,0.0000
1743426588.8331666,LTE,CONNECT,FDD,48D2C33,-64,-6,16,3,0,0,0,0,0,0,5,0,-41,LTE BAND 3,24,62907.0,7.5,7654,nan,0,1.51,0.0000
1743426589.9116976,LTE,CONNECT,FDD,48D2C33,-64,-6,19,1,-72,-14,0,-72,-14,0,5,0,-41,LTE BAND 3,24,73385.0,8.75,8929,nan,0,1.51,0.0000
1743426590.9758658,LTE,CONNECT,FDD,48D2C33,-64,-6,17,0,-78,-20,-6,-78,-20,-6,5,0,-41,LTE BAND 3,24,52443.0,6.25,6381,nan,0,1.51,0.0000
1743426592.0261085,LTE,CONNECT,FDD,48D2C33,-64,-6,21,2,-72,-13,0,-74,-16,-2,5,0,-41,LTE BAND 3,24,62914.0,7.5,7655,nan,0,1.51,0.0000
1743426593.076685,LTE,CONNECT,FDD,48D2C33,-64,-5,17,5,-71,-8,10,-74,-10,5,5,0,-42,LTE BAND 3,24,62914.0,7.5,7655,nan,0,1.52,0.0000
1743426594.2004023,LTE,CONNECT,FDD,48D2C04,-71,-7,15,-5,-79,-15,1,-79,-15,1,5,1,-44,LTE BAND 1,24,31457.0,3.75,3827,nan,0,1.52,0.0000
1743426595.3092754,LTE,CONNECT,FDD,48D2C04,-71,-8,15,-4,-78,-15,3,-78,-15,3,5,0,-44,LTE BAND 1,24,31463.0,3.75,3828,nan,0,1.54,0.0000
1743426596.459261,LTE,CONNECT,FDD,48D2C04,-71,-7,17,-4,-78,-15,3,-78,-15,3,5,0,-44,LTE BAND 1,24,31452.0,3.75,3827,nan,0,1.58,0.0000
1743426597.5534122,LTE,CONNECT,FDD,48D2C04,-71,-7,16,-4,-78,-15,3,-78,-15,3,5,0,-44,LTE BAND 1,24,31457.0,3.75,3827,nan,0,1.62,0.0000
1743426598.6702495,LTE,CONNECT,FDD,48D2C04,-71,-8,15,-4,-78,-11,3,-78,-11,3,5,0,-44,LTE BAND 1,24,31458.0,3.75,3827,nan,0,1.68,0.0000
1743426599.7861595,LTE,CONNECT,FDD,48D2C04,-70,-7,16,-4,-78,-11,3,-78,-11,3,5,0,-43,LTE BAND 1,24,31462.0,3.75,3794,nan,24,1.27,0.0000
1743426600.901153,LTE,CONNECT,FDD,48D2C04,-70,-7,15,-4,-78,-13,3,-78,-13,3,5,0,-44,LTE BAND 1,24,31451.0,3.75,3827,nan,0,1.37,0.0000
1743426602.0329385,LTE,CONNECT,FDD,48D2C04,-70,-7,18,-4,-78,-10,6,-78,-10,6,5,0,-43,LTE BAND 1,24,31456.0,3.75,3827,nan,0,1.49,0.0000
1743426603.1009731,LTE,CONNECT,FDD,48D2C04,-70,-8,13,-4,-78,-13,6,-78,-13,6,5,0,-43,LTE BAND 1,24,31458.0,3.75,3827,nan,0,1.59,0.0000
1743426604.209371,LTE,CONNECT,FDD,48D2C04,-71,-8,7,1,-78,-13,6,-78,-13,6,5,0,-43,LTE BAND 1,24,31458.0,3.75,3827,nan,0,1.66,0.0000
1743426605.3175411,LTE,CONNECT,FDD,48D2C04,-71,-8,14,5,-79,-15,6,-79,-15,6,5,0,-43,LTE BAND 1,24,52434.0,6.25,6379,nan,0,1.73,0.0000
1743426606.4613655,LTE,CONNECT,FDD,48D2C04,-70,-8,13,6,-78,-14,6,-78,-14,6,5,0,-44,LTE BAND 1,24,62921.0,7.5,7655,nan,0,1.77,0.0000
1743426607.5896242,LTE,CONNECT,FDD,48D2C04,-71,-8,7,5,-78,-15,6,-78,-15,6,5,0,-43,LTE BAND 1,24,62913.0,7.5,7654,nan,0,1.79,0.0000
1743426608.6715467,LTE,CONNECT,FDD,48D2C04,-71,-8,11,5,-77,-12,6,-77,-12,6,5,0,-43,LTE BAND 1,24,62916.0,7.5,7655,nan,0,1.8,0.0000
1743426609.7756875,LTE,CONNECT,FDD,48D2C04,-70,-8,15,5,-78,-13,6,-78,-13,6,5,0,-43,LTE BAND 1,24,52432.0,6.25,6379,nan,0,1.35,0.0000
1743426610.84076,LTE,CONNECT,FDD,48D2C04,-71,-8,6,6,-78,-15,6,-78,-15,6,5,0,-43,LTE BAND 1,24,52435.0,6.25,6380,nan,0,1.42,0.0000
1743426611.90803,LTE,CONNECT,FDD,48D2C04,-71,-8,6,7,-78,-15,6,-78,-15,6,5,0,-44,LTE BAND 1,24,62900.0,7.5,7653,nan,0,1.47,0.0000
1743426612.9860249,LTE,CONNECT,FDD,48D2C04,-71,-7,11,5,-71,-7,15,-75,-10,8,5,0,-44,LTE BAND 1,24,62922.0,7.5,7656,nan,0,1.5,0.0000
1743426614.0375195,LTE,CONNECT,FDD,48D2C33,-64,-6,17,-15,-72,-14,0,-72,-14,0,5,1,-41,LTE BAND 3,24,20961.0,2.5,2550,nan,0,1.51,0.0000
1743426615.1675425,LTE,CONNECT,FDD,48D2C33,-64,-6,16,-6,-72,-13,0,-72,-13,0,5,0,-42,LTE BAND 3,24,20980.0,2.5,2553,nan,0,1.53,0.0000
1743426616.2343776,LTE,CONNECT,FDD,48D2C33,-64,-6,18,-6,-71,-13,0,-76,-16,-3,5,0,-42,LTE BAND 3,24,41944.0,5.0,5103,nan,0,1.53,0.0000
1743426617.3313587,LTE,CONNECT,FDD,48D2C33,-64,-6,20,-6,-72,-14,0,-75,-17,-2,5,0,-41,LTE BAND 3,24,31455.0,3.75,3827,nan,0,1.53,0.0000
1743426618.463654,LTE,CONNECT,FDD,48D2C33,-64,-6,18,-6,-72,-14,0,-72,-14,0,5,0,-41,LTE BAND 3,24,41951.0,5.0,5104,nan,0,1.53,0.0000
1743426619.5775657,LTE,CONNECT,FDD,48D2C33,-64,-6,15,-6,-72,-13,0,-72,-13,0,5,0,-41,LTE BAND 3,24,31456.0,3.75,3827,nan,0,1.54,0.0000
1743426620.7038033,LTE,CONNECT,FDD,48D2C33,-64,-6,16,-5,-71,-14,0,-71,-14,0,5,0,-42,LTE BAND 3,24,31452.0,3.75,3827,nan,0,1.55,0.0000
1743426621.7697847,LTE,CONNECT,FDD,48D2C33,-65,-6,17,-5,-71,-12,0,-71,-12,0,5,0,-43,LTE BAND 3,24,31453.0,3.75,3827,nan,0,1.59,0.0000
1743426622.8808246,LTE,CONNECT,FDD,48D2C33,-64,-6,15,-5,-78,-20,-4,-78,-20,-4,5,0,-42,LTE BAND 3,24,41945.0,5.0,5103,nan,0,1.64,0.0000
1743426624.0089712,LTE,CONNECT,FDD,48D2C33,-64,-6,18,1,-72,-14,0,-80,-18,-4,5,0,-42,LTE BAND 3,24,41943.0,5.0,5103,nan,0,1.7,0.0000
1743426625.0909457,LTE,CONNECT,FDD,48D2C33,-65,-6,17,1,-71,-12,0,-71,-12,0,5,0,-42,LTE BAND 3,24,52426.0,6.25,6378,nan,0,1.79,0.0000
1743426626.1653264,LTE,CONNECT,FDD,48D2C33,-64,-6,22,1,0,0,0,0,0,0,5,0,-42,LTE BAND 3,24,52422.0,6.25,6347,nan,22,1.43,0.0000
1743426627.2208571,LTE,CONNECT,FDD,48D2C33,-64,-6,18,3,-71,-13,0,-71,-13,0,5,0,-42,LTE BAND 3,24,73419.0,8.75,8924,nan,6,1.42,0.0000
1743426628.287436,LTE,CONNECT,FDD,48D2C33,-64,-6,14,3,-72,-14,0,-72,-14,0,5,0,-41,LTE BAND 3,24,62912.0,7.5,7654,nan,0,1.55,0.0000
1743426629.3488362,LTE,CONNECT,FDD,48D2C33,-64,-6,20,2,-71,-13,0,-74,-16,-2,5,0,-42,LTE BAND 3,24,62911.0,7.5,7654,nan,0,1.65,0.0000
1743426630.4074478,LTE,CONNECT,FDD,48D2C33,-64,-6,22,3,-71,-13,0,-71,-13,0,5,0,-42,LTE BAND 3,24,62922.0,7.5,7656,nan,0,1.73,0.0000
1743426631.4539595,LTE,CONNECT,FDD,48D2C33,-64,-6,17,3,-70,-13,0,-70,-13,0,5,0,-42,LTE BAND 3,24,62908.0,7.5,7654,nan,0,1.79,0.0000
1743426632.498143,LTE,CONNECT,FDD,48D2C33,-64,-6,17,4,-71,-14,0,-77,-17,-2,5,0,-42,LTE BAND 3,24,62916.0,7.5,7655,nan,0,1.83,0.0000
1743426633.595148,LTE,CONNECT,FDD,48D2C33,-64,-6,21,5,-70,-13,0,-78,-17,-3,5,0,-42,LTE BAND 3,24,62919.0,7.5,7618,nan,26,1.33,0.0000
1743426634.6656466,LTE,CONNECT,FDD,48D2C33,-64,-6,12,5,-71,-14,0,-71,-14,0,5,0,-42,LTE BAND 3,24,62916.0,7.5,7655,nan,0,1.41,0.0000
1743426635.7549171,LTE,CONNECT,FDD,48D2C33,-64,-6,10,4,-70,-13,0,-70,-13,0,5,0,-42,LTE BAND 3,24,62925.0,7.5,7656,nan,0,1.51,0.0000
1743426636.849082,LTE,CONNECT,FDD,48D2C33,-63,-6,15,3,-71,-14,0,-71,-14,0,5,0,-42,LTE BAND 3,24,62914.0,7.5,7655,nan,0,1.54,0.0000
1743426637.9478219,LTE,CONNECT,FDD,48D2C33,-63,-6,16,4,-71,-14,0,-71,-14,0,5,0,-42,LTE BAND 3,24,62917.0,7.5,7655,nan,0,1.55,0.0000
1743426639.0591836,LTE,CONNECT,FDD,48D2C33,-63,-6,20,3,-71,-14,0,-71,-14,0,5,0,-42,LTE BAND 3,24,62906.0,7.5,7654,nan,0,1.56,0.0000
1743426640.1353526,LTE,CONNECT,FDD,48D2C33,-63,-6,18,4,-71,-14,0,-71,-14,0,5,0,-42,LTE BAND 3,24,62922.0,7.5,7656,nan,0,1.56,0.0000
1743426641.2607017,LTE,CONNECT,FDD,48D2C33,-63,-6,17,3,0,0,0,0,0,0,5,0,-42,LTE BAND 3,24,62912.0,7.5,7654,nan,0,1.56,0.0000
1743426642.3392148,LTE,CONNECT,FDD,48D2C33,-63,-6,17,2,-71,-14,0,-71,-14,0,5,0,-42,LTE BAND 3,24,62917.0,7.5,7655,nan,0,1.56,0.0000
1743426643.4713843,LTE,CONNECT,FDD,48D2C33,-63,-6,16,5,-71,-14,0,-71,-14,0,5,0,-42,LTE BAND 3,24,62906.0,7.5,7654,nan,0,1.57,0.0000
1743426644.5757601,LTE,CONNECT,FDD,48D2C33,-63,-6,22,4,-71,-14,0,-71,-14,0,5,0,-42,LTE BAND 3,24,62924.0,7.5,7656,nan,0,1.58,0.0000
1743426645.6525168,LTE,CONNECT,FDD,48D2C33,-63,-6,18,4,-72,-14,0,-72,-14,0,5,0,-41,LTE BAND 3,24,62916.0,7.5,7655,nan,0,1.61,0.0000
1743426646.7704732,LTE,CONNECT,FDD,48D2C33,-63,-6,21,6,-71,-14,0,-71,-14,0,5,0,-42,LTE BAND 3,24,62917.0,7.5,7655,nan,0,1.7,0.0000
1743426647.8684652,LTE,CONNECT,FDD,48D2C33,-63,-6,17,9,0,0,0,0,0,0,5,0,-41,LTE BAND 3,24,62917.0,7.5,7655,nan,0,1.77,0.0000
1743426648.9698637,LTE,CONNECT,FDD,48D2C33,-64,-6,17,9,-72,-14,-1,-72,-14,-1,5,0,-42,LTE BAND 3,24,62918.0,7.5,7655,nan,0,1.87,0.0000
1743426650.0200434,LTE,CONNECT,FDD,48D2C33,-64,-6,20,7,-71,-13,-1,-71,-13,-1,5,0,-42,LTE BAND 3,24,52422.0,6.25,6338,nan,28,1.36,0.0000
1743426651.0889108,LTE,CONNECT,FDD,48D2C33,-64,-6,17,6,-72,-14,-1,-78,-17,-3,5,0,-41,LTE BAND 3,24,62914.0,7.5,7655,nan,0,1.5,0.0000
1743426652.1877806,LTE,CONNECT,FDD,48D2C33,-64,-7,15,5,-71,-13,-1,-76,-16,-2,5,0,-42,LTE BAND 3,24,62919.0,7.5,7655,nan,0,1.62,0.0000
1743426653.3113916,LTE,CONNECT,FDD,48D2C33,-64,-6,18,4,-71,-13,-1,-71,-13,-1,5,0,-41,LTE BAND 3,24,62913.0,7.5,7654,nan,0,1.71,0.0000
1743426654.3733084,LTE,CONNECT,FDD,48D2C33,-64,-6,16,3,-71,-14,-1,-71,-14,-1,5,0,-42,LTE BAND 3,24,62908.0,7.5,7654,nan,0,1.77,0.0000
1743426655.4215767,LTE,CONNECT,FDD,48D2C33,-64,-7,16,1,-71,-13,-1,-71,-13,-1,5,0,-42,LTE BAND 3,24,62918.0,7.5,7655,nan,0,1.82,0.0000
1743426656.5108836,LTE,CONNECT,FDD,48D2C33,-64,-7,18,2,-71,-13,-1,-71,-13,-1,5,0,-42,LTE BAND 3,24,62917.0,7.5,7655,nan,0,1.85,0.0000
1743426657.5774775,LTE,CONNECT,FDD,48D2C33,-65,-7,19,4,-71,-13,-1,-71,-13,-1,5,0,-42,LTE BAND 3,24,62913.0,7.5,7647,nan,5,1.34,0.0000
1743426658.6415772,LTE,CONNECT,FDD,48D2C33,-65,-7,17,3,-71,-13,-1,-71,-13,-1,5,0,-42,LTE BAND 3,24,62912.0,7.5,7654,nan,0,1.42,0.0000
1743426659.72731,LTE,CONNECT,FDD,48D2C33,-64,-7,16,2,-70,-13,-1,-70,-13,-1,5,0,-42,LTE BAND 3,24,62912.0,7.5,7654,nan,0,1.48,0.0000
1743426660.7909892,LTE,CONNECT,FDD,48D2C33,-65,-6,17,3,-71,-12,-1,-71,-12,-1,5,0,-42,LTE BAND 3,24,62914.0,7.5,7655,nan,0,1.55,0.0000
1743426661.842859,LTE,CONNECT,FDD,48D2C33,-65,-7,15,5,-71,-13,-1,-75,-16,-3,5,0,-42,LTE BAND 3,24,62909.0,7.5,7654,nan,0,1.57,0.0000
1743426662.9388063,LTE,CONNECT,FDD,48D2C33,-65,-6,18,5,-71,-12,0,-75,-16,0,5,0,-43,LTE BAND 3,24,62917.0,7.5,7655,nan,0,1.58,0.0000
1743426664.0694804,LTE,CONNECT,FDD,48D2C04,-70,-7,18,-11,0,0,0,0,0,0,5,1,-43,LTE BAND 1,24,31446.0,3.75,3826,nan,0,1.58,0.0000
1743426665.2813046,LTE,CONNECT,FDD,48D2C04,-70,-7,18,-9,-78,-11,3,-78,-11,3,5,0,-44,LTE BAND 1,24,20981.0,2.5,2553,nan,0,1.58,0.0000
1743426666.4000878,LTE,CONNECT,FDD,48D2C04,-70,-7,10,-4,-78,-12,3,-78,-12,3,5,0,-44,LTE BAND 1,24,20971.0,2.5,2551,nan,0,1.58,0.0000
1743426667.4737504,LTE,CONNECT,FDD,48D2C04,-71,-8,9,-4,-79,-13,3,-79,-13,3,5,0,-43,LTE BAND 1,24,31454.0,3.75,3827,nan,0,1.58,0.0000
1743426668.5412147,LTE,CONNECT,FDD,48D2C04,-71,-7,18,-4,-78,-12,3,-78,-12,3,5,0,-44,LTE BAND 1,24,31454.0,3.75,3827,nan,0,1.6,0.0000
1743426669.614878,LTE,CONNECT,FDD,48D2C04,-71,-7,17,-4,-78,-12,3,-78,-12,3,5,0,-44,LTE BAND 1,24,31457.0,3.75,3827,nan,0,1.62,0.0000
1743426670.7071528,LTE,CONNECT,FDD,48D2C04,-71,-7,18,-4,-78,-11,3,-78,-11,3,5,0,-44,LTE BAND 1,24,31458.0,3.75,3827,nan,0,1.65,0.0000
1743426671.8284874,LTE,CONNECT,FDD,48D2C04,-71,-7,18,-4,-78,-11,3,-78,-11,3,5,0,-44,LTE BAND 1,24,31461.0,3.75,3828,nan,0,1.77,0.0000
1743426672.965899,LTE,CONNECT,FDD,48D2C04,-71,-7,16,-4,-78,-11,3,-78,-11,3,5,0,-44,LTE BAND 1,24,31456.0,3.75,3804,nan,16,1.26,0.0000
1743426674.0642705,LTE,CONNECT,FDD,48D2C04,-70,-7,17,-4,-78,-11,3,-78,-11,3,5,0,-44,LTE BAND 1,24,41948.0,5.0,5104,nan,0,1.37,0.0000
1743426675.1687882,LTE,CONNECT,FDD,48D2C04,-71,-7,16,5,-78,-12,3,-78,-12,3,5,0,-44,LTE BAND 1,24,31457.0,3.75,3827,nan,0,1.49,0.0000
1743426676.2777474,LTE,CONNECT,FDD,48D2C04,-70,-7,16,6,-78,-12,3,-78,-12,3,5,0,-44,LTE BAND 1,24,52427.0,6.25,6379,nan,0,1.6,0.0000
1743426677.4056602,LTE,CONNECT,FDD,48D2C04,-71,-8,14,6,-77,-11,3,-77,-11,3,5,0,-43,LTE BAND 1,24,62910.0,7.5,7654,nan,0,1.67,0.0000
1743426678.5003116,LTE,CONNECT,FDD,48D2C04,-71,-7,13,5,-78,-10,3,-78,-10,3,5,0,-44,LTE BAND 1,24,62925.0,7.5,7656,nan,0,1.72,0.0000
1743426679.537895,LTE,CONNECT,FDD,48D2C04,-71,-7,17,4,-78,-11,3,-78,-11,3,5,0,-44,LTE BAND 1,24,62909.0,7.5,7654,nan,0,1.75,0.0000
1743426680.6087482,LTE,CONNECT,FDD,48D2C04,-71,-7,17,4,-78,-10,3,-78,-10,3,5,0,-44,LTE BAND 1,24,62918.0,7.5,7655,nan,0,1.78,0.0000
1743426681.7289202,LTE,CONNECT,FDD,48D2C04,-71,-7,17,5,-78,-11,3,-78,-11,3,5,0,-44,LTE BAND 1,24,52434.0,6.25,6379,nan,0,1.79,0.0000
1743426682.8401175,LTE,CONNECT,FDD,48D2C04,-71,-8,8,5,-78,-12,3,-78,-12,3,5,0,-44,LTE BAND 1,24,52439.0,6.25,6380,nan,0,1.35,0.0000
1743426683.904475,LTE,CONNECT,FDD,48D2C04,-71,-8,17,5,-78,-12,3,-78,-12,3,5,0,-44,LTE BAND 1,24,41940.0,5.0,5103,nan,0,1.47,0.0000
1743426685.0218735,LTE,CONNECT,FDD,48D2C04,-71,-7,17,6,-78,-11,3,-78,-11,3,5,0,-44,LTE BAND 1,24,52428.0,6.25,6379,nan,0,1.58,0.0000
1743426686.084324,LTE,CONNECT,FDD,48D2C04,-71,-7,18,6,-78,-10,3,-78,-10,3,5,0,-44,LTE BAND 1,24,62926.0,7.5,7656,nan,0,1.65,0.0000
1743426687.1500735,LTE,CONNECT,FDD,48D2C04,-71,-7,15,6,-78,-11,3,-78,-11,3,5,0,-44,LTE BAND 1,24,52423.0,6.25,6378,nan,0,1.71,0.0000
1743426688.2186131,LTE,CONNECT,FDD,48D2C04,-70,-7,14,6,0,0,0,0,0,0,5,0,-44,LTE BAND 1,24,62922.0,7.5,7656,nan,0,1.75,0.0000
1743426689.3366244,LTE,CONNECT,FDD,48D2C04,-70,-7,17,6,0,0,0,0,0,0,5,0,-43,LTE BAND 1,24,62909.0,7.5,7654,nan,0,1.77,0.0000
1743426690.4547262,LTE,CONNECT,FDD,48D2C04,-71,-7,16,6,-79,-10,5,-79,-10,5,5,0,-44,LTE BAND 1,24,52427.0,6.25,6379,nan,0,1.78,0.0000
1743426691.5646713,LTE,CONNECT,FDD,48D2C04,-71,-7,15,6,-79,-10,5,-79,-10,5,5,0,-44,LTE BAND 1,24,52431.0,6.25,6371,nan,6,1.25,0.0000
1743426692.6191735,LTE,CONNECT,FDD,48D2C04,-71,-8,16,6,-79,-10,5,-79,-10,5,5,0,-44,LTE BAND 1,24,52433.0,6.25,6379,nan,0,1.32,0.0000
1743426693.6867683,LTE,CONNECT,FDD,48D2C04,-70,-7,18,6,0,0,0,0,0,0,5,0,-44,LTE BAND 1,24,52425.0,6.25,6378,nan,0,1.39,0.0000
1743426694.7841468,LTE,CONNECT,FDD,48D2C04,-69,-6,9,5,0,0,0,0,0,0,5,0,-43,LTE BAND 1,24,62930.0,7.5,7656,nan,0,1.48,0.0000
1743426695.8781126,LTE,CONNECT,FDD,48D2C04,-69,-6,17,6,0,0,0,0,0,0,5,0,-44,LTE BAND 1,24,62909.0,7.5,7654,nan,0,1.5,0.0000
1743426696.9340062,LTE,CONNECT,FDD,48D2C04,-69,-6,7,6,-78,-12,5,-78,-12,5,5,0,-43,LTE BAND 1,24,73401.0,8.75,8930,nan,0,1.52,0.0000
1743426697.9959219,LTE,CONNECT,FDD,48D2C04,-69,-6,18,7,-78,-11,5,-78,-11,5,5,0,-43,LTE BAND 1,24,62921.0,7.5,7655,nan,0,1.52,0.0000
1743426699.0776873,LTE,CONNECT,FDD,48D2C04,-69,-6,17,6,0,0,0,0,0,0,5,0,-43,LTE BAND 1,24,62912.0,7.5,7654,nan,0,1.52,0.0000
1743426700.184826,LTE,CONNECT,FDD,48D2C04,-70,-6,17,8,0,0,0,0,0,0,5,0,-44,LTE BAND 1,24,62914.0,7.5,7655,nan,0,1.52,0.0000
1743426701.2329404,LTE,CONNECT,FDD,48D2C04,-69,-6,15,7,0,0,0,0,0,0,5,0,-44,LTE BAND 1,24,62910.0,7.5,7654,nan,0,1.52,0.0000
1743426702.3360968,LTE,CONNECT,FDD,48D2C04,-70,-6,18,8,-79,-11,4,-79,-11,4,5,0,-44,LTE BAND 1,24,62915.0,7.5,7655,nan,0,1.53,0.0000
1743426703.4108493,LTE,CONNECT,FDD,48D2C04,-69,-5,18,7,-62,-3,23,-81,-13,6,5,0,-45,LTE BAND 1,24,73400.0,8.75,8930,nan,0,1.55,0.0000
1743426704.5115874,LTE,CONNECT,FDD,48D2C33,-63,-6,16,-14,-71,-14,1,-71,-14,1,5,1,-42,LTE BAND 3,24,31447.0,3.75,3826,nan,0,1.57,0.0000
1743426705.6343532,LTE,CONNECT,FDD,48D2C33,-63,-6,14,-10,0,0,0,0,0,0,5,0,-42,LTE BAND 3,24,20977.0,2.5,2552,nan,0,1.6,0.0000
1743426706.7185936,LTE,CONNECT,FDD,48D2C33,-63,-6,19,-4,0,0,0,0,0,0,5,0,-42,LTE BAND 3,24,41948.0,5.0,5104,nan,0,1.75,0.0000
1743426707.8197138,LTE,CONNECT,FDD,48D2C33,-63,-6,17,-4,0,0,0,0,0,0,5,0,-42,LTE BAND 3,24,41945.0,5.0,5065,nan,27,1.55,0.0000
1743426708.8864317,LTE,CONNECT,FDD,48D2C33,-63,-6,16,-4,-73,-15,0,-73,-15,0,5,0,-42,LTE BAND 3,24,52412.0,6.25,6347,nan,21,1.34,0.0000
1743426709.9877405,LTE,CONNECT,FDD,48D2C33,-63,-6,16,-5,-73,-16,-1,-73,-16,-1,5,0,-42,LTE BAND 3,24,31466.0,3.75,3828,nan,0,1.47,0.0000
1743426711.0500386,LTE,CONNECT,FDD,48D2C33,-63,-6,17,-5,0,0,0,0,0,0,5,0,-42,LTE BAND 3,24,41946.0,5.0,5103,nan,0,1.58,0.0000
1743426712.1453958,LTE,CONNECT,FDD,48D2C33,-64,-6,21,-5,0,0,0,0,0,0,5,0,-41,LTE BAND 3,24,41946.0,5.0,5103,nan,0,1.66,0.0000
1743426713.2607603,LTE,CONNECT,FDD,48D2C33,-64,-6,19,-5,-71,-13,0,-71,-13,0,5,0,-41,LTE BAND 3,24,31453.0,3.75,3827,nan,0,1.72,0.0000
1743426714.3809948,LTE,CONNECT,FDD,48D2C33,-64,-6,18,-5,-72,-15,0,-72,-15,0,5,0,-41,LTE BAND 3,24,41948.0,5.0,5104,nan,0,1.77,0.0000
1743426715.4686437,LTE,CONNECT,FDD,48D2C33,-63,-6,19,2,-71,-13,0,-77,-17,-2,5,0,-41,LTE BAND 3,24,31453.0,3.75,3813,nan,10,1.52,0.0000
1743426716.5630584,LTE,CONNECT,FDD,48D2C33,-63,-6,17,3,-71,-13,0,-76,-16,-2,5,0,-41,LTE BAND 3,24,62930.0,7.5,7632,nan,17,1.31,0.0000
1743426717.6284518,LTE,CONNECT,FDD,48D2C33,-64,-6,16,4,-71,-13,0,-71,-13,0,5,0,-41,LTE BAND 3,24,62908.0,7.5,7654,nan,0,1.39,0.0000
1743426718.7381577,LTE,CONNECT,FDD,48D2C33,-64,-6,17,4,-72,-14,0,-72,-14,0,5,0,-41,LTE BAND 3,24,62926.0,7.5,7656,nan,0,1.48,0.0000
1743426719.845344,LTE,CONNECT,FDD,48D2C33,-64,-6,19,4,-73,-14,0,-73,-14,0,5,0,-41,LTE BAND 3,24,62910.0,7.5,7654,nan,0,1.51,0.0000
1743426720.9072134,LTE,CONNECT,FDD,48D2C33,-64,-6,17,5,-71,-13,0,-76,-16,-4,5,0,-41,LTE BAND 3,24,62914.0,7.5,7655,nan,0,1.52,0.0000
1743426721.9712167,LTE,CONNECT,FDD,48D2C33,-64,-6,17,4,-72,-13,0,-78,-16,-3,5,0,-41,LTE BAND 3,24,62912.0,7.5,7654,nan,0,1.53,0.0000
1743426723.0949967,LTE,CONNECT,FDD,48D2C33,-64,-6,17,3,-71,-12,0,-74,-15,-3,5,0,-41,LTE BAND 3,24,62916.0,7.5,7655,nan,0,1.53,0.0000
1743426724.168105,LTE,CONNECT,FDD,48D2C33,-64,-6,17,4,-71,-13,0,-71,-13,0,5,0,-42,LTE BAND 3,24,62920.0,7.5,7655,nan,0,1.53,0.0000
1743426725.2328825,LTE,CONNECT,FDD,48D2C33,-64,-6,17,5,-71,-12,0,-71,-12,0,5,0,-41,LTE BAND 3,24,62917.0,7.5,7655,nan,0,1.53,0.0000
1743426726.3071718,LTE,CONNECT,FDD,48D2C33,-64,-6,20,6,-71,-13,0,-77,-17,-4,5,0,-42,LTE BAND 3,24,62915.0,7.5,7655,nan,0,1.54,0.0000
1743426727.4178085,LTE,CONNECT,FDD,48D2C33,-64,-6,22,5,-71,-13,0,-71,-13,0,5,0,-42,LTE BAND 3,24,62913.0,7.5,7654,nan,0,1.55,0.0000
1743426728.5302005,LTE,CONNECT,FDD,48D2C33,-64,-6,21,4,-71,-13,0,-74,-16,-3,5,0,-41,LTE BAND 3,24,62917.0,7.5,7655,nan,0,1.58,0.0000
1743426729.6165936,LTE,CONNECT,FDD,48D2C33,-65,-6,15,5,-71,-13,0,-71,-13,0,5,0,-41,LTE BAND 3,24,62914.0,7.5,7655,nan,0,1.62,0.0000
1743426730.7525945,LTE,CONNECT,FDD,48D2C33,-64,-6,10,4,-72,-14,0,-72,-14,0,5,0,-41,LTE BAND 3,24,62906.0,7.5,7654,nan,0,1.75,0.0000
1743426731.8643398,LTE,CONNECT,FDD,48D2C33,-64,-6,16,4,-72,-13,0,-72,-13,0,5,0,-41,LTE BAND 3,24,62916.0,7.5,7655,nan,0,1.85,0.0000
1743426732.9553487,LTE,CONNECT,FDD,48D2C33,-64,-5,21,3,-72,-6,12,-78,-9,7,5,0,-42,LTE BAND 3,24,62909.0,7.5,7613,nan,29,1.36,0.0000
1743426734.04676,LTE,CONNECT,FDD,48D2C04,-69,-6,17,-7,0,0,0,0,0,0,5,1,-43,LTE BAND 1,24,20962.0,2.5,2550,nan,0,1.44,0.0000
1743426735.2152889,LTE,CONNECT,FDD,48D2C04,-69,-6,18,-5,0,0,0,0,0,0,5,0,-44,LTE BAND 1,24,20982.0,2.5,2553,nan,0,1.57,0.0000
1743426736.2820923,LTE,CONNECT,FDD,48D2C04,-70,-6,17,-5,0,0,0,0,0,0,5,0,-44,LTE BAND 1,24,20968.0,2.5,2551,nan,0,1.67,0.0000
1743426737.350184,LTE,CONNECT,FDD,48D2C04,-69,-6,15,-5,-80,-12,3,-80,-12,3,5,0,-44,LTE BAND 1,24,20974.0,2.5,2552,nan,0,1.73,0.0000
1743426738.465441,LTE,CONNECT,FDD,48D2C04,-70,-7,18,-4,-80,-12,3,-80,-12,3,5,0,-44,LTE BAND 1,24,20970.0,2.5,2534,nan,12,1.54,0.0000
1743426739.5369594,LTE,CONNECT,FDD,48D2C04,-72,-7,8,-4,0,0,0,0,0,0,5,0,-45,LTE BAND 1,24,31461.0,3.75,3811,nan,12,1.25,0.0000
1743426740.624512,LTE,CONNECT,FDD,48D2C04,-69,-7,6,-5,0,0,0,0,0,0,5,0,-43,LTE BAND 1,24,20973.0,2.5,2552,nan,0,1.32,0.0000
1743426741.6822248,LTE,CONNECT,FDD,48D2C04,-71,-7,8,-4,0,0,0,0,0,0,5,0,-44,LTE BAND 1,24,20968.0,2.5,2551,nan,0,1.38,0.0000
1743426742.7843308,LTE,CONNECT,FDD,48D2C04,-71,-8,15,-4,-80,-13,2,-80,-13,2,5,0,-44,LTE BAND 1,24,20970.0,2.5,2551,nan,0,1.47,0.0000
1743426743.8973255,LTE,CONNECT,FDD,48D2C04,-71,-8,8,0,-80,-15,0,-80,-15,0,5,0,-44,LTE BAND 1,24,31463.0,3.75,3828,nan,0,1.49,0.0000
1743426745.0155416,LTE,CONNECT,FDD,48D2C04,-72,-8,8,7,-80,-14,0,-80,-14,0,5,0,-44,LTE BAND 1,24,41945.0,5.0,5103,nan,0,1.51,0.0000
1743426746.080899,LTE,CONNECT,FDD,48D2C04,-71,-8,9,7,0,0,0,0,0,0,5,0,-43,LTE BAND 1,24,52430.0,6.25,6379,nan,0,1.51,0.0000
1743426747.1332612,LTE,CONNECT,FDD,48D2C04,-72,-8,8,8,-80,-13,1,-80,-13,1,5,0,-44,LTE BAND 1,24,41940.0,5.0,5103,nan,0,1.51,0.0000
1743426748.230573,LTE,CONNECT,FDD,48D2C04,-71,-8,8,7,-80,-16,1,-80,-16,1,5,0,-44,LTE BAND 1,24,52427.0,6.25,6379,nan,0,1.51,0.0000
1743426749.3579583,LTE,CONNECT,FDD,48D2C04,-70,-7,8,7,-80,-16,3,-80,-16,3,5,0,-43,LTE BAND 1,24,52435.0,6.25,6380,nan,0,1.52,0.0000
1743426750.4297209,LTE,CONNECT,FDD,48D2C04,-71,-6,12,7,-78,-14,2,-78,-14,2,5,0,-44,LTE BAND 1,24,52424.0,6.25,6378,nan,0,1.53,0.0000
1743426751.5508337,LTE,CONNECT,FDD,48D2C04,-72,-7,17,8,-80,-16,2,-80,-16,2,5,0,-44,LTE BAND 1,24,52429.0,6.25,6379,nan,0,1.55,0.0000
1743426752.6325362,LTE,CONNECT,FDD,48D2C04,-70,-6,14,9,0,0,0,0,0,0,5,0,-46,LTE BAND 1,24,52426.0,6.25,6378,nan,0,1.58,0.0000
1743426753.7297757,LTE,CONNECT,FDD,48D2C04,-68,-5,17,7,-63,-3,21,-81,-12,7,5,0,-44,LTE BAND 1,24,62919.0,7.5,7655,nan,0,1.63,0.0000
1743426754.809972,LTE,CONNECT,FDD,48D2C33,-62,-6,18,-14,0,0,0,0,0,0,5,1,-40,LTE BAND 3,24,20970.0,2.5,2551,nan,0,1.74,0.0000
1743426755.929907,LTE,CONNECT,FDD,48D2C33,-63,-6,19,-9,-71,-13,0,-71,-13,0,5,0,-41,LTE BAND 3,24,10484.0,1.25,1247,nan,20,1.37,0.0000
1743426757.0540874,LTE,CONNECT,FDD,48D2C33,-63,-6,18,-4,-71,-14,1,-71,-14,1,5,0,-41,LTE BAND 3,24,41943.0,5.0,5087,nan,11,1.31,0.0000
1743426758.179335,LTE,CONNECT,FDD,48D2C33,-63,-6,19,-3,-71,-14,1,-75,-16,-1,5,0,-41,LTE BAND 3,24,41946.0,5.0,5103,nan,0,1.44,0.0000
1743426759.3057144,LTE,CONNECT,FDD,48D2C33,-63,-6,10,-3,-71,-14,1,-74,-16,-2,5,0,-41,LTE BAND 3,24,41943.0,5.0,5103,nan,0,1.54,0.0000
1743426760.403698,LTE,CONNECT,FDD,48D2C33,-63,-6,8,-3,-72,-15,-1,-72,-15,-1,5,0,-41,LTE BAND 3,24,41950.0,5.0,5104,nan,0,1.63,0.0000
1743426961.3753421,NR5G-SA,NOCONN,TDD,DE3B0B093,-68,-1,6,0,0,0,0,0,0,0,100,1,-53,NR N78,0,nan,nan,nan,nan,nan,nan,nan
1743426962.4809787,NR5G-SA,CONNECT,TDD,DE3B0B093,-68,-1,6,0,0,0,0,0,0,0,20,0,-53,NR N78,0,nan,nan,nan,nan,nan,nan,nan
1743426963.5737185,NR5G-SA,CONNECT,TDD,DE3B0B093,-68,-2,6,21,0,0,0,0,0,0,100,0,-52,NR N78,21,31166.0,3.72,3792,nan,0,219.0,0.0000
1743426964.6067412,NR5G-SA,CONNECT,TDD,DE3B0B093,-68,-2,6,21,0,0,0,0,0,0,100,0,-52,NR N78,21,78189.0,9.32,9513,nan,0,949.0,0.0000
1743426965.6470172,NR5G-SA,CONNECT,TDD,DE3B0B093,-68,-2,6,21,0,0,0,0,0,0,100,0,-53,NR N78,23,71455.0,8.52,8694,nan,0,1.33,0.0000
1743426966.7502482,NR5G-SA,CONNECT,TDD,DE3B0B093,-68,-2,6,21,0,0,0,0,0,0,100,0,-53,NR N78,23,52430.0,6.25,6379,nan,0,1.64,0.0000
1743426967.816936,NR5G-SA,CONNECT,TDD,DE3B0B093,-68,-2,6,21,0,0,0,0,0,0,100,0,-53,NR N78,19,52428.0,6.25,6379,nan,0,1.97,0.0000
1743426968.91149,NR5G-SA,CONNECT,TDD,DE3B0B093,-68,-2,6,21,0,0,0,0,0,0,100,0,-54,NR N78,19,62914.0,7.5,7655,nan,0,2.35,0.0000
1743426969.9665153,NR5G-SA,CONNECT,TDD,DE3B0B093,-68,-1,6,21,-74,-7,-2,-74,-7,-2,100,0,-54,NR N78,21,62911.0,7.5,7654,nan,0,2.72,0.0000
1743426971.012888,NR5G-SA,CONNECT,TDD,DE3B0B093,-68,-2,5,21,-74,-8,0,-74,-8,0,100,0,-53,NR N78,21,62919.0,7.5,7655,nan,0,3.11,0.0000
1743426972.069903,NR5G-SA,CONNECT,TDD,DE3B0B093,-68,-2,6,21,-74,-8,4,-74,-8,4,100,0,-54,NR N78,22,73392.0,8.75,8929,nan,0,3.13,0.0000
1743426973.1198034,NR5G-SA,CONNECT,TDD,DE3B0B093,-69,-2,6,21,-75,-8,5,-75,-8,5,100,0,-54,NR N78,22,73407.0,8.75,8931,nan,0,3.13,0.0000
1743426974.2350776,NR5G-SA,CONNECT,TDD,DE3B0B093,-69,-2,6,21,-75,-8,5,-75,-8,5,100,0,-54,NR N78,22,62914.0,7.5,7655,nan,0,3.13,0.0000
1743426975.2860844,NR5G-SA,CONNECT,TDD,DE3B0B093,-68,-2,6,21,-75,-8,6,-75,-8,6,100,0,-54,NR N78,22,62910.0,7.5,7654,nan,0,3.13,0.0000
1743426986.765161,NR5G-SA,NOCONN,TDD,DE3B0B093,-69,-3,5,14,0,0,0,0,0,0,100,1,-53,NR N78,26,nan,nan,nan,nan,nan,nan,nan
1743426987.8721297,NR5G-SA,CONNECT,TDD,DE3B0B093,-69,-3,5,14,0,0,0,0,0,0,20,0,-53,NR N78,26,nan,nan,nan,nan,nan,nan,nan
1743426988.9153516,NR5G-SA,CONNECT,TDD,DE3B0B093,-68,-3,5,20,0,0,0,0,0,0,100,0,-51,NR N78,22,38726.0,4.62,4712,nan,0,278.0,0.0000
1743426990.015439,NR5G-SA,CONNECT,TDD,DE3B0B093,-68,-2,6,20,-74,-10,5,-74,-10,5,100,0,-52,NR N78,22,76639.0,9.14,9324,nan,0,1021.0,0.0000
1743426991.0887377,NR5G-SA,CONNECT,TDD,DE3B0B093,-67,-2,6,20,-74,-10,5,-74,-10,5,100,0,-50,NR N78,22,62512.0,7.45,7606,nan,0,1.36,0.0000
1743426992.1806254,NR5G-SA,CONNECT,TDD,DE3B0B093,-67,-2,7,20,-74,-9,5,-74,-9,5,100,0,-52,NR N78,22,73407.0,8.75,8931,nan,0,1.8,0.0000
1743426993.2499475,NR5G-SA,CONNECT,TDD,DE3B0B093,-67,-2,7,19,-74,-9,6,-74,-9,6,100,0,-52,NR N78,22,73402.0,8.75,8931,nan,0,2.2,0.0000
1743426994.3265653,NR5G-SA,CONNECT,TDD,DE3B0B093,-67,-1,7,19,-74,-8,5,-74,-8,5,100,0,-52,NR N78,22,73395.0,8.75,8930,nan,0,2.64,0.0000
1743426995.3957791,NR5G-SA,CONNECT,TDD,DE3B0B093,-67,-1,7,20,-75,-9,5,-75,-9,5,100,0,-54,NR N78,23,73405.0,8.75,8931,nan,0,3.08,0.0000
1743426996.4960773,NR5G-SA,CONNECT,TDD,DE3B0B093,-68,-1,7,20,-76,-9,6,-76,-9,6,100,0,-54,NR N78,23,73402.0,8.75,8931,nan,0,3.13,0.0000
1743426997.5639732,NR5G-SA,CONNECT,TDD,DE3B0B093,-68,-1,7,20,-76,-9,6,-76,-9,6,100,0,-54,NR N78,24,73396.0,8.75,8930,nan,0,3.13,0.0000
1743426998.6314874,NR5G-SA,CONNECT,TDD,DE3B0B093,-68,-1,7,20,-76,-9,6,-76,-9,6,100,0,-54,NR N78,24,83890.0,10.0,10207,nan,0,3.13,0.0000
1743426999.7029676,NR5G-SA,CONNECT,TDD,DE3B0B093,-68,-1,7,20,-75,-8,6,-75,-8,6,100,0,-54,NR N78,24,73394.0,8.75,8930,nan,0,3.13,0.0000
1743427000.7498627,NR5G-SA,CONNECT,TDD,DE3B0B093,-68,-2,7,20,-75,-9,5,-75,-9,5,100,0,-55,NR N78,24,83883.0,10.0,10206,nan,0,3.13,0.0000
1743427001.7962146,NR5G-SA,CONNECT,TDD,DE3B0B093,-68,-2,7,20,-76,-9,6,-76,-9,6,100,0,-54,NR N78,25,83887.0,10.0,10206,nan,0,3.13,0.0000
1743427002.8438237,NR5G-SA,CONNECT,TDD,DE3B0B093,-68,-1,7,20,-76,-9,6,-76,-9,6,100,0,-53,NR N78,25,73402.0,8.75,8931,nan,0,3.13,0.0000
1743427003.8904161,NR5G-SA,CONNECT,TDD,DE3B0B093,-68,-2,7,20,-76,-9,6,-76,-9,6,100,0,-48,NR N78,25,83877.0,10.0,10205,nan,0,3.13,0.0000
1743427004.9571574,NR5G-SA,CONNECT,TDD,DE3B0B093,-68,-1,7,20,-76,-9,6,-76,-9,6,100,0,-54,NR N78,24,83902.0,10.0,10208,nan,0,3.13,0.0000
1743427006.029761,NR5G-SA,CONNECT,TDD,DE3B0B093,-68,-1,7,20,-76,-9,6,-76,-9,6,100,0,-54,NR N78,24,73395.0,8.75,8930,nan,0,3.13,0.0000
1743427007.075868,NR5G-SA,CONNECT,TDD,DE3B0B093,-68,-1,7,20,-76,-9,6,-76,-9,6,100,0,-54,NR N78,24,73399.0,8.75,8930,nan,0,3.13,0.0000
1743427008.1254768,NR5G-SA,CONNECT,TDD,DE3B0B093,-68,-1,7,20,-76,-9,6,-76,-9,6,100,0,-53,NR N78,24,73399.0,8.75,8930,nan,0,3.13,0.0000
1743427009.1573687,NR5G-SA,CONNECT,TDD,DE3B0B093,-68,-2,6,20,-75,-8,5,-75,-8,5,100,0,-53,NR N78,24,83892.0,10.0,10207,nan,0,3.13,0.0000
1743427010.204861,NR5G-SA,CONNECT,TDD,DE3B0B093,-68,-2,5,20,-74,-8,3,-74,-8,3,100,0,-54,NR N78,24,73402.0,8.75,8931,nan,0,3.13,0.0000
1743427011.2898726,NR5G-SA,CONNECT,TDD,DE3B0B093,-69,-2,6,20,-75,-8,4,-75,-8,4,100,0,-54,NR N78,24,73394.0,8.75,8930,nan,0,3.13,0.0000
1743427012.3618648,NR5G-SA,CONNECT,TDD,DE3B0B093,-69,-2,5,20,-75,-8,4,-75,-8,4,100,0,-54,NR N78,24,83883.0,10.0,10206,nan,0,3.13,0.0000
1743427013.4037433,NR5G-SA,CONNECT,TDD,DE3B0B093,-69,-2,5,20,-75,-8,4,-75,-8,4,100,0,-55,NR N78,24,73408.0,8.75,8931,nan,0,3.13,0.0000
1743427014.4932826,NR5G-SA,CONNECT,TDD,DE3B0B093,-69,-1,5,20,-75,-7,5,-75,-7,5,100,0,-54,NR N78,24,73402.0,8.75,8931,nan,0,3.13,0.0000
1743427015.5617573,NR5G-SA,CONNECT,TDD,DE3B0B093,-69,-1,6,20,-75,-8,5,-75,-8,5,100,0,-54,NR N78,23,73400.0,8.75,8930,nan,0,3.13,0.0000
1743427016.6279984,NR5G-SA,CONNECT,TDD,DE3B0B093,-69,-2,6,20,-75,-8,4,-75,-8,4,100,0,-53,NR N78,23,73398.0,8.75,8930,nan,0,3.13,0.0000
1743427017.6690116,NR5G-SA,CONNECT,TDD,DE3B0B093,-69,-2,6,20,-75,-9,5,-75,-9,5,100,0,-51,NR N78,24,73402.0,8.75,8931,nan,0,3.13,0.0000
1743427018.7359378,NR5G-SA,CONNECT,TDD,DE3B0B093,-69,-2,6,20,-75,-9,6,-75,-9,6,100,0,-54,NR N78,24,73391.0,8.75,8929,nan,0,3.13,0.0000
1743427019.7980485,NR5G-SA,CONNECT,TDD,DE3B0B093,-69,-2,6,20,-75,-8,6,-75,-8,6,100,0,-51,NR N78,23,62917.0,7.5,7655,nan,0,3.13,0.0000
1743427020.8352988,NR5G-SA,CONNECT,TDD,DE3B0B093,-69,-2,6,20,-75,-8,4,-75,-8,4,100,0,-54,NR N78,23,62905.0,7.5,7653,nan,0,3.13,0.0000
1743427021.9059596,NR5G-SA,CONNECT,TDD,DE3B0B093,-69,-2,6,20,-75,-8,4,-75,-8,4,100,0,-51,NR N78,23,83905.0,10.0,10208,nan,0,3.13,0.0000
1743427022.9999614,NR5G-SA,CONNECT,TDD,DE3B0B093,-68,-3,6,20,-75,-9,5,-75,-9,5,100,0,-53,NR N78,23,62910.0,7.5,7654,nan,0,3.13,0.0000
1743427024.1017787,NR5G-SA,CONNECT,TDD,DE3B0B093,-68,-2,6,20,-75,-9,4,-75,-9,4,100,0,-53,NR N78,23,73413.0,8.75,8932,nan,0,3.13,0.0000
1743427025.1559408,NR5G-SA,CONNECT,TDD,DE3B0B093,-68,-2,6,20,-75,-9,5,-75,-9,5,100,0,-53,NR N78,22,62914.0,7.5,7655,nan,0,3.13,0.0000
1743427026.2115061,NR5G-SA,CONNECT,TDD,DE3B0B093,-68,-2,6,20,-75,-9,6,-75,-9,6,100,0,-53,NR N78,22,62909.0,7.5,7654,nan,0,3.13,0.0000
1743427027.2947576,NR5G-SA,CONNECT,TDD,DE3B0B093,-68,-2,7,20,-75,-9,6,-75,-9,6,100,0,-54,NR N78,22,73394.0,8.75,8930,nan,0,3.13,0.0000
1743427028.3278053,NR5G-SA,CONNECT,TDD,DE3B0B093,-68,-2,7,20,-75,-9,6,-75,-9,6,100,0,-53,NR N78,22,73408.0,8.75,8931,nan,0,3.13,0.0000
1743427029.3745606,NR5G-SA,CONNECT,TDD,DE3B0B093,-68,-2,7,21,-75,-9,4,-75,-9,4,100,0,-52,NR N78,24,73395.0,8.75,8930,nan,0,3.13,0.0000
1743427030.4169998,NR5G-SA,CONNECT,TDD,DE3B0B093,-68,-2,7,21,-75,-10,5,-75,-10,5,100,0,-52,NR N78,24,83897.0,10.0,10207,nan,0,3.13,0.0000
1743427031.4874082,NR5G-SA,CONNECT,TDD,DE3B0B093,-68,-3,7,20,-75,-10,6,-75,-10,6,100,0,-51,NR N78,25,73399.0,8.75,8930,nan,0,3.13,0.0000
1743427032.5613523,NR5G-SA,CONNECT,TDD,DE3B0B093,-68,-2,7,20,-75,-9,3,-75,-9,3,100,0,-53,NR N78,25,73401.0,8.75,8930,nan,0,3.13,0.0000
1743427033.6312017,NR5G-SA,CONNECT,TDD,DE3B0B093,-68,-2,7,20,-76,-10,4,-76,-10,4,100,0,-52,NR N78,24,73402.0,8.75,8931,nan,0,3.13,0.0000
1743427034.6744523,NR5G-SA,CONNECT,TDD,DE3B0B093,-68,-2,7,20,-76,-9,4,-76,-9,4,100,0,-53,NR N78,24,73401.0,8.75,8930,nan,0,3.13,0.0000
1743427035.7473001,NR5G-SA,CONNECT,TDD,DE3B0B093,-68,-1,7,20,-75,-9,5,-75,-9,5,100,0,-54,NR N78,25,73237.0,8.75,8911,nan,0,3.13,0.0000
1743427036.7905397,NR5G-SA,CONNECT,TDD,DE3B0B093,-68,-1,6,20,-75,-8,6,-75,-8,6,100,0,-53,NR N78,25,63055.0,7.5,7672,nan,0,3.13,0.0000
1743427037.8492408,NR5G-SA,CONNECT,TDD,DE3B0B093,-68,-1,6,20,-75,-8,6,-75,-8,6,100,0,-55,NR N78,25,73394.0,8.75,8930,nan,0,3.13,0.0000
1743427038.9718409,NR5G-SA,CONNECT,TDD,DE3B0B093,-68,-2,6,21,-75,-8,6,-75,-8,6,100,0,-52,NR N78,25,83888.0,10.0,10206,nan,0,3.13,0.0000
1743427040.0235934,NR5G-SA,CONNECT,TDD,DE3B0B093,-68,-2,6,21,-75,-8,6,-75,-8,6,100,0,-54,NR N78,25,73393.0,8.75,8929,nan,0,3.13,0.0000
1743427041.0709522,NR5G-SA,CONNECT,TDD,DE3B0B093,-68,-2,7,21,-76,-9,6,-76,-9,6,100,0,-53,NR N78,25,83904.0,10.0,10208,nan,0,3.13,0.0000
1743427042.1738632,NR5G-SA,CONNECT,TDD,DE3B0B093,-68,-2,7,21,-76,-9,5,-76,-9,5,100,0,-54,NR N78,25,73389.0,8.75,8929,nan,0,3.13,0.0000
1743427043.2251036,NR5G-SA,CONNECT,TDD,DE3B0B093,-68,-2,7,20,-76,-10,5,-76,-10,5,100,0,-54,NR N78,25,83888.0,10.0,10206,nan,0,3.13,0.0000
1743427044.2918622,NR5G-SA,CONNECT,TDD,DE3B0B093,-68,-2,7,20,-76,-10,5,-76,-10,5,100,0,-53,NR N78,25,73406.0,8.75,8931,nan,0,3.13,0.0000
1743427045.3632262,NR5G-SA,CONNECT,TDD,DE3B0B093,-68,-2,7,20,-76,-9,5,-76,-9,5,100,0,-54,NR N78,25,73392.0,8.75,8929,nan,0,3.13,0.0000
1743427046.3944397,NR5G-SA,CONNECT,TDD,DE3B0B093,-68,-2,7,20,-76,-9,6,-76,-9,6,100,0,-53,NR N78,25,83886.0,10.0,10206,nan,0,3.13,0.0000
1743427047.4246507,NR5G-SA,CONNECT,TDD,DE3B0B093,-68,-2,7,21,-76,-9,6,-76,-9,6,100,0,-52,NR N78,25,83895.0,10.0,10207,nan,0,3.13,0.0000
1743427048.4551914,NR5G-SA,CONNECT,TDD,DE3B0B093,-68,-2,7,21,-76,-9,6,-76,-9,6,100,0,-53,NR N78,25,73392.0,8.75,8929,nan,0,3.13,0.0000
1743427049.4955,NR5G-SA,CONNECT,TDD,DE3B0B093,-68,-2,7,20,-76,-9,6,-76,-9,6,100,0,-53,NR N78,25,83894.0,10.0,10207,nan,0,3.13,0.0000
1743427050.5474086,NR5G-SA,CONNECT,TDD,DE3B0B093,-68,-2,7,20,-76,-10,5,-76,-10,5,100,0,-53,NR N78,25,73400.0,8.75,8930,nan,0,3.13,0.0000
1743427051.59804,NR5G-SA,CONNECT,TDD,DE3B0B093,-68,-3,7,20,-76,-10,5,-76,-10,5,100,0,-48,NR N78,25,83893.0,10.0,10207,nan,0,3.13,0.0000
1743427052.6280496,NR5G-SA,CONNECT,TDD,DE3B0B093,-68,-3,7,20,-75,-10,5,-75,-10,5,100,0,-53,NR N78,25,73392.0,8.75,8929,nan,0,3.13,0.0000
1743427053.6818492,NR5G-SA,CONNECT,TDD,DE3B0B093,-68,-2,6,21,-75,-9,6,-75,-9,6,100,0,-53,NR N78,24,73401.0,8.75,8930,nan,0,3.13,0.0000
1743427054.723478,NR5G-SA,CONNECT,TDD,DE3B0B093,-68,-2,6,21,-75,-9,3,-75,-9,3,100,0,-54,NR N78,25,73396.0,8.75,8930,nan,0,3.13,0.0000
1743427055.8245468,NR5G-SA,CONNECT,TDD,DE3B0B093,-68,-2,6,21,-75,-8,3,-75,-8,3,100,0,-53,NR N78,25,73408.0,8.75,8931,nan,0,3.13,0.0000
1743427056.924117,NR5G-SA,CONNECT,TDD,DE3B0B093,-68,-1,6,20,-75,-8,5,-75,-8,5,100,0,-54,NR N78,25,73397.0,8.75,8930,nan,0,3.13,0.0000
1743427057.9943607,NR5G-SA,CONNECT,TDD,DE3B0B093,-68,-2,6,20,-75,-8,6,-75,-8,6,100,0,-53,NR N78,25,73402.0,8.75,8931,nan,0,3.13,0.0000
1743427059.0318398,NR5G-SA,CONNECT,TDD,DE3B0B093,-68,-2,6,20,-75,-9,6,-75,-9,6,100,0,-54,NR N78,25,73400.0,8.75,8930,nan,0,3.13,0.0000
1743427060.0737364,NR5G-SA,CONNECT,TDD,DE3B0B093,-68,-2,6,20,-75,-8,6,-75,-8,6,100,0,-52,NR N78,25,83879.0,10.0,10205,nan,0,3.13,0.0000
1743427061.1513038,NR5G-SA,CONNECT,TDD,DE3B0B093,-68,-2,6,21,-75,-8,6,-75,-8,6,100,0,-54,NR N78,25,73406.0,8.75,8931,nan,0,3.13,0.0000
1743427062.2045145,NR5G-SA,CONNECT,TDD,DE3B0B093,-68,-2,6,21,-75,-8,6,-75,-8,6,100,0,-51,NR N78,25,83881.0,10.0,10206,nan,0,3.13,0.0000
1743427063.2634537,NR5G-SA,CONNECT,TDD,DE3B0B093,-68,-2,6,21,-75,-8,5,-75,-8,5,100,0,-51,NR N78,25,73408.0,8.75,8931,nan,0,3.13,0.0000
1743427064.3262236,NR5G-SA,CONNECT,TDD,DE3B0B093,-68,-2,6,21,-75,-8,4,-75,-8,4,100,0,-53,NR N78,25,73397.0,8.75,8930,nan,0,3.13,0.0000
1743427065.370462,NR5G-SA,CONNECT,TDD,DE3B0B093,-68,-2,6,20,-74,-9,3,-74,-9,3,100,0,-51,NR N78,25,73391.0,8.75,8929,nan,0,3.13,0.0000
1743427066.4192455,NR5G-SA,CONNECT,TDD,DE3B0B093,-68,-2,6,20,-74,-8,4,-74,-8,4,100,0,-54,NR N78,25,73405.0,8.75,8931,nan,0,3.13,0.0000
1743427067.469839,NR5G-SA,CONNECT,TDD,DE3B0B093,-68,-2,6,20,-74,-8,5,-74,-8,5,100,0,-54,NR N78,24,73400.0,8.75,8930,nan,0,3.13,0.0000
1743427068.5215867,NR5G-SA,CONNECT,TDD,DE3B0B093,-68,-2,6,20,-74,-8,4,-74,-8,4,100,0,-50,NR N78,24,73396.0,8.75,8930,nan,0,3.13,0.0000
1743427069.5797172,NR5G-SA,CONNECT,TDD,DE3B0B093,-68,-2,5,20,-74,-8,4,-74,-8,4,100,0,-53,NR N78,24,73413.0,8.75,8932,nan,0,3.13,0.0000
1743427070.6787038,NR5G-SA,CONNECT,TDD,DE3B0B093,-68,-2,5,20,-74,-8,5,-74,-8,5,100,0,-54,NR N78,24,73385.0,8.75,8929,nan,0,3.13,0.0000
1743427071.7434316,NR5G-SA,CONNECT,TDD,DE3B0B093,-68,-2,5,21,-75,-8,4,-75,-8,4,100,0,-54,NR N78,23,62928.0,7.5,7656,nan,0,3.13,0.0000
1743427072.7947145,NR5G-SA,CONNECT,TDD,DE3B0B093,-69,-2,5,21,-75,-8,3,-75,-8,3,100,0,-53,NR N78,23,73402.0,8.75,8931,nan,0,3.13,0.0000
1743427073.8348894,NR5G-SA,CONNECT,TDD,DE3B0B093,-69,-2,5,20,-75,-8,3,-75,-8,3,100,0,-55,NR N78,23,62913.0,7.5,7654,nan,0,3.13,0.0000
1743427074.8696911,NR5G-SA,CONNECT,TDD,DE3B0B093,-69,-1,5,21,-75,-7,2,-75,-7,2,100,0,-55,NR N78,24,62910.0,7.5,7654,nan,0,3.13,0.0000
1743427075.9044154,NR5G-SA,CONNECT,TDD,DE3B0B093,-69,-2,5,21,-75,-7,2,-75,-7,2,100,0,-54,NR N78,24,73405.0,8.75,8931,nan,0,3.13,0.0000
1743427076.9584866,NR5G-SA,CONNECT,TDD,DE3B0B093,-69,-2,5,20,-75,-8,4,-75,-8,4,100,0,-54,NR N78,24,73399.0,8.75,8930,nan,0,3.13,0.0000
1743427078.0005744,NR5G-SA,CONNECT,TDD,DE3B0B093,-69,-2,6,20,-75,-8,5,-75,-8,5,100,0,-52,NR N78,24,62909.0,7.5,7654,nan,0,3.13,0.0000
1743427079.0664577,NR5G-SA,CONNECT,TDD,DE3B0B093,-69,-1,6,20,-76,-8,5,-76,-8,5,100,0,-54,NR N78,23,73400.0,8.75,8930,nan,0,3.13,0.0000
1743427080.1217196,NR5G-SA,CONNECT,TDD,DE3B0B093,-68,-2,7,20,-76,-9,6,-76,-9,6,100,0,-52,NR N78,23,73400.0,8.75,8930,nan,0,3.13,0.0000
1743427081.1771922,NR5G-SA,CONNECT,TDD,DE3B0B093,-69,-1,7,20,-76,-9,5,-76,-9,5,100,0,-55,NR N78,23,62912.0,7.5,7654,nan,0,3.13,0.0000
1743427082.2139535,NR5G-SA,CONNECT,TDD,DE3B0B093,-68,-2,7,20,-76,-9,6,-76,-9,6,100,0,-53,NR N78,23,73409.0,8.75,8931,nan,0,3.13,0.0000
1743427083.316141,NR5G-SA,CONNECT,TDD,DE3B0B093,-68,-1,7,21,-76,-9,5,-76,-9,5,100,0,-54,NR N78,23,73396.0,8.75,8930,nan,0,3.13,0.0000
1743427084.3888721,NR5G-SA,CONNECT,TDD,DE3B0B093,-68,-2,7,21,-76,-9,5,-76,-9,5,100,0,-53,NR N78,23,73401.0,8.75,8930,nan,0,3.13,0.0000
1743427085.4404306,NR5G-SA,CONNECT,TDD,DE3B0B093,-68,-1,7,21,-76,-9,5,-76,-9,5,100,0,-54,NR N78,24,73316.0,8.75,8920,nan,0,3.13,0.0000
1743427086.5062954,NR5G-SA,CONNECT,TDD,DE3B0B093,-68,-2,7,21,-76,-9,5,-76,-9,5,100,0,-51,NR N78,24,62979.0,7.5,7662,nan,0,3.13,0.0000
1743427087.5579305,NR5G-SA,CONNECT,TDD,DE3B0B093,-68,-2,7,20,-76,-9,6,-76,-9,6,100,0,-54,NR N78,24,73403.0,8.75,8931,nan,0,3.13,0.0000
1743427088.6109176,NR5G-SA,CONNECT,TDD,DE3B0B093,-68,-1,7,20,-76,-9,6,-76,-9,6,100,0,-53,NR N78,24,73404.0,8.75,8931,nan,0,3.13,0.0000
1743427089.6803586,NR5G-SA,CONNECT,TDD,DE3B0B093,-68,-2,7,20,-76,-9,6,-76,-9,6,100,0,-53,NR N78,23,62914.0,7.5,7655,nan,0,3.13,0.0000
1743427090.7444782,NR5G-SA,CONNECT,TDD,DE3B0B093,-68,-2,7,20,-75,-9,6,-75,-9,6,100,0,-54,NR N78,23,73405.0,8.75,8931,nan,0,3.13,0.0000
1743427091.7834578,NR5G-SA,CONNECT,TDD,DE3B0B093,-68,-3,6,20,-75,-9,5,-75,-9,5,100,0,-55,NR N78,24,73403.0,8.75,8931,nan,0,3.13,0.0000
1743427092.8328857,NR5G-SA,CONNECT,TDD,DE3B0B093,-69,-2,5,20,-75,-8,4,-75,-8,4,100,0,-55,NR N78,24,73395.0,8.75,8930,nan,0,3.13,0.0000
1743427093.8836281,NR5G-SA,CONNECT,TDD,DE3B0B093,-70,-3,4,20,-74,-8,3,-74,-8,3,100,0,-49,NR N78,24,62917.0,7.5,7655,nan,0,3.13,0.0000
1743427094.9497602,NR5G-SA,CONNECT,TDD,DE3B0B093,-70,-2,4,20,-75,-7,5,-75,-7,5,100,0,-56,NR N78,23,73392.0,8.75,8929,nan,0,3.13,0.0000
1743427095.990926,NR5G-SA,CONNECT,TDD,DE3B0B093,-70,-2,4,20,-75,-7,3,-75,-7,3,100,0,-53,NR N78,23,62919.0,7.5,7655,nan,0,3.13,0.0000
1743427097.0493689,NR5G-SA,CONNECT,TDD,DE3B0B093,-69,-2,5,21,-75,-8,2,-75,-8,2,100,0,-55,NR N78,23,62913.0,7.5,7654,nan,0,3.13,0.0000
1743427098.086882,NR5G-SA,CONNECT,TDD,DE3B0B093,-70,-2,6,21,-76,-8,3,-76,-8,3,100,0,-58,NR N78,23,73392.0,8.75,8929,nan,0,3.13,0.0000
1743427099.1441329,NR5G-SA,CONNECT,TDD,DE3B0B093,-71,-1,6,21,-78,-8,4,-78,-8,4,100,0,-58,NR N78,24,73419.0,8.75,8933,nan,0,3.13,0.0000
1743427100.202073,NR5G-SA,CONNECT,TDD,DE3B0B093,-71,-2,6,21,-77,-9,4,-77,-9,4,100,0,-54,NR N78,24,62906.0,7.5,7654,nan,0,3.13,0.0000
1743427101.2881012,NR5G-SA,CONNECT,TDD,DE3B0B093,-70,-2,6,21,-77,-9,5,-77,-9,5,100,0,-54,NR N78,23,73401.0,8.75,8930,nan,0,3.13,0.0000
1743427102.3829854,NR5G-SA,CONNECT,TDD,DE3B0B093,-69,-2,7,21,-76,-9,3,-76,-9,3,100,0,-53,NR N78,23,73398.0,8.75,8930,nan,0,3.13,0.0000
1743427103.4469898,NR5G-SA,CONNECT,TDD,DE3B0B093,-69,-2,7,20,-76,-9,3,-76,-9,3,100,0,-53,NR N78,24,73402.0,8.75,8931,nan,0,3.13,0.0000
1743427104.5102856,NR5G-SA,CONNECT,TDD,DE3B0B093,-69,-2,6,20,-76,-9,4,-76,-9,4,100,0,-53,NR N78,24,83899.0,10.0,10208,nan,0,3.13,0.0000
1743427105.5663536,NR5G-SA,CONNECT,TDD,DE3B0B093,-69,-3,6,20,-75,-10,4,-75,-10,4,100,0,-52,NR N78,25,62895.0,7.5,7652,nan,0,3.13,0.0000
1743427106.6062696,NR5G-SA,CONNECT,TDD,DE3B0B093,-69,-3,6,20,-76,-10,5,-76,-10,5,100,0,-55,NR N78,25,73408.0,8.75,8931,nan,0,3.13,0.0000
1743427107.6610484,NR5G-SA,CONNECT,TDD,DE3B0B093,-71,-3,8,20,-77,-9,5,-77,-9,5,100,0,-56,NR N78,25,83904.0,10.0,10208,nan,0,3.13,0.0000
1743427108.7173057,NR5G-SA,CONNECT,TDD,DE3B0B093,-71,-2,8,20,-78,-9,5,-78,-9,5,100,0,-52,NR N78,25,73393.0,8.75,8929,nan,0,3.13,0.0000
1743427109.7798572,NR5G-SA,CONNECT,TDD,DE3B0B093,-70,-2,7,20,-76,-9,5,-76,-9,5,100,0,-51,NR N78,25,73393.0,8.75,8929,nan,0,3.13,0.0000
1743427110.8739746,NR5G-SA,CONNECT,TDD,DE3B0B093,-69,-2,6,20,-76,-9,6,-76,-9,6,100,0,-54,NR N78,24,73415.0,8.75,8932,nan,0,3.13,0.0000
1743427111.9273741,NR5G-SA,CONNECT,TDD,DE3B0B093,-69,-2,6,20,-75,-9,5,-75,-9,5,100,0,-54,NR N78,24,73398.0,8.75,8930,nan,0,3.13,0.0000
1743427113.0086653,NR5G-SA,CONNECT,TDD,DE3B0B093,-70,-2,6,20,-77,-8,4,-77,-8,4,100,0,-57,NR N78,24,73403.0,8.75,8931,nan,0,3.13,0.0000
1743427114.0484276,NR5G-SA,CONNECT,TDD,DE3B0B093,-71,-2,7,20,-78,-9,4,-78,-9,4,100,0,-54,NR N78,24,73387.0,8.75,8929,nan,0,3.13,0.0000
1743427115.1058547,NR5G-SA,CONNECT,TDD,DE3B0B093,-72,-2,7,20,-78,-9,5,-78,-9,5,100,0,-57,NR N78,25,73403.0,8.75,8931,nan,0,3.13,0.0000
1743427116.184365,NR5G-SA,CONNECT,TDD,DE3B0B093,-72,-2,7,20,-78,-8,4,-78,-8,4,100,0,-56,NR N78,25,83889.0,10.0,10206,nan,0,3.13,0.0000
1743427117.2669435,NR5G-SA,CONNECT,TDD,DE3B0B093,-72,-3,7,20,-78,-9,4,-78,-9,4,100,0,-54,NR N78,25,83893.0,10.0,10207,nan,0,3.13,0.0000
1743427118.3313107,NR5G-SA,CONNECT,TDD,DE3B0B093,-70,-3,6,20,-76,-9,4,-76,-9,4,100,0,-51,NR N78,25,73396.0,8.75,8930,nan,0,3.13,0.0000
1743427119.3693252,NR5G-SA,CONNECT,TDD,DE3B0B093,-69,-2,6,20,-76,-8,5,-76,-8,5,100,0,-56,NR N78,25,83876.0,10.0,10205,nan,0,3.13,0.0000
1743427120.4422228,NR5G-SA,CONNECT,TDD,DE3B0B093,-71,-2,6,20,-77,-8,2,-77,-8,2,100,0,-58,NR N78,25,73415.0,8.75,8932,nan,0,3.13,0.0000
1743427121.4813006,NR5G-SA,CONNECT,TDD,DE3B0B093,-70,-2,5,20,-76,-8,3,-76,-8,3,100,0,-53,NR N78,24,83877.0,10.0,10205,nan,0,3.13,0.0000
1743427122.5328524,NR5G-SA,CONNECT,TDD,DE3B0B093,-69,-2,5,20,-75,-8,4,-75,-8,4,100,0,-55,NR N78,24,73396.0,8.75,8930,nan,0,3.13,0.0000
1743427123.6078165,NR5G-SA,CONNECT,TDD,DE3B0B093,-69,-2,5,20,-75,-7,3,-75,-7,3,100,0,-54,NR N78,25,83900.0,10.0,10208,nan,0,3.13,0.0000
1743427124.6825914,NR5G-SA,CONNECT,TDD,DE3B0B093,-69,-2,5,20,-74,-7,0,-74,-7,0,100,0,-49,NR N78,25,83881.0,10.0,10206,nan,0,3.13,0.0000
1743427125.747033,NR5G-SA,CONNECT,TDD,DE3B0B093,-69,-2,5,21,-74,-7,-1,-74,-7,-1,100,0,-54,NR N78,25,73393.0,8.75,8929,nan,0,3.13,0.0000
1743427126.7899067,NR5G-SA,CONNECT,TDD,DE3B0B093,-69,-2,5,21,-74,-8,0,-74,-8,0,100,0,-54,NR N78,25,83887.0,10.0,10206,nan,0,3.13,0.0000
1743427127.8278193,NR5G-SA,CONNECT,TDD,DE3B0B093,-69,-2,5,20,-74,-7,1,-74,-7,1,100,0,-54,NR N78,25,73402.0,8.75,8931,nan,0,3.13,0.0000
1743427128.9020889,NR5G-SA,CONNECT,TDD,DE3B0B093,-68,-2,5,20,-74,-8,3,-74,-8,3,100,0,-54,NR N78,25,83895.0,10.0,10207,nan,0,3.13,0.0000
1743427129.9363463,NR5G-SA,CONNECT,TDD,DE3B0B093,-68,-3,6,20,-75,-9,3,-75,-9,3,100,0,-53,NR N78,25,83877.0,10.0,10205,nan,0,3.13,0.0000
1743427130.9893117,NR5G-SA,CONNECT,TDD,DE3B0B093,-68,-2,6,21,-75,-8,4,-75,-8,4,100,0,-54,NR N78,25,83888.0,10.0,10206,nan,0,3.13,0.0000
1743427132.0580046,NR5G-SA,CONNECT,TDD,DE3B0B093,-69,-2,5,21,-74,-8,3,-74,-8,3,100,0,-52,NR N78,25,73393.0,8.75,8929,nan,0,3.13,0.0000
1743427133.0934782,NR5G-SA,CONNECT,TDD,DE3B0B093,-68,-2,5,21,-74,-8,3,-74,-8,3,100,0,-52,NR N78,25,83890.0,10.0,10207,nan,0,3.13,0.0000
1743427134.1633105,NR5G-SA,CONNECT,TDD,DE3B0B093,-68,-3,5,21,-74,-8,0,-74,-8,0,100,0,-51,NR N78,25,73404.0,8.75,8931,nan,0,3.13,0.0000
1743427135.2303636,NR5G-SA,CONNECT,TDD,DE3B0B093,-68,-4,5,21,-74,-9,0,-74,-9,0,100,0,-53,NR N78,24,73395.0,8.75,8930,nan,0,3.13,0.0000
1743427136.310018,NR5G-SA,CONNECT,TDD,DE3B0B093,-68,-3,5,21,-74,-9,1,-74,-9,1,100,0,-54,NR N78,24,62917.0,7.5,7655,nan,0,3.13,0.0000
1743427137.379778,NR5G-SA,CONNECT,TDD,DE3B0B093,-68,-2,5,20,-74,-8,3,-74,-8,3,100,0,-54,NR N78,24,62912.0,7.5,7654,nan,0,3.13,0.0000
1743427138.4254282,NR5G-SA,CONNECT,TDD,DE3B0B093,-69,-2,5,20,-75,-8,3,-75,-8,3,100,0,-52,NR N78,24,83895.0,10.0,10207,nan,0,3.13,0.0000
1743427139.504182,NR5G-SA,CONNECT,TDD,DE3B0B093,-69,-3,5,20,-75,-9,4,-75,-9,4,100,0,-54,NR N78,24,73398.0,8.75,8930,nan,0,3.13,0.0000
1743427140.5860808,NR5G-SA,CONNECT,TDD,DE3B0B093,-69,-4,6,20,-75,-10,3,-75,-10,3,100,0,-48,NR N78,24,52423.0,6.25,6378,nan,0,3.13,0.0000
1743427141.6310234,NR5G-SA,CONNECT,TDD,DE3B0B093,-69,-4,5,20,-75,-10,3,-75,-10,3,100,0,-48,NR N78,23,62915.0,7.5,7655,nan,0,3.13,0.0000
1743427142.668038,NR5G-SA,CONNECT,TDD,DE3B0B093,-69,-4,5,20,-75,-10,2,-75,-10,2,100,0,-50,NR N78,23,62916.0,7.5,7655,nan,0,3.13,0.0000
1743427143.781332,NR5G-SA,CONNECT,TDD,DE3B0B093,-69,-6,5,20,-74,-11,-1,-74,-11,-1,100,0,-50,NR N78,22,62922.0,7.5,7656,nan,0,3.13,0.0000
1743427144.830263,NR5G-SA,CONNECT,TDD,DE3B0B093,-68,-6,5,20,-74,-12,-3,-74,-12,-3,100,0,-52,NR N78,22,62907.0,7.5,7654,nan,0,3.13,0.0000
1743427145.878252,NR5G-SA,CONNECT,TDD,DE3B0B093,-69,-7,5,20,-74,-12,-2,-74,-12,-2,100,0,-48,NR N78,22,62919.0,7.5,7655,nan,0,3.13,0.0000
1743427146.9762645,NR5G-SA,CONNECT,TDD,DE3B0B093,-69,-6,6,20,-75,-12,0,-75,-12,0,100,0,-49,NR N78,23,73400.0,8.75,8930,nan,0,3.13,0.0000
1743427148.0419755,NR5G-SA,CONNECT,TDD,DE3B0B093,-69,-4,6,20,-75,-10,1,-75,-10,1,100,0,-55,NR N78,23,62903.0,7.5,7653,nan,0,3.13,0.0000
1743427149.1271389,NR5G-SA,CONNECT,TDD,DE3B0B093,-69,-2,6,20,-75,-9,0,-75,-9,0,100,0,-54,NR N78,23,73413.0,8.75,8932,nan,0,3.13,0.0000
1743427150.1943882,NR5G-SA,CONNECT,TDD,DE3B0B093,-69,-2,5,20,-75,-8,2,-75,-8,2,100,0,-54,NR N78,23,71843.0,8.75,8741,nan,0,3.13,0.0000
1743427151.2358837,NR5G-SA,CONNECT,TDD,DE3B0B093,-69,-1,5,20,-74,-7,3,-74,-7,3,100,0,-53,NR N78,23,75025.0,8.75,9128,nan,0,3.13,0.0000
1743427152.3140342,NR5G-SA,CONNECT,TDD,DE3B0B093,-69,-1,5,20,-74,-7,0,-74,-7,0,100,0,-53,NR N78,23,62903.0,7.5,7653,nan,0,3.13,0.0000
1743427153.392779,NR5G-SA,CONNECT,TDD,DE3B0B093,-69,-1,5,20,-74,-7,0,-74,-7,0,100,0,-54,NR N78,23,83910.0,10.0,10209,nan,0,3.13,0.0000
1743427154.434,NR5G-SA,CONNECT,TDD,DE3B0B093,-69,-1,5,20,-74,-7,-2,-74,-7,-2,100,0,-54,NR N78,23,83881.0,10.0,10206,nan,0,3.13,0.0000
1743427155.4962428,NR5G-SA,CONNECT,TDD,DE3B0B093,-69,-1,5,20,-74,-7,-3,-74,-7,-3,100,0,-54,NR N78,24,73383.0,8.75,8928,nan,0,3.13,0.0000
1743427156.572157,NR5G-SA,CONNECT,TDD,DE3B0B093,-69,-1,5,20,-75,-7,1,-75,-7,1,100,0,-54,NR N78,24,73417.0,8.75,8932,nan,0,3.13,0.0000
1743427157.6142201,NR5G-SA,CONNECT,TDD,DE3B0B093,-69,-2,5,20,-75,-8,1,-75,-8,1,100,0,-51,NR N78,24,83889.0,10.0,10206,nan,0,3.13,0.0000
1743427158.6776984,NR5G-SA,CONNECT,TDD,DE3B0B093,-69,-2,5,20,-75,-8,0,-75,-8,0,100,0,-55,NR N78,24,73395.0,8.75,8930,nan,0,3.13,0.0000
1743427159.7447307,NR5G-SA,CONNECT,TDD,DE3B0B093,-69,-2,5,20,-75,-8,1,-75,-8,1,100,0,-56,NR N78,24,83897.0,10.0,10207,nan,0,3.13,0.0000
1743427160.8271482,NR5G-SA,CONNECT,TDD,DE3B0B093,-71,-2,5,20,-76,-7,3,-76,-7,3,100,0,-58,NR N78,24,73389.0,8.75,8929,nan,0,3.13,0.0000
1743427161.8595634,NR5G-SA,CONNECT,TDD,DE3B0B093,-72,-3,5,20,-77,-8,4,-77,-8,4,100,0,-56,NR N78,24,73408.0,8.75,8931,nan,0,3.13,0.0000
1743427162.93123,NR5G-SA,CONNECT,TDD,DE3B0B093,-72,-2,5,20,-78,-7,3,-78,-7,3,100,0,-58,NR N78,24,83882.0,10.0,10206,nan,0,3.13,0.0000
1743427163.9829843,NR5G-SA,CONNECT,TDD,DE3B0B093,-73,-2,5,20,-78,-8,3,-78,-8,3,100,0,-55,NR N78,24,73400.0,8.75,8930,nan,0,3.13,0.0000
1743427165.066586,NR5G-SA,CONNECT,TDD,DE3B0B093,-73,-2,5,20,-78,-7,2,-78,-7,2,100,0,-58,NR N78,23,62905.0,7.5,7653,nan,0,3.13,0.0000
1743427166.117323,NR5G-SA,CONNECT,TDD,DE3B0B093,-73,-2,5,20,-78,-7,3,-78,-7,3,100,0,-58,NR N78,23,73410.0,8.75,8932,nan,0,3.13,0.0000
1743427167.1706839,NR5G-SA,CONNECT,TDD,DE3B0B093,-72,-1,5,21,-77,-7,4,-77,-7,4,100,0,-54,NR N78,22,62907.0,7.5,7654,nan,0,3.13,0.0000
1743427168.2514548,NR5G-SA,CONNECT,TDD,DE3B0B093,-70,-1,5,21,-76,-7,5,-76,-7,5,100,0,-54,NR N78,22,73406.0,8.75,8931,nan,0,3.13,0.0000
1743427169.308009,NR5G-SA,CONNECT,TDD,DE3B0B093,-69,-1,5,21,-75,-7,6,-75,-7,6,100,0,-54,NR N78,23,73398.0,8.75,8930,nan,0,3.13,0.0000
1743427170.3721163,NR5G-SA,CONNECT,TDD,DE3B0B093,-69,-1,5,21,-74,-7,3,-74,-7,3,100,0,-55,NR N78,23,83894.0,10.0,10207,nan,0,3.13,0.0000
1743427171.405896,NR5G-SA,CONNECT,TDD,DE3B0B093,-69,-1,5,20,-74,-7,3,-74,-7,3,100,0,-55,NR N78,24,73389.0,8.75,8929,nan,0,3.13,0.0000
1743427172.469076,NR5G-SA,CONNECT,TDD,DE3B0B093,-71,-2,4,20,-76,-7,3,-76,-7,3,100,0,-58,NR N78,24,83900.0,10.0,10208,nan,0,3.13,0.0000
1743427173.5381136,NR5G-SA,CONNECT,TDD,DE3B0B093,-72,-2,5,20,-77,-7,5,-77,-7,5,100,0,-54,NR N78,24,73392.0,8.75,8929,nan,0,3.13,0.0000
1743427174.6038105,NR5G-SA,CONNECT,TDD,DE3B0B093,-71,-2,5,20,-77,-8,4,-77,-8,4,100,0,-51,NR N78,24,83884.0,10.0,10206,nan,0,3.13,0.0000
1743427175.6744945,NR5G-SA,CONNECT,TDD,DE3B0B093,-70,-3,5,20,-75,-9,4,-75,-9,4,100,0,-53,NR N78,24,73400.0,8.75,8930,nan,0,3.13,0.0000
1743427176.7394428,NR5G-SA,CONNECT,TDD,DE3B0B093,-69,-2,6,20,-75,-8,5,-75,-8,5,100,0,-53,NR N78,24,83897.0,10.0,10207,nan,0,3.13,0.0000
1743427177.8259802,NR5G-SA,CONNECT,TDD,DE3B0B093,-68,-1,6,20,-75,-8,6,-75,-8,6,100,0,-53,NR N78,24,73395.0,8.75,8930,nan,0,3.13,0.0000
1743427178.9196668,NR5G-SA,CONNECT,TDD,DE3B0B093,-68,-1,6,20,-74,-7,7,-74,-7,7,100,0,-54,NR N78,22,62912.0,7.5,7654,nan,0,3.13,0.0000
1743427179.9692454,NR5G-SA,CONNECT,TDD,DE3B0B093,-68,-2,5,20,-74,-7,5,-74,-7,5,100,0,-53,NR N78,22,73402.0,8.75,8931,nan,0,3.13,0.0000
1743427181.0117965,NR5G-SA,CONNECT,TDD,DE3B0B093,-68,-2,6,20,-74,-8,6,-74,-8,6,100,0,-52,NR N78,23,73405.0,8.75,8931,nan,0,3.13,0.0000
1743427182.0451667,NR5G-SA,CONNECT,TDD,DE3B0B093,-68,-1,6,20,-74,-8,7,-74,-8,7,100,0,-54,NR N78,23,62912.0,7.5,7654,nan,0,3.13,0.0000
1743427183.148349,NR5G-SA,CONNECT,TDD,DE3B0B093,-68,-1,6,20,-74,-8,7,-74,-8,7,100,0,-53,NR N78,22,62909.0,7.5,7654,nan,0,3.13,0.0000
1743427184.2434309,NR5G-SA,CONNECT,TDD,DE3B0B093,-68,-1,6,20,-74,-8,5,-74,-8,5,100,0,-53,NR N78,22,73404.0,8.75,8931,nan,0,3.13,0.0000
1743427185.2996616,NR5G-SA,CONNECT,TDD,DE3B0B093,-68,-2,5,20,-74,-8,2,-74,-8,2,100,0,-53,NR N78,22,73400.0,8.75,8930,nan,0,3.13,0.0000
1743427186.3407345,NR5G-SA,CONNECT,TDD,DE3B0B093,-68,-2,5,20,-74,-8,1,-74,-8,1,100,0,-53,NR N78,22,73406.0,8.75,8931,nan,0,3.13,0.0000
1743427187.4120178,NR5G-SA,CONNECT,TDD,DE3B0B093,-68,-2,5,20,-74,-8,3,-74,-8,3,100,0,-53,NR N78,23,73391.0,8.75,8929,nan,0,3.13,0.0000
1743427188.4752553,NR5G-SA,CONNECT,TDD,DE3B0B093,-68,-2,5,20,-74,-7,5,-74,-7,5,100,0,-52,NR N78,23,83897.0,10.0,10207,nan,0,3.13,0.0000
1743427189.5123527,NR5G-SA,CONNECT,TDD,DE3B0B093,-68,-3,6,20,-74,-9,6,-74,-9,6,100,0,-52,NR N78,24,73401.0,8.75,8930,nan,0,3.13,0.0000
1743427190.5837042,NR5G-SA,CONNECT,TDD,DE3B0B093,-68,-2,6,20,-74,-9,6,-74,-9,6,100,0,-52,NR N78,24,73391.0,8.75,8929,nan,0,3.13,0.0000
1743427191.6349235,NR5G-SA,CONNECT,TDD,DE3B0B093,-68,-3,6,20,-74,-10,6,-74,-10,6,100,0,-52,NR N78,25,83892.0,10.0,10207,nan,0,3.13,0.0000
1743427192.6915386,NR5G-SA,CONNECT,TDD,DE3B0B093,-68,-3,6,20,-74,-9,6,-74,-9,6,100,0,-52,NR N78,25,73399.0,8.75,8930,nan,0,3.13,0.0000
1743427193.738331,NR5G-SA,CONNECT,TDD,DE3B0B093,-68,-3,6,20,-74,-10,6,-74,-10,6,100,0,-48,NR N78,24,83890.0,10.0,10207,nan,0,3.13,0.0000
1743427194.8107615,NR5G-SA,CONNECT,TDD,DE3B0B093,-68,-2,6,20,-75,-9,5,-75,-9,5,100,0,-53,NR N78,24,73394.0,8.75,8930,nan,0,3.13,0.0000
1743427195.8782897,NR5G-SA,CONNECT,TDD,DE3B0B093,-67,-2,7,20,-75,-9,6,-75,-9,6,100,0,-52,NR N78,24,73406.0,8.75,8931,nan,0,3.13,0.0000
1743427196.9319654,NR5G-SA,CONNECT,TDD,DE3B0B093,-67,-2,7,20,-75,-9,6,-75,-9,6,100,0,-52,NR N78,23,73398.0,8.75,8930,nan,0,3.13,0.0000
1743427197.9598382,NR5G-SA,CONNECT,TDD,DE3B0B093,-67,-1,7,20,-75,-9,6,-75,-9,6,100,0,-53,NR N78,23,73399.0,8.75,8930,nan,0,3.13,0.0000
1743427199.0379245,NR5G-SA,CONNECT,TDD,DE3B0B093,-67,-2,6,21,-74,-9,7,-74,-9,7,100,0,-52,NR N78,23,73396.0,8.75,8930,nan,0,3.13,0.0000
1743427200.0904202,NR5G-SA,CONNECT,TDD,DE3B0B093,-67,-2,7,21,-75,-9,6,-75,-9,6,100,0,-53,NR N78,23,73401.0,8.75,8930,nan,0,3.13,0.0000
1743427201.2021797,NR5G-SA,CONNECT,TDD,DE3B0B093,-70,-2,7,20,-77,-9,5,-77,-9,5,100,0,-56,NR N78,23,62910.0,7.5,7654,nan,0,3.13,0.0000
1743427202.248511,NR5G-SA,CONNECT,TDD,DE3B0B093,-71,-2,7,20,-78,-9,5,-78,-9,5,100,0,-58,NR N78,23,73409.0,8.75,8931,nan,0,3.13,0.0000
1743427203.2953227,NR5G-SA,CONNECT,TDD,DE3B0B093,-71,-1,7,20,-78,-9,5,-78,-9,5,100,0,-53,NR N78,23,73404.0,8.75,8931,nan,0,3.13,0.0000
1743427204.3891845,NR5G-SA,CONNECT,TDD,DE3B0B093,-69,-1,7,20,-76,-9,5,-76,-9,5,100,0,-53,NR N78,23,62908.0,7.5,7654,nan,0,3.13,0.0000
1743427205.428466,NR5G-SA,CONNECT,TDD,DE3B0B093,-68,-1,7,20,-76,-9,5,-76,-9,5,100,0,-54,NR N78,21,62912.0,7.5,7654,nan,0,3.13,0.0000
1743427206.463934,NR5G-SA,CONNECT,TDD,DE3B0B093,-68,-1,7,20,-75,-9,6,-75,-9,6,100,0,-52,NR N78,21,73404.0,8.75,8931,nan,0,3.13,0.0000
1743427207.525831,NR5G-SA,CONNECT,TDD,DE3B0B093,-67,-1,7,20,-75,-9,6,-75,-9,6,100,0,-53,NR N78,24,73392.0,8.75,8929,nan,0,3.13,0.0000
1743427208.5734146,NR5G-SA,CONNECT,TDD,DE3B0B093,-67,-1,7,20,-75,-9,6,-75,-9,6,100,0,-54,NR N78,24,73400.0,8.75,8930,nan,0,3.13,0.0000
1743427209.6033714,NR5G-SA,CONNECT,TDD,DE3B0B093,-67,-1,7,20,-75,-9,6,-75,-9,6,100,0,-51,NR N78,23,73408.0,8.75,8931,nan,0,3.13,0.0000
1743427210.6413734,NR5G-SA,CONNECT,TDD,DE3B0B093,-67,-1,7,20,-75,-9,6,-75,-9,6,100,0,-52,NR N78,23,73401.0,8.75,8930,nan,0,3.13,0.0000
1743427211.6723726,NR5G-SA,CONNECT,TDD,DE3B0B093,-67,-1,7,20,-75,-9,6,-75,-9,6,100,0,-53,NR N78,23,73403.0,8.75,8931,nan,0,3.13,0.0000
1743427212.7584577,NR5G-SA,CONNECT,TDD,DE3B0B093,-68,-1,7,20,-75,-9,6,-75,-9,6,100,0,-53,NR N78,23,73405.0,8.75,8931,nan,0,3.13,0.0000
1743427213.79819,NR5G-SA,CONNECT,TDD,DE3B0B093,-67,-1,7,20,-75,-9,6,-75,-9,6,100,0,-53,NR N78,24,73397.0,8.75,8930,nan,0,3.13,0.0000
1743427214.8387926,NR5G-SA,CONNECT,TDD,DE3B0B093,-67,-1,7,20,-75,-9,6,-75,-9,6,100,0,-53,NR N78,23,62907.0,7.5,7654,nan,0,3.13,0.0000
1743427215.8894339,NR5G-SA,CONNECT,TDD,DE3B0B093,-67,-1,7,20,-75,-9,6,-75,-9,6,100,0,-53,NR N78,23,83900.0,10.0,10208,nan,0,3.13,0.0000
1743427216.9200873,NR5G-SA,CONNECT,TDD,DE3B0B093,-67,-1,7,20,-75,-9,5,-75,-9,5,100,0,-53,NR N78,24,73399.0,8.75,8930,nan,0,3.13,0.0000
1743427217.9700754,NR5G-SA,CONNECT,TDD,DE3B0B093,-68,-2,6,20,-75,-9,5,-75,-9,5,100,0,-53,NR N78,24,73414.0,8.75,8932,nan,0,3.13,0.0000
1743427219.060819,NR5G-SA,CONNECT,TDD,DE3B0B093,-68,-1,6,20,-75,-8,6,-75,-8,6,100,0,-53,NR N78,23,73400.0,8.75,8930,nan,0,3.13,0.0000
1743427220.1366026,NR5G-SA,CONNECT,TDD,DE3B0B093,-67,-1,6,20,-74,-8,6,-74,-8,6,100,0,-53,NR N78,23,73399.0,8.75,8930,nan,0,3.13,0.0000
1743427221.187635,NR5G-SA,CONNECT,TDD,DE3B0B093,-67,-1,7,20,-75,-8,6,-75,-8,6,100,0,-53,NR N78,23,73402.0,8.75,8931,nan,0,3.13,0.0000
1743427222.2307205,NR5G-SA,CONNECT,TDD,DE3B0B093,-67,-1,7,20,-75,-9,6,-75,-9,6,100,0,-53,NR N78,23,73401.0,8.75,8930,nan,0,3.13,0.0000
1743427223.2921662,NR5G-SA,CONNECT,TDD,DE3B0B093,-68,-1,7,20,-75,-9,6,-75,-9,6,100,0,-50,NR N78,23,62908.0,7.5,7654,nan,0,3.13,0.0000
1743427224.3429272,NR5G-SA,CONNECT,TDD,DE3B0B093,-68,-2,7,20,-75,-9,6,-75,-9,6,100,0,-53,NR N78,23,73403.0,8.75,8931,nan,0,3.13,0.0000
1743427225.3906167,NR5G-SA,CONNECT,TDD,DE3B0B093,-68,-2,7,20,-75,-9,6,-75,-9,6,100,0,-53,NR N78,22,62916.0,7.5,7655,nan,0,3.13,0.0000
1743427226.4969282,NR5G-SA,CONNECT,TDD,DE3B0B093,-68,-1,7,20,-75,-9,6,-75,-9,6,100,0,-53,NR N78,22,62911.0,7.5,7654,nan,0,3.13,0.0000
1743427227.553183,NR5G-SA,CONNECT,TDD,DE3B0B093,-67,-1,7,20,-75,-9,6,-75,-9,6,100,0,-53,NR N78,21,62916.0,7.5,7655,nan,0,3.13,0.0000
1743427228.596555,NR5G-SA,CONNECT,TDD,DE3B0B093,-67,-2,7,20,-75,-10,5,-75,-10,5,100,0,-53,NR N78,21,73400.0,8.75,8930,nan,0,3.13,0.0000
1743427229.6952538,NR5G-SA,CONNECT,TDD,DE3B0B093,-67,-2,7,20,-75,-10,6,-75,-10,6,100,0,-52,NR N78,22,62920.0,7.5,7655,nan,0,3.13,0.0000
1743427230.7271326,NR5G-SA,CONNECT,TDD,DE3B0B093,-67,-2,7,20,-75,-9,6,-75,-9,6,100,0,-53,NR N78,22,62915.0,7.5,7655,nan,0,3.13,0.0000
1743427231.7789423,NR5G-SA,CONNECT,TDD,DE3B0B093,-68,-2,7,20,-75,-9,6,-75,-9,6,100,0,-53,NR N78,21,62908.0,7.5,7654,nan,0,3.13,0.0000
1743427232.8500226,NR5G-SA,CONNECT,TDD,DE3B0B093,-68,-2,7,20,-75,-9,6,-75,-9,6,100,0,-53,NR N78,21,62917.0,7.5,7655,nan,0,3.13,0.0000
1743427233.8827872,NR5G-SA,CONNECT,TDD,DE3B0B093,-68,-1,7,20,-75,-9,6,-75,-9,6,100,0,-54,NR N78,21,62916.0,7.5,7655,nan,0,3.13,0.0000
1743427234.9587245,NR5G-SA,CONNECT,TDD,DE3B0B093,-68,-1,7,20,-75,-8,6,-75,-8,6,100,0,-54,NR N78,22,73397.0,8.75,8930,nan,0,3.13,0.0000
1743427235.9939811,NR5G-SA,CONNECT,TDD,DE3B0B093,-68,-1,7,20,-75,-8,6,-75,-8,6,100,0,-54,NR N78,22,62910.0,7.5,7654,nan,0,3.13,0.0000
1743427237.036521,NR5G-SA,CONNECT,TDD,DE3B0B093,-68,-1,6,21,-75,-8,4,-75,-8,4,100,0,-55,NR N78,23,73406.0,8.75,8931,nan,0,3.13,0.0000
1743427238.1329834,NR5G-SA,CONNECT,TDD,DE3B0B093,-69,-2,6,21,-75,-8,3,-75,-8,3,100,0,-55,NR N78,23,73402.0,8.75,8931,nan,0,3.13,0.0000
1743427239.1798995,NR5G-SA,CONNECT,TDD,DE3B0B093,-69,-2,6,21,-75,-8,3,-75,-8,3,100,0,-55,NR N78,23,73399.0,8.75,8930,nan,0,3.13,0.0000
1743427240.214155,NR5G-SA,CONNECT,TDD,DE3B0B093,-69,-2,6,21,-76,-8,3,-76,-8,3,100,0,-57,NR N78,23,62910.0,7.5,7654,nan,0,3.13,0.0000
1743427241.2617939,NR5G-SA,CONNECT,TDD,DE3B0B093,-70,-1,6,20,-77,-8,5,-77,-8,5,100,0,-54,NR N78,23,73401.0,8.75,8930,nan,0,3.13,0.0000
1743427242.322754,NR5G-SA,CONNECT,TDD,DE3B0B093,-71,-1,6,20,-77,-8,5,-77,-8,5,100,0,-58,NR N78,23,73408.0,8.75,8931,nan,0,3.13,0.0000
1743427243.4038548,NR5G-SA,CONNECT,TDD,DE3B0B093,-72,-1,6,20,-78,-8,5,-78,-8,5,100,0,-58,NR N78,22,73400.0,8.75,8930,nan,0,3.13,0.0000
1743427244.444508,NR5G-SA,CONNECT,TDD,DE3B0B093,-72,-1,6,20,-79,-8,3,-79,-8,3,100,0,-58,NR N78,22,73398.0,8.75,8930,nan,0,3.13,0.0000
1743427245.510174,NR5G-SA,CONNECT,TDD,DE3B0B093,-73,-2,6,20,-79,-8,5,-79,-8,5,100,0,-57,NR N78,23,73397.0,8.75,8930,nan,0,3.13,0.0000
1743427246.5691478,NR5G-SA,CONNECT,TDD,DE3B0B093,-73,-2,6,20,-79,-8,3,-79,-8,3,100,0,-58,NR N78,23,83889.0,10.0,10206,nan,0,3.13,0.0000
1743427247.6522238,NR5G-SA,CONNECT,TDD,DE3B0B093,-73,-2,5,20,-79,-8,1,-79,-8,1,100,0,-58,NR N78,24,83881.0,10.0,10206,nan,0,3.13,0.0000
1743427248.71029,NR5G-SA,CONNECT,TDD,DE3B0B093,-73,-2,5,20,-79,-8,1,-79,-8,1,100,0,-55,NR N78,24,83896.0,10.0,10207,nan,0,3.13,0.0000
1743427249.7475672,NR5G-SA,CONNECT,TDD,DE3B0B093,-73,-2,5,20,-78,-8,3,-78,-8,3,100,0,-54,NR N78,25,73394.0,8.75,8930,nan,0,3.13,0.0000
1743427250.7883427,NR5G-SA,CONNECT,TDD,DE3B0B093,-72,-2,6,20,-78,-7,4,-78,-7,4,100,0,-58,NR N78,25,83880.0,10.0,10205,nan,0,3.13,0.0000
1743427251.8540063,NR5G-SA,CONNECT,TDD,DE3B0B093,-71,-2,6,20,-76,-8,2,-76,-8,2,100,0,-52,NR N78,25,73408.0,8.75,8931,nan,0,3.13,0.0000
1743427252.9164667,NR5G-SA,CONNECT,TDD,DE3B0B093,-70,-2,6,20,-76,-8,2,-76,-8,2,100,0,-54,NR N78,23,73401.0,8.75,8930,nan,0,3.13,0.0000
1743427253.993414,NR5G-SA,CONNECT,TDD,DE3B0B093,-69,-2,6,20,-75,-8,0,-75,-8,0,100,0,-52,NR N78,23,62908.0,7.5,7654,nan,0,3.13,0.0000
1743427255.0905511,NR5G-SA,CONNECT,TDD,DE3B0B093,-69,-2,6,20,-75,-8,2,-75,-8,2,100,0,-54,NR N78,22,73397.0,8.75,8930,nan,0,3.13,0.0000
1743427256.1407902,NR5G-SA,CONNECT,TDD,DE3B0B093,-69,-2,6,20,-75,-9,2,-75,-9,2,100,0,-53,NR N78,22,73415.0,8.75,8932,nan,0,3.13,0.0000
1743427257.2045393,NR5G-SA,CONNECT,TDD,DE3B0B093,-69,-2,6,20,-75,-9,4,-75,-9,4,100,0,-54,NR N78,22,62908.0,7.5,7654,nan,0,3.13,0.0000
1743427258.2709935,NR5G-SA,CONNECT,TDD,DE3B0B093,-69,-2,6,20,-75,-8,3,-75,-8,3,100,0,-54,NR N78,22,83894.0,10.0,10207,nan,0,3.13,0.0000
1743427259.3037024,NR5G-SA,CONNECT,TDD,DE3B0B093,-69,-3,6,20,-75,-10,3,-75,-10,3,100,0,-52,NR N78,24,83881.0,10.0,10206,nan,0,3.13,0.0000
1743427260.3530045,NR5G-SA,CONNECT,TDD,DE3B0B093,-68,-3,6,20,-75,-9,4,-75,-9,4,100,0,-53,NR N78,24,83884.0,10.0,10206,nan,0,3.13,0.0000
1743427261.3846405,NR5G-SA,CONNECT,TDD,DE3B0B093,-68,-3,6,20,-75,-9,6,-75,-9,6,100,0,-54,NR N78,26,83887.0,10.0,10206,nan,0,3.13,0.0000
1743427262.483353,NR5G-SA,CONNECT,TDD,DE3B0B093,-68,-2,6,20,-75,-9,6,-75,-9,6,100,0,-54,NR N78,26,83894.0,10.0,10207,nan,0,3.13,0.0000
1743427263.5798256,NR5G-SA,CONNECT,TDD,DE3B0B093,-68,-2,6,20,-75,-9,6,-75,-9,6,100,0,-53,NR N78,24,73392.0,8.75,8929,nan,0,3.13,0.0000
1743427264.6115797,NR5G-SA,CONNECT,TDD,DE3B0B093,-68,-1,6,20,-75,-8,6,-75,-8,6,100,0,-54,NR N78,24,83896.0,10.0,10207,nan,0,3.13,0.0000
1743427265.6917815,NR5G-SA,CONNECT,TDD,DE3B0B093,-68,-1,6,20,-75,-8,6,-75,-8,6,100,0,-53,NR N78,24,83840.0,10.0,10201,nan,0,3.13,0.0000
1743427266.7222362,NR5G-SA,CONNECT,TDD,DE3B0B093,-68,-1,6,20,-75,-8,6,-75,-8,6,100,0,-53,NR N78,24,73434.0,8.75,8934,nan,0,3.13,0.0000
1743427267.7731006,NR5G-SA,CONNECT,TDD,DE3B0B093,-68,-2,6,20,-75,-9,6,-75,-9,6,100,0,-52,NR N78,25,83885.0,10.0,10206,nan,0,3.13,0.0000
1743427268.8094683,NR5G-SA,CONNECT,TDD,DE3B0B093,-68,-1,6,20,-75,-8,6,-75,-8,6,100,0,-54,NR N78,25,83894.0,10.0,10207,nan,0,3.13,0.0000
1743427269.8708127,NR5G-SA,CONNECT,TDD,DE3B0B093,-68,-1,6,20,-75,-8,5,-75,-8,5,100,0,-53,NR N78,25,83885.0,10.0,10206,nan,0,3.13,0.0000
1743427270.9490037,NR5G-SA,CONNECT,TDD,DE3B0B093,-68,-1,6,20,-75,-8,5,-75,-8,5,100,0,-53,NR N78,25,83880.0,10.0,10205,nan,0,3.13,0.0000
1743427272.0079982,NR5G-SA,CONNECT,TDD,DE3B0B093,-68,-1,6,20,-75,-8,6,-75,-8,6,100,0,-54,NR N78,25,94381.0,11.2,11483,nan,0,3.13,0.0000
1743427273.0716352,NR5G-SA,CONNECT,TDD,DE3B0B093,-68,-1,7,20,-76,-8,6,-76,-8,6,100,0,-54,NR N78,25,83878.0,10.0,10205,nan,0,3.13,0.0000
1743427274.1462736,NR5G-SA,CONNECT,TDD,DE3B0B093,-68,-1,7,20,-75,-9,6,-75,-9,6,100,0,-53,NR N78,25,83876.0,10.0,10205,nan,0,3.13,0.0000
1743427275.2017906,NR5G-SA,CONNECT,TDD,DE3B0B093,-68,-1,7,20,-76,-9,6,-76,-9,6,100,0,-53,NR N78,25,83899.0,10.0,10208,nan,0,3.13,0.0000
1743427276.275828,NR5G-SA,CONNECT,TDD,DE3B0B093,-68,-2,7,20,-76,-10,6,-76,-10,6,100,0,-50,NR N78,25,83896.0,10.0,10207,nan,0,3.13,0.0000
1743427277.3780782,NR5G-SA,CONNECT,TDD,DE3B0B093,-68,-2,7,20,-75,-10,6,-75,-10,6,100,0,-53,NR N78,25,73390.0,8.75,8929,nan,0,3.13,0.0000
1743427278.4769511,NR5G-SA,CONNECT,TDD,DE3B0B093,-68,-2,7,20,-75,-9,6,-75,-9,6,100,0,-51,NR N78,25,62915.0,7.5,7655,nan,0,3.13,0.0000
1743427279.5973287,NR5G-SA,CONNECT,TDD,DE3B0B093,-68,-2,7,20,-75,-9,6,-75,-9,6,100,0,-53,NR N78,22,62912.0,7.5,7654,nan,0,3.13,0.0000
1743427280.6373842,NR5G-SA,CONNECT,TDD,DE3B0B093,-68,-2,6,20,-75,-9,6,-75,-9,6,100,0,-51,NR N78,22,73407.0,8.75,8931,nan,0,3.13,0.0000
1743427281.6921077,NR5G-SA,CONNECT,TDD,DE3B0B093,-68,-2,6,20,-75,-9,5,-75,-9,5,100,0,-54,NR N78,22,73402.0,8.75,8931,nan,0,3.13,0.0000
1743427282.7923384,NR5G-SA,CONNECT,TDD,DE3B0B093,-68,-3,6,20,-75,-9,5,-75,-9,5,100,0,-51,NR N78,22,62918.0,7.5,7655,nan,0,3.13,0.0000
1743427283.8449829,NR5G-SA,CONNECT,TDD,DE3B0B093,-68,-2,6,20,-75,-9,5,-75,-9,5,100,0,-50,NR N78,22,62910.0,7.5,7654,nan,0,3.13,0.0000
1743427284.9206865,NR5G-SA,CONNECT,TDD,DE3B0B093,-68,-2,6,20,-75,-9,6,-75,-9,6,100,0,-52,NR N78,22,73407.0,8.75,8931,nan,0,3.13,0.0000
1743427285.9771733,NR5G-SA,CONNECT,TDD,DE3B0B093,-68,-3,6,20,-75,-10,4,-75,-10,4,100,0,-53,NR N78,22,62908.0,7.5,7654,nan,0,3.13,0.0000
1743427287.0318873,NR5G-SA,CONNECT,TDD,DE3B0B093,-70,-2,7,20,-77,-9,5,-77,-9,5,100,0,-57,NR N78,22,62910.0,7.5,7654,nan,0,3.13,0.0000
1743427288.1190155,NR5G-SA,CONNECT,TDD,DE3B0B093,-71,-2,8,20,-78,-9,5,-78,-9,5,100,0,-57,NR N78,22,73407.0,8.75,8931,nan,0,3.13,0.0000
1743427289.223722,NR5G-SA,CONNECT,TDD,DE3B0B093,-71,-2,8,20,-79,-9,5,-79,-9,5,100,0,-57,NR N78,22,62921.0,7.5,7655,nan,0,3.13,0.0000
1743427290.2991488,NR5G-SA,CONNECT,TDD,DE3B0B093,-71,-1,9,20,-79,-8,6,-79,-8,6,100,0,-54,NR N78,22,62913.0,7.5,7654,nan,0,3.13,0.0000
1743427291.3420541,NR5G-SA,CONNECT,TDD,DE3B0B093,-70,-1,8,20,-77,-9,6,-77,-9,6,100,0,-53,NR N78,22,62911.0,7.5,7654,nan,0,3.13,0.0000
1743427292.4311721,NR5G-SA,CONNECT,TDD,DE3B0B093,-69,-2,7,20,-76,-9,6,-76,-9,6,100,0,-55,NR N78,22,73402.0,8.75,8931,nan,0,3.13,0.0000
1743427293.4760466,NR5G-SA,CONNECT,TDD,DE3B0B093,-69,-2,7,20,-76,-10,6,-76,-10,6,100,0,-53,NR N78,22,73398.0,8.75,8930,nan,0,3.13,0.0000
1743427294.523562,NR5G-SA,CONNECT,TDD,DE3B0B093,-69,-3,7,20,-76,-10,6,-76,-10,6,100,0,-54,NR N78,22,73406.0,8.75,8931,nan,0,3.13,0.0000
1743427295.5773592,NR5G-SA,CONNECT,TDD,DE3B0B093,-68,-2,7,20,-76,-9,6,-76,-9,6,100,0,-53,NR N78,23,73402.0,8.75,8931,nan,0,3.13,0.0000
1743427296.6452236,NR5G-SA,CONNECT,TDD,DE3B0B093,-68,-1,7,20,-76,-9,6,-76,-9,6,100,0,-53,NR N78,23,62900.0,7.5,7653,nan,0,3.13,0.0000
1743427297.6829417,NR5G-SA,CONNECT,TDD,DE3B0B093,-68,-1,7,20,-76,-9,6,-76,-9,6,100,0,-53,NR N78,23,83905.0,10.0,10208,nan,0,3.13,0.0000
1743427298.7646275,NR5G-SA,CONNECT,TDD,DE3B0B093,-68,-1,7,20,-76,-9,5,-76,-9,5,100,0,-53,NR N78,23,73400.0,8.75,8930,nan,0,3.13,0.0000
1743427299.867781,NR5G-SA,CONNECT,TDD,DE3B0B093,-68,-1,7,20,-76,-9,6,-76,-9,6,100,0,-51,NR N78,23,73398.0,8.75,8930,nan,0,3.13,0.0000
1743427300.919659,NR5G-SA,CONNECT,TDD,DE3B0B093,-68,-2,7,20,-76,-9,6,-76,-9,6,100,0,-52,NR N78,23,73397.0,8.75,8930,nan,0,3.13,0.0000
1743427301.9950812,NR5G-SA,CONNECT,TDD,DE3B0B093,-70,-2,8,20,-78,-9,4,-78,-9,4,100,0,-57,NR N78,23,73402.0,8.75,8931,nan,0,3.13,0.0000
1743427303.0343947,NR5G-SA,CONNECT,TDD,DE3B0B093,-71,-1,8,20,-78,-8,5,-78,-8,5,100,0,-57,NR N78,23,73391.0,8.75,8929,nan,0,3.13,0.0000
1743427304.0932162,NR5G-SA,CONNECT,TDD,DE3B0B093,-69,-1,8,20,-77,-9,6,-77,-9,6,100,0,-50,NR N78,23,83902.0,10.0,10208,nan,0,3.13,0.0000
1743427305.154862,NR5G-SA,CONNECT,TDD,DE3B0B093,-68,-2,7,20,-75,-10,6,-75,-10,6,100,0,-48,NR N78,24,73384.0,8.75,8928,nan,0,3.13,0.0000
1743427306.2715745,NR5G-SA,CONNECT,TDD,DE3B0B093,-68,-3,7,20,-75,-10,7,-75,-10,7,100,0,-50,NR N78,24,73410.0,8.75,8932,nan,0,3.13,0.0000
1743427307.3427324,NR5G-SA,CONNECT,TDD,DE3B0B093,-68,-2,7,21,-75,-9,6,-75,-9,6,100,0,-54,NR N78,24,83891.0,10.0,10207,nan,0,3.13,0.0000
1743427308.433603,NR5G-SA,CONNECT,TDD,DE3B0B093,-68,-1,7,21,-75,-9,4,-75,-9,4,100,0,-53,NR N78,24,73397.0,8.75,8930,nan,0,3.13,0.0000
1743427309.4800138,NR5G-SA,CONNECT,TDD,DE3B0B093,-68,-1,7,20,-75,-9,5,-75,-9,5,100,0,-50,NR N78,23,73407.0,8.75,8931,nan,0,3.13,0.0000
1743427310.5230887,NR5G-SA,CONNECT,TDD,DE3B0B093,-68,-1,6,20,-75,-8,5,-75,-8,5,100,0,-54,NR N78,23,62907.0,7.5,7654,nan,0,3.13,0.0000
1743427311.5530527,NR5G-SA,CONNECT,TDD,DE3B0B093,-69,-1,6,20,-75,-8,2,-75,-8,2,100,0,-53,NR N78,23,73406.0,8.75,8931,nan,0,3.13,0.0000
1743427312.5978532,NR5G-SA,CONNECT,TDD,DE3B0B093,-69,-1,6,20,-76,-8,4,-76,-8,4,100,0,-53,NR N78,23,73396.0,8.75,8930,nan,0,3.13,0.0000
1743427313.6559334,NR5G-SA,CONNECT,TDD,DE3B0B093,-69,-1,6,20,-76,-8,4,-76,-8,4,100,0,-53,NR N78,23,83887.0,10.0,10206,nan,0,3.13,0.0000
1743427314.6880963,NR5G-SA,CONNECT,TDD,DE3B0B093,-71,-1,6,20,-77,-8,5,-77,-8,5,100,0,-57,NR N78,23,83887.0,10.0,10206,nan,0,3.13,0.0000
1743427315.724188,NR5G-SA,CONNECT,TDD,DE3B0B093,-70,-1,6,20,-77,-8,4,-77,-8,4,100,0,-56,NR N78,25,73399.0,8.75,8930,nan,0,3.13,0.0000
1743427316.7586002,NR5G-SA,CONNECT,TDD,DE3B0B093,-70,-1,6,20,-76,-7,5,-76,-7,5,100,0,-55,NR N78,25,83882.0,10.0,10206,nan,0,3.13,0.0000
1743427317.7971117,NR5G-SA,CONNECT,TDD,DE3B0B093,-71,-2,5,20,-77,-8,1,-77,-8,1,100,0,-49,NR N78,25,83898.0,10.0,10208,nan,0,3.13,0.0000
1743427318.8570929,NR5G-SA,CONNECT,TDD,DE3B0B093,-70,-2,5,20,-76,-7,1,-76,-7,1,100,0,-55,NR N78,25,83881.0,10.0,10206,nan,0,3.13,0.0000
1743427319.927922,NR5G-SA,CONNECT,TDD,DE3B0B093,-70,-2,5,20,-76,-7,1,-76,-7,1,100,0,-52,NR N78,25,83887.0,10.0,10206,nan,0,3.13,0.0000
1743427320.9914436,NR5G-SA,CONNECT,TDD,DE3B0B093,-70,-2,4,20,-75,-7,0,-75,-7,0,100,0,-55,NR N78,25,83778.0,10.0,10193,nan,0,3.13,0.0000
1743427322.0688124,NR5G-SA,CONNECT,TDD,DE3B0B093,-70,-2,4,20,-75,-7,4,-75,-7,4,100,0,-53,NR N78,25,73492.0,8.75,8942,nan,0,3.13,0.0000
1743427323.146279,NR5G-SA,CONNECT,TDD,DE3B0B093,-70,-2,5,20,-75,-7,1,-75,-7,1,100,0,-55,NR N78,24,73402.0,8.75,8931,nan,0,3.13,0.0000
1743427324.1952598,NR5G-SA,CONNECT,TDD,DE3B0B093,-70,-2,5,20,-75,-7,3,-75,-7,3,100,0,-54,NR N78,24,73404.0,8.75,8931,nan,0,3.13,0.0000
1743427325.2514567,NR5G-SA,CONNECT,TDD,DE3B0B093,-70,-2,4,20,-75,-7,2,-75,-7,2,100,0,-55,NR N78,23,62909.0,7.5,7654,nan,0,3.13,0.0000
1743427326.283403,NR5G-SA,CONNECT,TDD,DE3B0B093,-70,-2,4,20,-75,-6,0,-75,-6,0,100,0,-56,NR N78,23,73406.0,8.75,8931,nan,0,3.13,0.0000
1743427327.3273382,NR5G-SA,CONNECT,TDD,DE3B0B093,-71,-2,4,20,-75,-6,-1,-75,-6,-1,100,0,-56,NR N78,22,62907.0,7.5,7654,nan,0,3.13,0.0000
1743427328.380466,NR5G-SA,CONNECT,TDD,DE3B0B093,-71,-2,4,20,-75,-6,-2,-75,-6,-2,100,0,-56,NR N78,22,62907.0,7.5,7654,nan,0,3.13,0.0000
1743427329.4328766,NR5G-SA,CONNECT,TDD,DE3B0B093,-71,-2,4,20,-76,-7,-1,-76,-7,-1,100,0,-53,NR N78,22,73421.0,8.75,8933,nan,0,3.13,0.0000
1743427330.5261607,NR5G-SA,CONNECT,TDD,DE3B0B093,-71,-2,4,20,-75,-6,0,-75,-6,0,100,0,-56,NR N78,22,62910.0,7.5,7654,nan,0,3.13,0.0000
1743427331.580671,NR5G-SA,CONNECT,TDD,DE3B0B093,-71,-2,4,20,-75,-6,0,-75,-6,0,100,0,-56,NR N78,22,73400.0,8.75,8930,nan,0,3.13,0.0000
1743427332.6333401,NR5G-SA,CONNECT,TDD,DE3B0B093,-71,-2,4,20,-75,-6,0,-75,-6,0,100,0,-55,NR N78,22,73406.0,8.75,8931,nan,0,3.13,0.0000
1743427333.6749957,NR5G-SA,CONNECT,TDD,DE3B0B093,-71,-2,4,20,-75,-6,0,-75,-6,0,100,0,-55,NR N78,23,73400.0,8.75,8930,nan,0,3.13,0.0000
1743427334.7171829,NR5G-SA,CONNECT,TDD,DE3B0B093,-71,-2,4,20,-75,-6,0,-75,-6,0,100,0,-57,NR N78,23,83880.0,10.0,10205,nan,0,3.13,0.0000
1743427335.7712762,NR5G-SA,CONNECT,TDD,DE3B0B093,-71,-2,4,20,-75,-7,-1,-75,-7,-1,100,0,-53,NR N78,25,83890.0,10.0,10207,nan,0,3.13,0.0000
1743427336.8085258,NR5G-SA,CONNECT,TDD,DE3B0B093,-70,-2,4,20,-75,-7,-1,-75,-7,-1,100,0,-55,NR N78,25,83890.0,10.0,10207,nan,0,3.13,0.0000
1743427337.8741164,NR5G-SA,CONNECT,TDD,DE3B0B093,-70,-2,4,20,-74,-6,-1,-74,-6,-1,100,0,-55,NR N78,25,73379.0,8.75,8928,nan,0,3.13,0.0000
1743427338.9632673,NR5G-SA,CONNECT,TDD,DE3B0B093,-70,-2,4,20,-74,-6,0,-74,-6,0,100,0,-56,NR N78,24,73413.0,8.75,8932,nan,0,3.13,0.0000
1743427340.002196,NR5G-SA,CONNECT,TDD,DE3B0B093,-70,-2,4,20,-74,-6,-1,-74,-6,-1,100,0,-55,NR N78,24,73407.0,8.75,8931,nan,0,3.13,0.0000
1743427341.064093,NR5G-SA,CONNECT,TDD,DE3B0B093,-70,-2,4,20,-74,-6,-1,-74,-6,-1,100,0,-53,NR N78,24,83893.0,10.0,10207,nan,0,3.13,0.0000
1743427342.1222723,NR5G-SA,CONNECT,TDD,DE3B0B093,-70,-2,4,20,-75,-6,0,-75,-6,0,100,0,-56,NR N78,24,73404.0,8.75,8931,nan,0,3.13,0.0000
1743427343.187858,NR5G-SA,CONNECT,TDD,DE3B0B093,-70,-2,4,20,-75,-7,2,-75,-7,2,100,0,-55,NR N78,24,73396.0,8.75,8930,nan,0,3.13,0.0000
1743427344.28101,NR5G-SA,CONNECT,TDD,DE3B0B093,-70,-2,5,20,-75,-7,0,-75,-7,0,100,0,-55,NR N78,24,73386.0,8.75,8929,nan,0,3.13,0.0000
1743427345.3739707,NR5G-SA,CONNECT,TDD,DE3B0B093,-70,-2,4,20,-75,-7,0,-75,-7,0,100,0,-52,NR N78,24,83902.0,10.0,10208,nan,0,3.13,0.0000
1743427346.4111016,NR5G-SA,CONNECT,TDD,DE3B0B093,-71,-2,5,20,-76,-7,0,-76,-7,0,100,0,-58,NR N78,24,83883.0,10.0,10206,nan,0,3.13,0.0000
1743427347.4526024,NR5G-SA,CONNECT,TDD,DE3B0B093,-70,-2,5,20,-76,-7,0,-76,-7,0,100,0,-55,NR N78,25,83894.0,10.0,10207,nan,0,3.13,0.0000
1743427348.500684,NR5G-SA,CONNECT,TDD,DE3B0B093,-70,-1,5,20,-75,-7,-2,-75,-7,-2,100,0,-55,NR N78,25,73399.0,8.75,8930,nan,0,3.13,0.0000
1743427349.5451345,NR5G-SA,CONNECT,TDD,DE3B0B093,-71,-2,5,20,-76,-7,-2,-76,-7,-2,100,0,-56,NR N78,24,73396.0,8.75,8930,nan,0,3.13,0.0000
1743427350.6055171,NR5G-SA,CONNECT,TDD,DE3B0B093,-70,-2,5,20,-75,-7,-2,-75,-7,-2,100,0,-55,NR N78,24,73396.0,8.75,8930,nan,0,3.13,0.0000
1743427351.6354308,NR5G-SA,CONNECT,TDD,DE3B0B093,-70,-2,4,20,-75,-7,-3,-75,-7,-3,100,0,-53,NR N78,24,83899.0,10.0,10208,nan,0,3.13,0.0000
1743427352.6673248,NR5G-SA,CONNECT,TDD,DE3B0B093,-70,-2,4,20,-75,-6,-2,-75,-6,-2,100,0,-56,NR N78,24,73344.0,8.75,8924,nan,0,3.13,0.0000
1743427353.7462077,NR5G-SA,CONNECT,TDD,DE3B0B093,-72,-2,6,20,-77,-6,2,-77,-6,2,100,0,-56,NR N78,23,73457.0,8.75,8937,nan,0,3.13,0.0000
1743427354.8209774,NR5G-SA,CONNECT,TDD,DE3B0B093,-71,-2,6,20,-76,-7,3,-76,-7,3,100,0,-54,NR N78,24,83885.0,10.0,10206,nan,0,3.13,0.0000
1743427355.8582382,NR5G-SA,CONNECT,TDD,DE3B0B093,-70,-2,5,20,-75,-7,4,-75,-7,4,100,0,-54,NR N78,24,73387.0,8.75,8929,nan,0,3.13,0.0000
1743427356.8970006,NR5G-SA,CONNECT,TDD,DE3B0B093,-69,-2,5,20,-75,-7,3,-75,-7,3,100,0,-51,NR N78,24,83898.0,10.0,10208,nan,0,3.13,0.0000
1743427357.9611707,NR5G-SA,CONNECT,TDD,DE3B0B093,-71,-2,5,20,-76,-7,5,-76,-7,5,100,0,-52,NR N78,24,83883.0,10.0,10206,nan,0,3.13,0.0000
1743427359.0063074,NR5G-SA,CONNECT,TDD,DE3B0B093,-70,-2,5,20,-75,-7,1,-75,-7,1,100,0,-55,NR N78,25,83879.0,10.0,10205,nan,0,3.13,0.0000
1743427360.0736177,NR5G-SA,CONNECT,TDD,DE3B0B093,-69,-1,5,20,-75,-7,2,-75,-7,2,100,0,-55,NR N78,25,83898.0,10.0,10208,nan,0,3.13,0.0000
1743427361.175152,NR5G-SA,CONNECT,TDD,DE3B0B093,-69,-2,5,20,-75,-7,4,-75,-7,4,100,0,-55,NR N78,25,83825.0,10.0,10199,nan,0,3.13,0.0000
1743427362.2115889,NR5G-SA,CONNECT,TDD,DE3B0B093,-70,-2,5,20,-75,-7,2,-75,-7,2,100,0,-54,NR N78,25,73452.0,8.75,8937,nan,0,3.13,0.0000
1743427363.266996,NR5G-SA,CONNECT,TDD,DE3B0B093,-69,-2,4,20,-75,-7,0,-75,-7,0,100,0,-54,NR N78,25,83887.0,10.0,10206,nan,0,3.13,0.0000
1743427364.356176,NR5G-SA,CONNECT,TDD,DE3B0B093,-69,-1,5,20,-74,-7,1,-74,-7,1,100,0,-55,NR N78,25,83885.0,10.0,10206,nan,0,3.13,0.0000
1743427365.4386668,NR5G-SA,CONNECT,TDD,DE3B0B093,-69,-1,5,20,-74,-7,0,-74,-7,0,100,0,-54,NR N78,25,94365.0,11.2,11481,nan,0,3.13,0.0000
1743427366.5050087,NR5G-SA,CONNECT,TDD,DE3B0B093,-69,-2,5,20,-74,-7,0,-74,-7,0,100,0,-53,NR N78,25,83893.0,10.0,10207,nan,0,3.13,0.0000
1743427367.5471828,NR5G-SA,CONNECT,TDD,DE3B0B093,-69,-2,5,20,-74,-7,0,-74,-7,0,100,0,-54,NR N78,26,83891.0,10.0,10207,nan,0,3.13,0.0000
1743427368.6130273,NR5G-SA,CONNECT,TDD,DE3B0B093,-69,-1,5,20,-74,-7,1,-74,-7,1,100,0,-54,NR N78,26,83879.0,10.0,10205,nan,0,3.13,0.0000
1743427369.690882,NR5G-SA,CONNECT,TDD,DE3B0B093,-69,-1,5,20,-74,-7,2,-74,-7,2,100,0,-54,NR N78,26,83879.0,10.0,10205,nan,0,3.13,0.0000
1743427370.763905,NR5G-SA,CONNECT,TDD,DE3B0B093,-69,-1,5,20,-74,-7,0,-74,-7,0,100,0,-54,NR N78,25,83898.0,10.0,10208,nan,0,3.13,0.0000
1743427371.846118,NR5G-SA,CONNECT,TDD,DE3B0B093,-69,-1,5,20,-74,-7,0,-74,-7,0,100,0,-54,NR N78,25,94381.0,11.2,11483,nan,0,3.13,0.0000
1743427372.9078608,NR5G-SA,CONNECT,TDD,DE3B0B093,-69,-1,5,20,-74,-7,1,-74,-7,1,100,0,-54,NR N78,25,73391.0,8.75,8929,nan,0,3.13,0.0000
1743427373.9836316,NR5G-SA,CONNECT,TDD,DE3B0B093,-69,-1,5,20,-74,-7,0,-74,-7,0,100,0,-54,NR N78,25,83878.0,10.0,10205,nan,0,3.13,0.0000
1743427375.0447445,NR5G-SA,CONNECT,TDD,DE3B0B093,-69,-1,5,20,-74,-7,3,-74,-7,3,100,0,-55,NR N78,25,83876.0,10.0,10205,nan,0,3.13,0.0000
1743427376.102194,NR5G-SA,CONNECT,TDD,DE3B0B093,-71,-1,6,20,-76,-7,3,-76,-7,3,100,0,-58,NR N78,25,83889.0,10.0,10206,nan,0,3.13,0.0000
1743427377.214541,NR5G-SA,CONNECT,TDD,DE3B0B093,-72,-1,6,20,-77,-6,2,-77,-6,2,100,0,-58,NR N78,25,83890.0,10.0,10207,nan,0,3.13,0.0000
1743427378.2550402,NR5G-SA,CONNECT,TDD,DE3B0B093,-71,-1,6,20,-77,-7,2,-77,-7,2,100,0,-54,NR N78,25,83898.0,10.0,10208,nan,0,3.13,0.0000
1743427379.3255394,NR5G-SA,CONNECT,TDD,DE3B0B093,-70,-1,6,20,-76,-8,4,-76,-8,4,100,0,-51,NR N78,24,73393.0,8.75,8929,nan,0,3.13,0.0000
1743427380.3748984,NR5G-SA,CONNECT,TDD,DE3B0B093,-71,-2,5,20,-76,-7,3,-76,-7,3,100,0,-58,NR N78,24,83893.0,10.0,10207,nan,0,3.13,0.0000
1743427381.4584403,NR5G-SA,CONNECT,TDD,DE3B0B093,-70,-1,5,20,-76,-7,4,-76,-7,4,100,0,-51,NR N78,25,83878.0,10.0,10205,nan,0,3.13,0.0000
1743427382.528006,NR5G-SA,CONNECT,TDD,DE3B0B093,-69,-1,5,20,-75,-7,6,-75,-7,6,100,0,-54,NR N78,25,83888.0,10.0,10206,nan,0,3.13,0.0000
1743427383.615308,NR5G-SA,CONNECT,TDD,DE3B0B093,-69,-2,5,20,-75,-8,6,-75,-8,6,100,0,-51,NR N78,26,83886.0,10.0,10206,nan,0,3.13,0.0000
1743427384.676957,NR5G-SA,CONNECT,TDD,DE3B0B093,-69,-2,5,20,-75,-8,4,-75,-8,4,100,0,-55,NR N78,26,94371.0,11.2,11482,nan,0,3.13,0.0000
1743427385.7351737,NR5G-SA,CONNECT,TDD,DE3B0B093,-69,-2,5,20,-74,-7,1,-74,-7,1,100,0,-52,NR N78,25,73404.0,8.75,8931,nan,0,3.13,0.0000
1743427386.779934,NR5G-SA,CONNECT,TDD,DE3B0B093,-69,-2,5,20,-74,-7,0,-74,-7,0,100,0,-54,NR N78,25,83876.0,10.0,10205,nan,0,3.13,0.0000
1743427387.8319545,NR5G-SA,CONNECT,TDD,DE3B0B093,-69,-2,5,20,-74,-7,-1,-74,-7,-1,100,0,-54,NR N78,25,83890.0,10.0,10207,nan,0,3.13,0.0000
1743427388.9103596,NR5G-SA,CONNECT,TDD,DE3B0B093,-69,-1,4,20,-74,-6,-2,-74,-6,-2,100,0,-54,NR N78,25,83895.0,10.0,10207,nan,0,3.13,0.0000
1743427389.954815,NR5G-SA,CONNECT,TDD,DE3B0B093,-70,-2,4,20,-74,-6,-3,-74,-6,-3,100,0,-54,NR N78,25,83888.0,10.0,10206,nan,0,3.13,0.0000
1743427391.0089629,NR5G-SA,CONNECT,TDD,DE3B0B093,-70,-2,4,20,-74,-6,-3,-74,-6,-3,100,0,-54,NR N78,26,83874.0,10.0,10205,nan,0,3.13,0.0000
1743427392.0860438,NR5G-SA,CONNECT,TDD,DE3B0B093,-70,-2,4,20,-74,-6,-2,-74,-6,-2,100,0,-55,NR N78,26,83885.0,10.0,10206,nan,0,3.13,0.0000
1743427393.1462889,NR5G-SA,CONNECT,TDD,DE3B0B093,-70,-3,4,20,-74,-7,-2,-74,-7,-2,100,0,-48,NR N78,26,83882.0,10.0,10206,nan,0,3.13,0.0000
1743427394.2059946,NR5G-SA,CONNECT,TDD,DE3B0B093,-70,-3,4,20,-74,-7,-2,-74,-7,-2,100,0,-55,NR N78,26,73412.0,8.75,8932,nan,0,3.13,0.0000
1743427395.2494957,NR5G-SA,CONNECT,TDD,DE3B0B093,-70,-2,4,20,-74,-6,-1,-74,-6,-1,100,0,-55,NR N78,25,94378.0,11.2,11483,nan,0,3.13,0.0000
1743427396.2959454,NR5G-SA,CONNECT,TDD,DE3B0B093,-70,-2,4,20,-74,-6,0,-74,-6,0,100,0,-55,NR N78,25,83876.0,10.0,10205,nan,0,3.13,0.0000
1743427397.3668609,NR5G-SA,CONNECT,TDD,DE3B0B093,-71,-2,5,20,-76,-7,0,-76,-7,0,100,0,-58,NR N78,26,83891.0,10.0,10207,nan,0,3.13,0.0000
1743427398.4260957,NR5G-SA,CONNECT,TDD,DE3B0B093,-70,-2,5,20,-75,-7,2,-75,-7,2,100,0,-55,NR N78,26,94374.0,11.2,11482,nan,0,3.13,0.0000
1743427399.4804323,NR5G-SA,CONNECT,TDD,DE3B0B093,-70,-2,5,20,-75,-7,2,-75,-7,2,100,0,-55,NR N78,26,83884.0,10.0,10206,nan,0,3.13,0.0000
1743427400.5165048,NR5G-SA,CONNECT,TDD,DE3B0B093,-70,-2,4,20,-75,-6,0,-75,-6,0,100,0,-56,NR N78,26,83882.0,10.0,10206,nan,0,3.13,0.0000
1743427401.5544624,NR5G-SA,CONNECT,TDD,DE3B0B093,-71,-2,4,20,-75,-5,0,-75,-5,0,100,0,-58,NR N78,26,83895.0,10.0,10207,nan,0,3.13,0.0000
1743427402.6341898,NR5G-SA,CONNECT,TDD,DE3B0B093,-72,-1,9,20,-76,-5,0,-76,-5,0,100,0,-58,NR N78,26,94137.0,11.2,11453,nan,0,3.13,0.0000
1743427403.6990821,NR5G-SA,CONNECT,TDD,DE3B0B093,-72,-1,11,20,-77,-5,0,-77,-5,0,100,0,-58,NR N78,25,73586.0,8.75,8953,nan,0,3.13,0.0000
1743427404.7706025,NR5G-SA,CONNECT,TDD,DE3B0B093,-73,-1,11,20,-77,-5,2,-77,-5,2,100,0,-59,NR N78,25,83877.0,10.0,10205,nan,0,3.13,0.0000
1743427405.8251958,NR5G-SA,CONNECT,TDD,DE3B0B093,-73,-2,9,20,-77,-5,4,-77,-5,4,100,0,-55,NR N78,25,83885.0,10.0,10206,nan,0,3.13,0.0000
1743427406.878625,NR5G-SA,CONNECT,TDD,DE3B0B093,-71,-2,5,21,-75,-6,1,-75,-6,1,100,0,-55,NR N78,26,83886.0,10.0,10206,nan,0,3.13,0.0000
1743427407.9520254,NR5G-SA,CONNECT,TDD,DE3B0B093,-71,-2,4,21,-75,-6,2,-75,-6,2,100,0,-55,NR N78,26,83890.0,10.0,10207,nan,0,3.13,0.0000
1743427409.0598817,NR5G-SA,CONNECT,TDD,DE3B0B093,-70,-2,4,21,-74,-6,2,-74,-6,2,100,0,-54,NR N78,26,83878.0,10.0,10205,nan,0,3.13,0.0000
1743427410.0993862,NR5G-SA,CONNECT,TDD,DE3B0B093,-71,-2,4,21,-75,-6,0,-75,-6,0,100,0,-59,NR N78,26,94377.0,11.2,11483,nan,0,3.13,0.0000
1743427411.1732342,NR5G-SA,CONNECT,TDD,DE3B0B093,-72,-2,4,20,-77,-6,-1,-77,-6,-1,100,0,-58,NR N78,26,73397.0,8.75,8930,nan,0,3.13,0.0000
1743427412.2537882,NR5G-SA,CONNECT,TDD,DE3B0B093,-73,-2,4,20,-77,-6,0,-77,-6,0,100,0,-58,NR N78,26,83876.0,10.0,10205,nan,0,3.13,0.0000
1743427413.3221033,NR5G-SA,CONNECT,TDD,DE3B0B093,-72,-2,3,20,-76,-6,0,-76,-6,0,100,0,-58,NR N78,25,94400.0,11.2,11485,nan,0,3.13,0.0000
1743427414.37594,NR5G-SA,CONNECT,TDD,DE3B0B093,-72,-2,4,20,-76,-6,2,-76,-6,2,100,0,-57,NR N78,25,93950.0,11.2,11431,nan,0,3.13,0.0000
1743427415.4628825,NR5G-SA,CONNECT,TDD,DE3B0B093,-72,-2,4,20,-76,-6,1,-76,-6,1,100,0,-55,NR N78,26,73724.0,8.75,8970,nan,0,3.13,0.0000
1743427416.4945383,NR5G-SA,CONNECT,TDD,DE3B0B093,-71,-2,4,20,-76,-6,1,-76,-6,1,100,0,-55,NR N78,26,83886.0,10.0,10206,nan,0,3.13,0.0000
1743427417.525739,NR5G-SA,CONNECT,TDD,DE3B0B093,-71,-2,3,20,-75,-6,0,-75,-6,0,100,0,-55,NR N78,25,83895.0,10.0,10207,nan,0,3.13,0.0000
1743427418.565803,NR5G-SA,CONNECT,TDD,DE3B0B093,-71,-2,3,20,-74,-5,0,-74,-5,0,100,0,-55,NR N78,25,83878.0,10.0,10205,nan,0,3.13,0.0000
1743427419.637652,NR5G-SA,CONNECT,TDD,DE3B0B093,-71,-2,3,20,-74,-5,-1,-74,-5,-1,100,0,-55,NR N78,25,83895.0,10.0,10207,nan,0,3.13,0.0000
1743427420.7238822,NR5G-SA,CONNECT,TDD,DE3B0B093,-71,-2,2,20,-74,-5,-2,-74,-5,-2,100,0,-56,NR N78,25,73384.0,8.75,8928,nan,0,3.13,0.0000
1743427421.770216,NR5G-SA,CONNECT,TDD,DE3B0B093,-73,-2,3,21,-76,-5,-1,-76,-5,-1,100,0,-60,NR N78,25,83887.0,10.0,10206,nan,0,3.13,0.0000
1743427422.8262973,NR5G-SA,CONNECT,TDD,DE3B0B093,-72,-2,3,21,-75,-5,0,-75,-5,0,100,0,-57,NR N78,25,83903.0,10.0,10208,nan,0,3.13,0.0000
1743427423.919972,NR5G-SA,CONNECT,TDD,DE3B0B093,-71,-2,3,21,-75,-5,0,-75,-5,0,100,0,-56,NR N78,25,83886.0,10.0,10206,nan,0,3.13,0.0000
1743427425.0241928,NR5G-SA,CONNECT,TDD,DE3B0B093,-71,-2,3,21,-74,-5,0,-74,-5,0,100,0,-55,NR N78,26,83878.0,10.0,10205,nan,0,3.13,0.0000
1743427426.0834563,NR5G-SA,CONNECT,TDD,DE3B0B093,-72,-2,6,21,-75,-5,1,-75,-5,1,100,0,-56,NR N78,26,83882.0,10.0,10206,nan,0,3.13,0.0000
1743427427.1365018,NR5G-SA,CONNECT,TDD,DE3B0B093,-71,-2,6,21,-75,-5,0,-75,-5,0,100,0,-55,NR N78,26,83875.0,10.0,10205,nan,0,3.13,0.0000
1743427428.1884515,NR5G-SA,CONNECT,TDD,DE3B0B093,-70,-2,4,21,-74,-5,0,-74,-5,0,100,0,-55,NR N78,26,83889.0,10.0,10206,nan,0,3.13,0.0000
1743427429.2334254,NR5G-SA,CONNECT,TDD,DE3B0B093,-72,-2,4,21,-75,-6,0,-75,-6,0,100,0,-57,NR N78,25,83903.0,10.0,10208,nan,0,3.13,0.0000
1743427430.2846584,NR5G-SA,CONNECT,TDD,DE3B0B093,-71,-2,4,21,-75,-6,0,-75,-6,0,100,0,-54,NR N78,25,73391.0,8.75,8929,nan,0,3.13,0.0000
1743427431.342835,NR5G-SA,CONNECT,TDD,DE3B0B093,-70,-2,4,20,-75,-7,2,-75,-7,2,100,0,-54,NR N78,24,83900.0,10.0,10208,nan,0,3.13,0.0000
1743427432.4237845,NR5G-SA,CONNECT,TDD,DE3B0B093,-70,-3,4,20,-74,-8,2,-74,-8,2,100,0,-50,NR N78,24,73386.0,8.75,8929,nan,0,3.13,0.0000
1743427433.5075552,NR5G-SA,CONNECT,TDD,DE3B0B093,-70,-2,4,21,-74,-7,1,-74,-7,1,100,0,-55,NR N78,24,83900.0,10.0,10208,nan,0,3.13,0.0000
1743427434.5377905,NR5G-SA,CONNECT,TDD,DE3B0B093,-70,-2,4,21,-74,-7,0,-74,-7,0,100,0,-54,NR N78,24,73398.0,8.75,8930,nan,0,3.13,0.0000
1743427435.583093,NR5G-SA,CONNECT,TDD,DE3B0B093,-70,-2,4,21,-74,-6,0,-74,-6,0,100,0,-53,NR N78,24,73389.0,8.75,8929,nan,0,3.13,0.0000
1743427436.657497,NR5G-SA,CONNECT,TDD,DE3B0B093,-71,-2,4,21,-75,-7,2,-75,-7,2,100,0,-52,NR N78,24,83897.0,10.0,10207,nan,0,3.13,0.0000
1743427437.6978638,NR5G-SA,CONNECT,TDD,DE3B0B093,-70,-2,4,21,-75,-7,-1,-75,-7,-1,100,0,-53,NR N78,24,83894.0,10.0,10207,nan,0,3.13,0.0000
1743427438.760956,NR5G-SA,CONNECT,TDD,DE3B0B093,-70,-2,3,21,-74,-6,1,-74,-6,1,100,0,-54,NR N78,24,83878.0,10.0,10205,nan,0,3.13,0.0000
1743427439.830965,NR5G-SA,CONNECT,TDD,DE3B0B093,-70,-2,3,21,-74,-6,2,-74,-6,2,100,0,-55,NR N78,25,73393.0,8.75,8929,nan,0,3.13,0.0000
1743427440.8860958,NR5G-SA,CONNECT,TDD,DE3B0B093,-70,-2,3,21,-74,-6,0,-74,-6,0,100,0,-50,NR N78,25,83894.0,10.0,10207,nan,0,3.13,0.0000
1743427441.9471147,NR5G-SA,CONNECT,TDD,DE3B0B093,-70,-2,3,21,-74,-6,0,-74,-6,0,100,0,-55,NR N78,25,83716.0,10.0,10185,nan,0,3.13,0.0000
1743427442.988224,NR5G-SA,CONNECT,TDD,DE3B0B093,-70,-2,4,21,-74,-6,0,-74,-6,0,100,0,-54,NR N78,23,73406.0,8.75,8931,nan,0,3.13,0.0000
1743427444.0620086,NR5G-SA,CONNECT,TDD,DE3B0B093,-70,-2,3,21,-74,-6,0,-74,-6,0,100,0,-55,NR N78,23,73394.0,8.75,8930,nan,0,3.13,0.0000
1743427445.1239748,NR5G-SA,CONNECT,TDD,DE3B0B093,-70,-2,4,21,-74,-6,0,-74,-6,0,100,0,-54,NR N78,23,83901.0,10.0,10208,nan,0,3.13,0.0000
1743427446.1727445,NR5G-SA,CONNECT,TDD,DE3B0B093,-70,-2,4,21,-74,-6,0,-74,-6,0,100,0,-54,NR N78,23,83874.0,10.0,10205,nan,0,3.13,0.0000
1743427447.235705,NR5G-SA,CONNECT,TDD,DE3B0B093,-70,-2,3,21,-74,-7,0,-74,-7,0,100,0,-52,NR N78,25,83887.0,10.0,10206,nan,0,3.13,0.0000
1743427448.306698,NR5G-SA,CONNECT,TDD,DE3B0B093,-70,-2,4,21,-74,-6,0,-74,-6,0,100,0,-54,NR N78,25,73403.0,8.75,8931,nan,0,3.13,0.0000
1743427449.3622537,NR5G-SA,CONNECT,TDD,DE3B0B093,-70,-2,4,21,-74,-7,0,-74,-7,0,100,0,-54,NR N78,24,83891.0,10.0,10207,nan,0,3.13,0.0000
1743427450.4132688,NR5G-SA,CONNECT,TDD,DE3B0B093,-70,-2,4,21,-75,-7,0,-75,-7,0,100,0,-57,NR N78,24,73396.0,8.75,8930,nan,0,3.13,0.0000
1743427451.4696076,NR5G-SA,CONNECT,TDD,DE3B0B093,-71,-2,4,21,-76,-7,0,-76,-7,0,100,0,-55,NR N78,24,73395.0,8.75,8930,nan,0,3.13,0.0000
1743427452.5602777,NR5G-SA,CONNECT,TDD,DE3B0B093,-70,-3,4,21,-75,-8,1,-75,-8,1,100,0,-49,NR N78,24,73411.0,8.75,8932,nan,0,3.13,0.0000
1743427453.6000538,NR5G-SA,CONNECT,TDD,DE3B0B093,-70,-3,4,20,-75,-8,0,-75,-8,0,100,0,-54,NR N78,24,73393.0,8.75,8929,nan,0,3.13,0.0000
1743427454.69485,NR5G-SA,CONNECT,TDD,DE3B0B093,-70,-3,5,20,-75,-8,0,-75,-8,0,100,0,-55,NR N78,24,83892.0,10.0,10207,nan,0,3.13,0.0000
1743427455.746383,NR5G-SA,CONNECT,TDD,DE3B0B093,-70,-3,5,20,-75,-8,0,-75,-8,0,100,0,-54,NR N78,24,73407.0,8.75,8931,nan,0,3.13,0.0000
1743427456.7843413,NR5G-SA,CONNECT,TDD,DE3B0B093,-70,-2,4,20,-75,-7,0,-75,-7,0,100,0,-54,NR N78,21,52422.0,6.25,6378,nan,0,3.13,0.0000
1743427457.8573246,NR5G-SA,CONNECT,TDD,DE3B0B093,-69,-2,4,20,-74,-7,1,-74,-7,1,100,0,-53,NR N78,21,73398.0,8.75,8930,nan,0,3.13,0.0000
1743427458.8976433,NR5G-SA,CONNECT,TDD,DE3B0B093,-69,-2,4,20,-74,-7,0,-74,-7,0,100,0,-55,NR N78,23,73409.0,8.75,8931,nan,0,3.13,0.0000
1743427459.953996,NR5G-SA,CONNECT,TDD,DE3B0B093,-69,-2,5,20,-74,-7,0,-74,-7,0,100,0,-50,NR N78,23,62907.0,7.5,7654,nan,0,3.13,0.0000
1743427461.0409951,NR5G-SA,CONNECT,TDD,DE3B0B093,-69,-2,5,20,-74,-7,0,-74,-7,0,100,0,-55,NR N78,24,73396.0,8.75,8930,nan,0,3.13,0.0000
1743427462.094811,NR5G-SA,CONNECT,TDD,DE3B0B093,-70,-2,5,20,-75,-7,-1,-75,-7,-1,100,0,-59,NR N78,24,83883.0,10.0,10206,nan,0,3.13,0.0000
1743427463.1775475,NR5G-SA,CONNECT,TDD,DE3B0B093,-72,-2,4,20,-77,-6,-2,-77,-6,-2,100,0,-58,NR N78,24,73407.0,8.75,8931,nan,0,3.13,0.0000
1743427464.227166,NR5G-SA,CONNECT,TDD,DE3B0B093,-73,-2,4,20,-77,-6,-3,-77,-6,-3,100,0,-58,NR N78,24,73391.0,8.75,8929,nan,0,3.13,0.0000
1743427465.307624,NR5G-SA,CONNECT,TDD,DE3B0B093,-71,-2,4,20,-76,-7,0,-76,-7,0,100,0,-55,NR N78,24,73385.0,8.75,8929,nan,0,3.13,0.0000
1743427466.355026,NR5G-SA,CONNECT,TDD,DE3B0B093,-70,-2,4,20,-75,-7,-2,-75,-7,-2,100,0,-55,NR N78,24,73400.0,8.75,8930,nan,0,3.13,0.0000
1743427467.3975341,NR5G-SA,CONNECT,TDD,DE3B0B093,-70,-2,4,21,-75,-7,-1,-75,-7,-1,100,0,-52,NR N78,24,83907.0,10.0,10209,nan,0,3.13,0.0000
1743427468.4877715,NR5G-SA,CONNECT,TDD,DE3B0B093,-70,-2,5,21,-75,-7,0,-75,-7,0,100,0,-54,NR N78,24,73406.0,8.75,8931,nan,0,3.13,0.0000
1743427469.528038,NR5G-SA,CONNECT,TDD,DE3B0B093,-69,-2,5,20,-75,-7,3,-75,-7,3,100,0,-53,NR N78,23,73402.0,8.75,8931,nan,0,3.13,0.0000
1743427470.6253874,NR5G-SA,CONNECT,TDD,DE3B0B093,-69,-2,5,20,-75,-7,1,-75,-7,1,100,0,-54,NR N78,23,73392.0,8.75,8929,nan,0,3.13,0.0000
1743427471.6670518,NR5G-SA,CONNECT,TDD,DE3B0B093,-69,-2,5,20,-75,-7,1,-75,-7,1,100,0,-54,NR N78,24,73399.0,8.75,8930,nan,0,3.13,0.0000
1743427472.733704,NR5G-SA,CONNECT,TDD,DE3B0B093,-69,-2,5,20,-75,-7,0,-75,-7,0,100,0,-55,NR N78,24,73407.0,8.75,8931,nan,0,3.13,0.0000
1743427473.7985945,NR5G-SA,CONNECT,TDD,DE3B0B093,-70,-2,5,20,-75,-7,-1,-75,-7,-1,100,0,-54,NR N78,23,83886.0,10.0,10206,nan,0,3.13,0.0000
1743427474.8702316,NR5G-SA,CONNECT,TDD,DE3B0B093,-70,-2,5,20,-75,-7,0,-75,-7,0,100,0,-55,NR N78,24,73400.0,8.75,8930,nan,0,3.13,0.0000
1743427475.9625704,NR5G-SA,CONNECT,TDD,DE3B0B093,-72,-2,4,20,-76,-7,2,-76,-7,2,100,0,-59,NR N78,24,73396.0,8.75,8930,nan,0,3.13,0.0000
1743427477.040992,NR5G-SA,CONNECT,TDD,DE3B0B093,-72,-2,5,20,-77,-7,3,-77,-7,3,100,0,-58,NR N78,24,83898.0,10.0,10208,nan,0,3.13,0.0000
1743427478.0813127,NR5G-SA,CONNECT,TDD,DE3B0B093,-73,-2,5,20,-78,-7,4,-78,-7,4,100,0,-58,NR N78,24,73399.0,8.75,8930,nan,0,3.13,0.0000
1743427479.1174717,NR5G-SA,CONNECT,TDD,DE3B0B093,-73,-1,5,20,-78,-7,2,-78,-7,2,100,0,-59,NR N78,24,83886.0,10.0,10206,nan,0,3.13,0.0000
1743427480.1938753,NR5G-SA,CONNECT,TDD,DE3B0B093,-73,-1,5,20,-78,-7,2,-78,-7,2,100,0,-58,NR N78,24,73394.0,8.75,8930,nan,0,3.13,0.0000
1743427481.2597902,NR5G-SA,CONNECT,TDD,DE3B0B093,-71,-1,5,20,-77,-7,3,-77,-7,3,100,0,-58,NR N78,24,83901.0,10.0,10208,nan,0,3.13,0.0000
1743427482.3153832,NR5G-SA,CONNECT,TDD,DE3B0B093,-71,-1,4,20,-76,-6,2,-76,-6,2,100,0,-58,NR N78,24,83887.0,10.0,10206,nan,0,3.13,0.0000
1743427483.3657057,NR5G-SA,CONNECT,TDD,DE3B0B093,-72,-1,5,20,-77,-7,1,-77,-7,1,100,0,-57,NR N78,25,73398.0,8.75,8930,nan,0,3.13,0.0000
1743427484.4445693,NR5G-SA,CONNECT,TDD,DE3B0B093,-71,-2,5,20,-76,-7,2,-76,-7,2,100,0,-54,NR N78,25,73395.0,8.75,8930,nan,0,3.13,0.0000
1743427485.5213535,NR5G-SA,CONNECT,TDD,DE3B0B093,-71,-1,5,20,-77,-7,5,-77,-7,5,100,0,-59,NR N78,24,83892.0,10.0,10207,nan,0,3.13,0.0000
1743427486.5820763,NR5G-SA,CONNECT,TDD,DE3B0B093,-71,-1,5,20,-76,-7,3,-76,-7,3,100,0,-58,NR N78,24,73393.0,8.75,8929,nan,0,3.13,0.0000
1743427487.6613698,NR5G-SA,CONNECT,TDD,DE3B0B093,-70,-1,6,20,-77,-8,4,-77,-8,4,100,0,-55,NR N78,23,62913.0,7.5,7654,nan,0,3.13,0.0000
1743427488.7215986,NR5G-SA,CONNECT,TDD,DE3B0B093,-70,-1,6,20,-76,-8,5,-76,-8,5,100,0,-54,NR N78,23,83769.0,10.0,10192,nan,0,3.13,0.0000
1743427489.8075929,NR5G-SA,CONNECT,TDD,DE3B0B093,-69,-1,6,20,-76,-8,5,-76,-8,5,100,0,-54,NR N78,23,63005.0,7.5,7666,nan,0,3.13,0.0000
1743427490.8446898,NR5G-SA,CONNECT,TDD,DE3B0B093,-69,-1,6,20,-76,-8,1,-76,-8,1,100,0,-55,NR N78,23,83857.0,10.0,10203,nan,0,3.13,0.0000
1743427491.8879936,NR5G-SA,CONNECT,TDD,DE3B0B093,-69,-1,6,20,-76,-7,0,-76,-7,0,100,0,-55,NR N78,23,62933.0,7.5,7657,nan,0,3.13,0.0000
1743427492.936988,NR5G-SA,CONNECT,TDD,DE3B0B093,-69,-1,6,20,-75,-8,2,-75,-8,2,100,0,-54,NR N78,23,83886.0,10.0,10206,nan,0,3.13,0.0000
1743427493.9881408,NR5G-SA,CONNECT,TDD,DE3B0B093,-69,-1,6,20,-75,-7,3,-75,-7,3,100,0,-55,NR N78,23,73406.0,8.75,8931,nan,0,3.13,0.0000
1743427495.0397136,NR5G-SA,CONNECT,TDD,DE3B0B093,-69,-2,6,20,-75,-8,0,-75,-8,0,100,0,-49,NR N78,23,73399.0,8.75,8930,nan,0,3.13,0.0000
1743427496.0788016,NR5G-SA,CONNECT,TDD,DE3B0B093,-68,-1,6,20,-75,-8,3,-75,-8,3,100,0,-53,NR N78,23,73394.0,8.75,8930,nan,0,3.13,0.0000
1743427497.138221,NR5G-SA,CONNECT,TDD,DE3B0B093,-69,-2,6,20,-75,-8,5,-75,-8,5,100,0,-57,NR N78,23,73402.0,8.75,8931,nan,0,3.13,0.0000
1743427498.2116432,NR5G-SA,CONNECT,TDD,DE3B0B093,-71,-1,5,20,-77,-7,4,-77,-7,4,100,0,-58,NR N78,23,83882.0,10.0,10206,nan,0,3.13,0.0000
1743427499.3201528,NR5G-SA,CONNECT,TDD,DE3B0B093,-72,-2,5,20,-78,-7,5,-78,-7,5,100,0,-58,NR N78,24,73408.0,8.75,8931,nan,0,3.13,0.0000
1743427500.3559823,NR5G-SA,CONNECT,TDD,DE3B0B093,-70,-1,5,20,-76,-7,3,-76,-7,3,100,0,-54,NR N78,24,73397.0,8.75,8930,nan,0,3.13,0.0000
1743427501.3912265,NR5G-SA,CONNECT,TDD,DE3B0B093,-69,-1,6,20,-76,-8,1,-76,-8,1,100,0,-53,NR N78,23,83892.0,10.0,10207,nan,0,3.13,0.0000
1743427502.4711566,NR5G-SA,CONNECT,TDD,DE3B0B093,-69,-2,5,20,-75,-8,-1,-75,-8,-1,100,0,-54,NR N78,23,73399.0,8.75,8930,nan,0,3.13,0.0000
1743428685.2359705,NR5G-SA,NOCONN,TDD,CFE814004,-89,-3,9,17,-97,-11,3,-99,-14,1,100,1,-72,NR N78,19,nan,nan,nan,nan,nan,nan,nan
1743428686.2838864,NR5G-SA,CONNECT,TDD,CFE814004,-88,-4,8,17,0,0,0,0,0,0,100,0,-70,NR N78,19,nan,nan,nan,nan,nan,nan,nan
1743428687.319387,NR5G-SA,CONNECT,TDD,CFE814004,-88,-4,8,20,0,0,0,0,0,0,100,0,-70,NR N78,7,20385.0,2.43,2480,nan,0,167.0,0.0000
1743428688.3551412,NR5G-SA,CONNECT,TDD,CFE814004,-88,-4,8,20,0,0,0,0,0,0,100,0,-70,NR N78,7,23662.0,2.82,2879,nan,0,285.0,0.0000
1743428689.3906305,NR5G-SA,CONNECT,TDD,CFE814004,-88,-5,7,21,0,0,0,0,0,0,100,0,-70,NR N78,7,16458.0,1.96,2002,nan,0,389.0,0.0000
1743428690.4213998,NR5G-SA,CONNECT,TDD,CFE814004,-88,-4,7,21,0,0,0,0,0,0,100,0,-70,NR N78,7,21092.0,2.51,2566,nan,0,489.0,0.0000
1743428691.5231476,NR5G-SA,CONNECT,TDD,CFE814004,-87,-4,8,21,0,0,0,0,0,0,100,0,-70,NR N78,12,27774.0,3.31,3379,nan,0,637.0,0.0000
1743428692.5962596,NR5G-SA,CONNECT,TDD,CFE814004,-88,-4,7,21,0,0,0,0,0,0,100,0,-70,NR N78,12,24687.0,2.94,3004,nan,0,930.0,0.0000
1743428693.6763937,NR5G-SA,CONNECT,TDD,CFE814004,-88,-5,8,21,0,0,0,0,0,0,100,0,-70,NR N78,12,18000.0,2.15,2190,nan,0,1.02,0.0000
1743428694.770508,NR5G-SA,CONNECT,TDD,CFE814004,-88,-5,7,21,0,0,0,0,0,0,100,0,-70,NR N78,12,30558.0,3.64,3718,nan,0,1.14,0.0000
1743428695.873353,NR5G-SA,CONNECT,TDD,CFE814004,-88,-4,7,21,0,0,0,0,0,0,100,0,-70,NR N78,12,20970.0,2.5,2551,nan,0,1.28,0.0000
1743428696.9763782,NR5G-SA,CONNECT,TDD,CFE814004,-87,-4,7,21,0,0,0,0,0,0,100,0,-70,NR N78,12,20967.0,2.5,2551,nan,0,1.43,0.0000
1743428698.063616,NR5G-SA,CONNECT,TDD,CFE814004,-88,-4,7,21,0,0,0,0,0,0,100,0,-70,NR N78,13,20970.0,2.5,2551,nan,0,1.56,0.0000
1743428699.1773884,NR5G-SA,CONNECT,TDD,CFE814004,-88,-4,7,21,0,0,0,0,0,0,100,0,-70,NR N78,13,20975.0,2.5,2552,nan,0,1.68,0.0000
1743428700.2431445,NR5G-SA,CONNECT,TDD,CFE814004,-87,-4,7,21,0,0,0,0,0,0,100,0,-70,NR N78,12,20970.0,2.5,2551,nan,0,1.8,0.0000
1743428701.356007,NR5G-SA,CONNECT,TDD,CFE814004,-87,-4,7,21,0,0,0,0,0,0,100,0,-70,NR N78,12,20974.0,2.5,2552,nan,0,1.92,0.0000
1743428702.446987,NR5G-SA,CONNECT,TDD,CFE814004,-88,-4,7,21,0,0,0,0,0,0,100,0,-70,NR N78,12,10482.0,1.25,1275,nan,0,2.02,0.0000
1743428703.519004,NR5G-SA,CONNECT,TDD,CFE814004,-87,-4,7,21,0,0,0,0,0,0,100,0,-69,NR N78,11,20981.0,2.5,2553,nan,0,2.25,0.0000
1743428704.5899923,NR5G-SA,CONNECT,TDD,CFE814004,-87,-4,7,21,0,0,0,0,0,0,100,0,-70,NR N78,11,20970.0,2.5,2551,nan,0,3.07,0.0000
1743428705.7020776,NR5G-SA,CONNECT,TDD,CFE814004,-88,-4,7,21,0,0,0,0,0,0,100,0,-70,NR N78,10,20971.0,2.5,2551,nan,0,3.48,0.0000
1743428706.7730381,NR5G-SA,CONNECT,TDD,CFE814004,-88,-4,7,21,0,0,0,0,0,0,100,0,-70,NR N78,10,20968.0,2.5,2551,nan,0,3.48,0.0000
1743428707.8094604,NR5G-SA,CONNECT,TDD,CFE814004,-88,-4,7,21,0,0,0,0,0,0,100,0,-70,NR N78,11,20972.0,2.5,2552,nan,0,3.48,0.0000
1743428708.8830843,NR5G-SA,CONNECT,TDD,CFE814004,-88,-5,7,21,0,0,0,0,0,0,100,0,-70,NR N78,11,20975.0,2.5,2552,nan,0,3.48,0.0000
1743428709.9393115,NR5G-SA,CONNECT,TDD,CFE814004,-88,-5,7,21,0,0,0,0,0,0,100,0,-70,NR N78,11,20971.0,2.5,2551,nan,0,3.48,0.0000
1743428711.0341277,NR5G-SA,CONNECT,TDD,CFE814004,-88,-5,7,21,0,0,0,0,0,0,100,0,-70,NR N78,11,20967.0,2.5,2551,nan,0,3.48,0.0000
1743428712.1299727,NR5G-SA,CONNECT,TDD,CFE814004,-88,-5,7,21,0,0,0,0,0,0,100,0,-70,NR N78,10,20973.0,2.5,2552,nan,0,3.48,0.0000
1743428713.2269475,NR5G-SA,CONNECT,TDD,CFE814004,-88,-5,6,21,0,0,0,0,0,0,100,0,-70,NR N78,10,20971.0,2.5,2551,nan,0,3.48,0.0000
1743428714.3448226,NR5G-SA,CONNECT,TDD,CFE814004,-90,-6,5,21,0,0,0,0,0,0,100,0,-71,NR N78,10,20978.0,2.5,2552,nan,0,3.48,0.0000
1743428715.438398,NR5G-SA,CONNECT,TDD,CFE814004,-90,-6,4,21,0,0,0,0,0,0,100,0,-70,NR N78,9,10484.0,1.25,1276,nan,0,3.48,0.0000
1743428716.5284033,NR5G-SA,CONNECT,TDD,CFE814004,-90,-5,5,21,0,0,0,0,0,0,100,0,-71,NR N78,9,20977.0,2.5,2552,nan,0,3.48,0.0000
1743428717.5951183,NR5G-SA,CONNECT,TDD,CFE814004,-89,-5,6,21,0,0,0,0,0,0,100,0,-70,NR N78,10,20970.0,2.5,2551,nan,0,3.48,0.0000
1743428718.6338096,NR5G-SA,CONNECT,TDD,CFE814004,-89,-5,6,21,0,0,0,0,0,0,100,0,-70,NR N78,10,10478.0,1.25,1275,nan,0,3.48,0.0000
1743428719.751943,NR5G-SA,CONNECT,TDD,CFE814004,-88,-5,6,21,0,0,0,0,0,0,100,0,-70,NR N78,12,10483.0,1.25,1275,nan,0,3.48,0.0000
1743428720.8493056,NR5G-SA,CONNECT,TDD,CFE814004,-88,-5,6,21,0,0,0,0,0,0,100,0,-70,NR N78,12,10486.0,1.25,1276,nan,0,3.48,0.0000
1743428721.9357965,NR5G-SA,CONNECT,TDD,CFE814004,-88,-5,6,21,0,0,0,0,0,0,100,0,-70,NR N78,12,10489.0,1.25,1276,nan,0,3.48,0.0000
1743428723.0109365,NR5G-SA,CONNECT,TDD,CFE814004,-88,-5,6,21,0,0,0,0,0,0,100,0,-70,NR N78,12,20985.0,2.5,2553,nan,0,3.48,0.0000
1743428724.1392426,NR5G-SA,CONNECT,TDD,CFE814004,-88,-5,6,21,0,0,0,0,0,0,100,0,-70,NR N78,13,10482.0,1.25,1275,nan,0,3.48,0.0000
1743428725.2443488,NR5G-SA,CONNECT,TDD,CFE814004,-88,-5,6,21,0,0,0,0,0,0,100,0,-70,NR N78,13,20972.0,2.5,2552,nan,0,3.48,0.0000
1743428726.3374953,NR5G-SA,CONNECT,TDD,CFE814004,-88,-5,6,21,0,0,0,0,0,0,100,0,-69,NR N78,11,20974.0,2.5,2552,nan,0,3.48,0.0000
1743428727.3661077,NR5G-SA,CONNECT,TDD,CFE814004,-89,-5,6,21,0,0,0,0,0,0,100,0,-70,NR N78,9,20976.0,2.5,2552,nan,0,3.48,0.0000
1743428728.4698272,NR5G-SA,CONNECT,TDD,CFE814004,-88,-5,6,21,0,0,0,0,0,0,100,0,-68,NR N78,9,10480.0,1.25,1275,nan,0,3.48,0.0000
1743428729.551791,NR5G-SA,CONNECT,TDD,CFE814004,-89,-5,6,21,0,0,0,0,0,0,100,0,-70,NR N78,9,20971.0,2.5,2551,nan,0,3.48,0.0000
1743428730.6371534,NR5G-SA,CONNECT,TDD,CFE814004,-89,-5,6,21,0,0,0,0,0,0,100,0,-71,NR N78,9,20976.0,2.5,2552,nan,0,3.48,0.0000
1743428731.7135997,NR5G-SA,CONNECT,TDD,CFE814004,-89,-5,6,21,0,0,0,0,0,0,100,0,-70,NR N78,9,20977.0,2.5,2552,nan,0,3.48,0.0000
1743428732.8025038,NR5G-SA,CONNECT,TDD,CFE814004,-89,-5,6,21,0,0,0,0,0,0,100,0,-70,NR N78,9,10479.0,1.25,1275,nan,0,3.48,0.0000
1743428733.8825672,NR5G-SA,CONNECT,TDD,CFE814004,-89,-5,6,21,0,0,0,0,0,0,100,0,-70,NR N78,10,31475.0,3.75,3829,nan,0,3.48,0.0000
1743428734.966965,NR5G-SA,CONNECT,TDD,CFE814004,-89,-5,6,21,0,0,0,0,0,0,100,0,-71,NR N78,10,20969.0,2.5,2551,nan,0,3.48,0.0000
1743428736.0325017,NR5G-SA,CONNECT,TDD,CFE814004,-89,-5,6,21,0,0,0,0,0,0,100,0,-71,NR N78,10,10487.0,1.25,1276,nan,0,3.48,0.0000
1743428737.1084309,NR5G-SA,CONNECT,TDD,CFE814004,-91,-7,4,21,0,0,0,0,0,0,100,0,-70,NR N78,10,20970.0,2.5,2551,nan,0,3.48,0.0000
1743428738.2001727,NR5G-SA,CONNECT,TDD,CFE814004,-92,-7,3,21,0,0,0,0,0,0,100,0,-72,NR N78,9,20970.0,2.5,2551,nan,0,3.48,0.0000
1743428739.257497,NR5G-SA,CONNECT,TDD,CFE814004,-91,-7,3,21,0,0,0,0,0,0,100,0,-71,NR N78,9,20974.0,2.5,2552,nan,0,3.48,0.0000
1743428843.731258,NR5G-SA,CONNECT,TDD,CFE814004,-87,-4,8,17,-88,-7,5,-88,-7,5,100,1,-69,NR N78,11,nan,nan,nan,nan,nan,nan,nan
1743428844.7901943,NR5G-SA,CONNECT,TDD,CFE814004,-87,-4,9,17,-89,-7,4,-89,-7,4,100,0,-66,NR N78,11,nan,nan,nan,nan,nan,nan,nan
1743428845.8696184,NR5G-SA,CONNECT,TDD,CFE814004,-86,-3,9,21,-89,-7,4,-89,-7,4,100,0,-69,NR N78,8,6687.0,816.0,814,nan,0,168.0,0.0000
1743428846.9580326,NR5G-SA,CONNECT,TDD,CFE814004,-86,-3,10,21,-89,-7,4,-89,-7,4,100,0,-70,NR N78,8,6172.0,753.0,751,nan,0,207.0,0.0000
1743428848.0414484,NR5G-SA,CONNECT,TDD,CFE814004,-86,-3,10,21,-89,-7,4,-89,-7,4,100,0,-70,NR N78,10,11831.0,1.41,1439,nan,0,263.0,0.0000
1743428849.1414576,NR5G-SA,CONNECT,TDD,CFE814004,-86,-3,10,21,-89,-7,4,-89,-7,4,100,0,-70,NR N78,10,15433.0,1.84,1878,nan,0,347.0,0.0000
1743428850.2365143,NR5G-SA,CONNECT,TDD,CFE814004,-86,-3,10,21,-90,-7,3,-90,-7,3,100,0,-70,NR N78,8,15429.0,1.84,1877,nan,0,442.0,0.0000
1743428851.3349044,NR5G-SA,CONNECT,TDD,CFE814004,-86,-3,10,21,-90,-7,3,-90,-7,3,100,0,-70,NR N78,8,18517.0,2.21,2253,nan,0,544.0,0.0000
1743428852.454629,NR5G-SA,CONNECT,TDD,CFE814004,-86,-3,10,21,-90,-8,3,-90,-8,3,100,0,-66,NR N78,8,22636.0,2.7,2754,nan,0,648.0,0.0000
1743428853.5524967,NR5G-SA,CONNECT,TDD,CFE814004,-86,-3,10,21,-90,-7,3,-90,-7,3,100,0,-69,NR N78,8,20572.0,2.45,2503,nan,0,756.0,0.0000
1743428854.6567242,NR5G-SA,CONNECT,TDD,CFE814004,-86,-3,10,21,-89,-7,4,-89,-7,4,100,0,-70,NR N78,11,15429.0,1.84,1877,nan,0,858.0,0.0000
1743428855.7416542,NR5G-SA,CONNECT,TDD,CFE814004,-86,-3,9,21,-89,-7,4,-89,-7,4,100,0,-69,NR N78,10,16972.0,2.02,2065,nan,0,963.0,0.0000
1743428856.82878,NR5G-SA,CONNECT,TDD,CFE814004,-86,-4,10,21,-89,-8,4,-89,-8,4,100,0,-69,NR N78,10,19032.0,2.27,2316,nan,0,1.03,0.0000
1743428857.9299383,NR5G-SA,CONNECT,TDD,CFE814004,-86,-4,9,21,-89,-8,4,-89,-8,4,100,0,-70,NR N78,9,0.0,0.0,0,nan,0,1.16,0.0000
1743428859.0248067,NR5G-SA,CONNECT,TDD,CFE814004,-86,-4,10,21,-89,-8,4,-89,-8,4,100,0,-69,NR N78,9,0.0,0.0,0,nan,0,1.29,0.0000
1743428860.1170268,NR5G-SA,CONNECT,TDD,CFE814004,-87,-4,9,20,-89,-8,4,-89,-8,4,100,0,-69,NR N78,13,10494.0,1.25,1277,nan,0,1.47,0.0000
1743428861.2025843,NR5G-SA,CONNECT,TDD,CFE814004,-87,-4,10,20,-89,-8,4,-89,-8,4,100,0,-69,NR N78,13,0.0,0.0,0,nan,0,1.67,0.0000
1743428862.3019822,NR5G-SA,CONNECT,TDD,CFE814004,-86,-3,10,21,-89,-7,4,-89,-7,4,100,0,-69,NR N78,14,0.0,0.0,0,nan,0,1.78,0.0000
1743428863.3968017,NR5G-SA,CONNECT,TDD,CFE814004,-86,-3,10,21,-89,-7,4,-89,-7,4,100,0,-69,NR N78,14,0.0,0.0,0,nan,0,1.87,0.0000
1743428864.4794147,NR5G-SA,CONNECT,TDD,CFE814004,-86,-3,10,21,-88,-7,4,-88,-7,4,100,0,-69,NR N78,10,0.0,0.0,0,nan,0,1.95,0.0000
1743428865.5763886,NR5G-SA,CONNECT,TDD,CFE814004,-86,-4,10,21,-89,-7,4,-89,-7,4,100,0,-68,NR N78,8,0.0,0.0,0,nan,0,2.04,0.0000
1743428866.693926,NR5G-SA,CONNECT,TDD,CFE814004,-86,-4,10,21,-88,-7,5,-88,-7,5,100,0,-69,NR N78,8,10496.0,1.25,1277,nan,0,2.14,0.0000
1743428867.7955284,NR5G-SA,CONNECT,TDD,CFE814004,-86,-4,10,21,-89,-8,4,-89,-8,4,100,0,-68,NR N78,9,10487.0,1.25,1276,nan,0,2.89,0.0000
1743428868.8745644,NR5G-SA,CONNECT,TDD,CFE814004,-87,-4,9,21,-90,-8,3,-90,-8,3,100,0,-70,NR N78,9,10481.0,1.25,1275,nan,0,3.84,0.0000
1743428869.9683762,NR5G-SA,CONNECT,TDD,CFE814004,-87,-4,10,21,-90,-8,3,-90,-8,3,100,0,-70,NR N78,10,20968.0,2.5,2551,nan,0,4.35,0.0000
1743428871.056678,NR5G-SA,CONNECT,TDD,CFE814004,-87,-4,10,21,-90,-8,3,-90,-8,3,100,0,-70,NR N78,10,20979.0,2.5,2552,nan,0,4.35,0.0000
1743428872.15782,NR5G-SA,CONNECT,TDD,CFE814004,-87,-4,9,21,-90,-8,3,-90,-8,3,100,0,-70,NR N78,9,10483.0,1.25,1275,nan,0,4.35,0.0000
1743428873.285727,NR5G-SA,CONNECT,TDD,CFE814004,-87,-4,9,21,-90,-7,3,-90,-7,3,100,0,-70,NR N78,9,10485.0,1.25,1276,nan,0,4.35,0.0000
1743428874.3925214,NR5G-SA,CONNECT,TDD,CFE814004,-87,-4,9,21,-90,-8,3,-90,-8,3,100,0,-69,NR N78,8,10483.0,1.25,1275,nan,0,4.35,0.0000
1743428875.487578,NR5G-SA,CONNECT,TDD,CFE814004,-87,-4,9,21,-90,-8,3,-90,-8,3,100,0,-70,NR N78,8,20982.0,2.5,2553,nan,0,4.35,0.0000
1743428876.5856035,NR5G-SA,CONNECT,TDD,CFE814004,-87,-4,9,21,-90,-8,3,-90,-8,3,100,0,-70,NR N78,10,20972.0,2.5,2552,nan,0,4.35,0.0000
1743428877.683228,NR5G-SA,CONNECT,TDD,CFE814004,-87,-3,9,21,-90,-8,3,-90,-8,3,100,0,-70,NR N78,10,10484.0,1.25,1276,nan,0,4.35,0.0000
1743428878.7893934,NR5G-SA,CONNECT,TDD,CFE814004,-87,-3,9,21,-90,-8,3,-90,-8,3,100,0,-69,NR N78,10,10487.0,1.25,1276,nan,0,4.35,0.0000
1743428879.8714368,NR5G-SA,CONNECT,TDD,CFE814004,-86,-3,10,21,-90,-8,3,-90,-8,3,100,0,-69,NR N78,11,10486.0,1.25,1276,nan,0,4.35,0.0000
1743428880.966587,NR5G-SA,CONNECT,TDD,CFE814004,-86,-4,10,21,-90,-8,3,-90,-8,3,100,0,-69,NR N78,11,10485.0,1.25,1276,nan,0,4.35,0.0000
1743428882.0624833,NR5G-SA,CONNECT,TDD,CFE814004,-86,-4,10,21,-90,-8,3,-90,-8,3,100,0,-70,NR N78,11,10487.0,1.25,1276,nan,0,4.35,0.0000
1743428883.170913,NR5G-SA,CONNECT,TDD,CFE814004,-87,-4,10,21,-90,-8,3,-90,-8,3,100,0,-69,NR N78,11,10482.0,1.25,1275,nan,0,4.35,0.0000
1743428884.2678041,NR5G-SA,CONNECT,TDD,CFE814004,-87,-4,10,21,-90,-9,3,-90,-9,3,100,0,-67,NR N78,8,10487.0,1.25,1276,nan,0,4.35,0.0000
1743428885.305576,NR5G-SA,CONNECT,TDD,CFE814004,-87,-4,9,21,-90,-8,4,-90,-8,4,100,0,-69,NR N78,8,10484.0,1.25,1276,nan,0,4.35,0.0000
1743428886.3896608,NR5G-SA,CONNECT,TDD,CFE814004,-87,-4,9,21,-90,-8,3,-90,-8,3,100,0,-70,NR N78,9,20987.0,2.5,2553,nan,0,4.35,0.0000
1743428887.4952915,NR5G-SA,CONNECT,TDD,CFE814004,-87,-4,10,21,-90,-7,3,-90,-7,3,100,0,-68,NR N78,9,0.0,0.0,0,nan,0,4.35,0.0000
1743428888.5888882,NR5G-SA,CONNECT,TDD,CFE814004,-87,-4,10,21,-90,-8,3,-90,-8,3,100,0,-70,NR N78,9,10487.0,1.25,1276,nan,0,4.35,0.0000
1743428889.6704254,NR5G-SA,CONNECT,TDD,CFE814004,-87,-4,10,21,-90,-8,3,-90,-8,3,100,0,-69,NR N78,9,10485.0,1.25,1276,nan,0,4.35,0.0000
1743428890.7737527,NR5G-SA,CONNECT,TDD,CFE814004,-87,-3,10,21,-90,-8,2,-90,-8,2,100,0,-70,NR N78,9,20992.0,2.5,2554,nan,0,4.35,0.0000
1743428891.8714232,NR5G-SA,CONNECT,TDD,CFE814004,-87,-3,10,21,-90,-8,3,-90,-8,3,100,0,-69,NR N78,10,20987.0,2.5,2553,nan,0,4.35,0.0000
1743428892.9634051,NR5G-SA,CONNECT,TDD,CFE814004,-87,-4,10,21,-90,-7,3,-90,-7,3,100,0,-68,NR N78,10,10484.0,1.25,1276,nan,0,4.35,0.0000
1743428894.051592,NR5G-SA,CONNECT,TDD,CFE814004,-87,-4,10,21,-90,-7,3,-90,-7,3,100,0,-70,NR N78,9,10485.0,1.25,1276,nan,0,4.35,0.0000
1743428895.1960108,NR5G-SA,CONNECT,TDD,CFE814004,-87,-4,10,21,-89,-7,3,-89,-7,3,100,0,-70,NR N78,9,10483.0,1.25,1275,nan,0,4.35,0.0000
1743428896.2903633,NR5G-SA,CONNECT,TDD,CFE814004,-87,-4,10,21,-89,-7,4,-89,-7,4,100,0,-70,NR N78,9,10483.0,1.25,1275,nan,0,4.35,0.0000
1743428897.4132357,NR5G-SA,CONNECT,TDD,CFE814004,-87,-4,10,21,-89,-7,4,-89,-7,4,100,0,-69,NR N78,9,10487.0,1.25,1276,nan,0,4.35,0.0000
1743428898.5117817,NR5G-SA,CONNECT,TDD,CFE814004,-87,-4,10,21,-89,-7,4,-89,-7,4,100,0,-70,NR N78,10,20986.0,2.5,2553,nan,0,4.35,0.0000
1743428899.5992527,NR5G-SA,CONNECT,TDD,CFE814004,-87,-4,9,21,-89,-7,4,-89,-7,4,100,0,-67,NR N78,8,10481.0,1.25,1275,nan,0,4.35,0.0000
1743428900.6932256,NR5G-SA,CONNECT,TDD,CFE814004,-87,-4,8,21,-90,-8,4,-90,-8,4,100,0,-70,NR N78,8,20986.0,2.5,2553,nan,0,4.35,0.0000
1743428901.7765334,NR5G-SA,CONNECT,TDD,CFE814004,-87,-4,9,21,-89,-7,4,-89,-7,4,100,0,-70,NR N78,8,0.0,0.0,0,nan,0,4.35,0.0000
1743428902.876601,NR5G-SA,CONNECT,TDD,CFE814004,-87,-4,9,21,-89,-7,4,-89,-7,4,100,0,-69,NR N78,8,10487.0,1.25,1276,nan,0,4.35,0.0000
1743428903.9822772,NR5G-SA,CONNECT,TDD,CFE814004,-87,-4,9,21,-89,-7,5,-89,-7,5,100,0,-70,NR N78,9,10487.0,1.25,1276,nan,0,4.35,0.0000
1743428905.0683162,NR5G-SA,CONNECT,TDD,CFE814004,-87,-4,10,21,-89,-7,4,-89,-7,4,100,0,-68,NR N78,9,10485.0,1.25,1276,nan,0,4.35,0.0000
1743428906.1917062,NR5G-SA,CONNECT,TDD,CFE814004,-87,-4,10,21,-89,-7,4,-89,-7,4,100,0,-70,NR N78,8,10484.0,1.25,1276,nan,0,4.35,0.0000
1743428907.2889216,NR5G-SA,CONNECT,TDD,CFE814004,-87,-4,10,21,-89,-7,4,-89,-7,4,100,0,-70,NR N78,8,10488.0,1.25,1276,nan,0,4.35,0.0000
1743428908.3755145,NR5G-SA,CONNECT,TDD,CFE814004,-87,-4,10,21,-90,-8,3,-90,-8,3,100,0,-66,NR N78,11,10487.0,1.25,1276,nan,0,4.35,0.0000
1743428909.474101,NR5G-SA,CONNECT,TDD,CFE814004,-87,-4,10,21,-90,-8,3,-90,-8,3,100,0,-70,NR N78,11,0.0,0.0,0,nan,0,4.35,0.0000
1743428910.5892868,NR5G-SA,CONNECT,TDD,CFE814004,-87,-4,10,21,-90,-8,3,-90,-8,3,100,0,-70,NR N78,8,10489.0,1.25,1276,nan,0,4.35,0.0000
1743428911.6950576,NR5G-SA,CONNECT,TDD,CFE814004,-87,-4,10,21,-89,-7,4,-89,-7,4,100,0,-66,NR N78,9,10492.0,1.25,1277,nan,0,4.35,0.0000
1743428912.777084,NR5G-SA,CONNECT,TDD,CFE814004,-87,-4,10,21,-89,-7,4,-89,-7,4,100,0,-69,NR N78,9,0.0,0.0,0,nan,0,4.35,0.0000
1743428913.8725657,NR5G-SA,CONNECT,TDD,CFE814004,-87,-4,10,21,-89,-7,4,-89,-7,4,100,0,-68,NR N78,10,0.0,0.0,0,nan,0,4.35,0.0000
1743428914.9664333,NR5G-SA,CONNECT,TDD,CFE814004,-87,-4,10,21,-89,-7,4,-89,-7,4,100,0,-70,NR N78,10,10488.0,1.25,1276,nan,0,4.35,0.0000
1743428916.056402,NR5G-SA,CONNECT,TDD,CFE814004,-87,-4,10,21,-89,-7,4,-89,-7,4,100,0,-70,NR N78,8,10485.0,1.25,1276,nan,0,4.35,0.0000
1743428917.1942263,NR5G-SA,CONNECT,TDD,CFE814004,-87,-4,10,21,-90,-8,3,-90,-8,3,100,0,-70,NR N78,8,10483.0,1.25,1275,nan,0,4.35,0.0000
1743428918.3129323,NR5G-SA,CONNECT,TDD,CFE814004,-87,-4,10,21,-90,-8,3,-90,-8,3,100,0,-70,NR N78,10,10489.0,1.25,1276,nan,0,4.35,0.0000
1743428919.3975675,NR5G-SA,CONNECT,TDD,CFE814004,-87,-4,10,21,-89,-8,4,-89,-8,4,100,0,-68,NR N78,10,0.0,0.0,0,nan,0,4.35,0.0000
1743428920.4855442,NR5G-SA,CONNECT,TDD,CFE814004,-87,-4,10,20,-89,-8,4,-89,-8,4,100,0,-67,NR N78,12,0.0,0.0,0,nan,0,4.35,0.0000
1743428921.5844622,NR5G-SA,CONNECT,TDD,CFE814004,-87,-4,10,20,-89,-8,4,-89,-8,4,100,0,-69,NR N78,11,0.0,0.0,0,nan,0,4.35,0.0000
1743428922.683761,NR5G-SA,CONNECT,TDD,CFE814004,-87,-4,10,22,-89,-8,4,-89,-8,4,100,0,-70,NR N78,11,10486.0,1.25,1276,nan,0,4.35,0.0000
1743428923.770781,NR5G-SA,CONNECT,TDD,CFE814004,-87,-4,9,21,-89,-7,4,-89,-7,4,100,0,-70,NR N78,8,0.0,0.0,0,nan,0,4.35,0.0000
1743428924.870423,NR5G-SA,CONNECT,TDD,CFE814004,-87,-4,9,21,-89,-7,4,-89,-7,4,100,0,-70,NR N78,8,10491.0,1.25,1276,nan,0,4.35,0.0000
1743428925.9343581,NR5G-SA,CONNECT,TDD,CFE814004,-87,-4,9,21,-89,-7,4,-89,-7,4,100,0,-70,NR N78,9,10483.0,1.25,1275,nan,0,4.35,0.0000
1743428927.0252967,NR5G-SA,CONNECT,TDD,CFE814004,-87,-4,9,21,-90,-7,3,-90,-7,3,100,0,-69,NR N78,9,10487.0,1.25,1276,nan,0,4.35,0.0000
1743428928.1393967,NR5G-SA,CONNECT,TDD,CFE814004,-87,-4,10,21,-90,-8,3,-90,-8,3,100,0,-70,NR N78,8,10489.0,1.25,1276,nan,0,4.35,0.0000
1743428929.2334447,NR5G-SA,CONNECT,TDD,CFE814004,-87,-4,10,21,-90,-7,3,-90,-7,3,100,0,-70,NR N78,8,10487.0,1.25,1276,nan,0,4.35,0.0000
1743428930.329046,NR5G-SA,CONNECT,TDD,CFE814004,-87,-4,10,21,-90,-8,3,-90,-8,3,100,0,-70,NR N78,10,10481.0,1.25,1275,nan,0,4.35,0.0000
1743428931.4358425,NR5G-SA,CONNECT,TDD,CFE814004,-87,-4,10,21,-89,-7,3,-89,-7,3,100,0,-70,NR N78,10,20989.0,2.5,2554,nan,0,4.35,0.0000
1743428932.5352983,NR5G-SA,CONNECT,TDD,CFE814004,-87,-4,10,21,-89,-7,4,-89,-7,4,100,0,-67,NR N78,10,0.0,0.0,0,nan,0,4.35,0.0000
1743428933.5996583,NR5G-SA,CONNECT,TDD,CFE814004,-87,-4,10,21,-90,-7,3,-90,-7,3,100,0,-70,NR N78,11,10491.0,1.25,1276,nan,0,4.35,0.0000
1743428934.7052882,NR5G-SA,CONNECT,TDD,CFE814004,-87,-4,10,21,-90,-8,3,-90,-8,3,100,0,-69,NR N78,11,10486.0,1.25,1276,nan,0,4.35,0.0000
1743428935.8114977,NR5G-SA,CONNECT,TDD,CFE814004,-87,-4,10,21,-90,-8,3,-90,-8,3,100,0,-69,NR N78,10,10487.0,1.25,1276,nan,0,4.35,0.0000
1743428936.9021962,NR5G-SA,CONNECT,TDD,CFE814004,-87,-4,10,21,-89,-7,4,-89,-7,4,100,0,-69,NR N78,10,0.0,0.0,0,nan,0,4.35,0.0000
1743428937.9886556,NR5G-SA,CONNECT,TDD,CFE814004,-87,-4,10,21,-89,-8,4,-89,-8,4,100,0,-70,NR N78,10,10487.0,1.25,1276,nan,0,4.35,0.0000
1743428939.0469031,NR5G-SA,CONNECT,TDD,CFE814004,-87,-4,9,21,-89,-8,4,-89,-8,4,100,0,-71,NR N78,10,10486.0,1.25,1276,nan,0,4.35,0.0000
1743428940.1449177,NR5G-SA,CONNECT,TDD,CFE814004,-87,-4,9,21,-89,-7,5,-89,-7,5,100,0,-70,NR N78,10,0.0,0.0,0,nan,0,4.35,0.0000
1743428941.243126,NR5G-SA,CONNECT,TDD,CFE814004,-87,-4,9,21,-89,-7,5,-89,-7,5,100,0,-69,NR N78,10,10493.0,1.25,1277,nan,0,4.35,0.0000
1743428942.3359551,NR5G-SA,CONNECT,TDD,CFE814004,-87,-4,9,21,-89,-7,4,-89,-7,4,100,0,-69,NR N78,10,0.0,0.0,0,nan,0,4.35,0.0000
1743428943.4268656,NR5G-SA,CONNECT,TDD,CFE814004,-87,-4,10,21,-90,-8,4,-90,-8,4,100,0,-71,NR N78,10,0.0,0.0,0,nan,0,4.35,0.0000
1743428944.5169713,NR5G-SA,CONNECT,TDD,CFE814004,-88,-4,9,21,-90,-7,5,-90,-7,5,100,0,-69,NR N78,10,10494.0,1.25,1277,nan,0,4.35,0.0000
1743428945.600728,NR5G-SA,CONNECT,TDD,CFE814004,-88,-4,9,21,-88,-6,6,-88,-6,6,100,0,-70,NR N78,11,0.0,0.0,0,nan,0,4.35,0.0000
1743428946.7049348,NR5G-SA,CONNECT,TDD,CFE814004,-87,-3,10,21,-88,-6,6,-88,-6,6,100,0,-70,NR N78,11,0.0,0.0,0,nan,0,4.35,0.0000
1743428947.7976053,NR5G-SA,CONNECT,TDD,CFE814004,-87,-3,10,21,-88,-7,6,-88,-7,6,100,0,-69,NR N78,11,0.0,0.0,0,nan,0,4.35,0.0000
1743428948.8854039,NR5G-SA,CONNECT,TDD,CFE814004,-87,-4,10,21,-88,-7,5,-88,-7,5,100,0,-71,NR N78,11,10487.0,1.25,1276,nan,0,4.35,0.0000
1743428949.9681683,NR5G-SA,CONNECT,TDD,CFE814004,-88,-4,9,20,-89,-7,5,-89,-7,5,100,0,-73,NR N78,13,0.0,0.0,0,nan,0,4.35,0.0000
1743428951.0451846,NR5G-SA,CONNECT,TDD,CFE814004,-89,-5,9,20,-88,-6,6,-88,-6,6,100,0,-69,NR N78,13,0.0,0.0,0,nan,0,4.35,0.0000
1743428952.0825028,NR5G-SA,CONNECT,TDD,CFE814004,-88,-4,9,21,-88,-6,6,-88,-6,6,100,0,-71,NR N78,8,10486.0,1.25,1276,nan,0,4.35,0.0000
1743428953.169943,NR5G-SA,CONNECT,TDD,CFE814004,-88,-4,10,21,-89,-7,5,-89,-7,5,100,0,-70,NR N78,8,10489.0,1.25,1276,nan,0,4.35,0.0000
1743428954.26058,NR5G-SA,CONNECT,TDD,CFE814004,-87,-4,9,21,-88,-6,6,-88,-6,6,100,0,-70,NR N78,7,0.0,0.0,0,nan,0,4.35,0.0000
1743428955.3573852,NR5G-SA,CONNECT,TDD,CFE814004,-88,-5,9,21,-88,-6,6,-88,-6,6,100,0,-72,NR N78,7,10495.0,1.25,1277,nan,0,4.35,0.0000
1743428956.4351397,NR5G-SA,CONNECT,TDD,CFE814004,-89,-5,8,21,-88,-6,5,-88,-6,5,100,0,-71,NR N78,9,0.0,0.0,0,nan,0,4.35,0.0000
1743428957.5226665,NR5G-SA,CONNECT,TDD,CFE814004,-90,-5,8,21,-88,-6,5,-88,-6,5,100,0,-71,NR N78,9,10492.0,1.25,1277,nan,0,4.35,0.0000
1743428958.6084473,NR5G-SA,CONNECT,TDD,CFE814004,-90,-6,7,21,-89,-7,5,-89,-7,5,100,0,-70,NR N78,11,10483.0,1.25,1275,nan,0,4.35,0.0000
1743428959.7114935,NR5G-SA,CONNECT,TDD,CFE814004,-90,-6,7,20,-89,-7,5,-89,-7,5,100,0,-71,NR N78,11,10488.0,1.25,1276,nan,0,4.35,0.0000
1743428960.8087034,NR5G-SA,CONNECT,TDD,CFE814004,-90,-5,8,20,-89,-7,5,-89,-7,5,100,0,-70,NR N78,11,10483.0,1.25,1275,nan,0,4.35,0.0000
1743428961.9050105,NR5G-SA,CONNECT,TDD,CFE814004,-89,-5,8,21,-88,-6,6,-88,-6,6,100,0,-70,NR N78,10,10487.0,1.25,1276,nan,0,4.35,0.0000
1743428963.0196834,NR5G-SA,CONNECT,TDD,CFE814004,-88,-4,9,21,-88,-6,6,-88,-6,6,100,0,-70,NR N78,10,10487.0,1.25,1276,nan,0,4.35,0.0000
1743428964.1401129,NR5G-SA,CONNECT,TDD,CFE814004,-88,-4,8,21,-88,-5,6,-88,-5,6,100,0,-72,NR N78,8,10487.0,1.25,1276,nan,0,4.35,0.0000
1743428965.2366555,NR5G-SA,CONNECT,TDD,CFE814004,-89,-4,8,21,-88,-6,6,-88,-6,6,100,0,-72,NR N78,8,10487.0,1.25,1276,nan,0,4.35,0.0000
1743428966.3157997,NR5G-SA,CONNECT,TDD,CFE814004,-88,-4,9,21,-88,-6,6,-88,-6,6,100,0,-69,NR N78,9,10486.0,1.25,1276,nan,0,4.35,0.0000
1743428967.4113803,NR5G-SA,CONNECT,TDD,CFE814004,-87,-3,10,21,-89,-7,5,-89,-7,5,100,0,-70,NR N78,9,10486.0,1.25,1276,nan,0,4.35,0.0000
1743428968.5044436,NR5G-SA,CONNECT,TDD,CFE814004,-86,-4,10,20,-89,-7,4,-89,-7,4,100,0,-70,NR N78,10,0.0,0.0,0,nan,0,4.35,0.0000
1743428969.5792,NR5G-SA,CONNECT,TDD,CFE814004,-86,-3,11,20,-90,-8,4,-90,-8,4,100,0,-70,NR N78,11,10485.0,1.25,1276,nan,0,4.35,0.0000
1743428970.6995308,NR5G-SA,CONNECT,TDD,CFE814004,-86,-4,11,21,-90,-8,4,-90,-8,4,100,0,-68,NR N78,11,10491.0,1.25,1276,nan,0,4.35,0.0000
1743428971.8140821,NR5G-SA,CONNECT,TDD,CFE814004,-86,-4,11,21,-90,-8,4,-90,-8,4,100,0,-68,NR N78,10,10488.0,1.25,1276,nan,0,4.35,0.0000
1743428972.9040818,NR5G-SA,CONNECT,TDD,CFE814004,-86,-4,11,21,-89,-8,4,-89,-8,4,100,0,-67,NR N78,10,20992.0,2.5,2554,nan,0,4.35,0.0000
1743428973.969255,NR5G-SA,CONNECT,TDD,CFE814004,-86,-5,11,21,-89,-8,5,-89,-8,5,100,0,-69,NR N78,10,10483.0,1.25,1275,nan,0,4.35,0.0000
1743428975.0480938,NR5G-SA,CONNECT,TDD,CFE814004,-86,-4,11,21,-88,-7,5,-88,-7,5,100,0,-68,NR N78,10,10486.0,1.25,1276,nan,0,4.35,0.0000
1743428976.136914,NR5G-SA,CONNECT,TDD,CFE814004,-86,-5,10,21,-89,-7,5,-89,-7,5,100,0,-71,NR N78,10,10487.0,1.25,1276,nan,0,4.35,0.0000
1743428977.2297497,NR5G-SA,CONNECT,TDD,CFE814004,-87,-5,10,21,-88,-6,6,-88,-6,6,100,0,-69,NR N78,10,0.0,0.0,0,nan,0,4.35,0.0000
1743428978.3155491,NR5G-SA,CONNECT,TDD,CFE814004,-90,-5,8,21,-88,-6,6,-88,-6,6,100,0,-69,NR N78,9,10489.0,1.25,1276,nan,0,4.35,0.0000
1743428979.429452,NR5G-SA,CONNECT,TDD,CFE814004,-90,-6,7,21,-89,-6,7,-89,-6,7,100,0,-72,NR N78,9,10493.0,1.25,1277,nan,0,4.35,0.0000
1743428980.548124,NR5G-SA,CONNECT,TDD,CFE814004,-91,-6,7,21,-91,-7,7,-91,-7,7,100,0,-71,NR N78,7,0.0,0.0,0,nan,0,4.35,0.0000
1743428981.6472483,NR5G-SA,CONNECT,TDD,CFE814004,-92,-6,7,21,-91,-7,6,-91,-7,6,100,0,-71,NR N78,7,10487.0,1.25,1276,nan,0,4.35,0.0000
1743428982.7378533,NR5G-SA,CONNECT,TDD,CFE814004,-93,-7,6,21,-91,-7,6,-91,-7,6,100,0,-71,NR N78,7,10489.0,1.25,1276,nan,0,4.35,0.0000
1743428983.8606167,NR5G-SA,CONNECT,TDD,CFE614000,-90,-7,6,21,0,0,0,0,0,0,100,1,-70,NR N78,8,10485.0,1.25,1276,nan,0,4.35,0.0000
1743428984.9552407,NR5G-SA,CONNECT,TDD,CFE614000,-90,-7,5,21,0,0,0,0,0,0,100,0,-68,NR N78,8,31476.0,3.75,3830,nan,0,4.35,0.0000
1743428985.9913886,NR5G-SA,CONNECT,TDD,CFE614000,-91,-8,5,20,0,0,0,0,0,0,100,0,-70,NR N78,12,52427.0,6.25,6379,nan,0,4.35,0.0000
1743428987.0676575,NR5G-SA,CONNECT,TDD,CFE614000,-91,-7,6,20,0,0,0,0,0,0,100,0,-70,NR N78,12,31442.0,3.75,3825,nan,0,4.35,0.0000
1743428988.1635585,NR5G-SA,CONNECT,TDD,CFE614000,-92,-7,5,21,0,0,0,0,0,0,100,0,-70,NR N78,17,41970.0,5.0,5106,nan,0,4.35,0.0000
1743428989.2376053,NR5G-SA,CONNECT,TDD,CFE614000,-93,-8,4,21,0,0,0,0,0,0,100,0,-71,NR N78,17,83883.0,10.0,10206,nan,0,4.35,0.0000
1743428990.2768326,NR5G-SA,CONNECT,TDD,CFE614000,-95,-8,4,20,0,0,0,0,0,0,100,0,-76,NR N78,19,73398.0,8.75,8930,nan,0,4.35,0.0000
1743428991.3573332,NR5G-SA,CONNECT,TDD,CFE614000,-94,-8,6,20,0,0,0,0,0,0,100,0,-70,NR N78,19,62916.0,7.5,7655,nan,0,4.35,0.0000
1743428992.4062343,NR5G-SA,CONNECT,TDD,CFE614000,-95,-8,5,21,0,0,0,0,0,0,100,0,-73,NR N78,17,62918.0,7.5,7655,nan,0,4.35,0.0000
1743428993.5195289,NR5G-SA,CONNECT,TDD,CFE614000,-96,-8,5,21,0,0,0,0,0,0,100,0,-73,NR N78,17,41815.0,5.0,5087,nan,0,4.35,0.0000
1743428994.5571203,NR5G-SA,CONNECT,TDD,CFE614000,-96,-7,5,21,0,0,0,0,0,0,100,0,-73,NR N78,14,52585.0,6.25,6398,nan,0,4.35,0.0000
1743428995.6378052,NR5G-SA,CONNECT,TDD,CFE614000,-96,-8,5,21,0,0,0,0,0,0,100,0,-74,NR N78,15,41940.0,5.0,5103,nan,0,4.35,0.0000
1743428996.7197468,NR5G-SA,CONNECT,TDD,CFE614000,-96,-8,4,21,0,0,0,0,0,0,100,0,-74,NR N78,15,52432.0,6.25,6379,nan,0,4.35,0.0000
1743428997.7511475,NR5G-SA,CONNECT,TDD,CFE614000,-96,-7,4,21,0,0,0,0,0,0,100,0,-74,NR N78,15,52435.0,6.25,6380,nan,0,4.35,0.0000
1743428998.7848973,NR5G-SA,CONNECT,TDD,CFE614000,-95,-7,5,21,0,0,0,0,0,0,100,0,-73,NR N78,15,41935.0,5.0,5102,nan,0,4.35,0.0000
1743428999.8725271,NR5G-SA,CONNECT,TDD,CFE614000,-95,-7,5,21,0,0,0,0,0,0,100,0,-74,NR N78,16,52433.0,6.25,6379,nan,0,4.35,0.0000
1743429000.9701176,NR5G-SA,CONNECT,TDD,CFE614000,-95,-7,5,21,0,0,0,0,0,0,100,0,-74,NR N78,16,20968.0,2.5,2551,nan,0,4.35,0.0000
1743429002.0587578,NR5G-SA,CONNECT,TDD,CFE614000,-95,-7,5,21,0,0,0,0,0,0,100,0,-74,NR N78,16,20975.0,2.5,2552,nan,0,4.35,0.0000
1743429003.1513774,NR5G-SA,CONNECT,TDD,CFE614000,-96,-7,5,21,0,0,0,0,0,0,100,0,-75,NR N78,16,31460.0,3.75,3828,nan,0,4.35,0.0000
1743429004.2434425,NR5G-SA,CONNECT,TDD,CFE614000,-95,-8,5,21,0,0,0,0,0,0,100,0,-73,NR N78,14,31455.0,3.75,3827,nan,0,4.35,0.0000
1743429005.3148897,NR5G-SA,CONNECT,TDD,CFE614000,-95,-8,5,21,0,0,0,0,0,0,100,0,-74,NR N78,14,31460.0,3.75,3828,nan,0,4.35,0.0000
1743429006.4054997,NR5G-SA,CONNECT,TDD,CFE614000,-95,-8,5,21,0,0,0,0,0,0,100,0,-74,NR N78,11,31452.0,3.75,3827,nan,0,4.35,0.0000
1743429007.52148,NR5G-SA,CONNECT,TDD,CFE614000,-95,-7,5,21,0,0,0,0,0,0,100,0,-74,NR N78,11,41952.0,5.0,5104,nan,0,4.35,0.0000
1743429008.6274364,NR5G-SA,CONNECT,TDD,CFE614000,-95,-7,5,21,0,0,0,0,0,0,100,0,-74,NR N78,13,41941.0,5.0,5103,nan,0,4.35,0.0000
1743429009.666186,NR5G-SA,CONNECT,TDD,CFE614000,-95,-7,5,21,0,0,0,0,0,0,100,0,-74,NR N78,14,41944.0,5.0,5103,nan,0,4.35,0.0000
1743429010.7337732,NR5G-SA,CONNECT,TDD,CFE614000,-95,-8,5,21,0,0,0,0,0,0,100,0,-74,NR N78,14,41939.0,5.0,5103,nan,0,4.35,0.0000
1743429011.7732482,NR5G-SA,CONNECT,TDD,CFE614000,-95,-7,5,21,0,0,0,0,0,0,100,0,-74,NR N78,15,52437.0,6.25,6380,nan,0,4.35,0.0000
1743429012.8130484,NR5G-SA,CONNECT,TDD,CFE614000,-95,-7,5,21,0,0,0,0,0,0,100,0,-74,NR N78,15,41933.0,5.0,5102,nan,0,4.35,0.0000
1743429013.8539367,NR5G-SA,CONNECT,TDD,CFE614000,-95,-8,5,21,0,0,0,0,0,0,100,0,-73,NR N78,15,52438.0,6.25,6380,nan,0,4.35,0.0000
1743429014.9242957,NR5G-SA,CONNECT,TDD,CFE614000,-95,-8,5,21,0,0,0,0,0,0,100,0,-74,NR N78,15,41938.0,5.0,5102,nan,0,4.35,0.0000
1743429016.0127594,NR5G-SA,CONNECT,TDD,CFE614000,-95,-8,5,21,0,0,0,0,0,0,100,0,-74,NR N78,13,41940.0,5.0,5103,nan,0,4.35,0.0000
1743429017.08021,NR5G-SA,CONNECT,TDD,CFE614000,-95,-8,5,21,0,0,0,0,0,0,100,0,-75,NR N78,13,41948.0,5.0,5104,nan,0,4.35,0.0000
1743429018.1598542,NR5G-SA,CONNECT,TDD,CFE614000,-95,-7,5,21,0,0,0,0,0,0,100,0,-74,NR N78,12,31453.0,3.75,3827,nan,0,4.35,0.0000
1743429019.2744684,NR5G-SA,CONNECT,TDD,CFE614000,-95,-7,5,21,0,0,0,0,0,0,100,0,-75,NR N78,12,31455.0,3.75,3827,nan,0,4.35,0.0000
1743429020.3781598,NR5G-SA,CONNECT,TDD,CFE614000,-95,-7,5,21,0,0,0,0,0,0,100,0,-75,NR N78,12,31460.0,3.75,3828,nan,0,4.35,0.0000
1743429021.4589455,NR5G-SA,CONNECT,TDD,CFE614000,-95,-7,5,21,0,0,0,0,0,0,100,0,-74,NR N78,12,41948.0,5.0,5104,nan,0,4.35,0.0000
1743429022.4990463,NR5G-SA,CONNECT,TDD,CFE614000,-95,-7,5,21,0,0,0,0,0,0,100,0,-75,NR N78,12,31456.0,3.75,3827,nan,0,4.35,0.0000
1743429023.5310397,NR5G-SA,CONNECT,TDD,CFE614000,-95,-7,5,21,0,0,0,0,0,0,100,0,-74,NR N78,12,41935.0,5.0,5102,nan,0,4.35,0.0000
1743429024.5943394,NR5G-SA,CONNECT,TDD,CFE614000,-95,-7,5,21,0,0,0,0,0,0,100,0,-74,NR N78,13,41943.0,5.0,5103,nan,0,4.35,0.0000
1743429025.6578712,NR5G-SA,CONNECT,TDD,CFE614000,-95,-7,5,21,0,0,0,0,0,0,100,0,-74,NR N78,13,41951.0,5.0,5104,nan,0,4.35,0.0000
1743429026.714937,NR5G-SA,CONNECT,TDD,CFE614000,-95,-7,5,21,0,0,0,0,0,0,100,0,-75,NR N78,13,41942.0,5.0,5103,nan,0,4.35,0.0000
1743429027.786886,NR5G-SA,CONNECT,TDD,CFE614000,-95,-7,5,21,0,0,0,0,0,0,100,0,-75,NR N78,13,41947.0,5.0,5104,nan,0,4.35,0.0000
1743429028.8822105,NR5G-SA,CONNECT,TDD,CFE614000,-95,-7,5,21,0,0,0,0,0,0,100,0,-74,NR N78,13,41945.0,5.0,5103,nan,0,4.35,0.0000
1743429029.9386299,NR5G-SA,CONNECT,TDD,CFE614000,-95,-6,6,21,0,0,0,0,0,0,100,0,-75,NR N78,13,41942.0,5.0,5103,nan,0,4.35,0.0000
1743429031.01838,NR5G-SA,CONNECT,TDD,CFE614000,-95,-6,6,21,0,0,0,0,0,0,100,0,-74,NR N78,13,52431.0,6.25,6379,nan,0,4.35,0.0000
1743429032.1248045,NR5G-SA,CONNECT,TDD,CFE614000,-95,-6,6,21,0,0,0,0,0,0,100,0,-75,NR N78,14,41932.0,5.0,5102,nan,0,4.35,0.0000
1743429033.2271008,NR5G-SA,CONNECT,TDD,CFE614000,-95,-6,6,21,0,0,0,0,0,0,100,0,-75,NR N78,14,41946.0,5.0,5103,nan,0,4.35,0.0000
1743429034.3346634,NR5G-SA,CONNECT,TDD,CFE614000,-95,-6,6,21,0,0,0,0,0,0,100,0,-75,NR N78,13,41950.0,5.0,5104,nan,0,4.35,0.0000
1743429035.3966825,NR5G-SA,CONNECT,TDD,CFE614000,-95,-7,6,21,0,0,0,0,0,0,100,0,-74,NR N78,13,41935.0,5.0,5102,nan,0,4.35,0.0000
1743429036.4558308,NR5G-SA,CONNECT,TDD,CFE614000,-95,-7,6,21,0,0,0,0,0,0,100,0,-74,NR N78,14,52432.0,6.25,6379,nan,0,4.35,0.0000
1743429037.5723684,NR5G-SA,CONNECT,TDD,CFE614000,-95,-7,6,21,0,0,0,0,0,0,100,0,-74,NR N78,14,41948.0,5.0,5104,nan,0,4.35,0.0000
1743429038.6790845,NR5G-SA,CONNECT,TDD,CFE614000,-95,-7,5,21,0,0,0,0,0,0,100,0,-73,NR N78,12,41941.0,5.0,5103,nan,0,4.35,0.0000
1743429039.7548645,NR5G-SA,CONNECT,TDD,CFE614000,-95,-8,5,21,0,0,0,0,0,0,100,0,-74,NR N78,13,52432.0,6.25,6379,nan,0,4.35,0.0000
1743429040.838056,NR5G-SA,CONNECT,TDD,CFE614000,-95,-7,6,21,0,0,0,0,0,0,100,0,-74,NR N78,13,41939.0,5.0,5103,nan,0,4.35,0.0000
1743429041.929917,NR5G-SA,CONNECT,TDD,CFE614000,-95,-8,5,21,0,0,0,0,0,0,100,0,-73,NR N78,14,52429.0,6.25,6379,nan,0,4.35,0.0000
1743429043.0230267,NR5G-SA,CONNECT,TDD,CFE614000,-95,-8,6,21,0,0,0,0,0,0,100,0,-74,NR N78,14,41941.0,5.0,5103,nan,0,4.35,0.0000
1743429044.1253433,NR5G-SA,CONNECT,TDD,CFE614000,-95,-7,6,21,0,0,0,0,0,0,100,0,-74,NR N78,14,31458.0,3.75,3827,nan,0,4.35,0.0000
1743429045.2069728,NR5G-SA,CONNECT,TDD,CFE614000,-95,-8,5,21,0,0,0,0,0,0,100,0,-73,NR N78,14,41946.0,5.0,5103,nan,0,4.35,0.0000
1743429046.3202875,NR5G-SA,CONNECT,TDD,CFE614000,-95,-7,6,21,0,0,0,0,0,0,100,0,-73,NR N78,14,41936.0,5.0,5102,nan,0,4.35,0.0000
1743429047.3530936,NR5G-SA,CONNECT,TDD,CFE614000,-95,-8,6,21,0,0,0,0,0,0,100,0,-75,NR N78,14,41940.0,5.0,5103,nan,0,4.35,0.0000
1743429048.4358788,NR5G-SA,CONNECT,TDD,CFE614000,-95,-7,5,21,0,0,0,0,0,0,100,0,-75,NR N78,14,31459.0,3.75,3828,nan,0,4.35,0.0000
1743429049.5092533,NR5G-SA,CONNECT,TDD,CFE614000,-95,-7,5,21,0,0,0,0,0,0,100,0,-74,NR N78,14,31458.0,3.75,3827,nan,0,4.35,0.0000
1743429050.6375847,NR5G-SA,CONNECT,TDD,CFE614000,-95,-7,5,21,0,0,0,0,0,0,100,0,-74,NR N78,13,31457.0,3.75,3827,nan,0,4.35,0.0000
1743429051.726446,NR5G-SA,CONNECT,TDD,CFE614000,-96,-7,5,20,0,0,0,0,0,0,100,0,-74,NR N78,17,10484.0,1.25,1276,nan,0,4.35,0.0000
1743429052.7925816,NR5G-SA,CONNECT,TDD,CFE614000,-95,-8,5,20,0,0,0,0,0,0,100,0,-74,NR N78,17,20973.0,2.5,2552,nan,0,4.35,0.0000
1743429053.9029415,NR5G-SA,CONNECT,TDD,CFE614000,-95,-7,5,21,0,0,0,0,0,0,100,0,-75,NR N78,11,52445.0,6.25,6381,nan,0,4.35,0.0000
1743429054.9360247,NR5G-SA,CONNECT,TDD,CFE614000,-95,-7,5,21,0,0,0,0,0,0,100,0,-75,NR N78,11,41940.0,5.0,5103,nan,0,4.35,0.0000
1743429056.0602877,NR5G-SA,CONNECT,TDD,CFE614000,-95,-7,5,21,0,0,0,0,0,0,100,0,-74,NR N78,14,41943.0,5.0,5103,nan,0,4.35,0.0000
1743429057.0934513,NR5G-SA,CONNECT,TDD,CFE614000,-96,-7,5,21,0,0,0,0,0,0,100,0,-75,NR N78,14,52429.0,6.25,6379,nan,0,4.35,0.0000
1743429058.131632,NR5G-SA,CONNECT,TDD,CFE614000,-96,-8,5,21,0,0,0,0,0,0,100,0,-73,NR N78,15,52428.0,6.25,6379,nan,0,4.35,0.0000
1743429059.2175455,NR5G-SA,CONNECT,TDD,CFE614000,-94,-8,5,21,0,0,0,0,0,0,100,0,-72,NR N78,15,62919.0,7.5,7655,nan,0,4.35,0.0000
1743429060.2602293,NR5G-SA,CONNECT,TDD,CFE614000,-94,-9,4,21,0,0,0,0,0,0,100,0,-71,NR N78,16,62912.0,7.5,7654,nan,0,4.35,0.0000
1743429061.356765,NR5G-SA,CONNECT,TDD,CFE614000,-94,-9,4,21,0,0,0,0,0,0,100,0,-72,NR N78,16,31459.0,3.75,3828,nan,0,4.35,0.0000
1743429062.4626863,NR5G-SA,CONNECT,TDD,CFE614000,-95,-11,3,21,0,0,0,0,0,0,100,0,-69,NR N78,14,41942.0,5.0,5103,nan,0,4.35,0.0000
1743429063.5305166,NR5G-SA,CONNECT,TDD,CFE614000,-93,-10,3,21,0,0,0,0,0,0,100,0,-67,NR N78,14,52420.0,6.25,6378,nan,0,4.35,0.0000
1743429064.6141803,NR5G-SA,CONNECT,TDD,CFE614000,-92,-9,3,21,0,0,0,0,0,0,100,0,-68,NR N78,17,73411.0,8.75,8932,nan,0,4.35,0.0000
1743429065.6580746,NR5G-SA,CONNECT,TDD,CFE614000,-92,-9,4,21,0,0,0,0,0,0,100,0,-68,NR N78,18,73397.0,8.75,8930,nan,0,4.35,0.0000
1743429066.7086644,NR5G-SA,CONNECT,TDD,CFE614000,-92,-9,3,21,0,0,0,0,0,0,100,0,-69,NR N78,18,62908.0,7.5,7654,nan,0,4.35,0.0000
1743429067.7851593,NR5G-SA,CONNECT,TDD,CFE614000,-92,-9,3,21,0,0,0,0,0,0,100,0,-70,NR N78,16,62921.0,7.5,7655,nan,0,4.35,0.0000
1743429068.865321,NR5G-SA,CONNECT,TDD,CFE614000,-91,-9,4,21,0,0,0,0,0,0,100,0,-70,NR N78,16,41941.0,5.0,5103,nan,0,4.35,0.0000
1743429069.901545,NR5G-SA,CONNECT,TDD,CFE614000,-92,-9,3,21,0,0,0,0,0,0,100,0,-70,NR N78,14,52433.0,6.25,6379,nan,0,4.35,0.0000
1743429070.9434042,NR5G-SA,CONNECT,TDD,CFE614000,-91,-9,4,21,0,0,0,0,0,0,100,0,-69,NR N78,14,52420.0,6.25,6378,nan,0,4.35,0.0000
1743429072.0263731,NR5G-SA,CONNECT,TDD,CFE614000,-91,-9,4,21,0,0,0,0,0,0,100,0,-69,NR N78,16,52431.0,6.25,6379,nan,0,4.35,0.0000
1743429073.0878212,NR5G-SA,CONNECT,TDD,CFE614000,-91,-9,4,21,0,0,0,0,0,0,100,0,-69,NR N78,16,41944.0,5.0,5103,nan,0,4.35,0.0000
1743429074.125185,NR5G-SA,CONNECT,TDD,CFE614000,-91,-9,4,21,0,0,0,0,0,0,100,0,-69,NR N78,14,52434.0,6.25,6379,nan,0,4.35,0.0000
1743429075.219296,NR5G-SA,CONNECT,TDD,CFE614000,-91,-9,4,21,0,0,0,0,0,0,100,0,-69,NR N78,14,41903.0,5.0,5098,nan,0,4.35,0.0000
1743429076.2826707,NR5G-SA,CONNECT,TDD,CFE614000,-91,-9,4,21,0,0,0,0,0,0,100,0,-69,NR N78,14,41981.0,5.0,5108,nan,0,4.35,0.0000
1743429077.3546093,NR5G-SA,CONNECT,TDD,CFE614000,-91,-8,4,21,0,0,0,0,0,0,100,0,-69,NR N78,14,41936.0,5.0,5102,nan,0,4.35,0.0000
1743429078.4126725,NR5G-SA,CONNECT,TDD,CFE614000,-91,-8,4,21,0,0,0,0,0,0,100,0,-70,NR N78,15,62927.0,7.5,7656,nan,0,4.35,0.0000
1743429079.4792173,NR5G-SA,CONNECT,TDD,CFE614000,-91,-8,4,21,0,0,0,0,0,0,100,0,-70,NR N78,15,62911.0,7.5,7654,nan,0,4.35,0.0000
1743429080.5484946,NR5G-SA,CONNECT,TDD,CFE614000,-91,-9,4,21,0,0,0,0,0,0,100,0,-68,NR N78,16,62913.0,7.5,7654,nan,0,4.35,0.0000
1743429081.6303198,NR5G-SA,CONNECT,TDD,CFE614000,-91,-8,4,21,0,0,0,0,0,0,100,0,-70,NR N78,17,62916.0,7.5,7655,nan,0,4.35,0.0000
1743429082.6842425,NR5G-SA,CONNECT,TDD,CFE614000,-91,-8,4,21,0,0,0,0,0,0,100,0,-70,NR N78,17,62906.0,7.5,7654,nan,0,4.35,0.0000
1743429083.7307415,NR5G-SA,CONNECT,TDD,CFE614000,-92,-9,4,21,0,0,0,0,0,0,100,0,-70,NR N78,18,62906.0,7.5,7654,nan,0,4.35,0.0000
1743429084.7677386,NR5G-SA,CONNECT,TDD,CFE614000,-92,-9,4,21,0,0,0,0,0,0,100,0,-70,NR N78,18,73424.0,8.75,8933,nan,0,4.35,0.0000
1743429085.8203902,NR5G-SA,CONNECT,TDD,CFE614000,-91,-8,4,21,0,0,0,0,0,0,100,0,-70,NR N78,17,62909.0,7.5,7654,nan,0,4.35,0.0000
1743429086.9163806,NR5G-SA,CONNECT,TDD,CFE614000,-91,-8,4,21,0,0,0,0,0,0,100,0,-69,NR N78,17,62905.0,7.5,7653,nan,0,4.35,0.0000
1743429087.9466608,NR5G-SA,CONNECT,TDD,CFE614000,-91,-8,4,21,0,0,0,0,0,0,100,0,-70,NR N78,18,83885.0,10.0,10206,nan,0,4.35,0.0000
1743429088.997307,NR5G-SA,CONNECT,TDD,CFE614000,-91,-8,4,21,0,0,0,0,0,0,100,0,-69,NR N78,18,73405.0,8.75,8931,nan,0,4.35,0.0000
1743429090.0545874,NR5G-SA,CONNECT,TDD,CFE614000,-91,-8,4,21,0,0,0,0,0,0,100,0,-69,NR N78,19,83896.0,10.0,10207,nan,0,4.35,0.0000
1743429091.0952926,NR5G-SA,CONNECT,TDD,CFE614000,-91,-8,4,21,0,0,0,0,0,0,100,0,-68,NR N78,19,83881.0,10.0,10206,nan,0,4.35,0.0000
1743429092.1583025,NR5G-SA,CONNECT,TDD,CFE614000,-91,-9,4,21,0,0,0,0,0,0,100,0,-69,NR N78,20,83890.0,10.0,10207,nan,0,4.35,0.0000
1743429093.2285154,NR5G-SA,CONNECT,TDD,CFE614000,-91,-9,4,21,0,0,0,0,0,0,100,0,-68,NR N78,20,62912.0,7.5,7654,nan,0,4.35,0.0000
1743429094.259336,NR5G-SA,CONNECT,TDD,CFE614000,-91,-9,4,21,0,0,0,0,0,0,100,0,-69,NR N78,18,62913.0,7.5,7654,nan,0,4.35,0.0000
1743429095.3168685,NR5G-SA,CONNECT,TDD,CFE614000,-91,-9,4,21,0,0,0,0,0,0,100,0,-69,NR N78,18,62909.0,7.5,7654,nan,0,4.35,0.0000
1743429096.3511362,NR5G-SA,CONNECT,TDD,CFE614000,-91,-9,4,21,0,0,0,0,0,0,100,0,-70,NR N78,17,73410.0,8.75,8932,nan,0,4.35,0.0000
1743429097.4107606,NR5G-SA,CONNECT,TDD,CFE614000,-92,-9,4,21,0,0,0,0,0,0,100,0,-70,NR N78,17,73392.0,8.75,8929,nan,0,4.35,0.0000
1743429098.4507277,NR5G-SA,CONNECT,TDD,CFE614000,-91,-8,4,21,0,0,0,0,0,0,100,0,-69,NR N78,18,73410.0,8.75,8932,nan,0,4.35,0.0000
1743429099.492442,NR5G-SA,CONNECT,TDD,CFE614000,-91,-8,4,21,0,0,0,0,0,0,100,0,-68,NR N78,18,73400.0,8.75,8930,nan,0,4.35,0.0000
1743429100.546768,NR5G-SA,CONNECT,TDD,CFE614000,-91,-8,4,21,0,0,0,0,0,0,100,0,-69,NR N78,19,52426.0,6.25,6378,nan,0,4.35,0.0000
1743429101.6586864,NR5G-SA,CONNECT,TDD,CFE614000,-91,-8,4,21,0,0,0,0,0,0,100,0,-69,NR N78,17,73403.0,8.75,8931,nan,0,4.35,0.0000
1743429102.7779436,NR5G-SA,CONNECT,TDD,CFE614000,-91,-8,4,21,0,0,0,0,0,0,100,0,-70,NR N78,17,62916.0,7.5,7655,nan,0,4.35,0.0000
1743429103.8257413,NR5G-SA,CONNECT,TDD,CFE614000,-91,-8,4,21,0,0,0,0,0,0,100,0,-69,NR N78,18,73399.0,8.75,8930,nan,0,4.35,0.0000
1743429104.9077294,NR5G-SA,CONNECT,TDD,CFE614000,-91,-9,4,21,0,0,0,0,0,0,100,0,-69,NR N78,18,62910.0,7.5,7654,nan,0,4.35,0.0000
1743429105.9594603,NR5G-SA,CONNECT,TDD,CFE614000,-91,-9,4,21,0,0,0,0,0,0,100,0,-69,NR N78,17,41939.0,5.0,5103,nan,0,4.35,0.0000
1743429107.0382597,NR5G-SA,CONNECT,TDD,CFE614000,-91,-9,4,21,0,0,0,0,0,0,100,0,-69,NR N78,17,62920.0,7.5,7655,nan,0,4.35,0.0000
1743429108.0946984,NR5G-SA,CONNECT,TDD,CFE614000,-91,-9,4,21,0,0,0,0,0,0,100,0,-69,NR N78,17,73406.0,8.75,8931,nan,0,4.35,0.0000
1743429109.1365256,NR5G-SA,CONNECT,TDD,CFE614000,-92,-9,3,21,0,0,0,0,0,0,100,0,-69,NR N78,17,73392.0,8.75,8929,nan,0,4.35,0.0000
1743429110.2034996,NR5G-SA,CONNECT,TDD,CFE614000,-92,-8,4,21,0,0,0,0,0,0,100,0,-70,NR N78,18,73410.0,8.75,8932,nan,0,4.35,0.0000
1743429111.243958,NR5G-SA,CONNECT,TDD,CFE614000,-91,-8,4,21,0,0,0,0,0,0,100,0,-70,NR N78,18,73393.0,8.75,8929,nan,0,4.35,0.0000
1743429112.300052,NR5G-SA,CONNECT,TDD,CFE614000,-91,-9,4,21,0,0,0,0,0,0,100,0,-69,NR N78,18,73407.0,8.75,8931,nan,0,4.35,0.0000
1743429113.347236,NR5G-SA,CONNECT,TDD,CFE614000,-91,-9,3,21,0,0,0,0,0,0,100,0,-69,NR N78,18,73401.0,8.75,8930,nan,0,4.35,0.0000
1743429114.3921206,NR5G-SA,CONNECT,TDD,CFE614000,-91,-8,4,21,0,0,0,0,0,0,100,0,-73,NR N78,18,73398.0,8.75,8930,nan,0,4.35,0.0000
1743429115.4553545,NR5G-SA,CONNECT,TDD,CFE614000,-92,-8,5,21,0,0,0,0,0,0,100,0,-70,NR N78,18,73402.0,8.75,8931,nan,0,4.35,0.0000
1743429116.5190895,NR5G-SA,CONNECT,TDD,CFE614000,-92,-7,5,21,0,0,0,0,0,0,100,0,-70,NR N78,20,83879.0,10.0,10205,nan,0,4.35,0.0000
1743429117.6034663,NR5G-SA,CONNECT,TDD,CFE614000,-92,-6,7,21,0,0,0,0,0,0,100,0,-72,NR N78,20,73398.0,8.75,8930,nan,0,4.35,0.0000
1743429118.6647446,NR5G-SA,CONNECT,TDD,CFE614000,-93,-6,7,21,0,0,0,0,0,0,100,0,-71,NR N78,20,83897.0,10.0,10207,nan,0,4.35,0.0000
1743429119.7453554,NR5G-SA,CONNECT,TDD,CFE614000,-93,-6,7,21,0,0,0,0,0,0,100,0,-71,NR N78,20,73395.0,8.75,8930,nan,0,4.35,0.0000
1743429120.810355,NR5G-SA,CONNECT,TDD,CFE614000,-93,-6,7,21,0,0,0,0,0,0,100,0,-71,NR N78,20,73395.0,8.75,8930,nan,0,4.35,0.0000
1743429121.8700101,NR5G-SA,CONNECT,TDD,CFE614000,-94,-6,7,21,0,0,0,0,0,0,100,0,-71,NR N78,20,94385.0,11.2,11484,nan,0,4.35,0.0000
1743429122.909305,NR5G-SA,CONNECT,TDD,CFE614000,-94,-6,7,21,0,0,0,0,0,0,100,0,-71,NR N78,20,62916.0,7.5,7655,nan,0,4.35,0.0000
1743429123.9516368,NR5G-SA,CONNECT,TDD,CFE614000,-93,-6,7,21,0,0,0,0,0,0,100,0,-71,NR N78,17,83894.0,10.0,10207,nan,0,4.35,0.0000
1743429124.9984443,NR5G-SA,CONNECT,TDD,CFE614000,-94,-6,7,21,0,0,0,0,0,0,100,0,-72,NR N78,17,73398.0,8.75,8930,nan,0,4.35,0.0000
1743429126.0461154,NR5G-SA,CONNECT,TDD,CFE614000,-93,-6,7,21,0,0,0,0,0,0,100,0,-72,NR N78,19,83877.0,10.0,10205,nan,0,4.35,0.0000
1743429127.1127744,NR5G-SA,CONNECT,TDD,CFE614000,-93,-6,7,21,0,0,0,0,0,0,100,0,-71,NR N78,19,83887.0,10.0,10206,nan,0,4.35,0.0000
1743429128.1427882,NR5G-SA,CONNECT,TDD,CFE614000,-93,-6,7,21,0,0,0,0,0,0,100,0,-71,NR N78,20,73408.0,8.75,8931,nan,0,4.35,0.0000
1743429129.1803572,NR5G-SA,CONNECT,TDD,CFE614000,-93,-6,7,21,0,0,0,0,0,0,100,0,-71,NR N78,20,73402.0,8.75,8931,nan,0,4.35,0.0000
1743429130.283763,NR5G-SA,CONNECT,TDD,CFE614000,-94,-6,7,21,0,0,0,0,0,0,100,0,-70,NR N78,17,52425.0,6.25,6378,nan,0,4.35,0.0000
1743429131.3467503,NR5G-SA,CONNECT,TDD,CFE614000,-93,-6,7,21,0,0,0,0,0,0,100,0,-69,NR N78,17,83888.0,10.0,10206,nan,0,4.35,0.0000
1743429132.3897352,NR5G-SA,CONNECT,TDD,CFE614000,-94,-7,6,21,0,0,0,0,0,0,100,0,-70,NR N78,19,73387.0,8.75,8929,nan,0,4.35,0.0000
1743429133.4557526,NR5G-SA,CONNECT,TDD,CFE614000,-94,-7,6,21,0,0,0,0,0,0,100,0,-71,NR N78,19,83897.0,10.0,10207,nan,0,4.35,0.0000
1743429134.4944282,NR5G-SA,CONNECT,TDD,CFE614000,-94,-7,6,21,0,0,0,0,0,0,100,0,-72,NR N78,19,83891.0,10.0,10207,nan,0,4.35,0.0000
1743429135.5528948,NR5G-SA,CONNECT,TDD,CFE614000,-94,-7,7,21,0,0,0,0,0,0,100,0,-72,NR N78,19,83880.0,10.0,10205,nan,0,4.35,0.0000
1743429136.5911205,NR5G-SA,CONNECT,TDD,CFE614000,-94,-6,7,21,0,0,0,0,0,0,100,0,-71,NR N78,19,94380.0,11.2,11483,nan,0,4.35,0.0000
1743429137.662127,NR5G-SA,CONNECT,TDD,CFE614000,-94,-6,7,21,0,0,0,0,0,0,100,0,-71,NR N78,20,83888.0,10.0,10206,nan,0,4.35,0.0000
1743429138.7007341,NR5G-SA,CONNECT,TDD,CFE614000,-94,-6,7,21,0,0,0,0,0,0,100,0,-70,NR N78,20,83886.0,10.0,10206,nan,0,4.35,0.0000
1743429139.741518,NR5G-SA,CONNECT,TDD,CFE614000,-94,-6,7,21,0,0,0,0,0,0,100,0,-70,NR N78,20,73392.0,8.75,8929,nan,0,4.35,0.0000
1743429140.8446584,NR5G-SA,CONNECT,TDD,CFE614000,-94,-6,7,21,0,0,0,0,0,0,100,0,-70,NR N78,20,83895.0,10.0,10207,nan,0,4.35,0.0000
1743429141.8823352,NR5G-SA,CONNECT,TDD,CFE614000,-94,-6,7,21,0,0,0,0,0,0,100,0,-70,NR N78,18,62920.0,7.5,7655,nan,0,4.35,0.0000
1743429142.9742682,NR5G-SA,CONNECT,TDD,CFE614000,-94,-6,7,21,0,0,0,0,0,0,100,0,-72,NR N78,18,73404.0,8.75,8931,nan,0,4.35,0.0000
1743429144.035885,NR5G-SA,CONNECT,TDD,CFE614000,-93,-6,6,21,0,0,0,0,0,0,100,0,-71,NR N78,18,73401.0,8.75,8930,nan,0,4.35,0.0000
1743429145.083417,NR5G-SA,CONNECT,TDD,CFE614000,-94,-6,6,21,0,0,0,0,0,0,100,0,-69,NR N78,18,73405.0,8.75,8931,nan,0,4.35,0.0000
1743429146.1363604,NR5G-SA,CONNECT,TDD,CFE614000,-94,-6,6,21,0,0,0,0,0,0,100,0,-71,NR N78,18,83885.0,10.0,10206,nan,0,4.35,0.0000
1743429147.2155383,NR5G-SA,CONNECT,TDD,CFE614000,-93,-6,6,21,0,0,0,0,0,0,100,0,-71,NR N78,18,62915.0,7.5,7655,nan,0,4.35,0.0000
1743429148.7101724,NR5G-SA,CONNECT,TDD,CFE614000,-94,-6,6,21,0,0,0,0,0,0,100,0,-71,NR N78,17,62906.0,7.5,7654,nan,0,4.35,0.0000
1743429149.7753642,NR5G-SA,CONNECT,TDD,CFE614000,-94,-6,6,21,0,0,0,0,0,0,100,0,-71,NR N78,17,62921.0,7.5,7655,nan,0,4.35,0.0000
1743429150.8663538,NR5G-SA,CONNECT,TDD,CFE614000,-94,-6,7,21,0,0,0,0,0,0,100,0,-70,NR N78,18,41935.0,5.0,5102,nan,0,4.35,0.0000
1743429151.9478424,NR5G-SA,CONNECT,TDD,CFE614000,-93,-6,7,21,0,0,0,0,0,0,100,0,-71,NR N78,18,52440.0,6.25,6380,nan,0,4.35,0.0000
1743429152.9857814,NR5G-SA,CONNECT,TDD,CFE614000,-93,-6,7,21,0,0,0,0,0,0,100,0,-71,NR N78,17,41934.0,5.0,5102,nan,0,4.35,0.0000
1743429154.0575309,NR5G-SA,CONNECT,TDD,CFE614000,-93,-6,7,21,0,0,0,0,0,0,100,0,-70,NR N78,15,52434.0,6.25,6379,nan,0,4.35,0.0000
1743429155.1024742,NR5G-SA,CONNECT,TDD,CFE614000,-93,-6,7,21,0,0,0,0,0,0,100,0,-71,NR N78,15,52429.0,6.25,6379,nan,0,4.35,0.0000
1743429156.1741467,NR5G-SA,CONNECT,TDD,CFE614000,-93,-6,7,21,0,0,0,0,0,0,100,0,-71,NR N78,16,52436.0,6.25,6380,nan,0,4.35,0.0000
1743429157.2348857,NR5G-SA,CONNECT,TDD,CFE614000,-93,-6,6,21,0,0,0,0,0,0,100,0,-72,NR N78,16,41932.0,5.0,5102,nan,0,4.35,0.0000
1743429158.3060882,NR5G-SA,CONNECT,TDD,CFE614000,-94,-6,6,21,0,0,0,0,0,0,100,0,-71,NR N78,15,52442.0,6.25,6380,nan,0,4.35,0.0000
1743429159.3412707,NR5G-SA,CONNECT,TDD,CFE614000,-94,-6,6,21,0,0,0,0,0,0,100,0,-72,NR N78,15,52425.0,6.25,6378,nan,0,4.35,0.0000
1743429160.3985925,NR5G-SA,CONNECT,TDD,CFE614000,-94,-6,6,21,0,0,0,0,0,0,100,0,-71,NR N78,16,62920.0,7.5,7655,nan,0,4.35,0.0000
1743429161.4516962,NR5G-SA,CONNECT,TDD,CFE614000,-94,-6,6,21,0,0,0,0,0,0,100,0,-70,NR N78,16,41936.0,5.0,5102,nan,0,4.35,0.0000
1743429162.4943666,NR5G-SA,CONNECT,TDD,CFE614000,-94,-7,7,21,0,0,0,0,0,0,100,0,-70,NR N78,20,52439.0,6.25,6380,nan,0,4.35,0.0000
1743429163.533436,NR5G-SA,CONNECT,TDD,CFE614000,-94,-7,7,21,0,0,0,0,0,0,100,0,-70,NR N78,20,83877.0,10.0,10205,nan,0,4.35,0.0000
1743429164.5749466,NR5G-SA,CONNECT,TDD,CFE614000,-93,-7,7,21,0,0,0,0,0,0,100,0,-71,NR N78,20,83888.0,10.0,10206,nan,0,4.35,0.0000
1743429165.6369355,NR5G-SA,CONNECT,TDD,CFE614000,-94,-7,7,21,0,0,0,0,0,0,100,0,-72,NR N78,20,83885.0,10.0,10206,nan,0,4.35,0.0000
1743429166.7164152,NR5G-SA,CONNECT,TDD,CFE614000,-94,-6,7,21,0,0,0,0,0,0,100,0,-71,NR N78,19,73400.0,8.75,8930,nan,0,4.35,0.0000
1743429167.788264,NR5G-SA,CONNECT,TDD,CFE614000,-94,-6,7,21,0,0,0,0,0,0,100,0,-71,NR N78,19,73400.0,8.75,8930,nan,0,4.35,0.0000
1743429168.864605,NR5G-SA,CONNECT,TDD,CFE614000,-94,-7,7,21,0,0,0,0,0,0,100,0,-71,NR N78,18,83895.0,10.0,10207,nan,0,4.35,0.0000
1743429169.9366457,NR5G-SA,CONNECT,TDD,CFE614000,-94,-6,7,21,0,0,0,0,0,0,100,0,-70,NR N78,18,62903.0,7.5,7653,nan,0,4.35,0.0000
1743429170.9741483,NR5G-SA,CONNECT,TDD,CFE614000,-94,-6,6,21,0,0,0,0,0,0,100,0,-71,NR N78,19,73342.0,8.75,8923,nan,0,4.35,0.0000
1743429172.0602527,NR5G-SA,CONNECT,TDD,CFE614000,-94,-7,6,21,0,0,0,0,0,0,100,0,-71,NR N78,18,62973.0,7.5,7662,nan,0,4.35,0.0000
1743429173.0987058,NR5G-SA,CONNECT,TDD,CFE614000,-94,-7,6,21,0,0,0,0,0,0,100,0,-71,NR N78,18,83890.0,10.0,10207,nan,0,4.35,0.0000
1743429174.1661325,NR5G-SA,CONNECT,TDD,CFE614000,-94,-7,6,21,0,0,0,0,0,0,100,0,-70,NR N78,18,83883.0,10.0,10206,nan,0,4.35,0.0000
1743429175.280861,NR5G-SA,CONNECT,TDD,CFE614000,-94,-7,6,21,0,0,0,0,0,0,100,0,-70,NR N78,18,62912.0,7.5,7654,nan,0,4.35,0.0000
1743429176.3318973,NR5G-SA,CONNECT,TDD,CFE614000,-94,-7,6,21,0,0,0,0,0,0,100,0,-68,NR N78,15,62922.0,7.5,7656,nan,0,4.35,0.0000
1743429177.3690572,NR5G-SA,CONNECT,TDD,CFE614000,-94,-7,6,21,0,0,0,0,0,0,100,0,-71,NR N78,15,62911.0,7.5,7654,nan,0,4.35,0.0000
1743429178.4653249,NR5G-SA,CONNECT,TDD,CFE614000,-94,-7,6,21,0,0,0,0,0,0,100,0,-71,NR N78,17,52425.0,6.25,6378,nan,0,4.35,0.0000
1743429179.5396929,NR5G-SA,CONNECT,TDD,CFE614000,-94,-7,6,21,0,0,0,0,0,0,100,0,-71,NR N78,17,52436.0,6.25,6380,nan,0,4.35,0.0000
1743429180.601199,NR5G-SA,CONNECT,TDD,CFE614000,-94,-7,6,21,0,0,0,0,0,0,100,0,-71,NR N78,16,41939.0,5.0,5103,nan,0,4.35,0.0000
1743429181.6587892,NR5G-SA,CONNECT,TDD,CFE614000,-94,-7,6,21,0,0,0,0,0,0,100,0,-71,NR N78,16,41907.0,5.0,5099,nan,0,4.35,0.0000
1743429182.757645,NR5G-SA,CONNECT,TDD,CFE614000,-94,-7,6,21,0,0,0,0,0,0,100,0,-71,NR N78,15,41936.0,5.0,5102,nan,0,4.35,0.0000
1743429183.8735857,NR5G-SA,CONNECT,TDD,CFE614000,-95,-7,6,21,0,0,0,0,0,0,100,0,-69,NR N78,15,52453.0,6.25,6382,nan,0,4.35,0.0000
1743429184.9848628,NR5G-SA,CONNECT,TDD,CFE614000,-94,-7,6,21,0,0,0,0,0,0,100,0,-72,NR N78,14,41936.0,5.0,5102,nan,0,4.35,0.0000
1743429186.0534418,NR5G-SA,CONNECT,TDD,CFE614000,-94,-6,6,21,0,0,0,0,0,0,100,0,-71,NR N78,15,52449.0,6.25,6381,nan,0,4.35,0.0000
1743429187.0940402,NR5G-SA,CONNECT,TDD,CFE614000,-94,-6,7,21,0,0,0,0,0,0,100,0,-72,NR N78,15,73406.0,8.75,8931,nan,0,4.35,0.0000
1743429188.1728363,NR5G-SA,CONNECT,TDD,CFE614000,-94,-6,6,21,0,0,0,0,0,0,100,0,-72,NR N78,18,73416.0,8.75,8932,nan,0,4.35,0.0000
1743429189.2508087,NR5G-SA,CONNECT,TDD,CFE614000,-94,-7,6,21,0,0,0,0,0,0,100,0,-72,NR N78,18,62914.0,7.5,7655,nan,0,4.35,0.0000
1743429190.3435526,NR5G-SA,CONNECT,TDD,CFE614000,-94,-7,6,21,0,0,0,0,0,0,100,0,-72,NR N78,18,62909.0,7.5,7654,nan,0,4.35,0.0000
1743429191.401452,NR5G-SA,CONNECT,TDD,CFE614000,-94,-7,6,21,0,0,0,0,0,0,100,0,-72,NR N78,18,62904.0,7.5,7653,nan,0,4.35,0.0000
1743429192.4324505,NR5G-SA,CONNECT,TDD,CFE614000,-94,-7,6,21,0,0,0,0,0,0,100,0,-72,NR N78,18,73411.0,8.75,8932,nan,0,4.35,0.0000
1743429193.463064,NR5G-SA,CONNECT,TDD,CFE614000,-94,-7,6,21,0,0,0,0,0,0,100,0,-72,NR N78,18,73406.0,8.75,8931,nan,0,4.35,0.0000
1743429194.516105,NR5G-SA,CONNECT,TDD,CFE614000,-94,-7,6,21,0,0,0,0,0,0,100,0,-72,NR N78,18,73405.0,8.75,8931,nan,0,4.35,0.0000
1743429195.595273,NR5G-SA,CONNECT,TDD,CFE614000,-94,-7,6,21,0,0,0,0,0,0,100,0,-71,NR N78,18,83883.0,10.0,10206,nan,0,4.35,0.0000
1743429196.662059,NR5G-SA,CONNECT,TDD,CFE614000,-94,-7,6,21,0,0,0,0,0,0,100,0,-72,NR N78,18,73397.0,8.75,8930,nan,0,4.35,0.0000
1743429197.7552638,NR5G-SA,CONNECT,TDD,CFE614000,-94,-7,6,21,0,0,0,0,0,0,100,0,-71,NR N78,18,83888.0,10.0,10206,nan,0,4.35,0.0000
1743429198.7964447,NR5G-SA,CONNECT,TDD,CFE614000,-94,-7,6,21,0,0,0,0,0,0,100,0,-72,NR N78,18,73387.0,8.75,8929,nan,0,4.35,0.0000
1743429199.867914,NR5G-SA,CONNECT,TDD,CFE614000,-94,-7,6,21,0,0,0,0,0,0,100,0,-72,NR N78,18,73416.0,8.75,8932,nan,0,4.35,0.0000
1743429200.9442022,NR5G-SA,CONNECT,TDD,CFE614000,-94,-7,6,21,0,0,0,0,0,0,100,0,-70,NR N78,19,73397.0,8.75,8930,nan,0,4.35,0.0000
1743429202.0036857,NR5G-SA,CONNECT,TDD,CFE614000,-95,-7,6,21,0,0,0,0,0,0,100,0,-70,NR N78,19,62919.0,7.5,7655,nan,0,4.35,0.0000
1743429203.059672,NR5G-SA,CONNECT,TDD,CFE614000,-94,-7,6,21,0,0,0,0,0,0,100,0,-71,NR N78,18,62918.0,7.5,7655,nan,0,4.35,0.0000
1743429204.1191003,NR5G-SA,CONNECT,TDD,CFE614000,-94,-7,6,21,0,0,0,0,0,0,100,0,-72,NR N78,18,73393.0,8.75,8929,nan,0,4.35,0.0000
1743429205.1747854,NR5G-SA,CONNECT,TDD,CFE614000,-94,-7,6,21,0,0,0,0,0,0,100,0,-69,NR N78,18,83886.0,10.0,10206,nan,0,4.35,0.0000
1743429206.2877495,NR5G-SA,CONNECT,TDD,CFE614000,-94,-7,6,21,0,0,0,0,0,0,100,0,-72,NR N78,19,62915.0,7.5,7655,nan,0,4.35,0.0000
1743429207.3318594,NR5G-SA,CONNECT,TDD,CFE614000,-94,-7,6,21,0,0,0,0,0,0,100,0,-71,NR N78,19,20964.0,2.5,2551,nan,0,4.35,0.0000
1743429208.4338071,NR5G-SA,CONNECT,TDD,CFE614000,-94,-7,6,21,0,0,0,0,0,0,100,0,-70,NR N78,21,20973.0,2.5,2552,nan,0,4.35,0.0000
1743429209.4776053,NR5G-SA,CONNECT,TDD,CFE614000,-94,-7,6,21,0,0,0,0,0,0,100,0,-71,NR N78,21,62936.0,7.5,7657,nan,0,4.35,0.0000
1743429210.522986,NR5G-SA,CONNECT,TDD,CFE614000,-94,-7,6,21,0,0,0,0,0,0,100,0,-71,NR N78,17,52417.0,6.25,6377,nan,0,4.35,0.0000
1743429211.6175601,NR5G-SA,CONNECT,TDD,CFE614000,-94,-7,6,21,0,0,0,0,0,0,100,0,-71,NR N78,17,41950.0,5.0,5104,nan,0,4.35,0.0000
1743429212.6911895,NR5G-SA,CONNECT,TDD,CFE614000,-94,-7,6,21,0,0,0,0,0,0,100,0,-72,NR N78,14,62920.0,7.5,7655,nan,0,4.35,0.0000
1743429213.7852688,NR5G-SA,CONNECT,TDD,CFE614000,-94,-7,6,21,0,0,0,0,0,0,100,0,-71,NR N78,14,52426.0,6.25,6378,nan,0,4.35,0.0000
1743429214.822652,NR5G-SA,CONNECT,TDD,CFE614000,-94,-7,6,21,0,0,0,0,0,0,100,0,-71,NR N78,18,83887.0,10.0,10206,nan,0,4.35,0.0000
1743429215.8686259,NR5G-SA,CONNECT,TDD,CFE614000,-94,-7,6,21,0,0,0,0,0,0,100,0,-71,NR N78,18,62915.0,7.5,7655,nan,0,4.35,0.0000
1743429216.9238927,NR5G-SA,CONNECT,TDD,CFE614000,-94,-6,6,21,0,0,0,0,0,0,100,0,-72,NR N78,21,83891.0,10.0,10207,nan,0,4.35,0.0000
1743429218.0241828,NR5G-SA,CONNECT,TDD,CFE614000,-94,-6,7,21,0,0,0,0,0,0,100,0,-71,NR N78,21,83886.0,10.0,10206,nan,0,4.35,0.0000
1743429219.0664194,NR5G-SA,CONNECT,TDD,CFE614000,-94,-6,7,21,0,0,0,0,0,0,100,0,-71,NR N78,20,73393.0,8.75,8929,nan,0,4.35,0.0000
1743429220.1593952,NR5G-SA,CONNECT,TDD,CFE614000,-94,-6,7,21,0,0,0,0,0,0,100,0,-72,NR N78,18,62920.0,7.5,7655,nan,0,4.35,0.0000
1743429221.2239754,NR5G-SA,CONNECT,TDD,CFE614000,-94,-6,7,21,0,0,0,0,0,0,100,0,-72,NR N78,18,62912.0,7.5,7654,nan,0,4.35,0.0000
1743429222.2873929,NR5G-SA,CONNECT,TDD,CFE614000,-94,-7,7,21,0,0,0,0,0,0,100,0,-71,NR N78,16,52428.0,6.25,6379,nan,0,4.35,0.0000
1743429223.3581324,NR5G-SA,CONNECT,TDD,CFE614000,-94,-6,7,21,0,0,0,0,0,0,100,0,-71,NR N78,16,73401.0,8.75,8930,nan,0,4.35,0.0000
1743429224.3947918,NR5G-SA,CONNECT,TDD,CFE614000,-94,-6,7,21,0,0,0,0,0,0,100,0,-72,NR N78,19,73397.0,8.75,8930,nan,0,4.35,0.0000
1743429225.4419613,NR5G-SA,CONNECT,TDD,CFE614000,-94,-6,7,21,0,0,0,0,0,0,100,0,-71,NR N78,19,62914.0,7.5,7655,nan,0,4.35,0.0000
1743429226.490817,NR5G-SA,CONNECT,TDD,CFE614000,-94,-6,7,21,0,0,0,0,0,0,100,0,-72,NR N78,19,83892.0,10.0,10207,nan,0,4.35,0.0000
1743429227.5433354,NR5G-SA,CONNECT,TDD,CFE614000,-94,-6,7,21,0,0,0,0,0,0,100,0,-70,NR N78,19,62908.0,7.5,7654,nan,0,4.35,0.0000
1743429228.5891793,NR5G-SA,CONNECT,TDD,CFE614000,-94,-6,7,21,0,0,0,0,0,0,100,0,-72,NR N78,18,73402.0,8.75,8931,nan,0,4.35,0.0000
1743429229.627501,NR5G-SA,CONNECT,TDD,CFE614000,-94,-6,7,21,0,0,0,0,0,0,100,0,-72,NR N78,18,73400.0,8.75,8930,nan,0,4.35,0.0000
1743429230.7062798,NR5G-SA,CONNECT,TDD,CFE614000,-94,-6,6,21,0,0,0,0,0,0,100,0,-70,NR N78,18,83889.0,10.0,10206,nan,0,4.35,0.0000
1743429231.7631123,NR5G-SA,CONNECT,TDD,CFE614000,-94,-6,7,21,0,0,0,0,0,0,100,0,-72,NR N78,18,73402.0,8.75,8931,nan,0,4.35,0.0000
1743429232.8398697,NR5G-SA,CONNECT,TDD,CFE614000,-94,-6,6,21,0,0,0,0,0,0,100,0,-72,NR N78,17,52423.0,6.25,6378,nan,0,4.35,0.0000
1743429233.9317434,NR5G-SA,CONNECT,TDD,CFE614000,-94,-7,7,21,0,0,0,0,0,0,100,0,-72,NR N78,17,73408.0,8.75,8931,nan,0,4.35,0.0000
1743429234.9894907,NR5G-SA,CONNECT,TDD,CFE614000,-94,-6,7,21,0,0,0,0,0,0,100,0,-72,NR N78,16,62907.0,7.5,7654,nan,0,4.35,0.0000
1743429236.029654,NR5G-SA,CONNECT,TDD,CFE614000,-94,-6,6,21,0,0,0,0,0,0,100,0,-72,NR N78,16,62922.0,7.5,7656,nan,0,4.35,0.0000
1743429237.1327052,NR5G-SA,CONNECT,TDD,CFE614000,-94,-7,6,21,0,0,0,0,0,0,100,0,-72,NR N78,16,52426.0,6.25,6378,nan,0,4.35,0.0000
1743429238.1807468,NR5G-SA,CONNECT,TDD,CFE614000,-94,-7,6,21,0,0,0,0,0,0,100,0,-72,NR N78,18,73398.0,8.75,8930,nan,0,4.35,0.0000
1743429239.230023,NR5G-SA,CONNECT,TDD,CFE614000,-94,-7,6,21,0,0,0,0,0,0,100,0,-72,NR N78,18,73400.0,8.75,8930,nan,0,4.35,0.0000
1743429240.3018188,NR5G-SA,CONNECT,TDD,CFE614000,-94,-7,6,21,0,0,0,0,0,0,100,0,-72,NR N78,17,62924.0,7.5,7656,nan,0,4.35,0.0000
1743429241.3477404,NR5G-SA,CONNECT,TDD,CFE614000,-94,-7,6,21,0,0,0,0,0,0,100,0,-71,NR N78,17,73396.0,8.75,8930,nan,0,4.35,0.0000
1743429242.4028647,NR5G-SA,CONNECT,TDD,CFE614000,-94,-6,6,21,0,0,0,0,0,0,100,0,-72,NR N78,17,62923.0,7.5,7656,nan,0,4.35,0.0000
1743429243.5099287,NR5G-SA,CONNECT,TDD,CFE614000,-94,-6,6,21,0,0,0,0,0,0,100,0,-72,NR N78,17,73399.0,8.75,8930,nan,0,4.35,0.0000
1743429244.5432765,NR5G-SA,CONNECT,TDD,CFE614000,-94,-6,6,21,0,0,0,0,0,0,100,0,-71,NR N78,18,73399.0,8.75,8930,nan,0,4.35,0.0000
1743429245.5837295,NR5G-SA,CONNECT,TDD,CFE614000,-94,-6,6,21,0,0,0,0,0,0,100,0,-72,NR N78,18,73398.0,8.75,8930,nan,0,4.35,0.0000
1743429246.6291702,NR5G-SA,CONNECT,TDD,CFE614000,-94,-6,6,21,0,0,0,0,0,0,100,0,-72,NR N78,18,73401.0,8.75,8930,nan,0,4.35,0.0000
1743429247.6730382,NR5G-SA,CONNECT,TDD,CFE614000,-94,-6,6,21,0,0,0,0,0,0,100,0,-70,NR N78,18,73392.0,8.75,8929,nan,0,4.35,0.0000
1743429248.7448328,NR5G-SA,CONNECT,TDD,CFE614000,-94,-6,6,21,0,0,0,0,0,0,100,0,-72,NR N78,18,62922.0,7.5,7656,nan,0,4.35,0.0000
1743429249.7758296,NR5G-SA,CONNECT,TDD,CFE614000,-95,-7,6,21,0,0,0,0,0,0,100,0,-71,NR N78,18,62916.0,7.5,7655,nan,0,4.35,0.0000
1743429250.894843,NR5G-SA,CONNECT,TDD,CFE614000,-94,-7,6,21,0,0,0,0,0,0,100,0,-72,NR N78,18,62909.0,7.5,7654,nan,0,4.35,0.0000
1743429251.9582963,NR5G-SA,CONNECT,TDD,CFE614000,-94,-6,6,21,0,0,0,0,0,0,100,0,-72,NR N78,19,83892.0,10.0,10207,nan,0,4.35,0.0000
1743429253.0180347,NR5G-SA,CONNECT,TDD,CFE614000,-94,-6,6,21,0,0,0,0,0,0,100,0,-72,NR N78,19,73382.0,8.75,8928,nan,0,4.35,0.0000
1743429254.1092384,NR5G-SA,CONNECT,TDD,CFE614000,-94,-6,6,21,0,0,0,0,0,0,100,0,-72,NR N78,18,73410.0,8.75,8932,nan,0,4.35,0.0000
1743429255.2047784,NR5G-SA,CONNECT,TDD,CFE614000,-94,-7,6,21,0,0,0,0,0,0,100,0,-72,NR N78,18,73405.0,8.75,8931,nan,0,4.35,0.0000
1743429256.2814739,NR5G-SA,CONNECT,TDD,CFE614000,-94,-7,6,21,0,0,0,0,0,0,100,0,-72,NR N78,18,73402.0,8.75,8931,nan,0,4.35,0.0000
1743429257.3665946,NR5G-SA,CONNECT,TDD,CFE614000,-94,-6,6,21,0,0,0,0,0,0,100,0,-72,NR N78,18,73403.0,8.75,8931,nan,0,4.35,0.0000
1743429258.4153607,NR5G-SA,CONNECT,TDD,CFE614000,-94,-6,6,21,0,0,0,0,0,0,100,0,-71,NR N78,19,73382.0,8.75,8928,nan,0,4.35,0.0000
1743429259.4683268,NR5G-SA,CONNECT,TDD,CFE614000,-94,-7,6,21,0,0,0,0,0,0,100,0,-72,NR N78,19,73415.0,8.75,8932,nan,0,4.35,0.0000
1743429260.5369549,NR5G-SA,CONNECT,TDD,CFE614000,-94,-7,6,21,0,0,0,0,0,0,100,0,-72,NR N78,19,73389.0,8.75,8929,nan,0,4.35,0.0000
1743429261.607341,NR5G-SA,CONNECT,TDD,CFE614000,-95,-7,6,21,0,0,0,0,0,0,100,0,-73,NR N78,19,73410.0,8.75,8932,nan,0,4.35,0.0000
1743429262.6568997,NR5G-SA,CONNECT,TDD,CFE614000,-94,-7,6,21,0,0,0,0,0,0,100,0,-72,NR N78,18,73403.0,8.75,8931,nan,0,4.35,0.0000
1743429263.7069397,NR5G-SA,CONNECT,TDD,CFE614000,-94,-7,6,21,0,0,0,0,0,0,100,0,-73,NR N78,18,62902.0,7.5,7653,nan,0,4.35,0.0000
1743429264.7559593,NR5G-SA,CONNECT,TDD,CFE614000,-94,-6,6,21,0,0,0,0,0,0,100,0,-72,NR N78,19,52436.0,6.25,6380,nan,0,4.35,0.0000
1743429265.8320003,NR5G-SA,CONNECT,TDD,CFE614000,-94,-7,6,21,0,0,0,0,0,0,100,0,-71,NR N78,19,62916.0,7.5,7655,nan,0,4.35,0.0000
1743429266.9181716,NR5G-SA,CONNECT,TDD,CFE614000,-94,-7,6,21,0,0,0,0,0,0,100,0,-72,NR N78,17,62918.0,7.5,7655,nan,0,4.35,0.0000
1743429267.9634416,NR5G-SA,CONNECT,TDD,CFE614000,-95,-7,6,21,0,0,0,0,0,0,100,0,-72,NR N78,18,62916.0,7.5,7655,nan,0,4.35,0.0000
1743429269.0399888,NR5G-SA,CONNECT,TDD,CFE614000,-95,-7,6,21,0,0,0,0,0,0,100,0,-72,NR N78,18,62912.0,7.5,7654,nan,0,4.35,0.0000
1743429270.0884302,NR5G-SA,CONNECT,TDD,CFE614000,-95,-7,6,21,0,0,0,0,0,0,100,0,-72,NR N78,17,52421.0,6.25,6378,nan,0,4.35,0.0000
1743429271.145844,NR5G-SA,CONNECT,TDD,CFE614000,-95,-7,6,21,0,0,0,0,0,0,100,0,-72,NR N78,17,62923.0,7.5,7656,nan,0,4.35,0.0000
1743429272.2300189,NR5G-SA,CONNECT,TDD,CFE614000,-95,-7,6,21,0,0,0,0,0,0,100,0,-72,NR N78,18,52419.0,6.25,6378,nan,0,4.35,0.0000
1743429273.3165221,NR5G-SA,CONNECT,TDD,CFE614000,-95,-7,6,21,0,0,0,0,0,0,100,0,-72,NR N78,18,52273.0,6.25,6360,nan,0,4.35,0.0000
1743429274.372214,NR5G-SA,CONNECT,TDD,CFE614000,-95,-8,5,21,0,0,0,0,0,0,100,0,-71,NR N78,17,73390.0,8.75,8929,nan,0,4.35,0.0000
1743429275.4463997,NR5G-SA,CONNECT,TDD,CFE614000,-95,-8,5,21,0,0,0,0,0,0,100,0,-72,NR N78,17,62914.0,7.5,7655,nan,0,4.35,0.0000
1743429276.4966664,NR5G-SA,CONNECT,TDD,CFE614000,-95,-8,5,21,0,0,0,0,0,0,100,0,-72,NR N78,17,41947.0,5.0,5104,nan,0,4.35,0.0000
1743429277.576266,NR5G-SA,CONNECT,TDD,CFE614000,-95,-8,5,21,0,0,0,0,0,0,100,0,-72,NR N78,17,20962.0,2.5,2550,nan,0,4.35,0.0000
1743429278.6033256,NR5G-SA,CONNECT,TDD,CFE614000,-95,-7,6,21,0,0,0,0,0,0,100,0,-71,NR N78,16,10484.0,1.25,1276,nan,0,4.35,0.0000
1743429279.6381383,NR5G-SA,CONNECT,TDD,CFE614000,-95,-7,6,21,0,0,0,0,0,0,100,0,-71,NR N78,16,41977.0,5.0,5107,nan,0,4.35,0.0000
1743429280.7515476,NR5G-SA,CONNECT,TDD,CFE614000,-95,-7,6,20,0,0,0,0,0,0,100,0,-71,NR N78,20,10482.0,1.25,1275,nan,0,4.35,0.0000
1743429281.7824259,NR5G-SA,CONNECT,TDD,CFE614000,-95,-7,6,20,0,0,0,0,0,0,100,0,-72,NR N78,20,41955.0,5.0,5105,nan,0,4.35,0.0000
1743429282.8178966,NR5G-SA,CONNECT,TDD,CFE614000,-95,-7,6,21,0,0,0,0,0,0,100,0,-72,NR N78,18,62910.0,7.5,7654,nan,0,4.35,0.0000
1743429283.8612332,NR5G-SA,CONNECT,TDD,CFE614000,-95,-7,6,21,0,0,0,0,0,0,100,0,-71,NR N78,18,62920.0,7.5,7655,nan,0,4.35,0.0000
1743429284.9908416,NR5G-SA,CONNECT,TDD,CFE614000,-95,-7,6,20,0,0,0,0,0,0,100,0,-72,NR N78,16,62913.0,7.5,7654,nan,0,4.35,0.0000
1743429286.0521202,NR5G-SA,CONNECT,TDD,CFE614000,-95,-7,5,21,0,0,0,0,0,0,100,0,-71,NR N78,17,52424.0,6.25,6378,nan,0,4.35,0.0000
1743429287.0991912,NR5G-SA,CONNECT,TDD,CFE614000,-95,-7,6,21,0,0,0,0,0,0,100,0,-72,NR N78,17,73406.0,8.75,8931,nan,0,4.35,0.0000
1743429288.1405406,NR5G-SA,CONNECT,TDD,CFE614000,-95,-7,6,20,0,0,0,0,0,0,100,0,-72,NR N78,18,83883.0,10.0,10206,nan,0,4.35,0.0000
1743429289.2136745,NR5G-SA,CONNECT,TDD,CFE614000,-95,-7,6,20,0,0,0,0,0,0,100,0,-72,NR N78,18,62915.0,7.5,7655,nan,0,4.35,0.0000
1743429290.255913,NR5G-SA,CONNECT,TDD,CFE614000,-94,-6,6,21,0,0,0,0,0,0,100,0,-72,NR N78,15,52427.0,6.25,6379,nan,0,4.35,0.0000
1743429291.3114185,NR5G-SA,CONNECT,TDD,CFE614000,-95,-7,6,21,0,0,0,0,0,0,100,0,-72,NR N78,15,73406.0,8.75,8931,nan,0,4.35,0.0000
1743429292.3483257,NR5G-SA,CONNECT,TDD,CFE614000,-95,-7,6,21,0,0,0,0,0,0,100,0,-72,NR N78,17,62909.0,7.5,7654,nan,0,4.35,0.0000
1743429293.3836715,NR5G-SA,CONNECT,TDD,CFE614000,-95,-7,6,21,0,0,0,0,0,0,100,0,-72,NR N78,17,52431.0,6.25,6379,nan,0,4.35,0.0000
1743429294.4526362,NR5G-SA,CONNECT,TDD,CFE614000,-95,-7,6,21,0,0,0,0,0,0,100,0,-71,NR N78,17,62911.0,7.5,7654,nan,0,4.35,0.0000
1743429295.5338407,NR5G-SA,CONNECT,TDD,CFE614000,-95,-7,6,21,0,0,0,0,0,0,100,0,-72,NR N78,17,73409.0,8.75,8931,nan,0,4.35,0.0000
1743429296.5895834,NR5G-SA,CONNECT,TDD,CFE614000,-95,-7,6,21,0,0,0,0,0,0,100,0,-72,NR N78,18,62919.0,7.5,7655,nan,0,4.35,0.0000
1743429297.6903465,NR5G-SA,CONNECT,TDD,CFE614000,-95,-7,6,21,0,0,0,0,0,0,100,0,-71,NR N78,18,62908.0,7.5,7654,nan,0,4.35,0.0000
1743429298.76325,NR5G-SA,CONNECT,TDD,CFE614000,-95,-7,6,21,0,0,0,0,0,0,100,0,-71,NR N78,18,62915.0,7.5,7655,nan,0,4.35,0.0000
1743429299.811868,NR5G-SA,CONNECT,TDD,CFE614000,-95,-7,6,21,0,0,0,0,0,0,100,0,-72,NR N78,18,41944.0,5.0,5103,nan,0,4.35,0.0000
1743429300.8895333,NR5G-SA,CONNECT,TDD,CFE614000,-95,-7,6,21,0,0,0,0,0,0,100,0,-72,NR N78,19,52426.0,6.25,6378,nan,0,4.35,0.0000
1743429301.9493558,NR5G-SA,CONNECT,TDD,CFE614000,-95,-7,6,21,0,0,0,0,0,0,100,0,-71,NR N78,19,62919.0,7.5,7655,nan,0,4.35,0.0000
1743429302.9880772,NR5G-SA,CONNECT,TDD,CFE614000,-95,-7,6,21,0,0,0,0,0,0,100,0,-72,NR N78,18,83880.0,10.0,10205,nan,0,4.35,0.0000
1743429304.078148,NR5G-SA,CONNECT,TDD,CFE614000,-95,-8,6,21,0,0,0,0,0,0,100,0,-70,NR N78,18,73403.0,8.75,8931,nan,0,4.35,0.0000
1743429305.1155534,NR5G-SA,CONNECT,TDD,CFE614000,-95,-7,6,21,0,0,0,0,0,0,100,0,-70,NR N78,18,20964.0,2.5,2551,nan,0,4.35,0.0000
1743429306.172729,NR5G-SA,CONNECT,TDD,CFE614000,-95,-7,6,21,0,0,0,0,0,0,100,0,-72,NR N78,21,41955.0,5.0,5105,nan,0,4.35,0.0000
1743429307.2066014,NR5G-SA,CONNECT,TDD,CFE614000,-94,-7,6,21,0,0,0,0,0,0,100,0,-71,NR N78,21,31458.0,3.75,3827,nan,0,4.35,0.0000
1743429308.2898357,NR5G-SA,CONNECT,TDD,CFE614000,-94,-6,7,21,0,0,0,0,0,0,100,0,-72,NR N78,21,31450.0,3.75,3826,nan,0,4.35,0.0000
1743429309.4006531,NR5G-SA,CONNECT,TDD,CFE614000,-93,-6,7,21,0,0,0,0,0,0,100,0,-72,NR N78,21,41947.0,5.0,5104,nan,0,4.35,0.0000
1743429310.5099475,NR5G-SA,CONNECT,TDD,CFE614000,-93,-6,7,21,0,0,0,0,0,0,100,0,-72,NR N78,21,41948.0,5.0,5104,nan,0,4.35,0.0000
1743429311.613333,NR5G-SA,CONNECT,TDD,CFE614000,-93,-6,7,21,0,0,0,0,0,0,100,0,-70,NR N78,21,31452.0,3.75,3827,nan,0,4.35,0.0000
1743429312.7387426,NR5G-SA,CONNECT,TDD,CFE614000,-93,-6,7,20,0,0,0,0,0,0,100,0,-72,NR N78,20,41909.0,5.0,5099,nan,0,4.35,0.0000
1743429313.8469663,NR5G-SA,CONNECT,TDD,CFE614000,-93,-6,7,20,0,0,0,0,0,0,100,0,-72,NR N78,20,31378.0,3.75,3818,nan,0,4.35,0.0000
1743429314.941632,NR5G-SA,CONNECT,TDD,CFE614000,-93,-6,7,21,0,0,0,0,0,0,100,0,-72,NR N78,20,52559.0,6.25,6395,nan,0,4.35,0.0000
1743429315.9983997,NR5G-SA,CONNECT,TDD,CFE614000,-93,-7,6,21,0,0,0,0,0,0,100,0,-68,NR N78,20,73436.0,8.75,8935,nan,0,4.35,0.0000
1743429317.047564,NR5G-SA,CONNECT,TDD,CFE614000,-93,-7,6,20,0,0,0,0,0,0,100,0,-72,NR N78,18,62907.0,7.5,7654,nan,0,4.35,0.0000
1743429318.1107564,NR5G-SA,CONNECT,TDD,CFE614000,-93,-8,6,20,0,0,0,0,0,0,100,0,-71,NR N78,18,62919.0,7.5,7655,nan,0,4.35,0.0000
1743429319.2099802,NR5G-SA,CONNECT,TDD,CFE614000,-93,-8,5,20,0,0,0,0,0,0,100,0,-72,NR N78,18,52461.0,6.25,6383,nan,0,4.35,0.0000
1743429320.2525146,NR5G-SA,CONNECT,TDD,CFE614000,-93,-8,5,21,0,0,0,0,0,0,100,0,-72,NR N78,19,52395.0,6.25,6375,nan,0,4.35,0.0000
1743429321.2892144,NR5G-SA,CONNECT,TDD,CFE614000,-94,-8,5,21,0,0,0,0,0,0,100,0,-71,NR N78,19,62979.0,7.5,7662,nan,0,4.35,0.0000
1743429322.3605492,NR5G-SA,CONNECT,TDD,CFE614000,-94,-8,6,21,0,0,0,0,0,0,100,0,-71,NR N78,17,41933.0,5.0,5102,nan,0,4.35,0.0000
1743429323.4626982,NR5G-SA,CONNECT,TDD,CFE614000,-95,-8,6,21,0,0,0,0,0,0,100,0,-72,NR N78,17,52435.0,6.25,6380,nan,0,4.35,0.0000
1743429324.5342166,NR5G-SA,CONNECT,TDD,CFE614000,-95,-8,5,21,0,0,0,0,0,0,100,0,-70,NR N78,17,62859.0,7.5,7648,nan,0,4.35,0.0000
1743429325.6053112,NR5G-SA,CONNECT,TDD,CFE614000,-95,-8,6,21,0,0,0,0,0,0,100,0,-72,NR N78,17,52477.0,6.25,6385,nan,0,4.35,0.0000
1743429326.6749046,NR5G-SA,CONNECT,TDD,CFE614000,-95,-7,6,21,0,0,0,0,0,0,100,0,-71,NR N78,18,52405.0,6.25,6376,nan,0,4.35,0.0000
1743429327.735726,NR5G-SA,CONNECT,TDD,CFE614000,-95,-7,6,21,0,0,0,0,0,0,100,0,-72,NR N78,18,52417.0,6.25,6377,nan,0,4.35,0.0000
1743429328.8067384,NR5G-SA,CONNECT,TDD,CFE614000,-94,-7,6,21,0,0,0,0,0,0,100,0,-70,NR N78,19,52478.0,6.25,6385,nan,0,4.35,0.0000
1743429329.8492436,NR5G-SA,CONNECT,TDD,CFE614000,-94,-7,6,21,0,0,0,0,0,0,100,0,-73,NR N78,19,52410.0,6.25,6377,nan,0,4.35,0.0000
1743429330.9203632,NR5G-SA,CONNECT,TDD,CFE614000,-94,-7,6,21,0,0,0,0,0,0,100,0,-73,NR N78,19,52439.0,6.25,6380,nan,0,4.35,0.0000
1743429332.0007057,NR5G-SA,CONNECT,TDD,CFE614000,-94,-7,6,21,0,0,0,0,0,0,100,0,-72,NR N78,19,41926.0,5.0,5101,nan,0,4.35,0.0000
1743429333.051387,NR5G-SA,CONNECT,TDD,CFE614000,-94,-7,6,21,0,0,0,0,0,0,100,0,-72,NR N78,18,73440.0,8.75,8935,nan,0,4.35,0.0000
1743429334.1292222,NR5G-SA,CONNECT,TDD,CFE614000,-94,-7,6,21,0,0,0,0,0,0,100,0,-71,NR N78,18,73402.0,8.75,8931,nan,0,4.35,0.0000
1743429335.2119288,NR5G-SA,CONNECT,TDD,CFE614000,-95,-7,6,21,0,0,0,0,0,0,100,0,-73,NR N78,18,62907.0,7.5,7654,nan,0,4.35,0.0000
1743429336.2466168,NR5G-SA,CONNECT,TDD,CFE614000,-95,-7,6,21,0,0,0,0,0,0,100,0,-72,NR N78,17,83900.0,10.0,10208,nan,0,4.35,0.0000
1743429337.3207324,NR5G-SA,CONNECT,TDD,CFE614000,-95,-7,6,21,0,0,0,0,0,0,100,0,-72,NR N78,17,73407.0,8.75,8931,nan,0,4.35,0.0000
1743429338.3669195,NR5G-SA,CONNECT,TDD,CFE614000,-95,-7,6,21,0,0,0,0,0,0,100,0,-72,NR N78,18,73401.0,8.75,8930,nan,0,4.35,0.0000
1743429339.4312713,NR5G-SA,CONNECT,TDD,CFE614000,-95,-7,6,21,0,0,0,0,0,0,100,0,-72,NR N78,18,73409.0,8.75,8931,nan,0,4.35,0.0000
1743429340.5141613,NR5G-SA,CONNECT,TDD,CFE614000,-95,-7,6,21,0,0,0,0,0,0,100,0,-72,NR N78,17,62909.0,7.5,7654,nan,0,4.35,0.0000
1743429341.5428724,NR5G-SA,CONNECT,TDD,CFE614000,-95,-7,6,21,0,0,0,0,0,0,100,0,-72,NR N78,17,52423.0,6.25,6378,nan,0,4.35,0.0000
1743429342.6028996,NR5G-SA,CONNECT,TDD,CFE614000,-95,-7,6,21,0,0,0,0,0,0,100,0,-72,NR N78,16,62911.0,7.5,7654,nan,0,4.35,0.0000
1743429343.6477401,NR5G-SA,CONNECT,TDD,CFE614000,-94,-7,6,21,0,0,0,0,0,0,100,0,-72,NR N78,16,62923.0,7.5,7656,nan,0,4.35,0.0000
1743429344.7039974,NR5G-SA,CONNECT,TDD,CFE614000,-94,-7,6,21,0,0,0,0,0,0,100,0,-72,NR N78,16,73375.0,8.75,8927,nan,0,4.35,0.0000
1743429345.7531455,NR5G-SA,CONNECT,TDD,CFE614000,-94,-6,6,21,0,0,0,0,0,0,100,0,-72,NR N78,16,62936.0,7.5,7657,nan,0,4.35,0.0000
1743429346.8143756,NR5G-SA,CONNECT,TDD,CFE614000,-94,-6,6,21,0,0,0,0,0,0,100,0,-73,NR N78,18,73396.0,8.75,8930,nan,0,4.35,0.0000
1743429347.8527508,NR5G-SA,CONNECT,TDD,CFE614000,-94,-7,6,21,0,0,0,0,0,0,100,0,-72,NR N78,18,73405.0,8.75,8931,nan,0,4.35,0.0000
1743429348.910409,NR5G-SA,CONNECT,TDD,CFE614000,-94,-7,6,21,0,0,0,0,0,0,100,0,-73,NR N78,18,73393.0,8.75,8929,nan,0,4.35,0.0000
1743429349.96578,NR5G-SA,CONNECT,TDD,CFE614000,-95,-7,6,21,0,0,0,0,0,0,100,0,-73,NR N78,18,73410.0,8.75,8932,nan,0,4.35,0.0000
1743429351.0234458,NR5G-SA,CONNECT,TDD,CFE614000,-95,-7,6,21,0,0,0,0,0,0,100,0,-72,NR N78,18,62920.0,7.5,7655,nan,0,4.35,0.0000
1743429352.07578,NR5G-SA,CONNECT,TDD,CFE614000,-95,-7,6,21,0,0,0,0,0,0,100,0,-72,NR N78,18,73393.0,8.75,8929,nan,0,4.35,0.0000
1743429353.1346364,NR5G-SA,CONNECT,TDD,CFE614000,-95,-7,6,21,0,0,0,0,0,0,100,0,-72,NR N78,18,73402.0,8.75,8931,nan,0,4.35,0.0000
1743429354.227044,NR5G-SA,CONNECT,TDD,CFE614000,-95,-7,6,21,0,0,0,0,0,0,100,0,-73,NR N78,21,31454.0,3.75,3827,nan,0,4.35,0.0000
1743429355.2894669,NR5G-SA,CONNECT,TDD,CFE614000,-94,-7,6,21,0,0,0,0,0,0,100,0,-73,NR N78,21,62913.0,7.5,7654,nan,0,4.35,0.0000
1743429356.3835533,NR5G-SA,CONNECT,TDD,CFE614000,-94,-7,6,21,0,0,0,0,0,0,100,0,-73,NR N78,17,73407.0,8.75,8931,nan,0,4.35,0.0000
1743429357.4498253,NR5G-SA,CONNECT,TDD,CFE614000,-94,-6,6,21,0,0,0,0,0,0,100,0,-73,NR N78,17,73402.0,8.75,8931,nan,0,4.35,0.0000
1743429358.5269754,NR5G-SA,CONNECT,TDD,CFE614000,-95,-7,6,21,0,0,0,0,0,0,100,0,-72,NR N78,17,62920.0,7.5,7655,nan,0,4.35,0.0000
1743429359.5765061,NR5G-SA,CONNECT,TDD,CFE614000,-94,-7,6,21,0,0,0,0,0,0,100,0,-72,NR N78,17,52421.0,6.25,6378,nan,0,4.35,0.0000
1743429360.6376896,NR5G-SA,CONNECT,TDD,CFE614000,-94,-6,7,21,0,0,0,0,0,0,100,0,-72,NR N78,15,62912.0,7.5,7654,nan,0,4.35,0.0000
1743429361.6828651,NR5G-SA,CONNECT,TDD,CFE614000,-94,-6,7,21,0,0,0,0,0,0,100,0,-72,NR N78,15,73405.0,8.75,8931,nan,0,4.35,0.0000
1743429362.7372572,NR5G-SA,CONNECT,TDD,CFE614000,-94,-6,7,21,0,0,0,0,0,0,100,0,-72,NR N78,17,73406.0,8.75,8931,nan,0,4.35,0.0000
1743429363.771359,NR5G-SA,CONNECT,TDD,CFE614000,-94,-6,6,21,0,0,0,0,0,0,100,0,-72,NR N78,17,73404.0,8.75,8931,nan,0,4.35,0.0000
1743429364.827876,NR5G-SA,CONNECT,TDD,CFE614000,-94,-7,6,21,0,0,0,0,0,0,100,0,-73,NR N78,17,62911.0,7.5,7654,nan,0,4.35,0.0000
1743429365.8880694,NR5G-SA,CONNECT,TDD,CFE614000,-94,-7,6,21,0,0,0,0,0,0,100,0,-73,NR N78,17,73397.0,8.75,8930,nan,0,4.35,0.0000
1743429366.9302068,NR5G-SA,CONNECT,TDD,CFE614000,-95,-6,6,21,0,0,0,0,0,0,100,0,-71,NR N78,18,73409.0,8.75,8931,nan,0,4.35,0.0000
1743429368.0088904,NR5G-SA,CONNECT,TDD,CFE614000,-95,-7,6,21,0,0,0,0,0,0,100,0,-71,NR N78,18,73394.0,8.75,8930,nan,0,4.35,0.0000
1743429369.0477197,NR5G-SA,CONNECT,TDD,CFE614000,-95,-7,6,21,0,0,0,0,0,0,100,0,-72,NR N78,18,73381.0,8.75,8928,nan,0,4.35,0.0000
1743429370.1412659,NR5G-SA,CONNECT,TDD,CFE614000,-95,-7,6,21,0,0,0,0,0,0,100,0,-72,NR N78,17,73427.0,8.75,8934,nan,0,4.35,0.0000
1743429371.1944296,NR5G-SA,CONNECT,TDD,CFE614000,-95,-7,6,21,0,0,0,0,0,0,100,0,-72,NR N78,17,62906.0,7.5,7654,nan,0,4.35,0.0000
1743429372.297247,NR5G-SA,CONNECT,TDD,CFE614000,-95,-7,6,21,0,0,0,0,0,0,100,0,-72,NR N78,19,62927.0,7.5,7656,nan,0,4.35,0.0000
1743429373.3801615,NR5G-SA,CONNECT,TDD,CFE614000,-95,-7,6,21,0,0,0,0,0,0,100,0,-72,NR N78,19,62911.0,7.5,7654,nan,0,4.35,0.0000
1743429374.462017,NR5G-SA,CONNECT,TDD,CFE614000,-95,-7,6,21,0,0,0,0,0,0,100,0,-72,NR N78,16,73395.0,8.75,8930,nan,0,4.35,0.0000
1743429375.507193,NR5G-SA,CONNECT,TDD,CFE614000,-95,-7,6,21,0,0,0,0,0,0,100,0,-72,NR N78,16,73400.0,8.75,8930,nan,0,4.35,0.0000
1743429376.5762823,NR5G-SA,CONNECT,TDD,CFE614000,-95,-7,6,21,0,0,0,0,0,0,100,0,-72,NR N78,18,83898.0,10.0,10208,nan,0,4.35,0.0000
1743429377.6470406,NR5G-SA,CONNECT,TDD,CFE614000,-95,-7,6,21,0,0,0,0,0,0,100,0,-72,NR N78,18,73393.0,8.75,8929,nan,0,4.35,0.0000
1743429378.7527962,NR5G-SA,CONNECT,TDD,CFE614000,-95,-7,6,21,0,0,0,0,0,0,100,0,-71,NR N78,18,73406.0,8.75,8931,nan,0,4.35,0.0000
1743429379.8066323,NR5G-SA,CONNECT,TDD,CFE614000,-95,-7,6,21,0,0,0,0,0,0,100,0,-71,NR N78,18,62908.0,7.5,7654,nan,0,4.35,0.0000
1743429380.8731534,NR5G-SA,CONNECT,TDD,CFE614000,-95,-7,6,21,0,0,0,0,0,0,100,0,-72,NR N78,17,73403.0,8.75,8931,nan,0,4.35,0.0000
1743429381.949703,NR5G-SA,CONNECT,TDD,CFE614000,-95,-7,6,21,0,0,0,0,0,0,100,0,-72,NR N78,17,83885.0,10.0,10206,nan,0,4.35,0.0000
1743429383.0243814,NR5G-SA,CONNECT,TDD,CFE614000,-95,-7,6,21,0,0,0,0,0,0,100,0,-72,NR N78,19,73397.0,8.75,8930,nan,0,4.35,0.0000
1743429384.103828,NR5G-SA,CONNECT,TDD,CFE614000,-95,-7,6,21,0,0,0,0,0,0,100,0,-72,NR N78,18,83892.0,10.0,10207,nan,0,4.35,0.0000
1743429385.1465182,NR5G-SA,CONNECT,TDD,CFE614000,-95,-7,6,21,0,0,0,0,0,0,100,0,-71,NR N78,18,73402.0,8.75,8931,nan,0,4.35,0.0000
1743429386.2076495,NR5G-SA,CONNECT,TDD,CFE614000,-94,-7,6,21,0,0,0,0,0,0,100,0,-72,NR N78,18,73395.0,8.75,8930,nan,0,4.35,0.0000
1743429387.30464,NR5G-SA,CONNECT,TDD,CFE614000,-94,-7,6,21,0,0,0,0,0,0,100,0,-72,NR N78,18,73393.0,8.75,8929,nan,0,4.35,0.0000
1743429388.3415911,NR5G-SA,CONNECT,TDD,CFE614000,-95,-7,6,21,0,0,0,0,0,0,100,0,-72,NR N78,18,62906.0,7.5,7654,nan,0,4.35,0.0000
1743429389.4256427,NR5G-SA,CONNECT,TDD,CFE614000,-95,-7,6,21,0,0,0,0,0,0,100,0,-72,NR N78,18,62911.0,7.5,7654,nan,0,4.35,0.0000
1743429390.4717207,NR5G-SA,CONNECT,TDD,CFE614000,-94,-7,6,21,0,0,0,0,0,0,100,0,-72,NR N78,17,73280.0,8.75,8916,nan,0,4.35,0.0000
1743429391.545084,NR5G-SA,CONNECT,TDD,CFE614000,-94,-7,6,21,0,0,0,0,0,0,100,0,-72,NR N78,17,73530.0,8.75,8946,nan,0,4.35,0.0000
1743429392.591675,NR5G-SA,CONNECT,TDD,CFE614000,-94,-7,6,21,0,0,0,0,0,0,100,0,-72,NR N78,19,73395.0,8.75,8930,nan,0,4.35,0.0000
1743429393.6956878,NR5G-SA,CONNECT,TDD,CFE614000,-94,-7,6,21,0,0,0,0,0,0,100,0,-72,NR N78,19,73411.0,8.75,8932,nan,0,4.35,0.0000
1743429394.762483,NR5G-SA,CONNECT,TDD,CFE614000,-94,-7,6,21,0,0,0,0,0,0,100,0,-72,NR N78,19,73392.0,8.75,8929,nan,0,4.35,0.0000
1743429395.811429,NR5G-SA,CONNECT,TDD,CFE614000,-94,-7,6,21,0,0,0,0,0,0,100,0,-72,NR N78,19,73404.0,8.75,8931,nan,0,4.35,0.0000
1743429396.8574839,NR5G-SA,CONNECT,TDD,CFE614000,-94,-7,6,21,0,0,0,0,0,0,100,0,-70,NR N78,18,52428.0,6.25,6379,nan,0,4.35,0.0000
1743429397.921532,NR5G-SA,CONNECT,TDD,CFE614000,-95,-7,6,21,0,0,0,0,0,0,100,0,-70,NR N78,18,52428.0,6.25,6379,nan,0,4.35,0.0000
1743429399.0021782,NR5G-SA,CONNECT,TDD,CFE614000,-95,-7,6,21,0,0,0,0,0,0,100,0,-71,NR N78,16,62920.0,7.5,7655,nan,0,4.35,0.0000
1743429400.0711226,NR5G-SA,CONNECT,TDD,CFE614000,-95,-7,6,21,0,0,0,0,0,0,100,0,-71,NR N78,17,62912.0,7.5,7654,nan,0,4.35,0.0000
1743429401.1477754,NR5G-SA,CONNECT,TDD,CFE614000,-95,-8,6,21,0,0,0,0,0,0,100,0,-71,NR N78,17,41946.0,5.0,5103,nan,0,4.35,0.0000
1743429402.2621918,NR5G-SA,CONNECT,TDD,CFE614000,-95,-8,6,21,0,0,0,0,0,0,100,0,-66,NR N78,20,41935.0,5.0,5102,nan,0,4.35,0.0000
1743429403.3089502,NR5G-SA,CONNECT,TDD,CFE614000,-95,-8,6,21,0,0,0,0,0,0,100,0,-72,NR N78,20,41945.0,5.0,5103,nan,0,4.35,0.0000
1743429404.3419611,NR5G-SA,CONNECT,TDD,CFE614000,-94,-8,6,21,0,0,0,0,0,0,100,0,-72,NR N78,20,62924.0,7.5,7656,nan,0,4.35,0.0000
1743429405.3864665,NR5G-SA,CONNECT,TDD,CFE614000,-94,-8,6,21,0,0,0,0,0,0,100,0,-72,NR N78,20,52417.0,6.25,6377,nan,0,4.35,0.0000
1743429406.4488373,NR5G-SA,CONNECT,TDD,CFE614000,-93,-8,5,21,0,0,0,0,0,0,100,0,-71,NR N78,20,62932.0,7.5,7657,nan,0,4.35,0.0000
1743429407.5075934,NR5G-SA,CONNECT,TDD,CFE614000,-94,-8,6,21,0,0,0,0,0,0,100,0,-72,NR N78,20,52428.0,6.25,6379,nan,0,4.35,0.0000
1743429408.5838149,NR5G-SA,CONNECT,TDD,CFE614000,-93,-8,5,21,0,0,0,0,0,0,100,0,-72,NR N78,19,31452.0,3.75,3827,nan,0,4.35,0.0000
1743429409.6292155,NR5G-SA,CONNECT,TDD,CFE614000,-92,-7,4,21,0,0,0,0,0,0,100,0,-71,NR N78,19,52428.0,6.25,6379,nan,0,4.35,0.0000
1743429410.7107942,NR5G-SA,CONNECT,TDD,CFE614000,-92,-7,4,21,0,0,0,0,0,0,100,0,-70,NR N78,18,31448.0,3.75,3826,nan,0,4.35,0.0000
1743429411.8220608,NR5G-SA,CONNECT,TDD,CFE614000,-91,-7,4,21,0,0,0,0,0,0,100,0,-70,NR N78,18,31468.0,3.75,3829,nan,0,4.35,0.0000
1743429412.860436,NR5G-SA,CONNECT,TDD,CFE614000,-91,-6,4,21,0,0,0,0,0,0,100,0,-72,NR N78,17,62924.0,7.5,7656,nan,0,4.35,0.0000
1743429413.934481,NR5G-SA,CONNECT,TDD,CFE614000,-91,-6,4,21,0,0,0,0,0,0,100,0,-71,NR N78,17,52420.0,6.25,6378,nan,0,4.35,0.0000
1743429414.9776752,NR5G-SA,CONNECT,TDD,CFE614000,-91,-6,4,20,0,0,0,0,0,0,100,0,-72,NR N78,16,62921.0,7.5,7655,nan,0,4.35,0.0000
1743429416.0195975,NR5G-SA,CONNECT,TDD,CFE614000,-91,-6,4,20,0,0,0,0,0,0,100,0,-72,NR N78,17,73402.0,8.75,8931,nan,0,4.35,0.0000
1743429417.1292088,NR5G-SA,CONNECT,TDD,CFE614000,-92,-7,4,21,0,0,0,0,0,0,100,0,-72,NR N78,17,62913.0,7.5,7654,nan,0,4.35,0.0000
1743429418.202958,NR5G-SA,CONNECT,TDD,CFE614000,-91,-7,4,21,0,0,0,0,0,0,100,0,-72,NR N78,17,73405.0,8.75,8931,nan,0,4.35,0.0000
1743429419.2999704,NR5G-SA,CONNECT,TDD,CFE614000,-91,-7,4,21,0,0,0,0,0,0,100,0,-71,NR N78,17,62915.0,7.5,7655,nan,0,4.35,0.0000
1743429420.3871627,NR5G-SA,CONNECT,TDD,CFE614000,-91,-7,5,21,0,0,0,0,0,0,100,0,-72,NR N78,18,52431.0,6.25,6379,nan,0,4.35,0.0000
1743429421.4392757,NR5G-SA,CONNECT,TDD,CFE614000,-92,-7,6,21,0,0,0,0,0,0,100,0,-72,NR N78,18,62909.0,7.5,7654,nan,0,4.35,0.0000
1743429422.4878492,NR5G-SA,CONNECT,TDD,CFE614000,-92,-7,6,20,0,0,0,0,0,0,100,0,-71,NR N78,18,73407.0,8.75,8931,nan,0,4.35,0.0000
1743429423.5402708,NR5G-SA,CONNECT,TDD,CFE614000,-92,-7,7,20,0,0,0,0,0,0,100,0,-71,NR N78,18,73401.0,8.75,8930,nan,0,4.35,0.0000
1743429424.591026,NR5G-SA,CONNECT,TDD,CFE614000,-92,-7,7,21,0,0,0,0,0,0,100,0,-72,NR N78,17,62910.0,7.5,7654,nan,0,4.35,0.0000
1743429425.6556005,NR5G-SA,CONNECT,TDD,CFE614000,-93,-7,7,21,0,0,0,0,0,0,100,0,-72,NR N78,17,73406.0,8.75,8931,nan,0,4.35,0.0000
1743429426.6911962,NR5G-SA,CONNECT,TDD,CFE614000,-93,-7,6,20,0,0,0,0,0,0,100,0,-72,NR N78,17,62913.0,7.5,7654,nan,0,4.35,0.0000
1743429427.7553077,NR5G-SA,CONNECT,TDD,CFE614000,-93,-7,7,20,0,0,0,0,0,0,100,0,-71,NR N78,17,62910.0,7.5,7654,nan,0,4.35,0.0000
1743429428.8377626,NR5G-SA,CONNECT,TDD,CFE614000,-93,-7,7,21,0,0,0,0,0,0,100,0,-72,NR N78,17,73404.0,8.75,8931,nan,0,4.35,0.0000
1743429429.8770463,NR5G-SA,CONNECT,TDD,CFE614000,-93,-7,7,21,0,0,0,0,0,0,100,0,-72,NR N78,17,83892.0,10.0,10207,nan,0,4.35,0.0000
1743429430.9181957,NR5G-SA,CONNECT,TDD,CFE614000,-93,-7,6,21,0,0,0,0,0,0,100,0,-72,NR N78,18,73400.0,8.75,8930,nan,0,4.35,0.0000
1743429431.9500833,NR5G-SA,CONNECT,TDD,CFE614000,-93,-7,6,21,0,0,0,0,0,0,100,0,-72,NR N78,18,73390.0,8.75,8929,nan,0,4.35,0.0000
1743429433.0243855,NR5G-SA,CONNECT,TDD,CFE614000,-93,-7,6,21,0,0,0,0,0,0,100,0,-72,NR N78,18,73410.0,8.75,8932,nan,0,4.35,0.0000
1743429434.0562985,NR5G-SA,CONNECT,TDD,CFE614000,-93,-7,6,21,0,0,0,0,0,0,100,0,-72,NR N78,17,73400.0,8.75,8930,nan,0,4.35,0.0000
1743429435.135481,NR5G-SA,CONNECT,TDD,CFE614000,-93,-8,6,21,0,0,0,0,0,0,100,0,-71,NR N78,17,62915.0,7.5,7655,nan,0,4.35,0.0000
1743429436.219568,NR5G-SA,CONNECT,TDD,CFE614000,-92,-7,5,20,0,0,0,0,0,0,100,0,-72,NR N78,15,52423.0,6.25,6378,nan,0,4.35,0.0000
1743429437.310914,NR5G-SA,CONNECT,TDD,CFE614000,-92,-7,5,20,0,0,0,0,0,0,100,0,-72,NR N78,15,41930.0,5.0,5101,nan,0,4.35,0.0000
1743429438.3925436,NR5G-SA,CONNECT,TDD,CFE614000,-92,-7,5,21,0,0,0,0,0,0,100,0,-72,NR N78,18,31465.0,3.75,3828,nan,0,4.35,0.0000
1743429439.4796915,NR5G-SA,CONNECT,TDD,CFE614000,-93,-7,5,21,0,0,0,0,0,0,100,0,-72,NR N78,18,41947.0,5.0,5104,nan,0,4.35,0.0000
1743429440.5468476,NR5G-SA,CONNECT,TDD,CFE614000,-92,-7,5,20,0,0,0,0,0,0,100,0,-71,NR N78,19,62914.0,7.5,7655,nan,0,4.35,0.0000
1743429441.6025836,NR5G-SA,CONNECT,TDD,CFE614000,-92,-7,5,20,0,0,0,0,0,0,100,0,-72,NR N78,19,41940.0,5.0,5103,nan,0,4.35,0.0000
1743429442.650733,NR5G-SA,CONNECT,TDD,CFE614000,-92,-7,5,21,0,0,0,0,0,0,100,0,-72,NR N78,16,52418.0,6.25,6378,nan,0,4.35,0.0000
1743429443.7503004,NR5G-SA,CONNECT,TDD,CFE614000,-92,-7,5,21,0,0,0,0,0,0,100,0,-72,NR N78,16,41949.0,5.0,5104,nan,0,4.35,0.0000
1743429444.7942915,NR5G-SA,CONNECT,TDD,CFE614000,-92,-8,5,21,0,0,0,0,0,0,100,0,-72,NR N78,16,62923.0,7.5,7656,nan,0,4.35,0.0000
1743429445.9216115,NR5G-SA,CONNECT,TDD,CFE614000,-92,-7,5,21,0,0,0,0,0,0,100,0,-72,NR N78,16,52429.0,6.25,6379,nan,0,4.35,0.0000
1743429446.9935744,NR5G-SA,CONNECT,TDD,CFE614000,-92,-8,6,21,0,0,0,0,0,0,100,0,-69,NR N78,18,52429.0,6.25,6379,nan,0,4.35,0.0000
1743429448.0552824,NR5G-SA,CONNECT,TDD,CFE614000,-93,-8,5,21,0,0,0,0,0,0,100,0,-72,NR N78,17,62911.0,7.5,7654,nan,0,4.35,0.0000
1743429449.1147895,NR5G-SA,CONNECT,TDD,CFE614000,-93,-8,6,21,0,0,0,0,0,0,100,0,-70,NR N78,17,73404.0,8.75,8931,nan,0,4.35,0.0000
1743429450.1799955,NR5G-SA,CONNECT,TDD,CFE614000,-93,-7,6,20,0,0,0,0,0,0,100,0,-70,NR N78,18,73406.0,8.75,8931,nan,0,4.35,0.0000
1743429451.22189,NR5G-SA,CONNECT,TDD,CFE614000,-92,-7,6,20,0,0,0,0,0,0,100,0,-72,NR N78,18,62907.0,7.5,7654,nan,0,4.35,0.0000
1743429452.2990918,NR5G-SA,CONNECT,TDD,CFE614000,-92,-7,6,20,0,0,0,0,0,0,100,0,-72,NR N78,17,52430.0,6.25,6379,nan,0,4.35,0.0000
1743429453.3952315,NR5G-SA,CONNECT,TDD,CFE614000,-92,-7,5,20,0,0,0,0,0,0,100,0,-72,NR N78,17,83901.0,10.0,10208,nan,0,4.35,0.0000
1743429454.452673,NR5G-SA,CONNECT,TDD,CFE614000,-91,-7,5,20,0,0,0,0,0,0,100,0,-70,NR N78,17,73397.0,8.75,8930,nan,0,4.35,0.0000
1743429455.5074809,NR5G-SA,CONNECT,TDD,CFE614000,-91,-7,6,20,0,0,0,0,0,0,100,0,-71,NR N78,17,73405.0,8.75,8931,nan,0,4.35,0.0000
1743429456.5958986,NR5G-SA,CONNECT,TDD,CFE614000,-92,-8,6,20,0,0,0,0,0,0,100,0,-70,NR N78,17,62915.0,7.5,7655,nan,0,4.35,0.0000
1743429457.6318007,NR5G-SA,CONNECT,TDD,CFE614000,-91,-7,5,20,0,0,0,0,0,0,100,0,-71,NR N78,17,62916.0,7.5,7655,nan,0,4.35,0.0000
1743429458.723969,NR5G-SA,CONNECT,TDD,CFE614000,-91,-7,5,21,0,0,0,0,0,0,100,0,-72,NR N78,17,62915.0,7.5,7655,nan,0,4.35,0.0000
1743429459.7830622,NR5G-SA,CONNECT,TDD,CFE614000,-92,-7,5,21,0,0,0,0,0,0,100,0,-71,NR N78,17,62914.0,7.5,7655,nan,0,4.35,0.0000
1743429460.8199024,NR5G-SA,CONNECT,TDD,CFE614000,-92,-8,5,20,0,0,0,0,0,0,100,0,-72,NR N78,17,62915.0,7.5,7655,nan,0,4.35,0.0000
1743429461.857446,NR5G-SA,CONNECT,TDD,CFE614000,-93,-8,5,20,0,0,0,0,0,0,100,0,-70,NR N78,17,52430.0,6.25,6379,nan,0,4.35,0.0000
1743429462.9314651,NR5G-SA,CONNECT,TDD,CFE614000,-92,-8,5,21,0,0,0,0,0,0,100,0,-71,NR N78,18,62909.0,7.5,7654,nan,0,4.35,0.0000
1743429463.9676504,NR5G-SA,CONNECT,TDD,CFE614000,-93,-8,5,21,0,0,0,0,0,0,100,0,-71,NR N78,17,62908.0,7.5,7654,nan,0,4.35,0.0000
1743429465.046484,NR5G-SA,CONNECT,TDD,CFE614000,-92,-7,6,21,0,0,0,0,0,0,100,0,-71,NR N78,17,83893.0,10.0,10207,nan,0,4.35,0.0000
1743429466.0874016,NR5G-SA,CONNECT,TDD,CFE614000,-93,-8,5,20,0,0,0,0,0,0,100,0,-72,NR N78,17,73411.0,8.75,8932,nan,0,4.35,0.0000
1743429467.153955,NR5G-SA,CONNECT,TDD,CFE614000,-94,-8,4,20,0,0,0,0,0,0,100,0,-73,NR N78,17,73398.0,8.75,8930,nan,0,4.35,0.0000
1743429468.2001703,NR5G-SA,CONNECT,TDD,CFE614000,-94,-8,4,20,0,0,0,0,0,0,100,0,-70,NR N78,18,62908.0,7.5,7654,nan,0,4.35,0.0000
1743429469.2558615,NR5G-SA,CONNECT,TDD,CFE614000,-95,-8,5,20,0,0,0,0,0,0,100,0,-72,NR N78,18,73404.0,8.75,8931,nan,0,4.35,0.0000
1743429470.313669,NR5G-SA,CONNECT,TDD,CFE614000,-95,-8,5,21,0,0,0,0,0,0,100,0,-71,NR N78,17,73393.0,8.75,8929,nan,0,4.35,0.0000
1743429471.380548,NR5G-SA,CONNECT,TDD,CFE614000,-94,-8,5,21,0,0,0,0,0,0,100,0,-72,NR N78,17,62921.0,7.5,7655,nan,0,4.35,0.0000
1743429472.453057,NR5G-SA,CONNECT,TDD,CFE614000,-93,-8,5,21,0,0,0,0,0,0,100,0,-72,NR N78,18,20969.0,2.5,2551,nan,0,4.35,0.0000
1743429473.5594275,NR5G-SA,CONNECT,TDD,CFE614000,-93,-8,5,21,0,0,0,0,0,0,100,0,-71,NR N78,18,20960.0,2.5,2550,nan,0,4.35,0.0000
1743429474.671006,NR5G-SA,CONNECT,TDD,CFE614000,-93,-8,5,21,0,0,0,0,0,0,100,0,-71,NR N78,17,62951.0,7.5,7659,nan,0,4.35,0.0000
1743429475.7046309,NR5G-SA,CONNECT,TDD,CFE614000,-93,-8,5,21,0,0,0,0,0,0,100,0,-72,NR N78,17,52427.0,6.25,6379,nan,0,4.35,0.0000
1743429476.7642968,NR5G-SA,CONNECT,TDD,CFE614000,-92,-8,4,20,0,0,0,0,0,0,100,0,-71,NR N78,15,52430.0,6.25,6379,nan,0,4.35,0.0000
1743429477.8726587,NR5G-SA,CONNECT,TDD,CFE614000,-92,-8,4,20,0,0,0,0,0,0,100,0,-72,NR N78,15,62919.0,7.5,7655,nan,0,4.35,0.0000
1743429478.9437954,NR5G-SA,CONNECT,TDD,CFE614000,-92,-7,5,21,0,0,0,0,0,0,100,0,-71,NR N78,15,52418.0,6.25,6378,nan,0,4.35,0.0000
1743429480.0400794,NR5G-SA,CONNECT,TDD,CFE614000,-92,-8,4,21,0,0,0,0,0,0,100,0,-72,NR N78,16,73416.0,8.75,8932,nan,0,4.35,0.0000
1743429481.0790226,NR5G-SA,CONNECT,TDD,CFE614000,-93,-8,4,21,0,0,0,0,0,0,100,0,-70,NR N78,16,62900.0,7.5,7653,nan,0,4.35,0.0000
1743429482.150767,NR5G-SA,CONNECT,TDD,CFE614000,-93,-8,4,21,0,0,0,0,0,0,100,0,-72,NR N78,17,73410.0,8.75,8932,nan,0,4.35,0.0000
1743429483.1927485,NR5G-SA,CONNECT,TDD,CFE614000,-94,-8,4,21,0,0,0,0,0,0,100,0,-72,NR N78,17,62914.0,7.5,7655,nan,0,4.35,0.0000
1743429484.2625222,NR5G-SA,CONNECT,TDD,CFE614000,-93,-8,5,21,0,0,0,0,0,0,100,0,-72,NR N78,18,73396.0,8.75,8930,nan,0,4.35,0.0000
1743429485.2933643,NR5G-SA,CONNECT,TDD,CFE614000,-93,-8,5,21,0,0,0,0,0,0,100,0,-71,NR N78,18,83886.0,10.0,10206,nan,0,4.35,0.0000
1743429486.3496842,NR5G-SA,CONNECT,TDD,CFE614000,-93,-8,5,21,0,0,0,0,0,0,100,0,-71,NR N78,18,73408.0,8.75,8931,nan,0,4.35,0.0000
1743429487.4409769,NR5G-SA,CONNECT,TDD,CFE614000,-92,-8,5,21,0,0,0,0,0,0,100,0,-71,NR N78,18,73400.0,8.75,8930,nan,0,4.35,0.0000
1743429488.5241513,NR5G-SA,CONNECT,TDD,CFE614000,-93,-8,5,21,0,0,0,0,0,0,100,0,-72,NR N78,18,73404.0,8.75,8931,nan,0,4.35,0.0000
1743429489.6086087,NR5G-SA,CONNECT,TDD,CFE614000,-93,-8,5,21,0,0,0,0,0,0,100,0,-72,NR N78,18,73393.0,8.75,8929,nan,0,4.35,0.0000
1743429490.6891882,NR5G-SA,CONNECT,TDD,CFE614000,-94,-8,5,21,0,0,0,0,0,0,100,0,-71,NR N78,18,83888.0,10.0,10206,nan,0,4.35,0.0000
1743429491.7670267,NR5G-SA,CONNECT,TDD,CFE614000,-94,-8,5,21,0,0,0,0,0,0,100,0,-72,NR N78,18,62902.0,7.5,7653,nan,0,4.35,0.0000
1743429492.8046763,NR5G-SA,CONNECT,TDD,CFE614000,-93,-8,5,21,0,0,0,0,0,0,100,0,-71,NR N78,21,62917.0,7.5,7655,nan,0,4.35,0.0000
1743429493.8817377,NR5G-SA,CONNECT,TDD,CFE614000,-93,-8,5,21,0,0,0,0,0,0,100,0,-71,NR N78,21,52437.0,6.25,6380,nan,0,4.35,0.0000
1743429494.9806519,NR5G-SA,CONNECT,TDD,CFE614000,-93,-8,5,20,0,0,0,0,0,0,100,0,-71,NR N78,22,62917.0,7.5,7655,nan,0,4.35,0.0000
1743429496.0811203,NR5G-SA,CONNECT,TDD,CFE614000,-93,-8,5,21,0,0,0,0,0,0,100,0,-72,NR N78,20,52425.0,6.25,6378,nan,0,4.35,0.0000
1743429497.169135,NR5G-SA,CONNECT,TDD,CFE614000,-92,-7,5,21,0,0,0,0,0,0,100,0,-71,NR N78,20,41940.0,5.0,5103,nan,0,4.35,0.0000
1743429498.2425213,NR5G-SA,CONNECT,TDD,CFE614000,-92,-7,5,21,0,0,0,0,0,0,100,0,-71,NR N78,20,41942.0,5.0,5103,nan,0,4.35,0.0000
1743429499.3371031,NR5G-SA,CONNECT,TDD,CFE614000,-91,-6,6,21,0,0,0,0,0,0,100,0,-72,NR N78,20,41961.0,5.0,5105,nan,0,4.35,0.0000
1743429500.394346,NR5G-SA,CONNECT,TDD,CFE614000,-91,-6,6,21,0,0,0,0,0,0,100,0,-72,NR N78,19,41942.0,5.0,5103,nan,0,4.35,0.0000
1743429501.4452984,NR5G-SA,CONNECT,TDD,CFE614000,-91,-6,6,21,0,0,0,0,0,0,100,0,-71,NR N78,19,31452.0,3.75,3827,nan,0,4.35,0.0000
1743429502.4921415,NR5G-SA,CONNECT,TDD,CFE614000,-91,-7,6,21,0,0,0,0,0,0,100,0,-72,NR N78,20,41949.0,5.0,5104,nan,0,4.35,0.0000
1743429503.5684912,NR5G-SA,CONNECT,TDD,CFE614000,-92,-7,5,21,0,0,0,0,0,0,100,0,-70,NR N78,20,52434.0,6.25,6379,nan,0,4.35,0.0000
1743429504.6635985,NR5G-SA,CONNECT,TDD,CFE614000,-93,-7,5,20,0,0,0,0,0,0,100,0,-72,NR N78,19,52424.0,6.25,6378,nan,0,4.35,0.0000
1743429505.7253532,NR5G-SA,CONNECT,TDD,CFE614000,-92,-7,6,20,0,0,0,0,0,0,100,0,-72,NR N78,19,52432.0,6.25,6379,nan,0,4.35,0.0000
1743429506.816613,NR5G-SA,CONNECT,TDD,CFE614000,-92,-7,7,21,0,0,0,0,0,0,100,0,-72,NR N78,19,73393.0,8.75,8929,nan,0,4.35,0.0000
1743429507.8817165,NR5G-SA,CONNECT,TDD,CFE614000,-93,-7,7,21,0,0,0,0,0,0,100,0,-71,NR N78,19,62915.0,7.5,7655,nan,0,4.35,0.0000
1743429508.914714,NR5G-SA,CONNECT,TDD,CFE614000,-93,-7,6,21,0,0,0,0,0,0,100,0,-72,NR N78,16,83894.0,10.0,10207,nan,0,4.35,0.0000
1743429509.9854846,NR5G-SA,CONNECT,TDD,CFE614000,-92,-7,6,21,0,0,0,0,0,0,100,0,-71,NR N78,17,83879.0,10.0,10205,nan,0,4.35,0.0000
1743429511.029404,NR5G-SA,CONNECT,TDD,CFE614000,-91,-7,6,21,0,0,0,0,0,0,100,0,-71,NR N78,17,62922.0,7.5,7656,nan,0,4.35,0.0000
1743429512.077198,NR5G-SA,CONNECT,TDD,CFE614000,-91,-7,6,20,0,0,0,0,0,0,100,0,-71,NR N78,18,73400.0,8.75,8930,nan,0,4.35,0.0000
1743429513.1224506,NR5G-SA,CONNECT,TDD,CFE614000,-92,-7,6,20,0,0,0,0,0,0,100,0,-71,NR N78,18,73399.0,8.75,8930,nan,0,4.35,0.0000
1743429514.1785817,NR5G-SA,CONNECT,TDD,CFE614000,-92,-7,5,21,0,0,0,0,0,0,100,0,-71,NR N78,18,73400.0,8.75,8930,nan,0,4.35,0.0000
1743429515.267883,NR5G-SA,CONNECT,TDD,CFE614000,-92,-7,5,21,0,0,0,0,0,0,100,0,-71,NR N78,18,62910.0,7.5,7654,nan,0,4.35,0.0000
1743429516.3571646,NR5G-SA,CONNECT,TDD,CFE614000,-91,-7,5,21,0,0,0,0,0,0,100,0,-71,NR N78,18,41947.0,5.0,5104,nan,0,4.35,0.0000
1743429517.46824,NR5G-SA,CONNECT,TDD,CFE614000,-91,-7,5,21,0,0,0,0,0,0,100,0,-70,NR N78,18,31453.0,3.75,3827,nan,0,4.35,0.0000
1743429518.5748978,NR5G-SA,CONNECT,TDD,CFE614000,-92,-7,5,21,0,0,0,0,0,0,100,0,-71,NR N78,21,62932.0,7.5,7657,nan,0,4.35,0.0000
1743429519.6438513,NR5G-SA,CONNECT,TDD,CFE614000,-92,-7,4,21,0,0,0,0,0,0,100,0,-71,NR N78,21,62908.0,7.5,7654,nan,0,4.35,0.0000
1743429520.6863337,NR5G-SA,CONNECT,TDD,CFE614000,-93,-8,5,21,0,0,0,0,0,0,100,0,-71,NR N78,18,73395.0,8.75,8930,nan,0,4.35,0.0000
1743429521.7954125,NR5G-SA,CONNECT,TDD,CFE614000,-93,-8,5,21,0,0,0,0,0,0,100,0,-71,NR N78,18,62918.0,7.5,7655,nan,0,4.35,0.0000
1743429522.8274922,NR5G-SA,CONNECT,TDD,CFE614000,-92,-8,5,21,0,0,0,0,0,0,100,0,-69,NR N78,18,62914.0,7.5,7655,nan,0,4.35,0.0000
1743429523.9384077,NR5G-SA,CONNECT,TDD,CFE614000,-92,-8,5,21,0,0,0,0,0,0,100,0,-70,NR N78,18,41946.0,5.0,5103,nan,0,4.35,0.0000
1743429525.0529628,NR5G-SA,CONNECT,TDD,CFE614000,-92,-7,5,21,0,0,0,0,0,0,100,0,-71,NR N78,18,52429.0,6.25,6379,nan,0,4.35,0.0000
1743429526.0945685,NR5G-SA,CONNECT,TDD,CFE614000,-92,-7,6,21,0,0,0,0,0,0,100,0,-72,NR N78,16,52424.0,6.25,6378,nan,0,4.35,0.0000
1743429527.1409159,NR5G-SA,CONNECT,TDD,CFE614000,-92,-8,5,21,0,0,0,0,0,0,100,0,-71,NR N78,16,62900.0,7.5,7653,nan,0,4.35,0.0000
1743429528.1836429,NR5G-SA,CONNECT,TDD,CFE614000,-92,-8,5,21,0,0,0,0,0,0,100,0,-71,NR N78,17,52442.0,6.25,6380,nan,0,4.35,0.0000
1743429529.2356725,NR5G-SA,CONNECT,TDD,CFE614000,-92,-8,5,21,0,0,0,0,0,0,100,0,-71,NR N78,17,41939.0,5.0,5103,nan,0,4.35,0.0000
1743429530.3448691,NR5G-SA,CONNECT,TDD,CFE614000,-92,-8,5,21,0,0,0,0,0,0,100,0,-69,NR N78,17,62918.0,7.5,7655,nan,0,4.35,0.0000
1743429531.3903399,NR5G-SA,CONNECT,TDD,CFE614000,-92,-8,5,21,0,0,0,0,0,0,100,0,-71,NR N78,17,52424.0,6.25,6378,nan,0,4.35,0.0000
1743429532.4600139,NR5G-SA,CONNECT,TDD,CFE614000,-92,-8,5,21,0,0,0,0,0,0,100,0,-71,NR N78,16,62915.0,7.5,7655,nan,0,4.35,0.0000
1743429533.5032182,NR5G-SA,CONNECT,TDD,CFE614000,-92,-8,5,21,0,0,0,0,0,0,100,0,-71,NR N78,16,52424.0,6.25,6378,nan,0,4.35,0.0000
1743429534.5857692,NR5G-SA,CONNECT,TDD,CFE614000,-93,-8,5,21,0,0,0,0,0,0,100,0,-72,NR N78,17,62911.0,7.5,7654,nan,0,4.35,0.0000
1743429535.6331437,NR5G-SA,CONNECT,TDD,CFE614000,-93,-8,5,21,0,0,0,0,0,0,100,0,-70,NR N78,17,73405.0,8.75,8931,nan,0,4.35,0.0000
1743429536.6680784,NR5G-SA,CONNECT,TDD,CFE614000,-92,-8,5,21,0,0,0,0,0,0,100,0,-71,NR N78,17,62920.0,7.5,7655,nan,0,4.35,0.0000
1743429537.7057326,NR5G-SA,CONNECT,TDD,CFE614000,-92,-8,5,21,0,0,0,0,0,0,100,0,-72,NR N78,17,52425.0,6.25,6378,nan,0,4.35,0.0000
1743429538.7623613,NR5G-SA,CONNECT,TDD,CFE614000,-93,-8,5,21,0,0,0,0,0,0,100,0,-70,NR N78,15,73410.0,8.75,8932,nan,0,4.35,0.0000
1743429539.8688262,NR5G-SA,CONNECT,TDD,CFE614000,-92,-8,5,21,0,0,0,0,0,0,100,0,-71,NR N78,15,62908.0,7.5,7654,nan,0,4.35,0.0000
1743429540.9353232,NR5G-SA,CONNECT,TDD,CFE614000,-92,-8,5,21,0,0,0,0,0,0,100,0,-71,NR N78,16,62918.0,7.5,7655,nan,0,4.35,0.0000
1743429541.970364,NR5G-SA,CONNECT,TDD,CFE614000,-92,-7,5,21,0,0,0,0,0,0,100,0,-71,NR N78,16,62913.0,7.5,7654,nan,0,4.35,0.0000
1743429543.0326016,NR5G-SA,CONNECT,TDD,CFE614000,-92,-7,5,21,0,0,0,0,0,0,100,0,-70,NR N78,16,52429.0,6.25,6379,nan,0,4.35,0.0000
1743429544.0873883,NR5G-SA,CONNECT,TDD,CFE614000,-92,-7,5,21,0,0,0,0,0,0,100,0,-72,NR N78,16,52425.0,6.25,6378,nan,0,4.35,0.0000
1743429545.1318216,NR5G-SA,CONNECT,TDD,CFE614000,-92,-8,5,21,0,0,0,0,0,0,100,0,-71,NR N78,16,73396.0,8.75,8930,nan,0,4.35,0.0000
1743429546.2296999,NR5G-SA,CONNECT,TDD,CFE614000,-92,-8,5,21,0,0,0,0,0,0,100,0,-71,NR N78,18,73413.0,8.75,8932,nan,0,4.35,0.0000
1743429547.276631,NR5G-SA,CONNECT,TDD,CFE614000,-92,-8,5,21,0,0,0,0,0,0,100,0,-71,NR N78,18,62904.0,7.5,7653,nan,0,4.35,0.0000
1743429548.3882365,NR5G-SA,CONNECT,TDD,CFE614000,-92,-8,5,21,0,0,0,0,0,0,100,0,-71,NR N78,17,52427.0,6.25,6379,nan,0,4.35,0.0000
1743429549.4350562,NR5G-SA,CONNECT,TDD,CFE614000,-93,-8,5,21,0,0,0,0,0,0,100,0,-72,NR N78,17,73403.0,8.75,8931,nan,0,4.35,0.0000
1743429550.531949,NR5G-SA,CONNECT,TDD,CFE614000,-92,-8,4,21,0,0,0,0,0,0,100,0,-71,NR N78,18,73397.0,8.75,8930,nan,0,4.35,0.0000
1743429551.56593,NR5G-SA,CONNECT,TDD,CFE614000,-93,-8,4,21,0,0,0,0,0,0,100,0,-71,NR N78,18,62915.0,7.5,7655,nan,0,4.35,0.0000
1743429552.6224542,NR5G-SA,CONNECT,TDD,CFE614000,-92,-8,4,21,0,0,0,0,0,0,100,0,-70,NR N78,19,62913.0,7.5,7654,nan,0,4.35,0.0000
1743429553.6643002,NR5G-SA,CONNECT,TDD,CFE614000,-93,-9,5,21,0,0,0,0,0,0,100,0,-71,NR N78,19,73404.0,8.75,8931,nan,0,4.35,0.0000
1743429554.7464237,NR5G-SA,CONNECT,TDD,CFE614000,-93,-8,5,21,0,0,0,0,0,0,100,0,-71,NR N78,18,73390.0,8.75,8929,nan,0,4.35,0.0000
1743429555.813595,NR5G-SA,CONNECT,TDD,CFE614000,-93,-8,5,21,0,0,0,0,0,0,100,0,-69,NR N78,18,73402.0,8.75,8931,nan,0,4.35,0.0000
1743429556.9066296,NR5G-SA,CONNECT,TDD,CFE614000,-93,-9,6,21,0,0,0,0,0,0,100,0,-70,NR N78,18,62905.0,7.5,7653,nan,0,4.35,0.0000
1743429558.0217783,NR5G-SA,CONNECT,TDD,CFE614000,-94,-8,6,21,0,0,0,0,0,0,100,0,-70,NR N78,16,52432.0,6.25,6379,nan,0,4.35,0.0000
1743429559.0666232,NR5G-SA,CONNECT,TDD,CFE614000,-94,-8,6,21,0,0,0,0,0,0,100,0,-71,NR N78,16,62920.0,7.5,7655,nan,0,4.35,0.0000
1743429560.1122043,NR5G-SA,CONNECT,TDD,CFE614000,-93,-8,5,21,0,0,0,0,0,0,100,0,-70,NR N78,18,73408.0,8.75,8931,nan,0,4.35,0.0000
1743429561.1619663,NR5G-SA,CONNECT,TDD,CFE614000,-93,-9,5,21,0,0,0,0,0,0,100,0,-70,NR N78,18,73394.0,8.75,8930,nan,0,4.35,0.0000
1743429562.2068462,NR5G-SA,CONNECT,TDD,CFE614000,-93,-9,5,21,0,0,0,0,0,0,100,0,-71,NR N78,19,73406.0,8.75,8931,nan,0,4.35,0.0000
1743429563.3105786,NR5G-SA,CONNECT,TDD,CFE614000,-92,-8,5,21,0,0,0,0,0,0,100,0,-70,NR N78,19,31455.0,3.75,3827,nan,0,4.35,0.0000
1743429564.3655624,NR5G-SA,CONNECT,TDD,CFE614000,-92,-9,5,21,0,0,0,0,0,0,100,0,-71,NR N78,19,83887.0,10.0,10206,nan,0,4.35,0.0000
1743429565.4266484,NR5G-SA,CONNECT,TDD,CFE614000,-93,-9,5,21,0,0,0,0,0,0,100,0,-71,NR N78,19,73392.0,8.75,8929,nan,0,4.35,0.0000
1743429566.4833088,NR5G-SA,CONNECT,TDD,CFE614000,-93,-8,5,21,0,0,0,0,0,0,100,0,-72,NR N78,19,83903.0,10.0,10208,nan,0,4.35,0.0000
1743429567.5236623,NR5G-SA,CONNECT,TDD,CFE614000,-93,-8,5,21,0,0,0,0,0,0,100,0,-71,NR N78,19,73394.0,8.75,8930,nan,0,4.35,0.0000
1743429568.5847669,NR5G-SA,CONNECT,TDD,CFE614000,-93,-8,5,21,0,0,0,0,0,0,100,0,-70,NR N78,18,73401.0,8.75,8930,nan,0,4.35,0.0000
1743429569.655274,NR5G-SA,CONNECT,TDD,CFE614000,-93,-8,5,21,0,0,0,0,0,0,100,0,-71,NR N78,18,73406.0,8.75,8931,nan,0,4.35,0.0000
1743429570.7418263,NR5G-SA,CONNECT,TDD,CFE614000,-92,-8,5,21,0,0,0,0,0,0,100,0,-71,NR N78,18,73401.0,8.75,8930,nan,0,4.35,0.0000
1743429571.79753,NR5G-SA,CONNECT,TDD,CFE614000,-92,-8,5,21,0,0,0,0,0,0,100,0,-71,NR N78,18,73392.0,8.75,8929,nan,0,4.35,0.0000
1743429572.845088,NR5G-SA,CONNECT,TDD,CFE614000,-91,-7,5,21,0,0,0,0,0,0,100,0,-71,NR N78,18,62919.0,7.5,7655,nan,0,4.35,0.0000
1743429573.93253,NR5G-SA,CONNECT,TDD,CFE614000,-91,-7,5,21,0,0,0,0,0,0,100,0,-70,NR N78,18,62913.0,7.5,7654,nan,0,4.35,0.0000
1743429575.0153844,NR5G-SA,CONNECT,TDD,CFE614000,-92,-8,5,21,0,0,0,0,0,0,100,0,-71,NR N78,18,62919.0,7.5,7655,nan,0,4.35,0.0000
1743429576.0730052,NR5G-SA,CONNECT,TDD,CFE614000,-92,-8,5,21,0,0,0,0,0,0,100,0,-71,NR N78,19,73399.0,8.75,8930,nan,0,4.35,0.0000
1743429577.1473503,NR5G-SA,CONNECT,TDD,CFE614000,-92,-8,5,21,0,0,0,0,0,0,100,0,-71,NR N78,19,62911.0,7.5,7654,nan,0,4.35,0.0000
1743429578.2694783,NR5G-SA,CONNECT,TDD,CFE614000,-91,-7,5,21,0,0,0,0,0,0,100,0,-70,NR N78,21,52426.0,6.25,6378,nan,0,4.35,0.0000
1743429579.3279626,NR5G-SA,CONNECT,TDD,CFE614000,-91,-7,5,21,0,0,0,0,0,0,100,0,-70,NR N78,21,52428.0,6.25,6379,nan,0,4.35,0.0000
1743429580.4294753,NR5G-SA,CONNECT,TDD,CFE614000,-91,-7,5,21,-93,-4,6,-93,-4,6,100,0,-71,NR N78,20,41950.0,5.0,5104,nan,0,4.35,0.0000
1743429581.5368297,NR5G-SA,CONNECT,TDD,CFE614000,-91,-7,5,21,-92,-5,5,-92,-5,5,100,0,-70,NR N78,20,31462.0,3.75,3828,nan,0,4.35,0.0000
1743429582.5978048,NR5G-SA,CONNECT,TDD,CFE614000,-91,-7,5,21,-92,-6,5,-92,-6,5,100,0,-71,NR N78,20,41941.0,5.0,5103,nan,0,4.35,0.0000
1743429583.6979995,NR5G-SA,CONNECT,TDD,CFE614000,-91,-7,5,21,-92,-6,4,-92,-6,4,100,0,-71,NR N78,20,41942.0,5.0,5103,nan,0,4.35,0.0000
1743429584.8228624,NR5G-SA,CONNECT,TDD,CFE614000,-91,-7,5,21,-92,-6,4,-92,-6,4,100,0,-70,NR N78,20,41936.0,5.0,5102,nan,0,4.35,0.0000
1743429585.9074104,NR5G-SA,CONNECT,TDD,CFE614000,-91,-7,5,21,-92,-7,4,-92,-7,4,100,0,-69,NR N78,19,52438.0,6.25,6380,nan,0,4.35,0.0000
1743429586.979012,NR5G-SA,CONNECT,TDD,CFE614000,-91,-7,5,21,-92,-6,4,-92,-6,4,100,0,-70,NR N78,19,52413.0,6.25,6377,nan,0,4.35,0.0000
1743429588.0101404,NR5G-SA,CONNECT,TDD,CFE614000,-91,-8,5,21,-92,-7,4,-92,-7,4,100,0,-71,NR N78,18,62912.0,7.5,7654,nan,0,4.35,0.0000
1743429589.0465217,NR5G-SA,CONNECT,TDD,CFE614000,-92,-8,5,21,-93,-7,4,-93,-7,4,100,0,-71,NR N78,18,73372.0,8.75,8927,nan,0,4.35,0.0000
1743429590.1391125,NR5G-SA,CONNECT,TDD,CFE614000,-92,-8,5,21,-93,-7,4,-93,-7,4,100,0,-69,NR N78,19,62912.0,7.5,7654,nan,0,4.35,0.0000
1743429591.1784205,NR5G-SA,CONNECT,TDD,CFE614000,-92,-8,5,21,-93,-6,4,-93,-6,4,100,0,-71,NR N78,19,52454.0,6.25,6382,nan,0,4.35,0.0000
1743429592.2371738,NR5G-SA,CONNECT,TDD,CFE614000,-92,-8,5,21,-93,-6,5,-93,-6,5,100,0,-71,NR N78,18,62903.0,7.5,7653,nan,0,4.35,0.0000
1743429593.306314,NR5G-SA,CONNECT,TDD,CFE614000,-92,-9,5,21,-92,-6,5,-92,-6,5,100,0,-71,NR N78,18,73420.0,8.75,8933,nan,0,4.35,0.0000
1743429594.3396575,NR5G-SA,CONNECT,TDD,CFE614000,-92,-8,6,21,-93,-6,5,-93,-6,5,100,0,-71,NR N78,21,41943.0,5.0,5103,nan,0,4.35,0.0000
1743429595.4340737,NR5G-SA,CONNECT,TDD,CFE614000,-93,-8,4,21,-94,-6,4,-94,-6,4,100,0,-70,NR N78,21,73399.0,8.75,8930,nan,0,4.35,0.0000
1743429596.502753,NR5G-SA,CONNECT,TDD,CFE614000,-93,-8,5,21,-93,-6,5,-93,-6,5,100,0,-71,NR N78,20,73407.0,8.75,8931,nan,0,4.35,0.0000
1743429597.5561252,NR5G-SA,CONNECT,TDD,CFE614000,-92,-8,5,21,-93,-6,5,-93,-6,5,100,0,-69,NR N78,20,73398.0,8.75,8930,nan,0,4.35,0.0000
1743429598.616573,NR5G-SA,CONNECT,TDD,CFE614000,-92,-8,5,21,-93,-6,5,-93,-6,5,100,0,-70,NR N78,20,73366.0,8.75,8926,nan,0,4.35,0.0000
1743429599.705092,NR5G-SA,CONNECT,TDD,CFE614000,-92,-8,6,21,-93,-6,5,-93,-6,5,100,0,-72,NR N78,20,83928.0,10.0,10211,nan,0,4.35,0.0000
1743429600.7414324,NR5G-SA,CONNECT,TDD,CFE614000,-92,-8,6,21,-93,-5,5,-93,-5,5,100,0,-72,NR N78,20,73382.0,8.75,8928,nan,0,4.35,0.0000
1743429601.7776554,NR5G-SA,CONNECT,TDD,CFE614000,-93,-8,6,21,-92,-5,5,-92,-5,5,100,0,-72,NR N78,20,73429.0,8.75,8934,nan,0,4.35,0.0000
1743429602.836972,NR5G-SA,CONNECT,TDD,CFE614000,-93,-8,6,21,-93,-6,5,-93,-6,5,100,0,-72,NR N78,20,62893.0,7.5,7652,nan,0,4.35,0.0000
1743429603.9325948,NR5G-SA,CONNECT,TDD,CFE614000,-92,-8,6,21,-93,-6,5,-93,-6,5,100,0,-72,NR N78,20,62926.0,7.5,7656,nan,0,4.35,0.0000
1743429605.0036275,NR5G-SA,CONNECT,TDD,CFE614000,-93,-8,6,21,-92,-6,5,-92,-6,5,100,0,-72,NR N78,17,41941.0,5.0,5103,nan,0,4.35,0.0000
1743429606.1262462,NR5G-SA,CONNECT,TDD,CFE614000,-93,-8,6,21,-93,-6,5,-93,-6,5,100,0,-71,NR N78,18,41948.0,5.0,5104,nan,0,4.35,0.0000
1743429607.227888,NR5G-SA,CONNECT,TDD,CFE614000,-93,-8,6,21,-93,-6,5,-93,-6,5,100,0,-72,NR N78,18,31442.0,3.75,3825,nan,0,4.35,0.0000
1743429608.3332033,NR5G-SA,CONNECT,TDD,CFE614000,-93,-8,6,21,-92,-6,5,-92,-6,5,100,0,-72,NR N78,20,73394.0,8.75,8930,nan,0,4.35,0.0000
1743429609.3866234,NR5G-SA,CONNECT,TDD,CFE614000,-93,-8,6,21,-92,-5,5,-92,-5,5,100,0,-71,NR N78,20,62927.0,7.5,7656,nan,0,4.35,0.0000
1743429610.4281127,NR5G-SA,CONNECT,TDD,CFE614000,-93,-8,6,21,-92,-5,5,-92,-5,5,100,0,-72,NR N78,19,73393.0,8.75,8929,nan,0,4.35,0.0000
1743429611.486562,NR5G-SA,CONNECT,TDD,CFE614000,-92,-8,6,21,-92,-5,5,-92,-5,5,100,0,-71,NR N78,19,73394.0,8.75,8930,nan,0,4.35,0.0000
1743429612.5360198,NR5G-SA,CONNECT,TDD,CFE614000,-92,-7,6,21,-92,-5,5,-92,-5,5,100,0,-71,NR N78,18,62910.0,7.5,7654,nan,0,4.35,0.0000
1743429613.6338177,NR5G-SA,CONNECT,TDD,CFE614000,-92,-7,6,21,-92,-5,5,-92,-5,5,100,0,-72,NR N78,18,62918.0,7.5,7655,nan,0,4.35,0.0000
1743429614.7185135,NR5G-SA,CONNECT,TDD,CFE614000,-92,-8,6,21,-92,-5,6,-92,-5,6,100,0,-71,NR N78,18,73404.0,8.75,8931,nan,0,4.35,0.0000
1743429615.7600129,NR5G-SA,CONNECT,TDD,CFE614000,-92,-7,6,21,-92,-5,6,-92,-5,6,100,0,-72,NR N78,18,73404.0,8.75,8931,nan,0,4.35,0.0000
1743429616.8009474,NR5G-SA,CONNECT,TDD,CFE614000,-92,-7,6,21,-92,-5,5,-92,-5,5,100,0,-71,NR N78,19,73406.0,8.75,8931,nan,0,4.35,0.0000
1743429617.9051552,NR5G-SA,CONNECT,TDD,CFE614000,-91,-7,6,21,-92,-6,5,-92,-6,5,100,0,-71,NR N78,19,73399.0,8.75,8930,nan,0,4.35,0.0000
1743429618.9713705,NR5G-SA,CONNECT,TDD,CFE614000,-92,-8,6,21,-92,-5,6,-92,-5,6,100,0,-72,NR N78,19,73316.0,8.75,8920,nan,0,4.35,0.0000
1743429620.0058594,NR5G-SA,CONNECT,TDD,CFE614000,-92,-8,5,21,-92,-5,6,-92,-5,6,100,0,-71,NR N78,19,62974.0,7.5,7662,nan,0,4.35,0.0000
1743429621.0613065,NR5G-SA,CONNECT,TDD,CFE614000,-92,-8,5,21,-92,-5,6,-92,-5,6,100,0,-71,NR N78,18,73410.0,8.75,8932,nan,0,4.35,0.0000
1743429622.1210434,NR5G-SA,CONNECT,TDD,CFE614000,-92,-8,5,21,-91,-5,6,-91,-5,6,100,0,-71,NR N78,19,62921.0,7.5,7655,nan,0,4.35,0.0000
1743429623.1566744,NR5G-SA,CONNECT,TDD,CFE614000,-92,-8,6,21,-92,-5,6,-92,-5,6,100,0,-67,NR N78,19,62916.0,7.5,7655,nan,0,4.35,0.0000
1743429624.2407372,NR5G-SA,CONNECT,TDD,CFE614000,-92,-8,6,21,-92,-5,6,-92,-5,6,100,0,-68,NR N78,19,83887.0,10.0,10206,nan,0,4.35,0.0000
1743429625.2801807,NR5G-SA,CONNECT,TDD,CFE614000,-92,-7,5,21,-91,-5,7,-91,-5,7,100,0,-71,NR N78,19,62906.0,7.5,7654,nan,0,4.35,0.0000
1743429626.3196783,NR5G-SA,CONNECT,TDD,CFE614000,-92,-8,5,21,-91,-5,7,-91,-5,7,100,0,-70,NR N78,20,52414.0,6.25,6377,nan,0,4.35,0.0000
1743429627.4207556,NR5G-SA,CONNECT,TDD,CFE614000,-92,-8,5,21,-91,-5,6,-91,-5,6,100,0,-71,NR N78,20,62938.0,7.5,7657,nan,0,4.35,0.0000
1743429628.500822,NR5G-SA,CONNECT,TDD,CFE614000,-92,-8,5,21,-91,-5,6,-91,-5,6,100,0,-70,NR N78,18,62919.0,7.5,7655,nan,0,4.35,0.0000
1743429629.5580447,NR5G-SA,CONNECT,TDD,CFE614000,-92,-8,6,21,-91,-5,6,-91,-5,6,100,0,-71,NR N78,18,62892.0,7.5,7652,nan,0,4.35,0.0000
1743429630.611229,NR5G-SA,CONNECT,TDD,CFE614000,-92,-8,6,21,-91,-5,6,-91,-5,6,100,0,-71,NR N78,18,62931.0,7.5,7657,nan,0,4.35,0.0000
1743429631.650716,NR5G-SA,CONNECT,TDD,CFE614000,-92,-8,5,21,-91,-5,6,-91,-5,6,100,0,-72,NR N78,18,62918.0,7.5,7655,nan,0,4.35,0.0000
1743429632.6888988,NR5G-SA,CONNECT,TDD,CFE614000,-93,-8,5,21,-91,-5,6,-91,-5,6,100,0,-69,NR N78,17,62897.0,7.5,7652,nan,0,4.35,0.0000
1743429633.7445822,NR5G-SA,CONNECT,TDD,CFE614000,-93,-8,6,21,-91,-5,7,-91,-5,7,100,0,-71,NR N78,17,52424.0,6.25,6378,nan,0,4.35,0.0000
1743429634.794942,NR5G-SA,CONNECT,TDD,CFE614000,-92,-8,5,21,-91,-5,6,-91,-5,6,100,0,-72,NR N78,16,73423.0,8.75,8933,nan,0,4.35,0.0000
1743429635.8386056,NR5G-SA,CONNECT,TDD,CFE614000,-92,-8,5,21,-91,-5,6,-91,-5,6,100,0,-66,NR N78,16,62912.0,7.5,7654,nan,0,4.35,0.0000
1743429636.884111,NR5G-SA,CONNECT,TDD,CFE614000,-92,-8,5,21,-91,-5,7,-91,-5,7,100,0,-69,NR N78,17,62919.0,7.5,7655,nan,0,4.35,0.0000
1743429637.9312572,NR5G-SA,CONNECT,TDD,CFE614000,-91,-7,5,21,-91,-5,7,-91,-5,7,100,0,-70,NR N78,17,52420.0,6.25,6378,nan,0,4.35,0.0000
1743429638.9764252,NR5G-SA,CONNECT,TDD,CFE614000,-91,-7,5,21,-91,-4,7,-91,-4,7,100,0,-71,NR N78,16,62915.0,7.5,7655,nan,0,4.35,0.0000
1743429640.05396,NR5G-SA,CONNECT,TDD,CFE614000,-92,-8,5,21,-91,-5,7,-91,-5,7,100,0,-69,NR N78,16,62927.0,7.5,7656,nan,0,4.35,0.0000
1743429641.131698,NR5G-SA,CONNECT,TDD,CFE614000,-91,-7,6,21,-91,-5,6,-91,-5,6,100,0,-71,NR N78,16,52418.0,6.25,6378,nan,0,4.35,0.0000
1743429642.1786618,NR5G-SA,CONNECT,TDD,CFE614000,-92,-8,4,21,-93,-6,5,-93,-6,5,100,0,-71,NR N78,18,62923.0,7.5,7656,nan,0,4.35,0.0000
1743429643.2604601,NR5G-SA,CONNECT,TDD,CFE614000,-92,-8,4,21,-94,-6,4,-94,-6,4,100,0,-72,NR N78,18,83896.0,10.0,10207,nan,0,4.35,0.0000
1743429644.3203797,NR5G-SA,CONNECT,TDD,CFE614000,-92,-7,4,21,-95,-7,3,-95,-7,3,100,0,-72,NR N78,19,73387.0,8.75,8929,nan,0,4.35,0.0000
1743429645.38815,NR5G-SA,CONNECT,TDD,CFE614000,-93,-8,5,21,-95,-7,3,-95,-7,3,100,0,-72,NR N78,19,83900.0,10.0,10208,nan,0,4.35,0.0000
1743429646.438795,NR5G-SA,CONNECT,TDD,CFE614000,-93,-8,5,21,-94,-6,3,-94,-6,3,100,0,-72,NR N78,19,73390.0,8.75,8929,nan,0,4.35,0.0000
1743429647.4708292,NR5G-SA,CONNECT,TDD,CFE614000,-93,-8,5,21,-93,-5,5,-93,-5,5,100,0,-69,NR N78,19,83887.0,10.0,10206,nan,0,4.35,0.0000
1743429648.588674,NR5G-SA,CONNECT,TDD,CFE614000,-93,-9,5,21,-93,-6,5,-93,-6,5,100,0,-70,NR N78,20,83893.0,10.0,10207,nan,0,4.35,0.0000
1743429649.6545427,NR5G-SA,CONNECT,TDD,CFE614000,-93,-9,5,21,-93,-5,5,-93,-5,5,100,0,-71,NR N78,20,73393.0,8.75,8929,nan,0,4.35,0.0000
1743429650.7298481,NR5G-SA,CONNECT,TDD,CFE614000,-92,-8,4,21,-92,-5,6,-92,-5,6,100,0,-71,NR N78,19,94374.0,11.2,11482,nan,0,4.35,0.0000
1743429651.791998,NR5G-SA,CONNECT,TDD,CFE614000,-92,-8,5,21,-92,-5,6,-92,-5,6,100,0,-68,NR N78,19,73396.0,8.75,8930,nan,0,4.35,0.0000
1743429652.836469,NR5G-SA,CONNECT,TDD,CFE614000,-92,-8,5,21,-92,-5,6,-92,-5,6,100,0,-70,NR N78,19,83899.0,10.0,10208,nan,0,4.35,0.0000
1743429653.9073133,NR5G-SA,CONNECT,TDD,CFE614000,-92,-8,5,21,-92,-5,6,-92,-5,6,100,0,-71,NR N78,19,83885.0,10.0,10206,nan,0,4.35,0.0000
1743429654.9909697,NR5G-SA,CONNECT,TDD,CFE614000,-91,-7,5,21,-92,-5,6,-92,-5,6,100,0,-69,NR N78,20,94378.0,11.2,11483,nan,0,4.35,0.0000
1743429656.0267866,NR5G-SA,CONNECT,TDD,CFE614000,-91,-7,6,21,-92,-5,6,-92,-5,6,100,0,-70,NR N78,20,73396.0,8.75,8930,nan,0,4.35,0.0000
1743429657.110094,NR5G-SA,CONNECT,TDD,CFE614000,-91,-8,5,21,-92,-5,6,-92,-5,6,100,0,-66,NR N78,20,94371.0,11.2,11482,nan,0,4.35,0.0000
1743429658.1818943,NR5G-SA,CONNECT,TDD,CFE614000,-92,-8,5,21,-92,-5,6,-92,-5,6,100,0,-72,NR N78,19,83893.0,10.0,10207,nan,0,4.35,0.0000
1743429659.2283561,NR5G-SA,CONNECT,TDD,CFE614000,-91,-7,5,21,-91,-5,6,-91,-5,6,100,0,-69,NR N78,19,73401.0,8.75,8930,nan,0,4.35,0.0000
1743429660.2841518,NR5G-SA,CONNECT,TDD,CFE614000,-92,-7,5,21,-91,-5,6,-91,-5,6,100,0,-70,NR N78,18,83881.0,10.0,10206,nan,0,4.35,0.0000
1743429661.3337903,NR5G-SA,CONNECT,TDD,CFE614000,-92,-8,5,21,-91,-4,7,-91,-4,7,100,0,-72,NR N78,18,73399.0,8.75,8930,nan,0,4.35,0.0000
1743429662.4108818,NR5G-SA,CONNECT,TDD,CFE614000,-93,-8,5,21,-91,-4,6,-91,-4,6,100,0,-72,NR N78,19,73383.0,8.75,8928,nan,0,4.35,0.0000
1743429663.460064,NR5G-SA,CONNECT,TDD,CFE614000,-93,-8,5,21,-90,-4,7,-90,-4,7,100,0,-71,NR N78,19,73418.0,8.75,8933,nan,0,4.35,0.0000
1743429664.4896708,NR5G-SA,CONNECT,TDD,CFE614000,-93,-8,5,21,-91,-4,6,-91,-4,6,100,0,-72,NR N78,20,62915.0,7.5,7655,nan,0,4.35,0.0000
1743429665.5555556,NR5G-SA,CONNECT,TDD,CFE614000,-93,-8,5,21,-91,-5,6,-91,-5,6,100,0,-72,NR N78,20,52429.0,6.25,6379,nan,0,4.35,0.0000
1743429666.623514,NR5G-SA,CONNECT,TDD,CFE814004,-91,-8,5,21,0,0,0,0,0,0,100,1,-73,NR N78,19,31448.0,3.75,3826,nan,0,4.35,0.0000
1743429667.7324185,NR5G-SA,CONNECT,TDD,CFE814004,-91,-6,6,21,0,0,0,0,0,0,100,0,-73,NR N78,19,10489.0,1.25,1276,nan,0,4.35,0.0000
1743429668.8225486,NR5G-SA,CONNECT,TDD,CFE814004,-91,-5,6,21,0,0,0,0,0,0,100,0,-73,NR N78,5,10485.0,1.25,1276,nan,0,4.35,0.0000
1743429669.9141529,NR5G-SA,CONNECT,TDD,CFE814004,-91,-5,6,21,0,0,0,0,0,0,100,0,-72,NR N78,5,0.0,0.0,0,nan,0,4.35,0.0000
1743429670.989629,NR5G-SA,CONNECT,TDD,CFE814004,-91,-5,7,21,0,0,0,0,0,0,100,0,-71,NR N78,8,10493.0,1.25,1277,nan,0,4.35,0.0000
1743429672.0855992,NR5G-SA,CONNECT,TDD,CFE814004,-91,-5,7,21,0,0,0,0,0,0,100,0,-73,NR N78,8,0.0,0.0,0,nan,0,4.35,0.0000
1743429673.1936407,NR5G-SA,CONNECT,TDD,CFE814004,-91,-5,7,20,0,0,0,0,0,0,100,0,-73,NR N78,10,10490.0,1.25,1276,nan,0,4.35,0.0000
1743429674.299465,NR5G-SA,CONNECT,TDD,CFE814004,-91,-5,6,20,0,0,0,0,0,0,100,0,-73,NR N78,8,10490.0,1.25,1276,nan,0,4.35,0.0000
1743429675.3844814,NR5G-SA,CONNECT,TDD,CFE814004,-91,-5,6,20,-90,-6,6,-90,-6,6,100,0,-73,NR N78,8,10487.0,1.25,1276,nan,0,4.35,0.0000
1743429676.4823954,NR5G-SA,CONNECT,TDD,CFE814004,-91,-5,6,21,-92,-7,6,-92,-7,6,100,0,-73,NR N78,9,10490.0,1.25,1276,nan,0,4.35,0.0000
1743429677.5915859,NR5G-SA,CONNECT,TDD,CFE814004,-91,-5,7,21,-91,-7,5,-91,-7,5,100,0,-72,NR N78,9,10486.0,1.25,1276,nan,0,4.35,0.0000
1743429678.678011,NR5G-SA,CONNECT,TDD,CFE814004,-91,-5,6,21,-91,-7,6,-91,-7,6,100,0,-71,NR N78,10,10487.0,1.25,1276,nan,0,4.35,0.0000
1743429679.766276,NR5G-SA,CONNECT,TDD,CFE814004,-91,-6,7,21,-91,-7,5,-91,-7,5,100,0,-74,NR N78,10,10484.0,1.25,1276,nan,0,4.35,0.0000
1743429680.8575916,NR5G-SA,CONNECT,TDD,CFE814004,-91,-5,7,21,-92,-7,6,-92,-7,6,100,0,-72,NR N78,11,10486.0,1.25,1276,nan,0,4.35,0.0000
1743429681.9761047,NR5G-SA,CONNECT,TDD,CFE814004,-92,-5,6,21,-92,-7,6,-92,-7,6,100,0,-72,NR N78,11,10488.0,1.25,1276,nan,0,4.35,0.0000
1743429683.0690134,NR5G-SA,CONNECT,TDD,CFE814004,-92,-5,6,21,-91,-7,6,-91,-7,6,100,0,-74,NR N78,9,10487.0,1.25,1276,nan,0,4.35,0.0000
1743429684.1753328,NR5G-SA,CONNECT,TDD,CFE814004,-92,-5,6,21,-92,-7,6,-92,-7,6,100,0,-72,NR N78,10,10483.0,1.25,1275,nan,0,4.35,0.0000
1743429685.2635977,NR5G-SA,CONNECT,TDD,CFE814004,-92,-5,6,21,-91,-7,6,-91,-7,6,100,0,-74,NR N78,10,10484.0,1.25,1276,nan,0,4.35,0.0000
1743429686.3688748,NR5G-SA,CONNECT,TDD,CFE814004,-92,-5,6,21,-91,-7,6,-91,-7,6,100,0,-72,NR N78,10,10489.0,1.25,1276,nan,0,4.35,0.0000
1743429687.460496,NR5G-SA,CONNECT,TDD,CFE814004,-92,-5,6,21,-92,-8,6,-92,-8,6,100,0,-73,NR N78,10,0.0,0.0,0,nan,0,4.35,0.0000
1743429688.5721624,NR5G-SA,CONNECT,TDD,CFE814004,-92,-5,6,21,-92,-8,6,-92,-8,6,100,0,-73,NR N78,10,10486.0,1.25,1276,nan,0,4.35,0.0000
1743429689.663958,NR5G-SA,CONNECT,TDD,CFE814004,-92,-5,6,21,-92,-7,6,-92,-7,6,100,0,-72,NR N78,10,20994.0,2.5,2554,nan,0,4.35,0.0000
1743429690.7532313,NR5G-SA,CONNECT,TDD,CFE814004,-91,-5,6,21,-92,-7,6,-92,-7,6,100,0,-73,NR N78,11,10485.0,1.25,1276,nan,0,4.35,0.0000
1743429691.8514683,NR5G-SA,CONNECT,TDD,CFE814004,-91,-5,6,21,-92,-7,6,-92,-7,6,100,0,-74,NR N78,11,10483.0,1.25,1275,nan,0,4.35,0.0000
1743429692.9463468,NR5G-SA,CONNECT,TDD,CFE814004,-91,-5,6,21,-92,-7,6,-92,-7,6,100,0,-73,NR N78,10,10484.0,1.25,1276,nan,0,4.35,0.0000
1743429694.0544965,NR5G-SA,CONNECT,TDD,CFE814004,-91,-4,7,21,-92,-7,6,-92,-7,6,100,0,-73,NR N78,10,10487.0,1.25,1276,nan,0,4.35,0.0000
1743429695.1559236,NR5G-SA,CONNECT,TDD,CFE814004,-91,-4,7,21,-92,-7,6,-92,-7,6,100,0,-72,NR N78,11,10483.0,1.25,1275,nan,0,4.35,0.0000
1743429696.2599428,NR5G-SA,CONNECT,TDD,CFE814004,-91,-5,7,21,-92,-7,6,-92,-7,6,100,0,-73,NR N78,10,0.0,0.0,0,nan,0,4.35,0.0000
1743429697.3570313,NR5G-SA,CONNECT,TDD,CFE814004,-91,-4,6,21,-92,-7,6,-92,-7,6,100,0,-74,NR N78,10,10491.0,1.25,1276,nan,0,4.35,0.0000
1743429698.4845767,NR5G-SA,CONNECT,TDD,CFE814004,-91,-4,6,21,-92,-7,6,-92,-7,6,100,0,-73,NR N78,9,10484.0,1.25,1276,nan,0,4.35,0.0000
1743429699.5524578,NR5G-SA,CONNECT,TDD,CFE814004,-91,-4,7,21,-92,-7,6,-92,-7,6,100,0,-73,NR N78,9,10484.0,1.25,1276,nan,0,4.35,0.0000
1743429700.6348157,NR5G-SA,CONNECT,TDD,CFE814004,-91,-4,7,21,-92,-7,6,-92,-7,6,100,0,-73,NR N78,10,10485.0,1.25,1276,nan,0,4.35,0.0000
1743429701.7023623,NR5G-SA,CONNECT,TDD,CFE814004,-91,-5,7,21,-92,-8,6,-92,-8,6,100,0,-72,NR N78,10,10487.0,1.25,1276,nan,0,4.35,0.0000
1743429702.7669113,NR5G-SA,CONNECT,TDD,CFE814004,-91,-5,7,21,-92,-8,5,-92,-8,5,100,0,-71,NR N78,10,10485.0,1.25,1276,nan,0,4.35,0.0000
1743429703.8632376,NR5G-SA,CONNECT,TDD,CFE814004,-91,-4,7,21,-93,-8,5,-93,-8,5,100,0,-74,NR N78,10,20988.0,2.5,2554,nan,0,4.35,0.0000
1743429704.9885795,NR5G-SA,CONNECT,TDD,CFE814004,-91,-4,7,21,-93,-8,5,-93,-8,5,100,0,-73,NR N78,10,0.0,0.0,0,nan,0,4.35,0.0000
1743429706.0816672,NR5G-SA,CONNECT,TDD,CFE814004,-91,-4,7,21,-93,-8,5,-93,-8,5,100,0,-71,NR N78,10,10487.0,1.25,1276,nan,0,4.35,0.0000
1743429707.1886106,NR5G-SA,CONNECT,TDD,CFE814004,-91,-4,7,21,-92,-8,5,-92,-8,5,100,0,-73,NR N78,9,10485.0,1.25,1276,nan,0,4.35,0.0000
1743429708.2827623,NR5G-SA,CONNECT,TDD,CFE814004,-91,-4,7,21,-92,-7,5,-92,-7,5,100,0,-73,NR N78,9,10485.0,1.25,1276,nan,0,4.35,0.0000
1743429709.3754082,NR5G-SA,CONNECT,TDD,CFE814004,-91,-5,7,21,-92,-7,5,-92,-7,5,100,0,-73,NR N78,9,10488.0,1.25,1276,nan,0,4.35,0.0000
1743429710.465914,NR5G-SA,CONNECT,TDD,CFE814004,-91,-5,7,21,-92,-8,5,-92,-8,5,100,0,-72,NR N78,9,0.0,0.0,0,nan,0,4.35,0.0000
1743429711.5786335,NR5G-SA,CONNECT,TDD,CFE814004,-91,-5,7,21,-92,-8,5,-92,-8,5,100,0,-71,NR N78,9,20994.0,2.5,2554,nan,0,4.35,0.0000
1743429712.6710956,NR5G-SA,CONNECT,TDD,CFE814004,-91,-4,7,21,-92,-8,5,-92,-8,5,100,0,-73,NR N78,9,10483.0,1.25,1275,nan,0,4.35,0.0000
1743429713.7669914,NR5G-SA,CONNECT,TDD,CFE814004,-90,-4,7,21,-92,-7,5,-92,-7,5,100,0,-72,NR N78,9,10485.0,1.25,1276,nan,0,4.35,0.0000
1743429714.8587902,NR5G-SA,CONNECT,TDD,CFE814004,-91,-5,6,21,-92,-8,5,-92,-8,5,100,0,-74,NR N78,9,10483.0,1.25,1275,nan,0,4.35,0.0000
1743429715.9076853,NR5G-SA,CONNECT,TDD,CFE814004,-94,-7,4,21,-91,-8,4,-91,-8,4,100,0,-71,NR N78,9,10487.0,1.25,1276,nan,0,4.35,0.0000
1743429717.0097344,NR5G-SA,CONNECT,TDD,CFE614000,-92,-8,3,21,0,0,0,0,0,0,100,1,-71,NR N78,10,10483.0,1.25,1275,nan,0,4.35,0.0000
1743429718.038714,NR5G-SA,CONNECT,TDD,CFE614000,-92,-7,5,21,0,0,0,0,0,0,100,0,-68,NR N78,10,31474.0,3.75,3829,nan,0,4.35,0.0000
1743429719.1458166,NR5G-SA,CONNECT,TDD,CFE614000,-92,-8,5,20,0,0,0,0,0,0,100,0,-72,NR N78,11,41940.0,5.0,5103,nan,0,4.35,0.0000
1743429720.181421,NR5G-SA,CONNECT,TDD,CFE614000,-92,-8,5,20,0,0,0,0,0,0,100,0,-71,NR N78,11,52431.0,6.25,6379,nan,0,4.35,0.0000
1743429721.2561955,NR5G-SA,CONNECT,TDD,CFE614000,-92,-8,5,20,0,0,0,0,0,0,100,0,-72,NR N78,14,52426.0,6.25,6378,nan,0,4.35,0.0000
1743429722.3188872,NR5G-SA,CONNECT,TDD,CFE614000,-92,-8,5,20,0,0,0,0,0,0,100,0,-69,NR N78,16,41948.0,5.0,5104,nan,0,4.35,0.0000
1743429723.3585238,NR5G-SA,CONNECT,TDD,CFE614000,-93,-8,5,20,0,0,0,0,0,0,100,0,-72,NR N78,16,62916.0,7.5,7655,nan,0,4.35,0.0000
1743429724.401337,NR5G-SA,CONNECT,TDD,CFE614000,-93,-8,6,20,0,0,0,0,0,0,100,0,-72,NR N78,16,62916.0,7.5,7655,nan,0,4.35,0.0000
1743429725.5043418,NR5G-SA,CONNECT,TDD,CFE614000,-93,-8,5,20,0,0,0,0,0,0,100,0,-71,NR N78,16,52426.0,6.25,6378,nan,0,4.35,0.0000
1743429726.60935,NR5G-SA,CONNECT,TDD,CFE614000,-93,-8,5,21,0,0,0,0,0,0,100,0,-73,NR N78,15,62920.0,7.5,7655,nan,0,4.35,0.0000
1743429727.714198,NR5G-SA,CONNECT,TDD,CFE614000,-94,-7,5,21,0,0,0,0,0,0,100,0,-73,NR N78,15,62915.0,7.5,7655,nan,0,4.35,0.0000
1743429728.7647595,NR5G-SA,CONNECT,TDD,CFE614000,-94,-7,6,21,0,0,0,0,0,0,100,0,-72,NR N78,18,52420.0,6.25,6378,nan,0,4.35,0.0000
1743429729.8651576,NR5G-SA,CONNECT,TDD,CFE614000,-94,-7,6,21,0,0,0,0,0,0,100,0,-69,NR N78,18,62913.0,7.5,7654,nan,0,4.35,0.0000
1743429730.9012225,NR5G-SA,CONNECT,TDD,CFE614000,-94,-7,6,21,0,0,0,0,0,0,100,0,-70,NR N78,19,52423.0,6.25,6378,nan,0,4.35,0.0000
1743429732.0011373,NR5G-SA,CONNECT,TDD,CFE614000,-93,-7,6,21,0,0,0,0,0,0,100,0,-72,NR N78,19,62932.0,7.5,7657,nan,0,4.35,0.0000
1743429733.0566356,NR5G-SA,CONNECT,TDD,CFE614000,-93,-8,6,21,0,0,0,0,0,0,100,0,-72,NR N78,17,62906.0,7.5,7654,nan,0,4.35,0.0000
1743429734.176773,NR5G-SA,CONNECT,TDD,CFE614000,-93,-7,6,21,0,0,0,0,0,0,100,0,-72,NR N78,17,41943.0,5.0,5103,nan,0,4.35,0.0000
1743429735.224537,NR5G-SA,CONNECT,TDD,CFE614000,-93,-7,6,21,0,0,0,0,0,0,100,0,-72,NR N78,18,62923.0,7.5,7656,nan,0,4.35,0.0000
1743429736.261796,NR5G-SA,CONNECT,TDD,CFE614000,-93,-7,6,21,0,0,0,0,0,0,100,0,-70,NR N78,18,52423.0,6.25,6378,nan,0,4.35,0.0000
1743429737.345411,NR5G-SA,CONNECT,TDD,CFE614000,-93,-7,6,21,0,0,0,0,0,0,100,0,-72,NR N78,18,62918.0,7.5,7655,nan,0,4.35,0.0000
1743429738.4298177,NR5G-SA,CONNECT,TDD,CFE614000,-93,-7,6,21,0,0,0,0,0,0,100,0,-72,NR N78,17,62913.0,7.5,7654,nan,0,4.35,0.0000
1743429739.5163896,NR5G-SA,CONNECT,TDD,CFE614000,-93,-7,6,21,0,0,0,0,0,0,100,0,-72,NR N78,17,62920.0,7.5,7655,nan,0,4.35,0.0000
1743429740.5781813,NR5G-SA,CONNECT,TDD,CFE614000,-93,-7,6,21,0,0,0,0,0,0,100,0,-72,NR N78,16,52420.0,6.25,6378,nan,0,4.35,0.0000
1743429741.6273823,NR5G-SA,CONNECT,TDD,CFE614000,-93,-8,6,21,0,0,0,0,0,0,100,0,-67,NR N78,16,62921.0,7.5,7655,nan,0,4.35,0.0000
1743429742.6816225,NR5G-SA,CONNECT,TDD,CFE614000,-93,-8,6,21,0,0,0,0,0,0,100,0,-72,NR N78,17,62920.0,7.5,7655,nan,0,4.35,0.0000
1743429743.730274,NR5G-SA,CONNECT,TDD,CFE614000,-93,-8,6,21,0,0,0,0,0,0,100,0,-72,NR N78,17,62914.0,7.5,7655,nan,0,4.35,0.0000
1743429744.825203,NR5G-SA,CONNECT,TDD,CFE614000,-93,-7,6,21,0,0,0,0,0,0,100,0,-70,NR N78,17,31447.0,3.75,3826,nan,0,4.35,0.0000
1743429745.866734,NR5G-SA,CONNECT,TDD,CFE614000,-93,-8,6,21,0,0,0,0,0,0,100,0,-72,NR N78,17,52440.0,6.25,6380,nan,0,4.35,0.0000
1743429746.9563692,NR5G-SA,CONNECT,TDD,CFE614000,-93,-7,6,21,0,0,0,0,0,0,100,0,-72,NR N78,17,62919.0,7.5,7655,nan,0,4.35,0.0000
1743429748.0027056,NR5G-SA,CONNECT,TDD,CFE614000,-93,-8,6,21,0,0,0,0,0,0,100,0,-71,NR N78,17,62910.0,7.5,7654,nan,0,4.35,0.0000
1743429749.1003413,NR5G-SA,CONNECT,TDD,CFE614000,-93,-8,6,21,0,0,0,0,0,0,100,0,-72,NR N78,18,52421.0,6.25,6378,nan,0,4.35,0.0000
1743429750.1646886,NR5G-SA,CONNECT,TDD,CFE614000,-93,-8,6,21,0,0,0,0,0,0,100,0,-71,NR N78,18,52443.0,6.25,6381,nan,0,4.35,0.0000
1743429751.2201276,NR5G-SA,CONNECT,TDD,CFE614000,-93,-7,6,21,0,0,0,0,0,0,100,0,-72,NR N78,18,41816.0,5.0,5088,nan,0,4.35,0.0000
1743429752.2723656,NR5G-SA,CONNECT,TDD,CFE614000,-93,-8,6,21,0,0,0,0,0,0,100,0,-70,NR N78,18,63086.0,7.5,7675,nan,0,4.35,0.0000
1743429753.3071146,NR5G-SA,CONNECT,TDD,CFE614000,-93,-8,5,21,0,0,0,0,0,0,100,0,-71,NR N78,18,41958.0,5.0,5105,nan,0,4.35,0.0000
1743429754.401603,NR5G-SA,CONNECT,TDD,CFE614000,-93,-8,5,21,0,0,0,0,0,0,100,0,-69,NR N78,19,31440.0,3.75,3825,nan,0,4.35,0.0000
1743429755.465505,NR5G-SA,CONNECT,TDD,CFE614000,-93,-8,6,21,0,0,0,0,0,0,100,0,-72,NR N78,19,62929.0,7.5,7656,nan,0,4.35,0.0000
1743429756.498699,NR5G-SA,CONNECT,TDD,CFE614000,-93,-8,6,21,0,0,0,0,0,0,100,0,-72,NR N78,18,73432.0,8.75,8934,nan,0,4.35,0.0000
1743429757.5480585,NR5G-SA,CONNECT,TDD,CFE614000,-93,-8,6,21,0,0,0,0,0,0,100,0,-72,NR N78,18,62891.0,7.5,7652,nan,0,4.35,0.0000
1743429758.635499,NR5G-SA,CONNECT,TDD,CFE614000,-93,-8,5,21,0,0,0,0,0,0,100,0,-72,NR N78,20,41945.0,5.0,5103,nan,0,4.35,0.0000
1743429759.7137072,NR5G-SA,CONNECT,TDD,CFE614000,-93,-8,5,21,0,0,0,0,0,0,100,0,-69,NR N78,20,20969.0,2.5,2551,nan,0,4.35,0.0000
1743429760.7675827,NR5G-SA,CONNECT,TDD,CFE614000,-93,-8,5,21,0,0,0,0,0,0,100,0,-72,NR N78,21,31465.0,3.75,3828,nan,0,4.35,0.0000
1743429761.82955,NR5G-SA,CONNECT,TDD,CFE614000,-93,-8,6,21,0,0,0,0,0,0,100,0,-69,NR N78,21,52395.0,6.25,6375,nan,0,4.35,0.0000
1743429762.8846846,NR5G-SA,CONNECT,TDD,CFE614000,-92,-8,6,21,0,0,0,0,0,0,100,0,-71,NR N78,20,62972.0,7.5,7662,nan,0,4.35,0.0000
1743429763.9698102,NR5G-SA,CONNECT,TDD,CFE614000,-92,-8,6,21,0,0,0,0,0,0,100,0,-71,NR N78,20,41949.0,5.0,5104,nan,0,4.35,0.0000
1743429765.0806415,NR5G-SA,CONNECT,TDD,CFE614000,-92,-7,6,21,0,0,0,0,0,0,100,0,-72,NR N78,15,41942.0,5.0,5103,nan,0,4.35,0.0000
1743429766.2011924,NR5G-SA,CONNECT,TDD,CFE614000,-92,-7,6,21,0,0,0,0,0,0,100,0,-72,NR N78,15,31458.0,3.75,3827,nan,0,4.35,0.0000
1743429767.2576258,NR5G-SA,CONNECT,TDD,CFE614000,-93,-7,6,21,0,0,0,0,0,0,100,0,-71,NR N78,14,41929.0,5.0,5101,nan,0,4.35,0.0000
1743429768.3030517,NR5G-SA,CONNECT,TDD,CFE614000,-93,-7,6,21,0,0,0,0,0,0,100,0,-71,NR N78,14,52430.0,6.25,6379,nan,0,4.35,0.0000
1743429769.3541143,NR5G-SA,CONNECT,TDD,CFE614000,-93,-8,6,21,0,0,0,0,0,0,100,0,-71,NR N78,16,52415.0,6.25,6377,nan,0,4.35,0.0000
1743429770.4220505,NR5G-SA,CONNECT,TDD,CFE614000,-94,-8,6,21,0,0,0,0,0,0,100,0,-73,NR N78,16,62929.0,7.5,7656,nan,0,4.35,0.0000
1743429771.4535863,NR5G-SA,CONNECT,TDD,CFE614000,-94,-8,6,21,0,0,0,0,0,0,100,0,-68,NR N78,16,62918.0,7.5,7655,nan,0,4.35,0.0000
1743429772.556058,NR5G-SA,CONNECT,TDD,CFE614000,-95,-8,5,21,0,0,0,0,0,0,100,0,-72,NR N78,16,52419.0,6.25,6378,nan,0,4.35,0.0000
1743429773.6140213,NR5G-SA,CONNECT,TDD,CFE614000,-95,-8,5,21,0,0,0,0,0,0,100,0,-72,NR N78,16,62923.0,7.5,7656,nan,0,4.35,0.0000
1743429774.687626,NR5G-SA,CONNECT,TDD,CFE614000,-94,-8,5,21,0,0,0,0,0,0,100,0,-72,NR N78,17,62910.0,7.5,7654,nan,0,4.35,0.0000
1743429775.784299,NR5G-SA,CONNECT,TDD,CFE614000,-93,-7,5,21,0,0,0,0,0,0,100,0,-72,NR N78,17,52433.0,6.25,6379,nan,0,4.35,0.0000
1743429776.8598826,NR5G-SA,CONNECT,TDD,CFE614000,-93,-7,5,21,0,0,0,0,0,0,100,0,-72,NR N78,15,52424.0,6.25,6378,nan,0,4.35,0.0000
1743429777.9337275,NR5G-SA,CONNECT,TDD,CFE614000,-93,-7,6,21,0,0,0,0,0,0,100,0,-72,NR N78,15,62924.0,7.5,7656,nan,0,4.35,0.0000
1743429779.0013866,NR5G-SA,CONNECT,TDD,CFE614000,-93,-7,6,21,0,0,0,0,0,0,100,0,-72,NR N78,16,52420.0,6.25,6378,nan,0,4.35,0.0000
1743429780.059895,NR5G-SA,CONNECT,TDD,CFE614000,-93,-7,6,21,0,0,0,0,0,0,100,0,-72,NR N78,16,62923.0,7.5,7656,nan,0,4.35,0.0000
1743429781.1100068,NR5G-SA,CONNECT,TDD,CFE614000,-93,-7,6,21,0,0,0,0,0,0,100,0,-72,NR N78,17,62915.0,7.5,7655,nan,0,4.35,0.0000
1743429782.177322,NR5G-SA,CONNECT,TDD,CFE614000,-93,-7,6,21,0,0,0,0,0,0,100,0,-72,NR N78,17,62918.0,7.5,7655,nan,0,4.35,0.0000
1743429783.2436793,NR5G-SA,CONNECT,TDD,CFE614000,-93,-7,6,21,0,0,0,0,0,0,100,0,-71,NR N78,18,62918.0,7.5,7655,nan,0,4.35,0.0000
1743429784.3273854,NR5G-SA,CONNECT,TDD,CFE614000,-93,-7,6,21,0,0,0,0,0,0,100,0,-71,NR N78,18,31453.0,3.75,3827,nan,0,4.35,0.0000
1743429785.359758,NR5G-SA,CONNECT,TDD,CFE614000,-93,-7,6,21,0,0,0,0,0,0,100,0,-72,NR N78,18,52421.0,6.25,6378,nan,0,4.35,0.0000
1743429786.4260342,NR5G-SA,CONNECT,TDD,CFE614000,-93,-8,6,21,0,0,0,0,0,0,100,0,-71,NR N78,18,62923.0,7.5,7656,nan,0,4.35,0.0000
1743429787.527596,NR5G-SA,CONNECT,TDD,CFE614000,-94,-9,5,21,0,0,0,0,0,0,100,0,-69,NR N78,18,41940.0,5.0,5103,nan,0,4.35,0.0000
1743429788.6172082,NR5G-SA,CONNECT,TDD,CFE614000,-94,-9,6,21,0,0,0,0,0,0,100,0,-65,NR N78,15,41939.0,5.0,5103,nan,0,4.35,0.0000
1743429789.682658,NR5G-SA,CONNECT,TDD,CFE614000,-95,-10,5,21,0,0,0,0,0,0,100,0,-71,NR N78,15,41894.0,5.0,5097,nan,0,4.35,0.0000
1743429790.7716467,NR5G-SA,CONNECT,TDD,CFE614000,-95,-9,5,21,0,0,0,0,0,0,100,0,-73,NR N78,17,41990.0,5.0,5109,nan,0,4.35,0.0000
1743429791.8488278,NR5G-SA,CONNECT,TDD,CFE614000,-95,-8,6,21,0,0,0,0,0,0,100,0,-72,NR N78,17,41944.0,5.0,5103,nan,0,4.35,0.0000
1743429792.8984172,NR5G-SA,CONNECT,TDD,CFE614000,-95,-7,6,21,0,0,0,0,0,0,100,0,-73,NR N78,16,62922.0,7.5,7656,nan,0,4.35,0.0000
1743429794.005491,NR5G-SA,CONNECT,TDD,CFE614000,-95,-7,6,21,0,0,0,0,0,0,100,0,-68,NR N78,16,52433.0,6.25,6379,nan,0,4.35,0.0000
1743429795.0867712,NR5G-SA,CONNECT,TDD,CFE614000,-95,-7,6,21,0,0,0,0,0,0,100,0,-72,NR N78,16,52429.0,6.25,6379,nan,0,4.35,0.0000
1743429796.147635,NR5G-SA,CONNECT,TDD,CFE614000,-95,-7,6,21,0,0,0,0,0,0,100,0,-73,NR N78,16,52428.0,6.25,6379,nan,0,4.35,0.0000
1743429797.22794,NR5G-SA,CONNECT,TDD,CFE614000,-95,-7,6,21,0,0,0,0,0,0,100,0,-73,NR N78,16,52418.0,6.25,6378,nan,0,4.35,0.0000
1743429798.3231099,NR5G-SA,CONNECT,TDD,CFE614000,-95,-8,5,21,0,0,0,0,0,0,100,0,-72,NR N78,16,52420.0,6.25,6378,nan,0,4.35,0.0000
1743429799.4220068,NR5G-SA,CONNECT,TDD,CFE614000,-94,-9,5,21,0,0,0,0,0,0,100,0,-68,NR N78,15,62925.0,7.5,7656,nan,0,4.35,0.0000
1743429800.5276198,NR5G-SA,CONNECT,TDD,CFE614000,-93,-8,4,21,0,0,0,0,0,0,100,0,-71,NR N78,15,52422.0,6.25,6378,nan,0,4.35,0.0000
1743429801.6160445,NR5G-SA,CONNECT,TDD,CFE614000,-92,-8,4,21,0,0,0,0,0,0,100,0,-67,NR N78,15,52427.0,6.25,6379,nan,0,4.35,0.0000
1743429802.6798823,NR5G-SA,CONNECT,TDD,CFE614000,-92,-8,3,21,0,0,0,0,0,0,100,0,-71,NR N78,15,62928.0,7.5,7656,nan,0,4.35,0.0000
1743429803.7389288,NR5G-SA,CONNECT,TDD,CFE614000,-93,-9,3,21,0,0,0,0,0,0,100,0,-70,NR N78,15,62898.0,7.5,7653,nan,0,4.35,0.0000
1743429804.8011732,NR5G-SA,CONNECT,TDD,CFE614000,-92,-9,3,21,0,0,0,0,0,0,100,0,-70,NR N78,16,62929.0,7.5,7656,nan,0,4.35,0.0000
1743429805.8456159,NR5G-SA,CONNECT,TDD,CFE614000,-92,-9,2,21,0,0,0,0,0,0,100,0,-72,NR N78,16,62914.0,7.5,7655,nan,0,4.35,0.0000
1743429806.9452808,NR5G-SA,CONNECT,TDD,CFE614000,-93,-9,3,21,0,0,0,0,0,0,100,0,-68,NR N78,16,62911.0,7.5,7654,nan,0,4.35,0.0000
1743429807.9989634,NR5G-SA,CONNECT,TDD,CFE614000,-93,-9,3,21,0,0,0,0,0,0,100,0,-70,NR N78,16,62917.0,7.5,7655,nan,0,4.35,0.0000
1743429809.0926886,NR5G-SA,CONNECT,TDD,CFE614000,-93,-9,3,21,0,0,0,0,0,0,100,0,-71,NR N78,16,52425.0,6.25,6378,nan,0,4.35,0.0000
1743429810.1423469,NR5G-SA,CONNECT,TDD,CFE614000,-94,-9,3,21,0,0,0,0,0,0,100,0,-71,NR N78,16,52415.0,6.25,6377,nan,0,4.35,0.0000
1743429811.1977706,NR5G-SA,CONNECT,TDD,CFE614000,-94,-10,4,21,0,0,0,0,0,0,100,0,-68,NR N78,17,52446.0,6.25,6381,nan,0,4.35,0.0000
1743429812.2532148,NR5G-SA,CONNECT,TDD,CFE614000,-94,-9,3,21,0,0,0,0,0,0,100,0,-72,NR N78,17,41935.0,5.0,5102,nan,0,4.35,0.0000
1743429813.3033123,NR5G-SA,CONNECT,TDD,CFE614000,-95,-10,4,21,0,0,0,0,0,0,100,0,-70,NR N78,17,52417.0,6.25,6377,nan,0,4.35,0.0000
1743429814.4488623,NR5G-SA,CONNECT,TDD,CFE614000,-94,-10,4,21,0,0,0,0,0,0,100,0,-70,NR N78,17,62929.0,7.5,7656,nan,0,4.35,0.0000
1743429815.5201252,NR5G-SA,CONNECT,TDD,CFE614000,-94,-10,4,21,0,0,0,0,0,0,100,0,-72,NR N78,17,73410.0,8.75,8932,nan,0,4.35,0.0000
1743429816.5724573,NR5G-SA,CONNECT,TDD,CFE614000,-95,-10,4,21,0,0,0,0,0,0,100,0,-72,NR N78,18,62904.0,7.5,7653,nan,0,4.35,0.0000
1743429817.644409,NR5G-SA,CONNECT,TDD,CFE614000,-95,-9,4,21,0,0,0,0,0,0,100,0,-71,NR N78,18,52427.0,6.25,6379,nan,0,4.35,0.0000
1743429818.740411,NR5G-SA,CONNECT,TDD,CFE614000,-95,-11,3,21,0,0,0,0,0,0,100,0,-69,NR N78,17,41942.0,5.0,5103,nan,0,4.35,0.0000
1743429819.8069396,NR5G-SA,CONNECT,TDD,CFE614000,-96,-11,2,21,0,0,0,0,0,0,100,0,-71,NR N78,17,52437.0,6.25,6380,nan,0,4.35,0.0000
1743429820.8598714,NR5G-SA,CONNECT,TDD,CFE614000,-96,-11,3,21,0,0,0,0,0,0,100,0,-73,NR N78,17,52433.0,6.25,6379,nan,0,4.35,0.0000
1743429821.9136577,NR5G-SA,CONNECT,TDD,CFE614000,-96,-11,3,21,0,0,0,0,0,0,100,0,-70,NR N78,17,62844.0,7.5,7646,nan,0,4.35,0.0000
1743429823.0065484,NR5G-SA,CONNECT,TDD,CFE614000,-96,-11,4,21,0,0,0,0,0,0,100,0,-70,NR N78,17,52487.0,6.25,6386,nan,0,4.35,0.0000
1743429824.1172254,NR5G-SA,CONNECT,TDD,CFE614000,-95,-10,5,21,0,0,0,0,0,0,100,0,-70,NR N78,17,52425.0,6.25,6378,nan,0,4.35,0.0000
1743429825.205645,NR5G-SA,CONNECT,TDD,CFE614000,-95,-10,4,21,0,0,0,0,0,0,100,0,-72,NR N78,18,52423.0,6.25,6378,nan,0,4.35,0.0000
1743429826.2637699,NR5G-SA,CONNECT,TDD,CFE614000,-96,-9,4,21,0,0,0,0,0,0,100,0,-72,NR N78,18,52426.0,6.25,6378,nan,0,4.35,0.0000
1743429827.2955241,NR5G-SA,CONNECT,TDD,CFE614000,-95,-9,5,21,0,0,0,0,0,0,100,0,-72,NR N78,19,62923.0,7.5,7656,nan,0,4.35,0.0000
1743429828.3428464,NR5G-SA,CONNECT,TDD,CFE614000,-94,-9,4,21,0,0,0,0,0,0,100,0,-71,NR N78,19,62918.0,7.5,7655,nan,0,4.35,0.0000
1743429829.3966603,NR5G-SA,CONNECT,TDD,CFE614000,-94,-10,4,21,0,0,0,0,0,0,100,0,-69,NR N78,17,62911.0,7.5,7654,nan,0,4.35,0.0000
1743429830.4565845,NR5G-SA,CONNECT,TDD,CFE614000,-95,-9,4,21,0,0,0,0,0,0,100,0,-67,NR N78,19,62910.0,7.5,7654,nan,0,4.35,0.0000
1743429831.5113473,NR5G-SA,CONNECT,TDD,CFE614000,-95,-9,4,21,0,0,0,0,0,0,100,0,-72,NR N78,19,62916.0,7.5,7655,nan,0,4.35,0.0000
1743429832.5602744,NR5G-SA,CONNECT,TDD,CFE614000,-95,-9,4,21,0,0,0,0,0,0,100,0,-71,NR N78,18,62915.0,7.5,7655,nan,0,4.35,0.0000
1743429833.671202,NR5G-SA,CONNECT,TDD,CFE614000,-94,-9,4,21,0,0,0,0,0,0,100,0,-72,NR N78,18,62913.0,7.5,7654,nan,0,4.35,0.0000
1743429834.7448277,NR5G-SA,CONNECT,TDD,CFE614000,-94,-8,4,21,0,0,0,0,0,0,100,0,-72,NR N78,18,62921.0,7.5,7655,nan,0,4.35,0.0000
1743429835.811958,NR5G-SA,CONNECT,TDD,CFE614000,-94,-8,4,21,0,0,0,0,0,0,100,0,-72,NR N78,18,62911.0,7.5,7654,nan,0,4.35,0.0000
1743429836.8912225,NR5G-SA,CONNECT,TDD,CFE614000,-94,-8,4,21,0,0,0,0,0,0,100,0,-72,NR N78,20,62824.0,7.5,7644,nan,0,4.35,0.0000
1743429837.9451666,NR5G-SA,CONNECT,TDD,CFE614000,-94,-9,4,21,0,0,0,0,0,0,100,0,-72,NR N78,20,52499.0,6.25,6387,nan,0,4.35,0.0000
1743429839.074731,NR5G-SA,CONNECT,TDD,CFE614000,-95,-9,4,21,0,0,0,0,0,0,100,0,-72,NR N78,20,52431.0,6.25,6379,nan,0,4.35,0.0000
1743429840.1038094,NR5G-SA,CONNECT,TDD,CFE614000,-95,-9,4,21,0,0,0,0,0,0,100,0,-71,NR N78,20,73400.0,8.75,8930,nan,0,4.35,0.0000
1743429841.1830974,NR5G-SA,CONNECT,TDD,CFE614000,-94,-9,4,21,0,0,0,0,0,0,100,0,-72,NR N78,19,73406.0,8.75,8931,nan,0,4.35,0.0000
1743429842.2246935,NR5G-SA,CONNECT,TDD,CFE614000,-95,-9,4,21,0,0,0,0,0,0,100,0,-72,NR N78,19,62911.0,7.5,7654,nan,0,4.35,0.0000
1743429843.2695746,NR5G-SA,CONNECT,TDD,CFE614000,-95,-9,3,21,0,0,0,0,0,0,100,0,-73,NR N78,19,73399.0,8.75,8930,nan,0,4.35,0.0000
1743429844.307111,NR5G-SA,CONNECT,TDD,CFE614000,-95,-9,2,21,0,0,0,0,0,0,100,0,-72,NR N78,19,62915.0,7.5,7655,nan,0,4.35,0.0000
1743429845.404243,NR5G-SA,CONNECT,TDD,CFE614000,-94,-9,2,21,0,0,0,0,0,0,100,0,-72,NR N78,20,73409.0,8.75,8931,nan,0,4.35,0.0000
1743429846.5021377,NR5G-SA,CONNECT,TDD,CFE614000,-95,-9,3,21,0,0,0,0,0,0,100,0,-72,NR N78,20,52418.0,6.25,6378,nan,0,4.35,0.0000
1743429847.5838792,NR5G-SA,CONNECT,TDD,CFE614000,-94,-8,3,21,0,0,0,0,0,0,100,0,-71,NR N78,20,41941.0,5.0,5103,nan,0,4.35,0.0000
1743429848.6557586,NR5G-SA,CONNECT,TDD,CFE614000,-93,-8,3,21,0,0,0,0,0,0,100,0,-71,NR N78,20,62927.0,7.5,7656,nan,0,4.35,0.0000
1743429849.7381055,NR5G-SA,CONNECT,TDD,CFE614000,-93,-8,3,21,0,0,0,0,0,0,100,0,-70,NR N78,20,62904.0,7.5,7653,nan,0,4.35,0.0000
1743429850.8486423,NR5G-SA,CONNECT,TDD,CFE614000,-94,-9,3,21,0,0,0,0,0,0,100,0,-72,NR N78,20,62931.0,7.5,7657,nan,0,4.35,0.0000
1743429851.9692545,NR5G-SA,CONNECT,TDD,CFE614000,-94,-8,5,21,0,0,0,0,0,0,100,0,-72,NR N78,20,52428.0,6.25,6379,nan,0,4.35,0.0000
1743429853.0383816,NR5G-SA,CONNECT,TDD,CFE614000,-93,-8,5,21,0,0,0,0,0,0,100,0,-71,NR N78,20,73393.0,8.75,8929,nan,0,4.35,0.0000
1743429854.0865085,NR5G-SA,CONNECT,TDD,CFE614000,-93,-8,6,21,0,0,0,0,0,0,100,0,-71,NR N78,20,73408.0,8.75,8931,nan,0,4.35,0.0000
1743429855.17867,NR5G-SA,CONNECT,TDD,CFE614000,-93,-8,6,21,0,0,0,0,0,0,100,0,-71,NR N78,20,73395.0,8.75,8930,nan,0,4.35,0.0000
1743429856.2534118,NR5G-SA,CONNECT,TDD,CFE614000,-93,-8,6,21,0,0,0,0,0,0,100,0,-71,NR N78,20,73403.0,8.75,8931,nan,0,4.35,0.0000
1743429857.3229113,NR5G-SA,CONNECT,TDD,CFE614000,-93,-8,5,21,0,0,0,0,0,0,100,0,-72,NR N78,20,83680.0,10.0,10181,nan,0,4.35,0.0000
1743429858.3583622,NR5G-SA,CONNECT,TDD,CFE614000,-94,-8,5,21,0,0,0,0,0,0,100,0,-72,NR N78,20,62912.0,7.5,7654,nan,0,4.35,0.0000
1743429859.4487274,NR5G-SA,CONNECT,TDD,CFE614000,-94,-8,5,21,0,0,0,0,0,0,100,0,-72,NR N78,19,83896.0,10.0,10207,nan,0,4.35,0.0000
1743429860.5195632,NR5G-SA,CONNECT,TDD,CFE614000,-94,-7,5,21,0,0,0,0,0,0,100,0,-71,NR N78,19,62911.0,7.5,7654,nan,0,4.35,0.0000
1743429861.5711002,NR5G-SA,CONNECT,TDD,CFE614000,-93,-7,5,21,0,0,0,0,0,0,100,0,-72,NR N78,19,83892.0,10.0,10207,nan,0,4.35,0.0000
1743429862.6458437,NR5G-SA,CONNECT,TDD,CFE614000,-93,-7,6,21,0,0,0,0,0,0,100,0,-73,NR N78,19,83884.0,10.0,10206,nan,0,4.35,0.0000
1743429863.683854,NR5G-SA,CONNECT,TDD,CFE614000,-93,-7,5,21,0,0,0,0,0,0,100,0,-71,NR N78,19,73393.0,8.75,8929,nan,0,4.35,0.0000
1743429864.7432766,NR5G-SA,CONNECT,TDD,CFE614000,-93,-7,6,21,0,0,0,0,0,0,100,0,-72,NR N78,19,73411.0,8.75,8932,nan,0,4.35,0.0000
1743429865.79145,NR5G-SA,CONNECT,TDD,CFE614000,-94,-7,6,21,0,0,0,0,0,0,100,0,-72,NR N78,19,73397.0,8.75,8930,nan,0,4.35,0.0000
1743429866.8460221,NR5G-SA,CONNECT,TDD,CFE614000,-93,-8,6,21,0,0,0,0,0,0,100,0,-72,NR N78,20,83891.0,10.0,10207,nan,0,4.35,0.0000
1743429867.9482327,NR5G-SA,CONNECT,TDD,CFE614000,-93,-8,6,21,0,0,0,0,0,0,100,0,-71,NR N78,20,52430.0,6.25,6379,nan,0,4.35,0.0000
1743429868.98219,NR5G-SA,CONNECT,TDD,CFE614000,-93,-7,7,21,0,0,0,0,0,0,100,0,-69,NR N78,20,41935.0,5.0,5102,nan,0,4.35,0.0000
1743429870.0390642,NR5G-SA,CONNECT,TDD,CFE614000,-93,-8,6,21,0,0,0,0,0,0,100,0,-71,NR N78,20,52435.0,6.25,6380,nan,0,4.35,0.0000
1743429871.1165347,NR5G-SA,CONNECT,TDD,CFE614000,-94,-8,6,21,0,0,0,0,0,0,100,0,-72,NR N78,21,62911.0,7.5,7654,nan,0,4.35,0.0000
1743429872.1922429,NR5G-SA,CONNECT,TDD,CFE614000,-93,-7,6,21,0,0,0,0,0,0,100,0,-68,NR N78,21,73401.0,8.75,8930,nan,0,4.35,0.0000
1743429873.257028,NR5G-SA,CONNECT,TDD,CFE614000,-93,-8,5,21,0,0,0,0,0,0,100,0,-71,NR N78,20,73408.0,8.75,8931,nan,0,4.35,0.0000
1743429874.2874732,NR5G-SA,CONNECT,TDD,CFE614000,-93,-8,5,21,0,0,0,0,0,0,100,0,-71,NR N78,20,73393.0,8.75,8929,nan,0,4.35,0.0000
1743429875.343267,NR5G-SA,CONNECT,TDD,CFE614000,-93,-8,5,21,0,0,0,0,0,0,100,0,-72,NR N78,19,73410.0,8.75,8932,nan,0,4.35,0.0000
1743429876.3960485,NR5G-SA,CONNECT,TDD,CFE614000,-94,-8,5,21,0,0,0,0,0,0,100,0,-72,NR N78,19,73388.0,8.75,8929,nan,0,4.35,0.0000
1743429877.4597206,NR5G-SA,CONNECT,TDD,CFE614000,-94,-8,5,21,0,0,0,0,0,0,100,0,-73,NR N78,19,83901.0,10.0,10208,nan,0,4.35,0.0000
1743429878.515435,NR5G-SA,CONNECT,TDD,CFE614000,-95,-8,5,21,0,0,0,0,0,0,100,0,-73,NR N78,19,83886.0,10.0,10206,nan,0,4.35,0.0000
1743429879.5747986,NR5G-SA,CONNECT,TDD,CFE614000,-95,-8,5,21,0,0,0,0,0,0,100,0,-72,NR N78,19,62913.0,7.5,7654,nan,0,4.35,0.0000
1743429880.622858,NR5G-SA,CONNECT,TDD,CFE614000,-94,-9,4,21,0,0,0,0,0,0,100,0,-69,NR N78,18,62917.0,7.5,7655,nan,0,4.35,0.0000
1743429881.6853864,NR5G-SA,CONNECT,TDD,CFE614000,-94,-9,4,21,0,0,0,0,0,0,100,0,-72,NR N78,18,73398.0,8.75,8930,nan,0,4.35,0.0000
1743429882.7405689,NR5G-SA,CONNECT,TDD,CFE614000,-94,-8,5,21,0,0,0,0,0,0,100,0,-72,NR N78,19,73396.0,8.75,8930,nan,0,4.35,0.0000
1743429883.8096652,NR5G-SA,CONNECT,TDD,CFE614000,-94,-8,4,21,0,0,0,0,0,0,100,0,-72,NR N78,19,73407.0,8.75,8931,nan,0,4.35,0.0000
1743429884.874858,NR5G-SA,CONNECT,TDD,CFE614000,-93,-8,4,21,0,0,0,0,0,0,100,0,-72,NR N78,19,73399.0,8.75,8930,nan,0,4.35,0.0000
1743429885.943949,NR5G-SA,CONNECT,TDD,CFE614000,-93,-8,3,21,0,0,0,0,0,0,100,0,-72,NR N78,19,83878.0,10.0,10205,nan,0,4.35,0.0000
1743429886.9917543,NR5G-SA,CONNECT,TDD,CFE614000,-93,-8,3,21,0,0,0,0,0,0,100,0,-71,NR N78,20,73399.0,8.75,8930,nan,0,4.35,0.0000
1743429888.0766485,NR5G-SA,CONNECT,TDD,CFE614000,-93,-8,3,21,0,0,0,0,0,0,100,0,-72,NR N78,20,52427.0,6.25,6379,nan,0,4.35,0.0000
1743429889.1114995,NR5G-SA,CONNECT,TDD,CFE614000,-93,-8,3,21,0,0,0,0,0,0,100,0,-72,NR N78,21,73411.0,8.75,8932,nan,0,4.35,0.0000
1743429890.1794543,NR5G-SA,CONNECT,TDD,CFE614000,-93,-8,3,21,0,0,0,0,0,0,100,0,-72,NR N78,21,73393.0,8.75,8929,nan,0,4.35,0.0000
1743429891.2713401,NR5G-SA,CONNECT,TDD,CFE614000,-93,-8,3,21,0,0,0,0,0,0,100,0,-72,NR N78,22,52432.0,6.25,6379,nan,0,4.35,0.0000
1743429892.3233898,NR5G-SA,CONNECT,TDD,CFE614000,-93,-8,2,21,0,0,0,0,0,0,100,0,-72,NR N78,22,73078.0,8.75,8891,nan,0,4.35,0.0000
1743429893.356182,NR5G-SA,CONNECT,TDD,CFE614000,-93,-8,3,21,0,0,0,0,0,0,100,0,-72,NR N78,20,62915.0,7.5,7655,nan,0,4.35,0.0000
1743429894.4325042,NR5G-SA,CONNECT,TDD,CFE614000,-93,-8,3,21,0,0,0,0,0,0,100,0,-71,NR N78,19,73410.0,8.75,8932,nan,0,4.35,0.0000
1743429895.5319145,NR5G-SA,CONNECT,TDD,CFE614000,-93,-8,3,21,0,0,0,0,0,0,100,0,-71,NR N78,19,73400.0,8.75,8930,nan,0,4.35,0.0000
1743429896.605522,NR5G-SA,CONNECT,TDD,CFE614000,-92,-8,4,21,0,0,0,0,0,0,100,0,-72,NR N78,20,52424.0,6.25,6378,nan,0,4.35,0.0000
1743429897.6414146,NR5G-SA,CONNECT,TDD,CFE614000,-93,-8,5,21,0,0,0,0,0,0,100,0,-72,NR N78,20,62913.0,7.5,7654,nan,0,4.35,0.0000
1743429898.6996877,NR5G-SA,CONNECT,TDD,CFE614000,-93,-8,4,21,0,0,0,0,0,0,100,0,-71,NR N78,19,52426.0,6.25,6378,nan,0,4.35,0.0000
1743429899.7443748,NR5G-SA,CONNECT,TDD,CFE614000,-93,-8,4,21,0,0,0,0,0,0,100,0,-72,NR N78,19,52428.0,6.25,6379,nan,0,4.35,0.0000
1743429900.8246195,NR5G-SA,CONNECT,TDD,CFE614000,-93,-8,3,21,0,0,0,0,0,0,100,0,-71,NR N78,18,62923.0,7.5,7656,nan,0,4.35,0.0000
1743429901.8805838,NR5G-SA,CONNECT,TDD,CFE614000,-93,-8,3,21,0,0,0,0,0,0,100,0,-72,NR N78,18,52421.0,6.25,6378,nan,0,4.35,0.0000
1743429902.9620633,NR5G-SA,CONNECT,TDD,CFE614000,-93,-8,4,21,0,0,0,0,0,0,100,0,-72,NR N78,19,62918.0,7.5,7655,nan,0,4.35,0.0000
1743429904.0626,NR5G-SA,CONNECT,TDD,CFE614000,-94,-9,4,21,0,0,0,0,0,0,100,0,-68,NR N78,19,52425.0,6.25,6378,nan,0,4.35,0.0000
1743429905.1715283,NR5G-SA,CONNECT,TDD,CFE614000,-93,-8,3,21,0,0,0,0,0,0,100,0,-72,NR N78,20,41943.0,5.0,5103,nan,0,4.35,0.0000
1743429906.2979226,NR5G-SA,CONNECT,TDD,CFE614000,-92,-7,4,21,0,0,0,0,0,0,100,0,-72,NR N78,20,31450.0,3.75,3826,nan,0,4.35,0.0000
1743429907.3988554,NR5G-SA,CONNECT,TDD,CFE614000,-93,-8,3,21,0,0,0,0,0,0,100,0,-72,NR N78,20,41947.0,5.0,5104,nan,0,4.35,0.0000
1743429908.5035875,NR5G-SA,CONNECT,TDD,CFE614000,-93,-8,3,21,0,0,0,0,0,0,100,0,-72,NR N78,21,41944.0,5.0,5103,nan,0,4.35,0.0000
1743429909.5935464,NR5G-SA,CONNECT,TDD,CFE614000,-94,-9,2,21,0,0,0,0,0,0,100,0,-72,NR N78,21,41944.0,5.0,5103,nan,0,4.35,0.0000
1743429910.7028852,NR5G-SA,CONNECT,TDD,CFE614000,-94,-9,3,21,0,0,0,0,0,0,100,0,-69,NR N78,21,41941.0,5.0,5103,nan,0,4.35,0.0000
1743429911.7574675,NR5G-SA,CONNECT,TDD,CFE614000,-93,-8,3,21,0,0,0,0,0,0,100,0,-72,NR N78,21,73410.0,8.75,8932,nan,0,4.35,0.0000
1743429912.81601,NR5G-SA,CONNECT,TDD,CFE614000,-92,-8,3,21,0,0,0,0,0,0,100,0,-72,NR N78,20,62905.0,7.5,7653,nan,0,4.35,0.0000
1743429913.868219,NR5G-SA,CONNECT,TDD,CFE614000,-92,-7,3,21,0,0,0,0,0,0,100,0,-71,NR N78,20,62922.0,7.5,7656,nan,0,4.35,0.0000
1743429914.9218726,NR5G-SA,CONNECT,TDD,CFE614000,-92,-7,3,21,0,0,0,0,0,0,100,0,-72,NR N78,20,73402.0,8.75,8931,nan,0,4.35,0.0000
1743429915.9643624,NR5G-SA,CONNECT,TDD,CFE614000,-92,-7,2,21,0,0,0,0,0,0,100,0,-72,NR N78,20,62911.0,7.5,7654,nan,0,4.35,0.0000
1743429917.0249448,NR5G-SA,CONNECT,TDD,CFE614000,-92,-8,2,21,0,0,0,0,0,0,100,0,-72,NR N78,19,62917.0,7.5,7655,nan,0,4.35,0.0000
1743429918.100333,NR5G-SA,CONNECT,TDD,CFE614000,-92,-7,2,21,0,0,0,0,0,0,100,0,-72,NR N78,19,52428.0,6.25,6379,nan,0,4.35,0.0000
1743429919.199414,NR5G-SA,CONNECT,TDD,CFE614000,-92,-7,3,21,0,0,0,0,0,0,100,0,-72,NR N78,20,62916.0,7.5,7655,nan,0,4.35,0.0000
1743429920.302906,NR5G-SA,CONNECT,TDD,CFE614000,-92,-7,3,21,0,0,0,0,0,0,100,0,-71,NR N78,20,62913.0,7.5,7654,nan,0,4.35,0.0000
1743429921.3653305,NR5G-SA,CONNECT,TDD,CFE614000,-92,-7,2,21,0,0,0,0,0,0,100,0,-68,NR N78,20,52434.0,6.25,6379,nan,0,4.35,0.0000
1743429922.4388027,NR5G-SA,CONNECT,TDD,CFE614000,-93,-8,2,21,0,0,0,0,0,0,100,0,-69,NR N78,19,73399.0,8.75,8930,nan,0,4.35,0.0000
1743429923.4929004,NR5G-SA,CONNECT,TDD,CFE614000,-93,-8,2,21,0,0,0,0,0,0,100,0,-72,NR N78,19,73399.0,8.75,8930,nan,0,4.35,0.0000
1743429924.5397456,NR5G-SA,CONNECT,TDD,CFE614000,-92,-7,3,21,0,0,0,0,0,0,100,0,-72,NR N78,19,73402.0,8.75,8931,nan,0,4.35,0.0000
1743429925.580001,NR5G-SA,CONNECT,TDD,CFE614000,-93,-8,3,21,0,0,0,0,0,0,100,0,-72,NR N78,19,83887.0,10.0,10206,nan,0,4.35,0.0000
1743429926.6558673,NR5G-SA,CONNECT,TDD,CFE614000,-92,-8,2,21,0,0,0,0,0,0,100,0,-71,NR N78,18,62909.0,7.5,7654,nan,0,4.35,0.0000
1743429927.7636268,NR5G-SA,CONNECT,TDD,CFE614000,-93,-9,2,21,0,0,0,0,0,0,100,0,-71,NR N78,18,52427.0,6.25,6379,nan,0,4.35,0.0000
1743429928.829944,NR5G-SA,CONNECT,TDD,CFE614000,-93,-8,2,21,0,0,0,0,0,0,100,0,-72,NR N78,18,73408.0,8.75,8931,nan,0,4.35,0.0000
1743429929.874518,NR5G-SA,CONNECT,TDD,CFE614000,-93,-7,3,21,0,0,0,0,0,0,100,0,-72,NR N78,18,62900.0,7.5,7653,nan,0,4.35,0.0000
1743429930.9092762,NR5G-SA,CONNECT,TDD,CFE614000,-93,-8,2,21,0,0,0,0,0,0,100,0,-72,NR N78,18,73410.0,8.75,8932,nan,0,4.35,0.0000
1743429932.0047956,NR5G-SA,CONNECT,TDD,CFE614000,-93,-8,2,21,0,0,0,0,0,0,100,0,-72,NR N78,18,52426.0,6.25,6378,nan,0,4.35,0.0000
1743429933.0417488,NR5G-SA,CONNECT,TDD,CFE614000,-93,-9,2,21,0,0,0,0,0,0,100,0,-72,NR N78,16,62916.0,7.5,7655,nan,0,4.35,0.0000
1743429934.0976372,NR5G-SA,CONNECT,TDD,CFE614000,-93,-8,2,21,0,0,0,0,0,0,100,0,-71,NR N78,16,62924.0,7.5,7656,nan,0,4.35,0.0000
1743429935.1323915,NR5G-SA,CONNECT,TDD,CFE614000,-92,-7,2,21,0,0,0,0,0,0,100,0,-72,NR N78,18,62914.0,7.5,7655,nan,0,4.35,0.0000
1743429936.1832595,NR5G-SA,CONNECT,TDD,CFE614000,-92,-8,3,21,0,0,0,0,0,0,100,0,-67,NR N78,18,62908.0,7.5,7654,nan,0,4.35,0.0000
1743429937.216991,NR5G-SA,CONNECT,TDD,CFE614000,-92,-8,3,21,0,0,0,0,0,0,100,0,-72,NR N78,19,83880.0,10.0,10205,nan,0,4.35,0.0000
1743429938.2857032,NR5G-SA,CONNECT,TDD,CFE614000,-92,-7,3,21,0,0,0,0,0,0,100,0,-72,NR N78,19,73401.0,8.75,8930,nan,0,4.35,0.0000
1743429939.3435307,NR5G-SA,CONNECT,TDD,CFE614000,-92,-7,3,21,0,0,0,0,0,0,100,0,-72,NR N78,18,52426.0,6.25,6378,nan,0,4.35,0.0000
1743429940.4597433,NR5G-SA,CONNECT,TDD,CFE614000,-92,-8,2,21,0,0,0,0,0,0,100,0,-71,NR N78,18,73406.0,8.75,8931,nan,0,4.35,0.0000
1743429941.5202384,NR5G-SA,CONNECT,TDD,CFE614000,-93,-8,2,21,0,0,0,0,0,0,100,0,-70,NR N78,18,62908.0,7.5,7654,nan,0,4.35,0.0000
1743429942.576697,NR5G-SA,CONNECT,TDD,CFE614000,-93,-8,2,21,0,0,0,0,0,0,100,0,-70,NR N78,17,73409.0,8.75,8931,nan,0,4.35,0.0000
1743429943.656747,NR5G-SA,CONNECT,TDD,CFE614000,-93,-8,2,21,0,0,0,0,0,0,100,0,-72,NR N78,17,73401.0,8.75,8930,nan,0,4.35,0.0000
1743429944.7281263,NR5G-SA,CONNECT,TDD,CFE614000,-93,-8,4,21,0,0,0,0,0,0,100,0,-70,NR N78,19,83880.0,10.0,10205,nan,0,4.35,0.0000
1743429945.794808,NR5G-SA,CONNECT,TDD,CFE614000,-93,-8,3,21,0,0,0,0,0,0,100,0,-72,NR N78,19,73403.0,8.75,8931,nan,0,4.35,0.0000
1743429946.8385136,NR5G-SA,CONNECT,TDD,CFE614000,-92,-8,3,21,0,0,0,0,0,0,100,0,-72,NR N78,19,73401.0,8.75,8930,nan,0,4.35,0.0000
1743429947.9258788,NR5G-SA,CONNECT,TDD,CFE614000,-92,-8,3,21,0,0,0,0,0,0,100,0,-72,NR N78,19,62908.0,7.5,7654,nan,0,4.35,0.0000
1743429948.971106,NR5G-SA,CONNECT,TDD,CFE614000,-92,-8,3,21,0,0,0,0,0,0,100,0,-71,NR N78,20,62916.0,7.5,7655,nan,0,4.35,0.0000
1743429950.0132272,NR5G-SA,CONNECT,TDD,CFE614000,-92,-8,2,21,0,0,0,0,0,0,100,0,-72,NR N78,20,52431.0,6.25,6379,nan,0,4.35,0.0000
1743429951.0793564,NR5G-SA,CONNECT,TDD,CFE614000,-92,-8,2,21,0,0,0,0,0,0,100,0,-72,NR N78,19,41941.0,5.0,5103,nan,0,4.35,0.0000
1743429952.1140697,NR5G-SA,CONNECT,TDD,CFE614000,-92,-8,2,21,0,0,0,0,0,0,100,0,-71,NR N78,19,31450.0,3.75,3826,nan,0,4.35,0.0000
1743429953.2105713,NR5G-SA,CONNECT,TDD,CFE614000,-92,-7,2,21,0,0,0,0,0,0,100,0,-72,NR N78,21,41954.0,5.0,5104,nan,0,4.35,0.0000
1743429954.3305159,NR5G-SA,CONNECT,TDD,CFE614000,-92,-8,2,21,0,0,0,0,0,0,100,0,-68,NR N78,21,31458.0,3.75,3827,nan,0,4.35,0.0000
1743429955.3608804,NR5G-SA,CONNECT,TDD,CFE614000,-93,-9,2,21,0,0,0,0,0,0,100,0,-71,NR N78,21,31450.0,3.75,3826,nan,0,4.35,0.0000
1743429956.4121969,NR5G-SA,CONNECT,TDD,CFE614000,-93,-8,4,21,0,0,0,0,0,0,100,0,-71,NR N78,21,41948.0,5.0,5104,nan,0,4.35,0.0000
1743429957.5385232,NR5G-SA,CONNECT,TDD,CFE614000,-93,-8,4,21,0,0,0,0,0,0,100,0,-71,NR N78,21,31455.0,3.75,3827,nan,0,4.35,0.0000
1743429958.5908067,NR5G-SA,CONNECT,TDD,CFE614000,-93,-8,4,21,0,0,0,0,0,0,100,0,-72,NR N78,21,31463.0,3.75,3828,nan,0,4.35,0.0000
1743429959.679938,NR5G-SA,CONNECT,TDD,CFE614000,-93,-9,4,21,0,0,0,0,0,0,100,0,-71,NR N78,21,41940.0,5.0,5103,nan,0,4.35,0.0000
1743429960.720914,NR5G-SA,CONNECT,TDD,CFE614000,-92,-8,3,21,0,0,0,0,0,0,100,0,-71,NR N78,18,62921.0,7.5,7655,nan,0,4.35,0.0000
1743429961.7892976,NR5G-SA,CONNECT,TDD,CFE614000,-92,-8,3,21,0,0,0,0,0,0,100,0,-68,NR N78,18,62910.0,7.5,7654,nan,0,4.35,0.0000
1743429962.8365037,NR5G-SA,CONNECT,TDD,CFE614000,-92,-8,3,21,0,0,0,0,0,0,100,0,-70,NR N78,19,52433.0,6.25,6379,nan,0,4.35,0.0000
1743429963.8905473,NR5G-SA,CONNECT,TDD,CFE614000,-92,-8,3,21,0,0,0,0,0,0,100,0,-71,NR N78,19,62916.0,7.5,7655,nan,0,4.35,0.0000
1743429964.9944441,NR5G-SA,CONNECT,TDD,CFE614000,-92,-8,3,21,0,0,0,0,0,0,100,0,-72,NR N78,19,52425.0,6.25,6378,nan,0,4.35,0.0000
1743429966.0904722,NR5G-SA,CONNECT,TDD,CFE614000,-92,-8,3,21,0,0,0,0,0,0,100,0,-72,NR N78,19,31453.0,3.75,3827,nan,0,4.35,0.0000
1743429967.2081184,NR5G-SA,CONNECT,TDD,CFE614000,-92,-8,3,21,0,0,0,0,0,0,100,0,-72,NR N78,19,20971.0,2.5,2551,nan,0,4.35,0.0000
1743429968.2506704,NR5G-SA,CONNECT,TDD,CFE614000,-93,-8,3,21,0,0,0,0,0,0,100,0,-68,NR N78,19,62790.0,7.5,7639,nan,0,4.35,0.0000
1743429969.279934,NR5G-SA,CONNECT,TDD,CFE614000,-92,-8,3,21,0,0,0,0,0,0,100,0,-72,NR N78,18,52533.0,6.25,6392,nan,0,4.35,0.0000
1743429970.321642,NR5G-SA,CONNECT,TDD,CFE614000,-92,-8,3,21,0,0,0,0,0,0,100,0,-71,NR N78,17,52424.0,6.25,6378,nan,0,4.35,0.0000
1743429971.3890464,NR5G-SA,CONNECT,TDD,CFE614000,-92,-7,4,21,0,0,0,0,0,0,100,0,-70,NR N78,17,62916.0,7.5,7655,nan,0,4.35,0.0000
1743429972.4427168,NR5G-SA,CONNECT,TDD,CFE614000,-92,-7,4,21,0,0,0,0,0,0,100,0,-70,NR N78,18,62921.0,7.5,7655,nan,0,4.35,0.0000
1743429973.4881272,NR5G-SA,CONNECT,TDD,CFE614000,-92,-7,4,21,0,0,0,0,0,0,100,0,-72,NR N78,18,73409.0,8.75,8931,nan,0,4.35,0.0000
1743429974.558069,NR5G-SA,CONNECT,TDD,CFE614000,-92,-7,4,21,0,0,0,0,0,0,100,0,-69,NR N78,18,73398.0,8.75,8930,nan,0,4.35,0.0000
1743429975.628096,NR5G-SA,CONNECT,TDD,CFE614000,-92,-8,4,21,0,0,0,0,0,0,100,0,-72,NR N78,18,62913.0,7.5,7654,nan,0,4.35,0.0000
1743429976.676646,NR5G-SA,CONNECT,TDD,CFE614000,-92,-8,4,21,0,0,0,0,0,0,100,0,-72,NR N78,17,62907.0,7.5,7654,nan,0,4.35,0.0000
1743429977.7696865,NR5G-SA,CONNECT,TDD,CFE614000,-92,-7,4,21,0,0,0,0,0,0,100,0,-70,NR N78,17,73410.0,8.75,8932,nan,0,4.35,0.0000
1743429978.8152921,NR5G-SA,CONNECT,TDD,CFE614000,-92,-7,4,21,0,0,0,0,0,0,100,0,-72,NR N78,18,73383.0,8.75,8928,nan,0,4.35,0.0000
1743429979.8598998,NR5G-SA,CONNECT,TDD,CFE614000,-92,-7,4,21,0,0,0,0,0,0,100,0,-72,NR N78,18,73385.0,8.75,8929,nan,0,4.35,0.0000
1743429980.8988683,NR5G-SA,CONNECT,TDD,CFE614000,-92,-7,4,21,0,0,0,0,0,0,100,0,-72,NR N78,18,73406.0,8.75,8931,nan,0,4.35,0.0000
1743429981.955169,NR5G-SA,CONNECT,TDD,CFE614000,-92,-8,4,21,0,0,0,0,0,0,100,0,-72,NR N78,18,62902.0,7.5,7653,nan,0,4.35,0.0000
1743429982.9952135,NR5G-SA,CONNECT,TDD,CFE614000,-92,-7,4,21,0,0,0,0,0,0,100,0,-72,NR N78,17,73388.0,8.75,8929,nan,0,4.35,0.0000
1743429984.046635,NR5G-SA,CONNECT,TDD,CFE614000,-92,-8,4,21,0,0,0,0,0,0,100,0,-68,NR N78,17,83939.0,10.0,10213,nan,0,4.35,0.0000
1743429985.1316428,NR5G-SA,CONNECT,TDD,CFE614000,-92,-7,4,21,0,0,0,0,0,0,100,0,-71,NR N78,18,73368.0,8.75,8926,nan,0,4.35,0.0000
1743429986.189916,NR5G-SA,CONNECT,TDD,CFE614000,-92,-7,4,21,0,0,0,0,0,0,100,0,-72,NR N78,18,52423.0,6.25,6378,nan,0,4.35,0.0000
1743429987.2373092,NR5G-SA,CONNECT,TDD,CFE614000,-92,-7,4,21,0,0,0,0,0,0,100,0,-72,NR N78,14,41949.0,5.0,5104,nan,0,4.35,0.0000
1743429988.3140936,NR5G-SA,CONNECT,TDD,CFE614000,-93,-8,4,21,0,0,0,0,0,0,100,0,-72,NR N78,15,52448.0,6.25,6381,nan,0,4.35,0.0000
1743429989.3545828,NR5G-SA,CONNECT,TDD,CFE614000,-93,-8,4,21,0,0,0,0,0,0,100,0,-72,NR N78,15,73390.0,8.75,8929,nan,0,4.35,0.0000
1743429990.4143608,NR5G-SA,CONNECT,TDD,CFE614000,-93,-8,4,21,0,0,0,0,0,0,100,0,-72,NR N78,16,52431.0,6.25,6379,nan,0,4.35,0.0000
1743429991.460329,NR5G-SA,CONNECT,TDD,CFE614000,-93,-8,4,21,0,0,0,0,0,0,100,0,-72,NR N78,16,62923.0,7.5,7656,nan,0,4.35,0.0000
1743429992.4941921,NR5G-SA,CONNECT,TDD,CFE614000,-93,-8,4,21,0,0,0,0,0,0,100,0,-69,NR N78,17,52415.0,6.25,6377,nan,0,4.35,0.0000
1743429993.5374556,NR5G-SA,CONNECT,TDD,CFE614000,-93,-9,4,21,0,0,0,0,0,0,100,0,-67,NR N78,17,62928.0,7.5,7656,nan,0,4.35,0.0000
1743429994.5936136,NR5G-SA,CONNECT,TDD,CFE614000,-93,-9,4,21,0,0,0,0,0,0,100,0,-72,NR N78,17,41932.0,5.0,5102,nan,0,4.35,0.0000
1743429995.641264,NR5G-SA,CONNECT,TDD,CFE614000,-93,-8,4,21,0,0,0,0,0,0,100,0,-72,NR N78,17,52431.0,6.25,6379,nan,0,4.35,0.0000
1743429996.7073069,NR5G-SA,CONNECT,TDD,CFE614000,-92,-8,4,21,0,0,0,0,0,0,100,0,-70,NR N78,15,52436.0,6.25,6380,nan,0,4.35,0.0000
1743429997.7799337,NR5G-SA,CONNECT,TDD,CFE614000,-92,-7,4,21,0,0,0,0,0,0,100,0,-72,NR N78,15,62918.0,7.5,7655,nan,0,4.35,0.0000
1743429998.8090384,NR5G-SA,CONNECT,TDD,CFE614000,-92,-7,3,21,0,0,0,0,0,0,100,0,-72,NR N78,17,41943.0,5.0,5103,nan,0,4.35,0.0000
1743429999.8737042,NR5G-SA,CONNECT,TDD,CFE614000,-92,-7,3,21,0,0,0,0,0,0,100,0,-72,NR N78,17,62916.0,7.5,7655,nan,0,4.35,0.0000
1743430000.9623559,NR5G-SA,CONNECT,TDD,CFE614000,-92,-7,3,21,0,0,0,0,0,0,100,0,-70,NR N78,17,52417.0,6.25,6377,nan,0,4.35,0.0000
1743430002.0506961,NR5G-SA,CONNECT,TDD,CFE614000,-91,-7,3,21,0,0,0,0,0,0,100,0,-72,NR N78,17,62929.0,7.5,7656,nan,0,4.35,0.0000
1743430003.0982873,NR5G-SA,CONNECT,TDD,CFE614000,-92,-7,3,21,0,0,0,0,0,0,100,0,-72,NR N78,15,41930.0,5.0,5101,nan,0,4.35,0.0000
1743430004.1281555,NR5G-SA,CONNECT,TDD,CFE614000,-92,-7,3,21,0,0,0,0,0,0,100,0,-70,NR N78,15,52439.0,6.25,6380,nan,0,4.35,0.0000
1743430005.1903558,NR5G-SA,CONNECT,TDD,CFE614000,-92,-7,3,21,0,0,0,0,0,0,100,0,-72,NR N78,16,73409.0,8.75,8931,nan,0,4.35,0.0000
1743430006.221273,NR5G-SA,CONNECT,TDD,CFE614000,-92,-7,3,21,0,0,0,0,0,0,100,0,-72,NR N78,16,73399.0,8.75,8930,nan,0,4.35,0.0000
1743430007.2787127,NR5G-SA,CONNECT,TDD,CFE614000,-92,-7,3,21,0,0,0,0,0,0,100,0,-72,NR N78,17,73404.0,8.75,8931,nan,0,4.35,0.0000
1743430008.4082384,NR5G-SA,CONNECT,TDD,CFE614000,-92,-7,3,21,0,0,0,0,0,0,100,0,-72,NR N78,15,62744.0,7.5,7634,nan,0,4.35,0.0000
1743430009.472158,NR5G-SA,CONNECT,TDD,CFE614000,-91,-6,3,21,0,0,0,0,0,0,100,0,-72,NR N78,15,52579.0,6.25,6397,nan,0,4.35,0.0000
1743430010.5278938,NR5G-SA,CONNECT,TDD,CFE614000,-92,-7,3,21,0,0,0,0,0,0,100,0,-72,NR N78,17,52428.0,6.25,6379,nan,0,4.35,0.0000
1743430011.6070135,NR5G-SA,CONNECT,TDD,CFE614000,-92,-7,3,21,0,0,0,0,0,0,100,0,-72,NR N78,17,52437.0,6.25,6380,nan,0,4.35,0.0000
1743430012.6574893,NR5G-SA,CONNECT,TDD,CFE614000,-92,-7,3,21,0,0,0,0,0,0,100,0,-72,NR N78,15,41938.0,5.0,5102,nan,0,4.35,0.0000
1743430013.7004895,NR5G-SA,CONNECT,TDD,CFE614000,-92,-7,3,21,0,0,0,0,0,0,100,0,-72,NR N78,15,52427.0,6.25,6379,nan,0,4.35,0.0000
1743430014.8221714,NR5G-SA,CONNECT,TDD,CFE614000,-92,-7,3,21,0,0,0,0,0,0,100,0,-71,NR N78,14,52423.0,6.25,6378,nan,0,4.35,0.0000
1743430015.9246876,NR5G-SA,CONNECT,TDD,CFE614000,-92,-8,3,21,0,0,0,0,0,0,100,0,-71,NR N78,14,62932.0,7.5,7657,nan,0,4.35,0.0000
1743430016.990095,NR5G-SA,CONNECT,TDD,CFE614000,-91,-7,3,21,0,0,0,0,0,0,100,0,-71,NR N78,14,52422.0,6.25,6378,nan,0,4.35,0.0000
1743430018.052025,NR5G-SA,CONNECT,TDD,CFE614000,-91,-7,3,21,0,0,0,0,0,0,100,0,-69,NR N78,14,62917.0,7.5,7655,nan,0,4.35,0.0000
1743430019.1021585,NR5G-SA,CONNECT,TDD,CFE614000,-92,-7,3,21,0,0,0,0,0,0,100,0,-69,NR N78,17,73400.0,8.75,8930,nan,0,4.35,0.0000
1743430020.1363542,NR5G-SA,CONNECT,TDD,CFE614000,-92,-7,3,21,0,0,0,0,0,0,100,0,-70,NR N78,17,52432.0,6.25,6379,nan,0,4.35,0.0000
1743430021.24218,NR5G-SA,CONNECT,TDD,CFE614000,-92,-7,3,21,0,0,0,0,0,0,100,0,-71,NR N78,16,73397.0,8.75,8930,nan,0,4.35,0.0000
1743430022.2866783,NR5G-SA,CONNECT,TDD,CFE614000,-92,-7,3,21,0,0,0,0,0,0,100,0,-71,NR N78,16,52426.0,6.25,6378,nan,0,4.35,0.0000
1743430023.3465786,NR5G-SA,CONNECT,TDD,CFE614000,-92,-7,3,21,0,0,0,0,0,0,100,0,-72,NR N78,16,73393.0,8.75,8929,nan,0,4.35,0.0000
1743430024.3931897,NR5G-SA,CONNECT,TDD,CFE614000,-92,-7,3,21,0,0,0,0,0,0,100,0,-72,NR N78,18,62917.0,7.5,7655,nan,0,4.35,0.0000
1743430025.508503,NR5G-SA,CONNECT,TDD,CFE614000,-92,-7,4,21,0,0,0,0,0,0,100,0,-72,NR N78,18,52424.0,6.25,6378,nan,0,4.35,0.0000
1743430026.596481,NR5G-SA,CONNECT,TDD,CFE614000,-92,-8,4,21,0,0,0,0,0,0,100,0,-69,NR N78,16,62916.0,7.5,7655,nan,0,4.35,0.0000
1743430027.6544027,NR5G-SA,CONNECT,TDD,CFE614000,-92,-7,4,21,0,0,0,0,0,0,100,0,-71,NR N78,16,62915.0,7.5,7655,nan,0,4.35,0.0000
1743430028.7041667,NR5G-SA,CONNECT,TDD,CFE614000,-91,-7,4,21,0,0,0,0,0,0,100,0,-69,NR N78,17,73399.0,8.75,8930,nan,0,4.35,0.0000
1743430029.7769132,NR5G-SA,CONNECT,TDD,CFE614000,-91,-7,4,21,0,0,0,0,0,0,100,0,-71,NR N78,17,62916.0,7.5,7655,nan,0,4.35,0.0000
1743430030.8168988,NR5G-SA,CONNECT,TDD,CFE614000,-91,-7,4,21,0,0,0,0,0,0,100,0,-70,NR N78,17,52428.0,6.25,6379,nan,0,4.35,0.0000
1743430031.898518,NR5G-SA,CONNECT,TDD,CFE614000,-92,-7,4,21,0,0,0,0,0,0,100,0,-72,NR N78,17,73411.0,8.75,8932,nan,0,4.35,0.0000
1743430032.9339848,NR5G-SA,CONNECT,TDD,CFE614000,-92,-7,5,21,0,0,0,0,0,0,100,0,-71,NR N78,18,73400.0,8.75,8930,nan,0,4.35,0.0000
1743430033.9836946,NR5G-SA,CONNECT,TDD,CFE614000,-92,-7,5,21,0,0,0,0,0,0,100,0,-71,NR N78,18,52419.0,6.25,6378,nan,0,4.35,0.0000
1743430035.0322247,NR5G-SA,CONNECT,TDD,CFE614000,-92,-7,6,21,0,0,0,0,0,0,100,0,-72,NR N78,18,62922.0,7.5,7656,nan,0,4.35,0.0000
1743430036.1144772,NR5G-SA,CONNECT,TDD,CFE614000,-92,-7,6,21,0,0,0,0,0,0,100,0,-72,NR N78,18,62916.0,7.5,7655,nan,0,4.35,0.0000
1743430037.1667972,NR5G-SA,CONNECT,TDD,CFE614000,-92,-7,6,21,0,0,0,0,0,0,100,0,-72,NR N78,16,73397.0,8.75,8930,nan,0,4.35,0.0000
1743430038.2737858,NR5G-SA,CONNECT,TDD,CFE614000,-93,-7,6,21,0,0,0,0,0,0,100,0,-72,NR N78,16,52432.0,6.25,6379,nan,0,4.35,0.0000
1743430039.3289082,NR5G-SA,CONNECT,TDD,CFE614000,-93,-7,6,21,0,0,0,0,0,0,100,0,-72,NR N78,16,41951.0,5.0,5104,nan,0,4.35,0.0000
1743430040.377308,NR5G-SA,CONNECT,TDD,CFE614000,-94,-8,7,21,0,0,0,0,0,0,100,0,-68,NR N78,16,31448.0,3.75,3826,nan,0,4.35,0.0000
1743430041.4591177,NR5G-SA,CONNECT,TDD,CFE614000,-94,-8,7,21,0,0,0,0,0,0,100,0,-67,NR N78,16,41949.0,5.0,5104,nan,0,4.35,0.0000
1743430042.507074,NR5G-SA,CONNECT,TDD,CFE614000,-94,-7,7,21,0,0,0,0,0,0,100,0,-72,NR N78,15,41945.0,5.0,5103,nan,0,4.35,0.0000
1743430043.581556,NR5G-SA,CONNECT,TDD,CFE614000,-93,-7,7,21,0,0,0,0,0,0,100,0,-68,NR N78,15,52377.0,6.25,6373,nan,0,4.35,0.0000
1743430044.6178694,NR5G-SA,CONNECT,TDD,CFE614000,-92,-6,7,21,0,0,0,0,0,0,100,0,-72,NR N78,16,52461.0,6.25,6383,nan,0,4.35,0.0000
1743430045.6496382,NR5G-SA,CONNECT,TDD,CFE614000,-92,-6,7,21,0,0,0,0,0,0,100,0,-72,NR N78,16,52446.0,6.25,6381,nan,0,4.35,0.0000
1743430046.6819923,NR5G-SA,CONNECT,TDD,CFE614000,-93,-6,7,21,0,0,0,0,0,0,100,0,-71,NR N78,15,52413.0,6.25,6377,nan,0,4.35,0.0000
1743430047.7776234,NR5G-SA,CONNECT,TDD,CFE614000,-93,-7,6,21,0,0,0,0,0,0,100,0,-72,NR N78,15,41929.0,5.0,5101,nan,0,4.35,0.0000
1743430048.8623621,NR5G-SA,CONNECT,TDD,CFE614000,-92,-7,7,21,0,0,0,0,0,0,100,0,-72,NR N78,16,52464.0,6.25,6383,nan,0,4.35,0.0000
1743430049.966711,NR5G-SA,CONNECT,TDD,CFE614000,-92,-7,7,21,0,0,0,0,0,0,100,0,-71,NR N78,16,41912.0,5.0,5099,nan,0,4.35,0.0000
1743430051.0210729,NR5G-SA,CONNECT,TDD,CFE614000,-93,-7,7,21,0,0,0,0,0,0,100,0,-70,NR N78,16,52459.0,6.25,6383,nan,0,4.35,0.0000
1743430052.0959034,NR5G-SA,CONNECT,TDD,CFE614000,-93,-7,7,21,0,0,0,0,0,0,100,0,-72,NR N78,16,52429.0,6.25,6379,nan,0,4.35,0.0000
1743430053.1619537,NR5G-SA,CONNECT,TDD,CFE614000,-93,-7,6,21,0,0,0,0,0,0,100,0,-71,NR N78,15,52427.0,6.25,6379,nan,0,4.35,0.0000
1743430054.2631946,NR5G-SA,CONNECT,TDD,CFE614000,-92,-7,6,21,0,0,0,0,0,0,100,0,-72,NR N78,15,52439.0,6.25,6380,nan,0,4.35,0.0000
1743430055.314462,NR5G-SA,CONNECT,TDD,CFE614000,-93,-8,6,21,0,0,0,0,0,0,100,0,-71,NR N78,15,31457.0,3.75,3827,nan,0,4.35,0.0000
1743430056.384982,NR5G-SA,CONNECT,TDD,CFE614000,-93,-8,6,21,0,0,0,0,0,0,100,0,-68,NR N78,14,41935.0,5.0,5102,nan,0,4.35,0.0000
1743430057.4586182,NR5G-SA,CONNECT,TDD,CFE614000,-93,-8,6,21,0,0,0,0,0,0,100,0,-72,NR N78,14,41937.0,5.0,5102,nan,0,4.35,0.0000
1743430058.5598483,NR5G-SA,CONNECT,TDD,CFE614000,-92,-8,6,21,0,0,0,0,0,0,100,0,-70,NR N78,15,62939.0,7.5,7658,nan,0,4.35,0.0000
1743430059.6278768,NR5G-SA,CONNECT,TDD,CFE614000,-92,-8,6,21,0,0,0,0,0,0,100,0,-72,NR N78,15,52422.0,6.25,6378,nan,0,4.35,0.0000
1743430060.6889338,NR5G-SA,CONNECT,TDD,CFE614000,-93,-8,6,21,0,0,0,0,0,0,100,0,-72,NR N78,16,62930.0,7.5,7656,nan,0,4.35,0.0000
1743430061.7625175,NR5G-SA,CONNECT,TDD,CFE614000,-93,-8,6,21,0,0,0,0,0,0,100,0,-72,NR N78,16,52420.0,6.25,6378,nan,0,4.35,0.0000
1743430062.8322122,NR5G-SA,CONNECT,TDD,CFE614000,-94,-7,6,21,0,0,0,0,0,0,100,0,-72,NR N78,15,52426.0,6.25,6378,nan,0,4.35,0.0000
1743430063.930262,NR5G-SA,CONNECT,TDD,CFE614000,-94,-7,6,21,0,0,0,0,0,0,100,0,-72,NR N78,15,52439.0,6.25,6380,nan,0,4.35,0.0000
1743430064.9784424,NR5G-SA,CONNECT,TDD,CFE614000,-95,-7,6,21,0,0,0,0,0,0,100,0,-73,NR N78,15,52425.0,6.25,6378,nan,0,4.35,0.0000
1743430066.068427,NR5G-SA,CONNECT,TDD,CFE614000,-94,-8,5,21,0,0,0,0,0,0,100,0,-69,NR N78,15,52419.0,6.25,6378,nan,0,4.35,0.0000
1743430067.1182287,NR5G-SA,CONNECT,TDD,CFE614000,-93,-8,5,21,0,0,0,0,0,0,100,0,-72,NR N78,17,62932.0,7.5,7657,nan,0,4.35,0.0000
1743430068.225746,NR5G-SA,CONNECT,TDD,CFE614000,-93,-8,5,21,0,0,0,0,0,0,100,0,-72,NR N78,17,52420.0,6.25,6378,nan,0,4.35,0.0000
1743430069.281223,NR5G-SA,CONNECT,TDD,CFE614000,-93,-8,5,21,0,0,0,0,0,0,100,0,-72,NR N78,17,52428.0,6.25,6379,nan,0,4.35,0.0000
1743430070.3916664,NR5G-SA,CONNECT,TDD,CFE614000,-93,-8,5,21,0,0,0,0,0,0,100,0,-72,NR N78,17,52433.0,6.25,6379,nan,0,4.35,0.0000
1743430071.4567716,NR5G-SA,CONNECT,TDD,CFE614000,-93,-7,5,21,0,0,0,0,0,0,100,0,-72,NR N78,17,52430.0,6.25,6379,nan,0,4.35,0.0000
1743430072.5103714,NR5G-SA,CONNECT,TDD,CFE614000,-93,-7,5,21,0,0,0,0,0,0,100,0,-72,NR N78,17,62917.0,7.5,7655,nan,0,4.35,0.0000
1743430073.5907414,NR5G-SA,CONNECT,TDD,CFE614000,-93,-7,5,21,0,0,0,0,0,0,100,0,-70,NR N78,17,62903.0,7.5,7653,nan,0,4.35,0.0000
1743430074.6323202,NR5G-SA,CONNECT,TDD,CFE614000,-93,-8,5,21,0,0,0,0,0,0,100,0,-69,NR N78,17,73421.0,8.75,8933,nan,0,4.35,0.0000
1743430075.674346,NR5G-SA,CONNECT,TDD,CFE614000,-93,-8,5,21,0,0,0,0,0,0,100,0,-72,NR N78,17,73407.0,8.75,8931,nan,0,4.35,0.0000
1743430076.7194147,NR5G-SA,CONNECT,TDD,CFE614000,-93,-8,5,21,0,0,0,0,0,0,100,0,-72,NR N78,17,62902.0,7.5,7653,nan,0,4.35,0.0000
1743430077.7744064,NR5G-SA,CONNECT,TDD,CFE614000,-93,-8,6,21,0,0,0,0,0,0,100,0,-71,NR N78,17,62920.0,7.5,7655,nan,0,4.35,0.0000
1743430078.8780186,NR5G-SA,CONNECT,TDD,CFE614000,-93,-8,5,21,0,0,0,0,0,0,100,0,-70,NR N78,17,52418.0,6.25,6378,nan,0,4.35,0.0000
1743430079.9198382,NR5G-SA,CONNECT,TDD,CFE614000,-93,-8,5,21,0,0,0,0,0,0,100,0,-72,NR N78,17,62930.0,7.5,7656,nan,0,4.35,0.0000
1743430080.9558892,NR5G-SA,CONNECT,TDD,CFE614000,-93,-8,5,21,0,0,0,0,0,0,100,0,-72,NR N78,18,73404.0,8.75,8931,nan,0,4.35,0.0000
1743430082.0396383,NR5G-SA,CONNECT,TDD,CFE614000,-93,-8,5,21,0,0,0,0,0,0,100,0,-72,NR N78,18,52422.0,6.25,6378,nan,0,4.35,0.0000
1743430083.1072176,NR5G-SA,CONNECT,TDD,CFE614000,-94,-8,5,21,0,0,0,0,0,0,100,0,-72,NR N78,18,52424.0,6.25,6378,nan,0,4.35,0.0000
1743430084.2057893,NR5G-SA,CONNECT,TDD,CFE614000,-94,-8,5,21,0,0,0,0,0,0,100,0,-71,NR N78,18,62931.0,7.5,7657,nan,0,4.35,0.0000
1743430085.286026,NR5G-SA,CONNECT,TDD,CFE614000,-94,-8,5,21,0,0,0,0,0,0,100,0,-72,NR N78,17,52418.0,6.25,6378,nan,0,4.35,0.0000
1743430086.3211489,NR5G-SA,CONNECT,TDD,CFE614000,-95,-8,5,21,0,0,0,0,0,0,100,0,-72,NR N78,17,62912.0,7.5,7654,nan,0,4.35,0.0000
1743430087.4011455,NR5G-SA,CONNECT,TDD,CFE614000,-94,-8,5,21,0,0,0,0,0,0,100,0,-71,NR N78,18,52426.0,6.25,6378,nan,0,4.35,0.0000
1743430088.4340818,NR5G-SA,CONNECT,TDD,CFE614000,-94,-8,5,21,0,0,0,0,0,0,100,0,-72,NR N78,17,62695.0,7.5,7628,nan,0,4.35,0.0000
1743430089.5195713,NR5G-SA,CONNECT,TDD,CFE614000,-94,-8,5,21,0,0,0,0,0,0,100,0,-72,NR N78,17,52621.0,6.25,6402,nan,0,4.35,0.0000
1743430090.6303508,NR5G-SA,CONNECT,TDD,CFE614000,-94,-8,5,21,0,0,0,0,0,0,100,0,-72,NR N78,17,52428.0,6.25,6379,nan,0,4.35,0.0000
1743430091.7141857,NR5G-SA,CONNECT,TDD,CFE614000,-94,-9,5,21,0,0,0,0,0,0,100,0,-72,NR N78,17,41941.0,5.0,5103,nan,0,4.35,0.0000
1743430092.7617164,NR5G-SA,CONNECT,TDD,CFE614000,-94,-9,5,21,0,0,0,0,0,0,100,0,-72,NR N78,16,41950.0,5.0,5104,nan,0,4.35,0.0000
1743430093.8235228,NR5G-SA,CONNECT,TDD,CFE614000,-94,-9,5,21,0,0,0,0,0,0,100,0,-69,NR N78,16,41939.0,5.0,5103,nan,0,4.35,0.0000
1743430094.881414,NR5G-SA,CONNECT,TDD,CFE614000,-94,-9,5,21,0,0,0,0,0,0,100,0,-68,NR N78,18,62925.0,7.5,7656,nan,0,4.35,0.0000
1743430095.9578974,NR5G-SA,CONNECT,TDD,CFE614000,-93,-8,5,21,0,0,0,0,0,0,100,0,-72,NR N78,18,52427.0,6.25,6379,nan,0,4.35,0.0000
1743430097.0218482,NR5G-SA,CONNECT,TDD,CFE614000,-93,-8,5,21,0,0,0,0,0,0,100,0,-71,NR N78,17,52423.0,6.25,6378,nan,0,4.35,0.0000
1743430098.09719,NR5G-SA,CONNECT,TDD,CFE614000,-93,-8,6,21,0,0,0,0,0,0,100,0,-72,NR N78,17,52438.0,6.25,6380,nan,0,4.35,0.0000
1743430099.140175,NR5G-SA,CONNECT,TDD,CFE614000,-93,-8,6,21,0,0,0,0,0,0,100,0,-70,NR N78,17,62910.0,7.5,7654,nan,0,4.35,0.0000
1743430100.2073247,NR5G-SA,CONNECT,TDD,CFE614000,-93,-8,5,21,0,0,0,0,0,0,100,0,-72,NR N78,17,62918.0,7.5,7655,nan,0,4.35,0.0000
1743430101.2993364,NR5G-SA,CONNECT,TDD,CFE614000,-93,-7,6,21,0,0,0,0,0,0,100,0,-70,NR N78,17,62903.0,7.5,7653,nan,0,4.35,0.0000
1743430102.3515687,NR5G-SA,CONNECT,TDD,CFE614000,-92,-7,6,21,0,0,0,0,0,0,100,0,-71,NR N78,17,73401.0,8.75,8930,nan,0,4.35,0.0000
1743430103.3878148,NR5G-SA,CONNECT,TDD,CFE614000,-92,-7,6,21,0,0,0,0,0,0,100,0,-72,NR N78,18,62911.0,7.5,7654,nan,0,4.35,0.0000
1743430104.503462,NR5G-SA,CONNECT,TDD,CFE614000,-93,-7,6,21,0,0,0,0,0,0,100,0,-72,NR N78,17,52423.0,6.25,6378,nan,0,4.35,0.0000
1743430105.5681672,NR5G-SA,CONNECT,TDD,CFE614000,-94,-8,6,21,0,0,0,0,0,0,100,0,-70,NR N78,17,62916.0,7.5,7655,nan,0,4.35,0.0000
1743430106.621046,NR5G-SA,CONNECT,TDD,CFE614000,-94,-8,6,21,0,0,0,0,0,0,100,0,-72,NR N78,17,73416.0,8.75,8932,nan,0,4.35,0.0000
1743430107.6889493,NR5G-SA,CONNECT,TDD,CFE614000,-94,-8,5,21,0,0,0,0,0,0,100,0,-69,NR N78,17,62912.0,7.5,7654,nan,0,4.35,0.0000
1743430108.738324,NR5G-SA,CONNECT,TDD,CFE614000,-94,-8,5,21,0,0,0,0,0,0,100,0,-72,NR N78,19,62922.0,7.5,7656,nan,0,4.35,0.0000
1743430109.8156784,NR5G-SA,CONNECT,TDD,CFE614000,-93,-9,5,21,0,0,0,0,0,0,100,0,-68,NR N78,19,62912.0,7.5,7654,nan,0,4.35,0.0000
1743430110.8529818,NR5G-SA,CONNECT,TDD,CFE614000,-93,-8,5,21,0,0,0,0,0,0,100,0,-72,NR N78,18,62913.0,7.5,7654,nan,0,4.35,0.0000
1743430111.9193861,NR5G-SA,CONNECT,TDD,CFE614000,-94,-8,6,21,0,0,0,0,0,0,100,0,-71,NR N78,18,62905.0,7.5,7653,nan,0,4.35,0.0000
1743430113.0005338,NR5G-SA,CONNECT,TDD,CFE614000,-93,-8,5,21,0,0,0,0,0,0,100,0,-71,NR N78,17,62928.0,7.5,7656,nan,0,4.35,0.0000
1743430114.0513198,NR5G-SA,CONNECT,TDD,CFE614000,-93,-8,5,21,0,0,0,0,0,0,100,0,-72,NR N78,17,52428.0,6.25,6379,nan,0,4.35,0.0000
1743430115.1143596,NR5G-SA,CONNECT,TDD,CFE614000,-93,-8,5,21,0,0,0,0,0,0,100,0,-70,NR N78,16,41939.0,5.0,5103,nan,0,4.35,0.0000
1743430116.2472672,NR5G-SA,CONNECT,TDD,CFE614000,-93,-8,5,21,0,0,0,0,0,0,100,0,-72,NR N78,16,52435.0,6.25,6380,nan,0,4.35,0.0000
1743430117.299399,NR5G-SA,CONNECT,TDD,CFE614000,-93,-8,5,21,0,0,0,0,0,0,100,0,-72,NR N78,18,62909.0,7.5,7654,nan,0,4.35,0.0000
1743430118.3506436,NR5G-SA,CONNECT,TDD,CFE614000,-93,-8,5,21,0,0,0,0,0,0,100,0,-72,NR N78,18,83891.0,10.0,10207,nan,0,4.35,0.0000
1743430119.4144278,NR5G-SA,CONNECT,TDD,CFE614000,-93,-8,5,21,0,0,0,0,0,0,100,0,-68,NR N78,18,73406.0,8.75,8931,nan,0,4.35,0.0000
1743430120.501112,NR5G-SA,CONNECT,TDD,CFE614000,-93,-8,5,21,0,0,0,0,0,0,100,0,-72,NR N78,17,73394.0,8.75,8930,nan,0,4.35,0.0000
1743430121.5467126,NR5G-SA,CONNECT,TDD,CFE614000,-93,-8,5,21,0,0,0,0,0,0,100,0,-71,NR N78,17,73400.0,8.75,8930,nan,0,4.35,0.0000
1743430122.6026115,NR5G-SA,CONNECT,TDD,CFE614000,-94,-9,5,21,0,0,0,0,0,0,100,0,-72,NR N78,17,62918.0,7.5,7655,nan,0,4.35,0.0000
1743430123.6560495,NR5G-SA,CONNECT,TDD,CFE614000,-94,-8,5,21,0,0,0,0,0,0,100,0,-73,NR N78,17,62909.0,7.5,7654,nan,0,4.35,0.0000
1743430124.7245166,NR5G-SA,CONNECT,TDD,CFE614000,-94,-8,5,21,0,0,0,0,0,0,100,0,-72,NR N78,18,73405.0,8.75,8931,nan,0,4.35,0.0000
1743430125.7673278,NR5G-SA,CONNECT,TDD,CFE614000,-94,-9,5,21,0,0,0,0,0,0,100,0,-71,NR N78,18,52423.0,6.25,6378,nan,0,4.35,0.0000
1743430126.8005347,NR5G-SA,CONNECT,TDD,CFE614000,-94,-9,5,21,0,0,0,0,0,0,100,0,-67,NR N78,18,73412.0,8.75,8932,nan,0,4.35,0.0000
1743430127.8629901,NR5G-SA,CONNECT,TDD,CFE614000,-94,-9,4,21,0,0,0,0,0,0,100,0,-69,NR N78,18,62914.0,7.5,7655,nan,0,4.35,0.0000
1743430128.9158163,NR5G-SA,CONNECT,TDD,CFE614000,-94,-9,4,21,0,0,0,0,0,0,100,0,-69,NR N78,19,52425.0,6.25,6378,nan,0,4.35,0.0000
1743430129.9962077,NR5G-SA,CONNECT,TDD,CFE614000,-93,-8,4,21,0,0,0,0,0,0,100,0,-69,NR N78,19,52421.0,6.25,6378,nan,0,4.35,0.0000
1743430131.0502803,NR5G-SA,CONNECT,TDD,CFE614000,-94,-8,5,21,0,0,0,0,0,0,100,0,-72,NR N78,19,62932.0,7.5,7657,nan,0,4.35,0.0000
1743430132.1509998,NR5G-SA,CONNECT,TDD,CFE614000,-94,-9,5,21,0,0,0,0,0,0,100,0,-72,NR N78,19,52423.0,6.25,6378,nan,0,4.35,0.0000
1743430133.2751293,NR5G-SA,CONNECT,TDD,CFE614000,-95,-8,5,21,0,0,0,0,0,0,100,0,-72,NR N78,20,41942.0,5.0,5103,nan,0,4.35,0.0000
1743430134.3763628,NR5G-SA,CONNECT,TDD,CFE614000,-94,-8,5,21,0,0,0,0,0,0,100,0,-72,NR N78,20,52440.0,6.25,6380,nan,0,4.35,0.0000
1743430135.4816804,NR5G-SA,CONNECT,TDD,CFE614000,-93,-7,6,21,0,0,0,0,0,0,100,0,-72,NR N78,20,52430.0,6.25,6379,nan,0,4.35,0.0000
1743430136.5595834,NR5G-SA,CONNECT,TDD,CFE614000,-93,-7,6,21,0,0,0,0,0,0,100,0,-72,NR N78,19,52419.0,6.25,6378,nan,0,4.35,0.0000
1743430137.5888755,NR5G-SA,CONNECT,TDD,CFE614000,-93,-7,6,21,0,0,0,0,0,0,100,0,-72,NR N78,19,62919.0,7.5,7655,nan,0,4.35,0.0000
1743430138.6190393,NR5G-SA,CONNECT,TDD,CFE614000,-93,-7,6,21,0,0,0,0,0,0,100,0,-73,NR N78,19,62918.0,7.5,7655,nan,0,4.35,0.0000
1743430139.6930323,NR5G-SA,CONNECT,TDD,CFE614000,-93,-7,6,21,0,0,0,0,0,0,100,0,-72,NR N78,19,52428.0,6.25,6379,nan,0,4.35,0.0000
1743430140.7844868,NR5G-SA,CONNECT,TDD,CFE614000,-93,-7,6,21,0,0,0,0,0,0,100,0,-72,NR N78,17,41945.0,5.0,5103,nan,0,4.35,0.0000
1743430141.8384256,NR5G-SA,CONNECT,TDD,CFE614000,-94,-7,6,21,0,0,0,0,0,0,100,0,-69,NR N78,17,41940.0,5.0,5103,nan,0,4.35,0.0000
1743430142.9247692,NR5G-SA,CONNECT,TDD,CFE614000,-94,-7,6,21,0,0,0,0,0,0,100,0,-72,NR N78,18,41936.0,5.0,5102,nan,0,4.35,0.0000
1743430144.0185523,NR5G-SA,CONNECT,TDD,CFE614000,-94,-8,6,21,0,0,0,0,0,0,100,0,-70,NR N78,18,52436.0,6.25,6380,nan,0,4.35,0.0000
1743430145.1307685,NR5G-SA,CONNECT,TDD,CFE614000,-94,-8,5,21,0,0,0,0,0,0,100,0,-69,NR N78,19,41933.0,5.0,5102,nan,0,4.35,0.0000
1743430146.233567,NR5G-SA,CONNECT,TDD,CFE614000,-94,-9,5,21,0,0,0,0,0,0,100,0,-70,NR N78,19,41948.0,5.0,5104,nan,0,4.35,0.0000
1743430147.3370147,NR5G-SA,CONNECT,TDD,CFE614000,-94,-8,6,21,0,0,0,0,0,0,100,0,-71,NR N78,19,41942.0,5.0,5103,nan,0,4.35,0.0000
1743430148.4527721,NR5G-SA,CONNECT,TDD,CFE614000,-94,-8,6,21,0,0,0,0,0,0,100,0,-70,NR N78,18,31455.0,3.75,3827,nan,0,4.35,0.0000
1743430149.510904,NR5G-SA,CONNECT,TDD,CFE614000,-93,-8,6,21,0,0,0,0,0,0,100,0,-71,NR N78,18,41944.0,5.0,5103,nan,0,4.35,0.0000
1743430150.590586,NR5G-SA,CONNECT,TDD,CFE614000,-94,-8,5,21,0,0,0,0,0,0,100,0,-72,NR N78,17,41943.0,5.0,5103,nan,0,4.35,0.0000
1743430151.6856642,NR5G-SA,CONNECT,TDD,CFE614000,-94,-7,5,21,0,0,0,0,0,0,100,0,-73,NR N78,17,52431.0,6.25,6379,nan,0,4.35,0.0000
1743430152.8045986,NR5G-SA,CONNECT,TDD,CFE614000,-94,-8,6,21,0,0,0,0,0,0,100,0,-72,NR N78,15,52425.0,6.25,6378,nan,0,4.35,0.0000
1743430153.8865066,NR5G-SA,CONNECT,TDD,CFE614000,-94,-8,5,21,0,0,0,0,0,0,100,0,-72,NR N78,15,52431.0,6.25,6379,nan,0,4.35,0.0000
1743430154.9540267,NR5G-SA,CONNECT,TDD,CFE614000,-94,-7,6,21,0,0,0,0,0,0,100,0,-72,NR N78,14,31454.0,3.75,3827,nan,0,4.35,0.0000
1743430156.0635965,NR5G-SA,CONNECT,TDD,CFE614000,-94,-8,6,21,0,0,0,0,0,0,100,0,-72,NR N78,14,41942.0,5.0,5103,nan,0,4.35,0.0000
1743430157.1426866,NR5G-SA,CONNECT,TDD,CFE614000,-93,-7,6,21,0,0,0,0,0,0,100,0,-69,NR N78,15,41946.0,5.0,5103,nan,0,4.35,0.0000
1743430158.2043672,NR5G-SA,CONNECT,TDD,CFE614000,-94,-7,6,21,0,0,0,0,0,0,100,0,-72,NR N78,15,41936.0,5.0,5102,nan,0,4.35,0.0000
1743430159.3077822,NR5G-SA,CONNECT,TDD,CFE614000,-94,-8,5,21,0,0,0,0,0,0,100,0,-72,NR N78,16,31455.0,3.75,3827,nan,0,4.35,0.0000
1743430160.3946664,NR5G-SA,CONNECT,TDD,CFE614000,-94,-8,5,21,0,0,0,0,0,0,100,0,-71,NR N78,16,41947.0,5.0,5104,nan,0,4.35,0.0000
1743430161.4420326,NR5G-SA,CONNECT,TDD,CFE614000,-94,-8,5,21,0,0,0,0,0,0,100,0,-72,NR N78,16,31456.0,3.75,3827,nan,0,4.35,0.0000
1743430162.4807358,NR5G-SA,CONNECT,TDD,CFE614000,-94,-8,5,21,0,0,0,0,0,0,100,0,-71,NR N78,16,31454.0,3.75,3827,nan,0,4.35,0.0000
1743430163.5118375,NR5G-SA,CONNECT,TDD,CFE614000,-94,-8,6,21,0,0,0,0,0,0,100,0,-72,NR N78,16,41944.0,5.0,5103,nan,0,4.35,0.0000
1743430164.5525494,NR5G-SA,CONNECT,TDD,CFE614000,-94,-7,6,21,0,0,0,0,0,0,100,0,-72,NR N78,16,41947.0,5.0,5104,nan,0,4.35,0.0000
1743430165.646371,NR5G-SA,CONNECT,TDD,CFE614000,-94,-7,6,21,0,0,0,0,0,0,100,0,-72,NR N78,16,52424.0,6.25,6378,nan,0,4.35,0.0000
1743430166.6789517,NR5G-SA,CONNECT,TDD,CFE614000,-93,-7,6,21,0,0,0,0,0,0,100,0,-72,NR N78,16,52427.0,6.25,6379,nan,0,4.35,0.0000
1743430167.7372932,NR5G-SA,CONNECT,TDD,CFE614000,-93,-8,6,21,0,0,0,0,0,0,100,0,-71,NR N78,16,62904.0,7.5,7653,nan,0,4.35,0.0000
1743430168.7724879,NR5G-SA,CONNECT,TDD,CFE614000,-93,-7,6,21,0,0,0,0,0,0,100,0,-72,NR N78,17,52444.0,6.25,6381,nan,0,4.35,0.0000
1743430169.8906934,NR5G-SA,CONNECT,TDD,CFE614000,-94,-7,6,21,0,0,0,0,0,0,100,0,-72,NR N78,17,52430.0,6.25,6379,nan,0,4.35,0.0000
1743430170.9730656,NR5G-SA,CONNECT,TDD,CFE614000,-93,-7,6,21,0,0,0,0,0,0,100,0,-72,NR N78,15,52429.0,6.25,6379,nan,0,4.35,0.0000
1743430172.0408678,NR5G-SA,CONNECT,TDD,CFE614000,-93,-7,6,21,0,0,0,0,0,0,100,0,-72,NR N78,15,52423.0,6.25,6378,nan,0,4.35,0.0000
1743430173.109727,NR5G-SA,CONNECT,TDD,CFE614000,-93,-7,7,21,0,0,0,0,0,0,100,0,-72,NR N78,15,52431.0,6.25,6379,nan,0,4.35,0.0000
1743430174.2041714,NR5G-SA,CONNECT,TDD,CFE614000,-93,-7,6,21,0,0,0,0,0,0,100,0,-72,NR N78,15,62917.0,7.5,7655,nan,0,4.35,0.0000
1743430175.2883291,NR5G-SA,CONNECT,TDD,CFE614000,-93,-7,6,21,0,0,0,0,0,0,100,0,-72,NR N78,16,41934.0,5.0,5102,nan,0,4.35,0.0000
1743430176.3936868,NR5G-SA,CONNECT,TDD,CFE614000,-93,-7,6,21,0,0,0,0,0,0,100,0,-71,NR N78,16,41940.0,5.0,5103,nan,0,4.35,0.0000
1743430177.485407,NR5G-SA,CONNECT,TDD,CFE614000,-93,-7,6,21,0,0,0,0,0,0,100,0,-72,NR N78,16,20965.0,2.5,2551,nan,0,4.35,0.0000
1743430178.5925827,NR5G-SA,CONNECT,TDD,CFE614000,-94,-8,6,19,0,0,0,0,0,0,100,0,-71,NR N78,19,52446.0,6.25,6381,nan,0,4.35,0.0000
1743430179.6592922,NR5G-SA,CONNECT,TDD,CFE614000,-94,-7,7,19,0,0,0,0,0,0,100,0,-73,NR N78,19,52422.0,6.25,6378,nan,0,4.35,0.0000
1743430180.7766023,NR5G-SA,CONNECT,TDD,CFE614000,-95,-7,6,21,0,0,0,0,0,0,100,0,-72,NR N78,17,62922.0,7.5,7656,nan,0,4.35,0.0000
1743430181.841959,NR5G-SA,CONNECT,TDD,CFE614000,-94,-7,6,21,0,0,0,0,0,0,100,0,-69,NR N78,17,52431.0,6.25,6379,nan,0,4.35,0.0000
1743430182.8847759,NR5G-SA,CONNECT,TDD,CFE614000,-94,-7,6,21,0,0,0,0,0,0,100,0,-72,NR N78,19,52421.0,6.25,6378,nan,0,4.35,0.0000
1743430183.9335506,NR5G-SA,CONNECT,TDD,CFE614000,-94,-8,6,21,0,0,0,0,0,0,100,0,-72,NR N78,19,52432.0,6.25,6379,nan,0,4.35,0.0000
1743430184.9627683,NR5G-SA,CONNECT,TDD,CFE614000,-95,-8,5,21,0,0,0,0,0,0,100,0,-72,NR N78,18,52432.0,6.25,6379,nan,0,4.35,0.0000
1743430186.0644295,NR5G-SA,CONNECT,TDD,CFE614000,-95,-8,6,21,0,0,0,0,0,0,100,0,-70,NR N78,18,41946.0,5.0,5103,nan,0,4.35,0.0000
1743430187.1241438,NR5G-SA,CONNECT,TDD,CFE614000,-94,-8,6,21,0,0,0,0,0,0,100,0,-72,NR N78,16,41941.0,5.0,5103,nan,0,4.35,0.0000
1743430188.2144933,NR5G-SA,CONNECT,TDD,CFE614000,-94,-7,6,21,0,0,0,0,0,0,100,0,-72,NR N78,16,31456.0,3.75,3827,nan,0,4.35,0.0000
1743430189.2577744,NR5G-SA,CONNECT,TDD,CFE614000,-94,-7,5,21,0,0,0,0,0,0,100,0,-72,NR N78,17,52426.0,6.25,6378,nan,0,4.35,0.0000
1743430190.3266647,NR5G-SA,CONNECT,TDD,CFE614000,-94,-7,6,21,0,0,0,0,0,0,100,0,-72,NR N78,17,52423.0,6.25,6378,nan,0,4.35,0.0000
1743430191.4140763,NR5G-SA,CONNECT,TDD,CFE614000,-94,-7,6,21,0,0,0,0,0,0,100,0,-73,NR N78,17,62921.0,7.5,7655,nan,0,4.35,0.0000
1743430192.489082,NR5G-SA,CONNECT,TDD,CFE614000,-94,-7,6,21,0,0,0,0,0,0,100,0,-70,NR N78,17,52374.0,6.25,6372,nan,0,4.35,0.0000
1743430193.527084,NR5G-SA,CONNECT,TDD,CFE614000,-95,-8,6,21,0,0,0,0,0,0,100,0,-72,NR N78,17,52464.0,6.25,6383,nan,0,4.35,0.0000
1743430194.6226637,NR5G-SA,CONNECT,TDD,CFE614000,-95,-7,6,21,0,0,0,0,0,0,100,0,-73,NR N78,17,73436.0,8.75,8935,nan,0,4.35,0.0000
1743430195.6836119,NR5G-SA,CONNECT,TDD,CFE614000,-95,-7,6,21,0,0,0,0,0,0,100,0,-72,NR N78,17,52435.0,6.25,6380,nan,0,4.35,0.0000
1743430196.7541497,NR5G-SA,CONNECT,TDD,CFE614000,-94,-7,6,21,0,0,0,0,0,0,100,0,-72,NR N78,16,52400.0,6.25,6375,nan,0,4.35,0.0000
1743430197.839196,NR5G-SA,CONNECT,TDD,CFE614000,-94,-7,6,21,0,0,0,0,0,0,100,0,-72,NR N78,16,52385.0,6.25,6374,nan,0,4.35,0.0000
1743430198.9103003,NR5G-SA,CONNECT,TDD,CFE614000,-94,-7,6,21,0,0,0,0,0,0,100,0,-72,NR N78,18,52468.0,6.25,6384,nan,0,4.35,0.0000
1743430199.9965346,NR5G-SA,CONNECT,TDD,CFE614000,-95,-7,6,21,0,0,0,0,0,0,100,0,-72,NR N78,18,52393.0,6.25,6374,nan,0,4.35,0.0000
1743430201.0475688,NR5G-SA,CONNECT,TDD,CFE614000,-95,-7,6,21,0,0,0,0,0,0,100,0,-72,NR N78,16,52499.0,6.25,6387,nan,0,4.35,0.0000
1743430202.1699889,NR5G-SA,CONNECT,TDD,CFE614000,-95,-8,6,21,0,0,0,0,0,0,100,0,-72,NR N78,16,52422.0,6.25,6378,nan,0,4.35,0.0000
1743430203.2284186,NR5G-SA,CONNECT,TDD,CFE614000,-95,-7,5,21,0,0,0,0,0,0,100,0,-72,NR N78,18,52442.0,6.25,6380,nan,0,4.35,0.0000
1743430204.3239787,NR5G-SA,CONNECT,TDD,CFE614000,-95,-7,6,21,0,0,0,0,0,0,100,0,-72,NR N78,18,41915.0,5.0,5100,nan,0,4.35,0.0000
1743430205.4007864,NR5G-SA,CONNECT,TDD,CFE614000,-94,-7,5,21,0,0,0,0,0,0,100,0,-72,NR N78,16,62962.0,7.5,7660,nan,0,4.35,0.0000
1743430206.481222,NR5G-SA,CONNECT,TDD,CFE614000,-94,-8,5,21,0,0,0,0,0,0,100,0,-73,NR N78,16,62934.0,7.5,7657,nan,0,4.35,0.0000
1743430207.5769918,NR5G-SA,CONNECT,TDD,CFE614000,-94,-7,5,21,0,0,0,0,0,0,100,0,-70,NR N78,16,41925.0,5.0,5101,nan,0,4.35,0.0000
1743430208.6222665,NR5G-SA,CONNECT,TDD,CFE614000,-94,-7,5,21,0,0,0,0,0,0,100,0,-72,NR N78,17,62923.0,7.5,7656,nan,0,4.35,0.0000
1743430209.7116861,NR5G-SA,CONNECT,TDD,CFE614000,-93,-7,6,21,0,0,0,0,0,0,100,0,-72,NR N78,17,62918.0,7.5,7655,nan,0,4.35,0.0000
1743430210.7562284,NR5G-SA,CONNECT,TDD,CFE614000,-93,-7,6,21,0,0,0,0,0,0,100,0,-72,NR N78,17,62937.0,7.5,7657,nan,0,4.35,0.0000
1743430211.7943223,NR5G-SA,CONNECT,TDD,CFE614000,-94,-7,6,21,0,0,0,0,0,0,100,0,-72,NR N78,17,62914.0,7.5,7655,nan,0,4.35,0.0000
1743430212.844175,NR5G-SA,CONNECT,TDD,CFE614000,-94,-8,6,21,0,0,0,0,0,0,100,0,-68,NR N78,17,73406.0,8.75,8931,nan,0,4.35,0.0000
1743430213.8914948,NR5G-SA,CONNECT,TDD,CFE614000,-94,-7,6,21,0,0,0,0,0,0,100,0,-72,NR N78,17,62908.0,7.5,7654,nan,0,4.35,0.0000
1743430214.9322562,NR5G-SA,CONNECT,TDD,CFE614000,-94,-7,6,21,0,0,0,0,0,0,100,0,-70,NR N78,17,52409.0,6.25,6376,nan,0,4.35,0.0000
1743430216.0039866,NR5G-SA,CONNECT,TDD,CFE614000,-94,-7,6,21,0,0,0,0,0,0,100,0,-73,NR N78,17,73432.0,8.75,8934,nan,0,4.35,0.0000
1743430217.0385184,NR5G-SA,CONNECT,TDD,CFE614000,-95,-7,5,21,0,0,0,0,0,0,100,0,-72,NR N78,17,62911.0,7.5,7654,nan,0,4.35,0.0000
1743430218.1350584,NR5G-SA,CONNECT,TDD,CFE614000,-95,-7,6,21,0,0,0,0,0,0,100,0,-72,NR N78,17,62906.0,7.5,7654,nan,0,4.35,0.0000
1743430219.1656203,NR5G-SA,CONNECT,TDD,CFE614000,-95,-7,6,21,0,0,0,0,0,0,100,0,-72,NR N78,17,62921.0,7.5,7655,nan,0,4.35,0.0000
1743430220.2435505,NR5G-SA,CONNECT,TDD,CFE614000,-94,-7,6,21,0,0,0,0,0,0,100,0,-70,NR N78,17,62903.0,7.5,7653,nan,0,4.35,0.0000
1743430221.2786734,NR5G-SA,CONNECT,TDD,CFE614000,-94,-7,6,21,0,0,0,0,0,0,100,0,-71,NR N78,17,62932.0,7.5,7657,nan,0,4.35,0.0000
1743430222.336569,NR5G-SA,CONNECT,TDD,CFE614000,-94,-7,6,21,0,0,0,0,0,0,100,0,-72,NR N78,17,62912.0,7.5,7654,nan,0,4.35,0.0000
1743430223.4313962,NR5G-SA,CONNECT,TDD,CFE614000,-94,-7,6,21,0,0,0,0,0,0,100,0,-72,NR N78,17,52426.0,6.25,6378,nan,0,4.35,0.0000
1743430224.4943302,NR5G-SA,CONNECT,TDD,CFE614000,-94,-7,6,21,0,0,0,0,0,0,100,0,-72,NR N78,15,52421.0,6.25,6378,nan,0,4.35,0.0000
1743430225.5613534,NR5G-SA,CONNECT,TDD,CFE614000,-94,-7,6,21,0,0,0,0,0,0,100,0,-71,NR N78,15,41949.0,5.0,5104,nan,0,4.35,0.0000
1743430226.655514,NR5G-SA,CONNECT,TDD,CFE614000,-94,-7,6,21,0,0,0,0,0,0,100,0,-71,NR N78,16,41942.0,5.0,5103,nan,0,4.35,0.0000
1743430227.7041862,NR5G-SA,CONNECT,TDD,CFE614000,-95,-7,6,21,0,0,0,0,0,0,100,0,-71,NR N78,16,41950.0,5.0,5104,nan,0,4.35,0.0000
1743430228.7659478,NR5G-SA,CONNECT,TDD,CFE614000,-95,-7,6,21,0,0,0,0,0,0,100,0,-72,NR N78,16,31457.0,3.75,3827,nan,0,4.35,0.0000
1743430229.8546276,NR5G-SA,CONNECT,TDD,CFE614000,-95,-8,5,21,0,0,0,0,0,0,100,0,-71,NR N78,16,41943.0,5.0,5103,nan,0,4.35,0.0000
1743430230.9449193,NR5G-SA,CONNECT,TDD,CFE614000,-95,-8,5,21,0,0,0,0,0,0,100,0,-72,NR N78,14,31457.0,3.75,3827,nan,0,4.35,0.0000
1743430232.0245917,NR5G-SA,CONNECT,TDD,CFE614000,-94,-9,5,21,0,0,0,0,0,0,100,0,-68,NR N78,14,41941.0,5.0,5103,nan,0,4.35,0.0000
1743430233.1187785,NR5G-SA,CONNECT,TDD,CFE614000,-94,-9,5,21,0,0,0,0,0,0,100,0,-68,NR N78,14,41946.0,5.0,5103,nan,0,4.35,0.0000
1743430234.169789,NR5G-SA,CONNECT,TDD,CFE614000,-94,-9,5,21,0,0,0,0,0,0,100,0,-70,NR N78,14,41932.0,5.0,5102,nan,0,4.35,0.0000
1743430235.2384076,NR5G-SA,CONNECT,TDD,CFE614000,-94,-8,5,21,0,0,0,0,0,0,100,0,-72,NR N78,14,62930.0,7.5,7656,nan,0,4.35,0.0000
1743430236.2849505,NR5G-SA,CONNECT,TDD,CFE614000,-94,-8,5,21,0,0,0,0,0,0,100,0,-72,NR N78,14,41940.0,5.0,5103,nan,0,4.35,0.0000
1743430237.3707373,NR5G-SA,CONNECT,TDD,CFE614000,-94,-8,5,21,0,0,0,0,0,0,100,0,-72,NR N78,15,41960.0,5.0,5105,nan,0,4.35,0.0000
1743430238.4731636,NR5G-SA,CONNECT,TDD,CFE614000,-94,-8,5,21,0,0,0,0,0,0,100,0,-72,NR N78,14,41935.0,5.0,5102,nan,0,4.35,0.0000
1743430239.5183806,NR5G-SA,CONNECT,TDD,CFE614000,-95,-7,5,21,0,0,0,0,0,0,100,0,-72,NR N78,14,52431.0,6.25,6379,nan,0,4.35,0.0000
1743430240.572165,NR5G-SA,CONNECT,TDD,CFE614000,-95,-8,5,21,0,0,0,0,0,0,100,0,-72,NR N78,15,31454.0,3.75,3827,nan,0,4.35,0.0000
1743430241.6378164,NR5G-SA,CONNECT,TDD,CFE614000,-95,-8,5,21,0,0,0,0,0,0,100,0,-72,NR N78,15,52434.0,6.25,6379,nan,0,4.35,0.0000
1743430242.69247,NR5G-SA,CONNECT,TDD,CFE614000,-95,-8,5,21,0,0,0,0,0,0,100,0,-71,NR N78,15,41933.0,5.0,5102,nan,0,4.35,0.0000
1743430243.79473,NR5G-SA,CONNECT,TDD,CFE614000,-96,-8,5,21,0,0,0,0,0,0,100,0,-73,NR N78,15,31463.0,3.75,3828,nan,0,4.35,0.0000
1743430244.8896024,NR5G-SA,CONNECT,TDD,CFE614000,-96,-8,5,21,0,0,0,0,0,0,100,0,-72,NR N78,14,20969.0,2.5,2551,nan,0,4.35,0.0000
1743430245.936069,NR5G-SA,CONNECT,TDD,CFE614000,-95,-8,5,21,0,0,0,0,0,0,100,0,-73,NR N78,14,41947.0,5.0,5104,nan,0,4.35,0.0000
1743430247.0354116,NR5G-SA,CONNECT,TDD,CFE614000,-95,-8,5,21,0,0,0,0,0,0,100,0,-73,NR N78,14,52440.0,6.25,6380,nan,0,4.35,0.0000
1743430248.0791614,NR5G-SA,CONNECT,TDD,CFE614000,-94,-8,4,21,0,0,0,0,0,0,100,0,-73,NR N78,14,41935.0,5.0,5102,nan,0,4.35,0.0000
1743430249.1145892,NR5G-SA,CONNECT,TDD,CFE614000,-94,-8,4,21,0,0,0,0,0,0,100,0,-71,NR N78,14,52431.0,6.25,6379,nan,0,4.35,0.0000
1743430250.1461906,NR5G-SA,CONNECT,TDD,CFE614000,-93,-8,5,21,0,0,0,0,0,0,100,0,-70,NR N78,14,52432.0,6.25,6379,nan,0,4.35,0.0000
1743430251.2069743,NR5G-SA,CONNECT,TDD,CFE614000,-93,-8,5,21,0,0,0,0,0,0,100,0,-70,NR N78,17,52392.0,6.25,6374,nan,0,4.35,0.0000
1743430252.2585437,NR5G-SA,CONNECT,TDD,CFE614000,-92,-8,5,21,0,0,0,0,0,0,100,0,-70,NR N78,17,52471.0,6.25,6384,nan,0,4.35,0.0000
1743430253.3316936,NR5G-SA,CONNECT,TDD,CFE614000,-91,-7,4,21,0,0,0,0,0,0,100,0,-70,NR N78,16,62907.0,7.5,7654,nan,0,4.35,0.0000
1743430254.4404743,NR5G-SA,CONNECT,TDD,CFE614000,-92,-7,5,21,0,0,0,0,0,0,100,0,-72,NR N78,16,52435.0,6.25,6380,nan,0,4.35,0.0000
1743430255.514202,NR5G-SA,CONNECT,TDD,CFE614000,-93,-6,6,21,0,0,0,0,0,0,100,0,-73,NR N78,16,62919.0,7.5,7655,nan,0,4.35,0.0000
1743430256.5732615,NR5G-SA,CONNECT,TDD,CFE614000,-93,-7,6,21,0,0,0,0,0,0,100,0,-71,NR N78,16,62764.0,7.5,7636,nan,0,4.35,0.0000
1743430257.6368258,NR5G-SA,CONNECT,TDD,CFE614000,-93,-7,5,21,0,0,0,0,0,0,100,0,-72,NR N78,16,52549.0,6.25,6393,nan,0,4.35,0.0000
1743430258.6802347,NR5G-SA,CONNECT,TDD,CFE614000,-93,-7,5,21,0,0,0,0,0,0,100,0,-71,NR N78,16,52436.0,6.25,6380,nan,0,4.35,0.0000
1743430259.75024,NR5G-SA,CONNECT,TDD,CFE614000,-93,-7,5,21,0,0,0,0,0,0,100,0,-73,NR N78,16,52422.0,6.25,6378,nan,0,4.35,0.0000
1743430260.834581,NR5G-SA,CONNECT,TDD,CFE614000,-93,-7,6,21,0,0,0,0,0,0,100,0,-70,NR N78,16,62918.0,7.5,7655,nan,0,4.35,0.0000
1743430261.9275277,NR5G-SA,CONNECT,TDD,CFE614000,-92,-7,6,21,0,0,0,0,0,0,100,0,-70,NR N78,16,41942.0,5.0,5103,nan,0,4.35,0.0000
1743430263.0201077,NR5G-SA,CONNECT,TDD,CFE614000,-91,-7,6,21,0,0,0,0,0,0,100,0,-71,NR N78,16,31446.0,3.75,3826,nan,0,4.35,0.0000
1743430264.1298275,NR5G-SA,CONNECT,TDD,CFE614000,-91,-7,7,21,0,0,0,0,0,0,100,0,-70,NR N78,16,31457.0,3.75,3827,nan,0,4.35,0.0000
1743430265.237356,NR5G-SA,CONNECT,TDD,CFE614000,-90,-7,6,21,0,0,0,0,0,0,100,0,-71,NR N78,15,41954.0,5.0,5104,nan,0,4.35,0.0000
1743430266.3134437,NR5G-SA,CONNECT,TDD,CFE614000,-90,-6,6,21,0,0,0,0,0,0,100,0,-70,NR N78,15,41948.0,5.0,5104,nan,0,4.35,0.0000
1743430267.3579621,NR5G-SA,CONNECT,TDD,CFE614000,-92,-7,6,21,0,0,0,0,0,0,100,0,-72,NR N78,14,41936.0,5.0,5102,nan,0,4.35,0.0000
1743430268.4034302,NR5G-SA,CONNECT,TDD,CFE614000,-93,-7,5,21,0,0,0,0,0,0,100,0,-72,NR N78,14,41945.0,5.0,5103,nan,0,4.35,0.0000
1743430269.4920979,NR5G-SA,CONNECT,TDD,CFE614000,-93,-7,5,21,0,0,0,0,0,0,100,0,-72,NR N78,14,41943.0,5.0,5103,nan,0,4.35,0.0000
1743430270.599457,NR5G-SA,CONNECT,TDD,CFE614000,-92,-7,4,21,0,0,0,0,0,0,100,0,-72,NR N78,15,52428.0,6.25,6379,nan,0,4.35,0.0000
1743430271.7171884,NR5G-SA,CONNECT,TDD,CFE614000,-92,-6,5,21,0,0,0,0,0,0,100,0,-72,NR N78,15,52435.0,6.25,6380,nan,0,4.35,0.0000
1743430272.7879765,NR5G-SA,CONNECT,TDD,CFE614000,-92,-7,5,21,0,0,0,0,0,0,100,0,-71,NR N78,15,41944.0,5.0,5103,nan,0,4.35,0.0000
1743430273.84456,NR5G-SA,CONNECT,TDD,CFE614000,-92,-6,5,21,0,0,0,0,0,0,100,0,-72,NR N78,15,41938.0,5.0,5102,nan,0,4.35,0.0000
1743430274.8904731,NR5G-SA,CONNECT,TDD,CFE614000,-92,-7,5,21,0,0,0,0,0,0,100,0,-72,NR N78,17,62919.0,7.5,7655,nan,0,4.35,0.0000
1743430275.9459221,NR5G-SA,CONNECT,TDD,CFE614000,-91,-6,5,21,0,0,0,0,0,0,100,0,-72,NR N78,17,52425.0,6.25,6378,nan,0,4.35,0.0000
1743430277.0150678,NR5G-SA,CONNECT,TDD,CFE614000,-92,-7,5,21,0,0,0,0,0,0,100,0,-72,NR N78,18,62911.0,7.5,7654,nan,0,4.35,0.0000
1743430278.117122,NR5G-SA,CONNECT,TDD,CFE614000,-92,-7,6,21,0,0,0,0,0,0,100,0,-71,NR N78,18,41939.0,5.0,5103,nan,0,4.35,0.0000
1743430279.2063575,NR5G-SA,CONNECT,TDD,CFE614000,-92,-7,5,21,0,0,0,0,0,0,100,0,-72,NR N78,17,41943.0,5.0,5103,nan,0,4.35,0.0000
1743430280.2703152,NR5G-SA,CONNECT,TDD,CFE614000,-93,-7,5,21,0,0,0,0,0,0,100,0,-72,NR N78,17,52435.0,6.25,6380,nan,0,4.35,0.0000
1743430281.3408263,NR5G-SA,CONNECT,TDD,CFE614000,-93,-7,6,21,0,0,0,0,0,0,100,0,-72,NR N78,17,52429.0,6.25,6379,nan,0,4.35,0.0000
1743430282.3783302,NR5G-SA,CONNECT,TDD,CFE614000,-93,-7,6,21,0,0,0,0,0,0,100,0,-71,NR N78,17,62920.0,7.5,7655,nan,0,4.35,0.0000
1743430283.4906785,NR5G-SA,CONNECT,TDD,CFE614000,-93,-8,6,21,0,0,0,0,0,0,100,0,-71,NR N78,17,62807.0,7.5,7642,nan,0,4.35,0.0000
1743430284.5920792,NR5G-SA,CONNECT,TDD,CFE614000,-93,-7,6,21,0,0,0,0,0,0,100,0,-72,NR N78,18,52516.0,6.25,6389,nan,0,4.35,0.0000
1743430285.6665163,NR5G-SA,CONNECT,TDD,CFE614000,-93,-8,5,21,0,0,0,0,0,0,100,0,-72,NR N78,18,52431.0,6.25,6379,nan,0,4.35,0.0000
1743430286.739373,NR5G-SA,CONNECT,TDD,CFE614000,-93,-8,4,21,0,0,0,0,0,0,100,0,-72,NR N78,18,31451.0,3.75,3827,nan,0,4.35,0.0000
1743430287.79257,NR5G-SA,CONNECT,TDD,CFE614000,-93,-8,4,21,0,0,0,0,0,0,100,0,-72,NR N78,18,52434.0,6.25,6379,nan,0,4.35,0.0000
1743430288.8893008,NR5G-SA,CONNECT,TDD,CFE614000,-94,-8,5,21,0,0,0,0,0,0,100,0,-72,NR N78,17,52434.0,6.25,6379,nan,0,4.35,0.0000
1743430289.9229865,NR5G-SA,CONNECT,TDD,CFE614000,-94,-7,6,21,0,0,0,0,0,0,100,0,-69,NR N78,17,41942.0,5.0,5103,nan,0,4.35,0.0000
1743430290.9667811,NR5G-SA,CONNECT,TDD,CFE614000,-94,-7,6,21,0,0,0,0,0,0,100,0,-72,NR N78,16,62914.0,7.5,7655,nan,0,4.35,0.0000
1743430292.040142,NR5G-SA,CONNECT,TDD,CFE614000,-93,-7,6,21,0,0,0,0,0,0,100,0,-72,NR N78,16,52430.0,6.25,6379,nan,0,4.35,0.0000
1743430293.0875185,NR5G-SA,CONNECT,TDD,CFE614000,-93,-7,6,21,0,0,0,0,0,0,100,0,-72,NR N78,16,41937.0,5.0,5102,nan,0,4.35,0.0000
1743430294.1758447,NR5G-SA,CONNECT,TDD,CFE614000,-92,-7,5,21,0,0,0,0,0,0,100,0,-71,NR N78,16,41949.0,5.0,5104,nan,0,4.35,0.0000
1743430295.2488837,NR5G-SA,CONNECT,TDD,CFE614000,-92,-6,5,21,0,0,0,0,0,0,100,0,-72,NR N78,15,31452.0,3.75,3827,nan,0,4.35,0.0000
1743430296.3471591,NR5G-SA,CONNECT,TDD,CFE614000,-92,-7,5,21,0,0,0,0,0,0,100,0,-72,NR N78,18,62908.0,7.5,7654,nan,0,4.35,0.0000
1743430297.4290357,NR5G-SA,CONNECT,TDD,CFE614000,-93,-7,5,21,0,0,0,0,0,0,100,0,-72,NR N78,18,62917.0,7.5,7655,nan,0,4.35,0.0000
1743430298.469685,NR5G-SA,CONNECT,TDD,CFE614000,-93,-8,4,21,0,0,0,0,0,0,100,0,-72,NR N78,18,52426.0,6.25,6378,nan,0,4.35,0.0000
1743430299.5027173,NR5G-SA,CONNECT,TDD,CFE614000,-93,-8,4,21,0,0,0,0,0,0,100,0,-72,NR N78,18,62914.0,7.5,7655,nan,0,4.35,0.0000
1743430300.54391,NR5G-SA,CONNECT,TDD,CFE614000,-93,-8,4,21,0,0,0,0,0,0,100,0,-72,NR N78,18,62921.0,7.5,7655,nan,0,4.35,0.0000
1743430301.5853248,NR5G-SA,CONNECT,TDD,CFE614000,-93,-9,5,21,0,0,0,0,0,0,100,0,-71,NR N78,18,41944.0,5.0,5103,nan,0,4.35,0.0000
1743430302.6227608,NR5G-SA,CONNECT,TDD,CFE614000,-93,-8,5,21,0,0,0,0,0,0,100,0,-72,NR N78,18,41934.0,5.0,5102,nan,0,4.35,0.0000
1743430303.6608958,NR5G-SA,CONNECT,TDD,CFE614000,-94,-9,4,21,0,0,0,0,0,0,100,0,-73,NR N78,18,52440.0,6.25,6380,nan,0,4.35,0.0000
1743430304.70246,NR5G-SA,CONNECT,TDD,CFE614000,-94,-8,4,21,0,0,0,0,0,0,100,0,-71,NR N78,18,52421.0,6.25,6378,nan,0,4.35,0.0000
1743430305.7941883,NR5G-SA,CONNECT,TDD,CFE614000,-93,-8,5,21,0,0,0,0,0,0,100,0,-72,NR N78,18,52432.0,6.25,6379,nan,0,4.35,0.0000
1743430306.8668685,NR5G-SA,CONNECT,TDD,CFE614000,-93,-7,5,21,0,0,0,0,0,0,100,0,-72,NR N78,17,52429.0,6.25,6379,nan,0,4.35,0.0000
1743430307.9539428,NR5G-SA,CONNECT,TDD,CFE614000,-94,-8,4,21,0,0,0,0,0,0,100,0,-72,NR N78,17,41942.0,5.0,5103,nan,0,4.35,0.0000
1743430309.030348,NR5G-SA,CONNECT,TDD,CFE614000,-94,-8,5,21,0,0,0,0,0,0,100,0,-72,NR N78,17,41945.0,5.0,5103,nan,0,4.35,0.0000
1743430310.0748737,NR5G-SA,CONNECT,TDD,CFE614000,-93,-8,5,21,0,0,0,0,0,0,100,0,-73,NR N78,17,52421.0,6.25,6378,nan,0,4.35,0.0000
1743430311.2050207,NR5G-SA,CONNECT,TDD,CFE614000,-93,-7,5,21,0,0,0,0,0,0,100,0,-72,NR N78,18,41950.0,5.0,5104,nan,0,4.35,0.0000
1743430312.287528,NR5G-SA,CONNECT,TDD,CFE614000,-92,-6,5,21,0,0,0,0,0,0,100,0,-72,NR N78,17,41946.0,5.0,5103,nan,0,4.35,0.0000
1743430313.3626773,NR5G-SA,CONNECT,TDD,CFE614000,-92,-6,6,21,0,0,0,0,0,0,100,0,-73,NR N78,17,52435.0,6.25,6380,nan,0,4.35,0.0000
1743430314.422503,NR5G-SA,CONNECT,TDD,CFE614000,-93,-7,6,21,0,0,0,0,0,0,100,0,-73,NR N78,19,62908.0,7.5,7654,nan,0,4.35,0.0000
1743430315.4630814,NR5G-SA,CONNECT,TDD,CFE614000,-93,-7,6,21,0,0,0,0,0,0,100,0,-72,NR N78,19,62923.0,7.5,7656,nan,0,4.35,0.0000
1743430316.521893,NR5G-SA,CONNECT,TDD,CFE614000,-93,-7,5,21,0,0,0,0,0,0,100,0,-72,NR N78,19,62913.0,7.5,7654,nan,0,4.35,0.0000
1743430317.5908067,NR5G-SA,CONNECT,TDD,CFE614000,-94,-7,5,21,0,0,0,0,0,0,100,0,-71,NR N78,19,73382.0,8.75,8928,nan,0,4.35,0.0000
1743430318.647299,NR5G-SA,CONNECT,TDD,CFE614000,-93,-7,6,21,0,0,0,0,0,0,100,0,-72,NR N78,20,62914.0,7.5,7655,nan,0,4.35,0.0000
1743430319.696365,NR5G-SA,CONNECT,TDD,CFE614000,-93,-8,5,21,0,0,0,0,0,0,100,0,-72,NR N78,20,52445.0,6.25,6381,nan,0,4.35,0.0000
1743430320.7878182,NR5G-SA,CONNECT,TDD,CFE614000,-93,-7,6,21,0,0,0,0,0,0,100,0,-71,NR N78,20,41940.0,5.0,5103,nan,0,4.35,0.0000
1743430321.89325,NR5G-SA,CONNECT,TDD,CFE614000,-94,-8,6,21,0,0,0,0,0,0,100,0,-72,NR N78,20,41935.0,5.0,5102,nan,0,4.35,0.0000
1743430322.937599,NR5G-SA,CONNECT,TDD,CFE614000,-93,-8,5,21,0,0,0,0,0,0,100,0,-72,NR N78,20,41943.0,5.0,5103,nan,0,4.35,0.0000
1743430323.9981344,NR5G-SA,CONNECT,TDD,CFE614000,-93,-7,5,21,0,0,0,0,0,0,100,0,-72,NR N78,20,62893.0,7.5,7652,nan,0,4.35,0.0000
1743430325.074702,NR5G-SA,CONNECT,TDD,CFE614000,-92,-7,6,21,0,0,0,0,0,0,100,0,-72,NR N78,19,62952.0,7.5,7659,nan,0,4.35,0.0000
1743430326.151667,NR5G-SA,CONNECT,TDD,CFE614000,-92,-6,7,21,0,0,0,0,0,0,100,0,-72,NR N78,19,62917.0,7.5,7655,nan,0,4.35,0.0000
1743430327.1928108,NR5G-SA,CONNECT,TDD,CFE614000,-93,-6,7,21,0,0,0,0,0,0,100,0,-72,NR N78,17,52385.0,6.25,6374,nan,0,4.35,0.0000
1743430328.222056,NR5G-SA,CONNECT,TDD,CFE614000,-93,-6,7,21,0,0,0,0,0,0,100,0,-71,NR N78,17,52469.0,6.25,6384,nan,0,4.35,0.0000
1743430329.268829,NR5G-SA,CONNECT,TDD,CFE614000,-93,-7,6,21,0,0,0,0,0,0,100,0,-72,NR N78,17,52426.0,6.25,6378,nan,0,4.35,0.0000
1743430330.3693268,NR5G-SA,CONNECT,TDD,CFE614000,-93,-7,6,21,0,0,0,0,0,0,100,0,-72,NR N78,18,52421.0,6.25,6378,nan,0,4.35,0.0000
1743430331.4663246,NR5G-SA,CONNECT,TDD,CFE614000,-93,-8,5,21,0,0,0,0,0,0,100,0,-72,NR N78,18,52428.0,6.25,6379,nan,0,4.35,0.0000
1743430332.554454,NR5G-SA,CONNECT,TDD,CFE614000,-94,-7,6,21,0,0,0,0,0,0,100,0,-72,NR N78,19,52431.0,6.25,6379,nan,0,4.35,0.0000
1743430333.5977066,NR5G-SA,CONNECT,TDD,CFE614000,-94,-8,5,21,0,0,0,0,0,0,100,0,-72,NR N78,19,73406.0,8.75,8931,nan,0,4.35,0.0000
1743430334.6793122,NR5G-SA,CONNECT,TDD,CFE614000,-94,-8,5,21,0,0,0,0,0,0,100,0,-73,NR N78,19,62915.0,7.5,7655,nan,0,4.35,0.0000
1743430335.733383,NR5G-SA,CONNECT,TDD,CFE614000,-93,-7,5,21,0,0,0,0,0,0,100,0,-72,NR N78,19,62915.0,7.5,7655,nan,0,4.35,0.0000
1743430336.8429887,NR5G-SA,CONNECT,TDD,CFE614000,-93,-7,6,21,0,0,0,0,0,0,100,0,-71,NR N78,19,62899.0,7.5,7653,nan,0,4.35,0.0000
1743430337.9137523,NR5G-SA,CONNECT,TDD,CFE614000,-92,-7,6,21,0,0,0,0,0,0,100,0,-72,NR N78,19,62925.0,7.5,7656,nan,0,4.35,0.0000
1743430338.9696202,NR5G-SA,CONNECT,TDD,CFE614000,-91,-6,7,21,0,0,0,0,0,0,100,0,-71,NR N78,18,73408.0,8.75,8931,nan,0,4.35,0.0000
1743430340.0254374,NR5G-SA,CONNECT,TDD,CFE614000,-91,-6,6,21,0,0,0,0,0,0,100,0,-68,NR N78,18,62885.0,7.5,7651,nan,0,4.35,0.0000
1743430341.0867655,NR5G-SA,CONNECT,TDD,CFE614000,-91,-6,6,21,0,0,0,0,0,0,100,0,-72,NR N78,18,62937.0,7.5,7657,nan,0,4.35,0.0000
1743430342.152847,NR5G-SA,CONNECT,TDD,CFE614000,-91,-6,6,21,0,0,0,0,0,0,100,0,-72,NR N78,18,73390.0,8.75,8929,nan,0,4.35,0.0000
1743430343.1835983,NR5G-SA,CONNECT,TDD,CFE614000,-92,-7,6,21,0,0,0,0,0,0,100,0,-71,NR N78,19,73407.0,8.75,8931,nan,0,4.35,0.0000
1743430344.239468,NR5G-SA,CONNECT,TDD,CFE614000,-92,-7,6,21,0,0,0,0,0,0,100,0,-72,NR N78,19,73407.0,8.75,8931,nan,0,4.35,0.0000
1743430345.3108375,NR5G-SA,CONNECT,TDD,CFE614000,-92,-7,6,21,0,0,0,0,0,0,100,0,-73,NR N78,19,73396.0,8.75,8930,nan,0,4.35,0.0000
1743430346.3806236,NR5G-SA,CONNECT,TDD,CFE614000,-93,-7,6,21,0,0,0,0,0,0,100,0,-72,NR N78,19,73165.0,8.75,8902,nan,0,4.35,0.0000
1743430347.416963,NR5G-SA,CONNECT,TDD,CFE614000,-93,-7,6,21,0,0,0,0,0,0,100,0,-72,NR N78,19,63111.0,7.5,7679,nan,0,4.35,0.0000
1743430348.5100925,NR5G-SA,CONNECT,TDD,CFE614000,-92,-7,6,21,0,0,0,0,0,0,100,0,-72,NR N78,21,31462.0,3.75,3828,nan,0,4.35,0.0000
1743430349.5868323,NR5G-SA,CONNECT,TDD,CFE614000,-92,-7,6,21,0,0,0,0,0,0,100,0,-71,NR N78,21,73381.0,8.75,8928,nan,0,4.35,0.0000
1743430350.6531985,NR5G-SA,CONNECT,TDD,CFE614000,-92,-7,6,21,0,0,0,0,0,0,100,0,-72,NR N78,20,73302.0,8.75,8918,nan,0,4.35,0.0000
1743430351.7121282,NR5G-SA,CONNECT,TDD,CFE614000,-92,-7,6,21,0,0,0,0,0,0,100,0,-72,NR N78,20,63003.0,7.5,7665,nan,0,4.35,0.0000
1743430352.7708113,NR5G-SA,CONNECT,TDD,CFE614000,-92,-7,6,21,0,0,0,0,0,0,100,0,-71,NR N78,20,83894.0,10.0,10207,nan,0,4.35,0.0000
1743430353.8585632,NR5G-SA,CONNECT,TDD,CFE614000,-92,-7,6,21,0,0,0,0,0,0,100,0,-72,NR N78,20,73400.0,8.75,8930,nan,0,4.35,0.0000
1743430354.8932028,NR5G-SA,CONNECT,TDD,CFE614000,-92,-7,6,21,0,0,0,0,0,0,100,0,-72,NR N78,20,73401.0,8.75,8930,nan,0,4.35,0.0000
1743430355.944119,NR5G-SA,CONNECT,TDD,CFE614000,-92,-7,6,21,0,0,0,0,0,0,100,0,-72,NR N78,20,73410.0,8.75,8932,nan,0,4.35,0.0000
1743430357.061387,NR5G-SA,CONNECT,TDD,CFE614000,-92,-7,6,21,0,0,0,0,0,0,100,0,-71,NR N78,20,73394.0,8.75,8930,nan,0,4.35,0.0000
1743430358.1045825,NR5G-SA,CONNECT,TDD,CFE614000,-91,-6,6,21,0,0,0,0,0,0,100,0,-72,NR N78,20,73405.0,8.75,8931,nan,0,4.35,0.0000
1743430359.1512854,NR5G-SA,CONNECT,TDD,CFE614000,-91,-6,6,21,0,0,0,0,0,0,100,0,-72,NR N78,19,73401.0,8.75,8930,nan,0,4.35,0.0000
1743430360.219032,NR5G-SA,CONNECT,TDD,CFE614000,-92,-7,5,21,0,0,0,0,0,0,100,0,-72,NR N78,19,62916.0,7.5,7655,nan,0,4.35,0.0000
1743430361.2740488,NR5G-SA,CONNECT,TDD,CFE614000,-92,-7,5,21,0,0,0,0,0,0,100,0,-72,NR N78,20,73400.0,8.75,8930,nan,0,4.35,0.0000
1743430362.323535,NR5G-SA,CONNECT,TDD,CFE614000,-92,-7,5,21,0,0,0,0,0,0,100,0,-72,NR N78,20,73409.0,8.75,8931,nan,0,4.35,0.0000
1743430363.3631625,NR5G-SA,CONNECT,TDD,CFE614000,-92,-7,6,21,0,0,0,0,0,0,100,0,-72,NR N78,20,52417.0,6.25,6377,nan,0,4.35,0.0000
1743430364.4359944,NR5G-SA,CONNECT,TDD,CFE614000,-93,-7,6,21,0,0,0,0,0,0,100,0,-73,NR N78,19,62935.0,7.5,7657,nan,0,4.35,0.0000
1743430365.5260668,NR5G-SA,CONNECT,TDD,CFE614000,-93,-7,6,21,0,0,0,0,0,0,100,0,-72,NR N78,19,62910.0,7.5,7654,nan,0,4.35,0.0000
1743430366.5922325,NR5G-SA,CONNECT,TDD,CFE614000,-93,-7,6,21,0,0,0,0,0,0,100,0,-73,NR N78,19,73396.0,8.75,8930,nan,0,4.35,0.0000
1743430367.666303,NR5G-SA,CONNECT,TDD,CFE614000,-93,-7,6,21,0,0,0,0,0,0,100,0,-72,NR N78,19,62916.0,7.5,7655,nan,0,4.35,0.0000
1743430368.707441,NR5G-SA,CONNECT,TDD,CFE614000,-93,-7,6,21,0,0,0,0,0,0,100,0,-72,NR N78,19,73404.0,8.75,8931,nan,0,4.35,0.0000
1743430369.754267,NR5G-SA,CONNECT,TDD,CFE614000,-93,-7,6,21,0,0,0,0,0,0,100,0,-73,NR N78,19,73404.0,8.75,8931,nan,0,4.35,0.0000
1743430370.801981,NR5G-SA,CONNECT,TDD,CFE614000,-94,-8,5,21,0,0,0,0,0,0,100,0,-72,NR N78,19,73387.0,8.75,8929,nan,0,4.35,0.0000
1743430371.833473,NR5G-SA,CONNECT,TDD,CFE614000,-94,-8,5,21,0,0,0,0,0,0,100,0,-72,NR N78,19,62920.0,7.5,7655,nan,0,4.35,0.0000
1743430372.8663423,NR5G-SA,CONNECT,TDD,CFE614000,-94,-8,5,21,0,0,0,0,0,0,100,0,-72,NR N78,20,62921.0,7.5,7655,nan,0,4.35,0.0000
1743430373.934651,NR5G-SA,CONNECT,TDD,CFE614000,-92,-7,6,21,0,0,0,0,0,0,100,0,-71,NR N78,20,62907.0,7.5,7654,nan,0,4.35,0.0000
1743430374.9763508,NR5G-SA,CONNECT,TDD,CFE614000,-91,-6,7,21,0,0,0,0,0,0,100,0,-72,NR N78,20,62914.0,7.5,7655,nan,0,4.35,0.0000
1743430376.0111895,NR5G-SA,CONNECT,TDD,CFE614000,-92,-7,6,21,0,0,0,0,0,0,100,0,-72,NR N78,20,73408.0,8.75,8931,nan,0,4.35,0.0000
1743430377.090249,NR5G-SA,CONNECT,TDD,CFE614000,-92,-7,5,21,0,0,0,0,0,0,100,0,-72,NR N78,20,73401.0,8.75,8930,nan,0,4.35,0.0000
1743430378.1370947,NR5G-SA,CONNECT,TDD,CFE614000,-92,-7,4,21,0,0,0,0,0,0,100,0,-72,NR N78,20,73399.0,8.75,8930,nan,0,4.35,0.0000
1743430379.1905909,NR5G-SA,CONNECT,TDD,CFE614000,-92,-7,4,21,0,0,0,0,0,0,100,0,-72,NR N78,20,73402.0,8.75,8931,nan,0,4.35,0.0000
1743430380.2855752,NR5G-SA,CONNECT,TDD,CFE614000,-93,-8,5,21,0,0,0,0,0,0,100,0,-71,NR N78,19,62910.0,7.5,7654,nan,0,4.35,0.0000
1743430381.3663468,NR5G-SA,CONNECT,TDD,CFE614000,-93,-7,5,21,0,0,0,0,0,0,100,0,-73,NR N78,19,73403.0,8.75,8931,nan,0,4.35,0.0000
1743430382.4342644,NR5G-SA,CONNECT,TDD,CFE614000,-93,-7,6,21,0,0,0,0,0,0,100,0,-72,NR N78,19,62901.0,7.5,7653,nan,0,4.35,0.0000
1743430383.4635792,NR5G-SA,CONNECT,TDD,CFE614000,-93,-7,6,21,0,0,0,0,0,0,100,0,-72,NR N78,19,73417.0,8.75,8932,nan,0,4.35,0.0000
1743430384.4987445,NR5G-SA,CONNECT,TDD,CFE614000,-93,-8,6,21,0,0,0,0,0,0,100,0,-72,NR N78,20,73393.0,8.75,8929,nan,0,4.35,0.0000
1743430385.5969307,NR5G-SA,CONNECT,TDD,CFE614000,-93,-8,6,21,0,0,0,0,0,0,100,0,-72,NR N78,20,73408.0,8.75,8931,nan,0,4.35,0.0000
1743430386.6467066,NR5G-SA,CONNECT,TDD,CFE614000,-93,-8,6,21,0,0,0,0,0,0,100,0,-72,NR N78,20,62896.0,7.5,7652,nan,0,4.35,0.0000
1743430387.7044165,NR5G-SA,CONNECT,TDD,CFE614000,-94,-8,5,21,0,0,0,0,0,0,100,0,-72,NR N78,20,62925.0,7.5,7656,nan,0,4.35,0.0000
1743430388.7453244,NR5G-SA,CONNECT,TDD,CFE614000,-94,-8,5,21,0,0,0,0,0,0,100,0,-72,NR N78,19,73409.0,8.75,8931,nan,0,4.35,0.0000
1743430389.7764814,NR5G-SA,CONNECT,TDD,CFE614000,-94,-8,5,21,0,0,0,0,0,0,100,0,-72,NR N78,19,73397.0,8.75,8930,nan,0,4.35,0.0000
1743430390.8348997,NR5G-SA,CONNECT,TDD,CFE614000,-94,-8,5,21,0,0,0,0,0,0,100,0,-72,NR N78,20,83876.0,10.0,10205,nan,0,4.35,0.0000
1743430391.8791046,NR5G-SA,CONNECT,TDD,CFE614000,-94,-8,5,21,0,0,0,0,0,0,100,0,-72,NR N78,20,73404.0,8.75,8931,nan,0,4.35,0.0000
1743430392.9467866,NR5G-SA,CONNECT,TDD,CFE614000,-94,-8,5,21,0,0,0,0,0,0,100,0,-73,NR N78,20,83891.0,10.0,10207,nan,0,4.35,0.0000
1743430393.994186,NR5G-SA,CONNECT,TDD,CFE614000,-95,-7,6,21,0,0,0,0,0,0,100,0,-73,NR N78,20,73405.0,8.75,8931,nan,0,4.35,0.0000
1743430395.052026,NR5G-SA,CONNECT,TDD,CFE614000,-94,-7,5,21,0,0,0,0,0,0,100,0,-72,NR N78,21,83875.0,10.0,10205,nan,0,4.35,0.0000
1743430396.1183078,NR5G-SA,CONNECT,TDD,CFE614000,-95,-7,5,21,0,0,0,0,0,0,100,0,-73,NR N78,21,73405.0,8.75,8931,nan,0,4.35,0.0000
1743430397.1845498,NR5G-SA,CONNECT,TDD,CFE614000,-95,-7,6,21,0,0,0,0,0,0,100,0,-73,NR N78,21,73395.0,8.75,8930,nan,0,4.35,0.0000
1743430398.267059,NR5G-SA,CONNECT,TDD,CFE614000,-95,-7,6,21,0,0,0,0,0,0,100,0,-73,NR N78,21,73411.0,8.75,8932,nan,0,4.35,0.0000
1743430399.3480418,NR5G-SA,CONNECT,TDD,CFE614000,-95,-7,6,21,0,0,0,0,0,0,100,0,-73,NR N78,21,73411.0,8.75,8932,nan,0,4.35,0.0000
1743430400.4217324,NR5G-SA,CONNECT,TDD,CFE614000,-94,-7,5,21,0,0,0,0,0,0,100,0,-72,NR N78,20,83879.0,10.0,10205,nan,0,4.35,0.0000
1743430538.942396,LTE,NOCONN,FDD,410A332,-78,-5,0,0,0,0,0,0,0,0,5,1,-59,LTE BAND 3,4,nan,nan,nan,nan,nan,nan,nan
1743430540.028335,LTE,CONNECT,FDD,410A332,-78,-6,-1,0,0,0,0,0,0,0,5,0,-61,LTE BAND 3,11,nan,nan,nan,nan,nan,nan,nan
1743430541.1138206,LTE,CONNECT,FDD,410A332,-77,-6,0,14,0,0,0,0,0,0,5,0,-61,LTE BAND 3,15,7727.0,943.0,940,nan,0,84.2,0.0000
1743430542.218761,LTE,CONNECT,FDD,410A332,-77,-6,0,13,0,0,0,0,0,0,5,0,-59,LTE BAND 3,16,14047.0,1.67,1709,nan,0,154.0,0.0000
1743430543.3055544,LTE,CONNECT,FDD,410A332,-77,-6,0,12,0,0,0,0,0,0,5,0,-61,LTE BAND 3,16,20808.0,2.48,2532,nan,0,329.0,0.0000
1743430544.437397,LTE,CONNECT,FDD,410A332,-77,-7,0,13,0,0,0,0,0,0,5,0,-61,LTE BAND 3,16,11444.0,1.36,1392,nan,0,397.0,0.0000
1743430545.5159957,LTE,CONNECT,FDD,410A332,-77,-6,0,14,0,0,0,0,0,0,5,0,-59,LTE BAND 3,16,13002.0,1.55,1582,nan,0,479.0,0.0000
1743430546.6250725,LTE,CONNECT,FDD,410A332,-77,-5,0,13,0,0,0,0,0,0,5,0,-59,LTE BAND 3,16,20811.0,2.48,2532,nan,0,574.0,0.0000
1743430547.7410629,LTE,CONNECT,FDD,410A332,-77,-7,0,15,0,0,0,0,0,0,5,0,-61,LTE BAND 3,16,12483.0,1.49,1519,nan,0,649.0,0.0000
1743430548.8639076,LTE,CONNECT,FDD,410A332,-79,-7,-1,16,0,0,0,0,0,0,5,0,-60,LTE BAND 3,16,13523.0,1.61,1645,nan,0,739.0,0.0000
1743430549.955823,LTE,CONNECT,FDD,410A332,-79,-8,0,14,0,0,0,0,0,0,5,0,-60,LTE BAND 3,15,15087.0,1.8,1836,nan,0,801.0,0.0000
1743430551.0695047,LTE,CONNECT,FDD,410A332,-79,-6,0,13,0,0,0,0,0,0,5,0,-60,LTE BAND 3,16,16128.0,1.92,1962,nan,0,873.0,0.0000
1743430552.13323,LTE,CONNECT,FDD,410A332,-79,-6,0,11,0,0,0,0,0,0,5,0,-61,LTE BAND 3,16,8841.0,1.05,1076,nan,0,958.0,0.0000
1743430553.253767,LTE,CONNECT,FDD,410A332,-79,-8,0,17,0,0,0,0,0,0,5,0,-59,LTE BAND 3,17,20967.0,2.5,2551,nan,0,1.26,0.0000
1743430554.3688266,LTE,CONNECT,FDD,410A332,-79,-6,-1,12,0,0,0,0,0,0,5,0,-60,LTE BAND 3,17,20981.0,2.5,2553,nan,0,1.49,0.0000
1743430555.4735847,LTE,CONNECT,FDD,410A332,-79,-7,0,17,0,0,0,0,0,0,5,0,-61,LTE BAND 3,17,10485.0,1.25,1276,nan,0,1.76,0.0000
1743430556.601676,LTE,CONNECT,FDD,410A332,-79,-6,0,12,0,0,0,0,0,0,5,0,-60,LTE BAND 3,17,10485.0,1.25,1207,nan,48,1.84,0.0001
1743430557.6884637,LTE,CONNECT,FDD,410A332,-79,-7,-1,16,0,0,0,0,0,0,5,0,-60,LTE BAND 3,17,0.0,0.0,-295,nan,207,1.41,0.0001
1743430558.8295565,LTE,CONNECT,FDD,410A332,-80,-10,0,17,0,0,0,0,0,0,5,0,-61,LTE BAND 3,17,31437.0,3.75,3825,nan,0,1024.0,0.0000
1743430559.9365804,LTE,CONNECT,FDD,410A332,-79,-7,0,15,0,0,0,0,0,0,5,0,-59,LTE BAND 3,17,10499.0,1.25,1277,nan,0,1.04,0.0000
1743430561.0385792,LTE,CONNECT,FDD,410A332,-79,-7,0,13,0,0,0,0,0,0,5,0,-58,LTE BAND 3,17,10484.0,1.25,1276,nan,0,1.1,0.0000
1743430562.1504505,LTE,CONNECT,FDD,410A332,-79,-7,0,15,0,0,0,0,0,0,5,0,-61,LTE BAND 3,17,20983.0,2.5,2553,nan,0,1.14,0.0000
1743430563.2284987,LTE,CONNECT,FDD,410A332,-79,-7,0,18,0,0,0,0,0,0,5,0,-59,LTE BAND 3,17,10482.0,1.25,1275,nan,0,1.19,0.0000
1743430564.351924,LTE,CONNECT,FDD,410A332,-79,-9,1,14,0,0,0,0,0,0,5,0,-59,LTE BAND 3,17,20973.0,2.5,2552,nan,0,1.19,0.0000
1743430565.4497304,LTE,CONNECT,FDD,410A332,-79,-7,0,13,0,0,0,0,0,0,5,0,-61,LTE BAND 3,17,10481.0,1.25,1275,nan,0,1.19,0.0000
1743430566.534815,LTE,CONNECT,FDD,410A332,-79,-7,0,14,0,0,0,0,0,0,5,0,-61,LTE BAND 3,17,20987.0,2.5,2553,nan,0,1.19,0.0000
1743430567.6314507,LTE,CONNECT,FDD,410A332,-79,-7,0,13,0,0,0,0,0,0,5,0,-60,LTE BAND 3,17,10481.0,1.25,1275,nan,0,1.2,0.0000
1743430568.7319677,LTE,CONNECT,FDD,410A332,-80,-6,0,14,0,0,0,0,0,0,5,0,-59,LTE BAND 3,17,10484.0,1.25,1276,nan,0,1.2,0.0000
1743430569.787595,LTE,CONNECT,FDD,410A332,-80,-10,0,20,0,0,0,0,0,0,5,0,-60,LTE BAND 3,17,20986.0,2.5,2553,nan,0,1.21,0.0000
1743430570.8990054,LTE,CONNECT,FDD,410A332,-79,-7,1,11,0,0,0,0,0,0,5,0,-59,LTE BAND 3,17,20971.0,2.5,2551,nan,0,1.24,0.0000
1743430572.0048425,LTE,CONNECT,FDD,410A332,-79,-9,1,17,0,0,0,0,0,0,5,0,-58,LTE BAND 3,17,10483.0,1.25,1275,nan,0,1.28,0.0000
1743430573.160051,LTE,CONNECT,FDD,410A332,-79,-8,0,12,0,0,0,0,0,0,5,0,-60,LTE BAND 3,17,10480.0,1.25,1275,nan,0,1.32,0.0000
1743430574.2490733,LTE,CONNECT,FDD,410A332,-79,-8,2,12,0,0,0,0,0,0,5,0,-58,LTE BAND 3,17,20986.0,2.5,2553,nan,0,1.49,0.0000
1743430575.3618596,LTE,CONNECT,FDD,410A332,-79,-9,3,14,0,0,0,0,0,0,5,0,-57,LTE BAND 3,17,10483.0,1.25,1275,nan,0,1.61,0.0000
1743430576.4348824,LTE,CONNECT,FDD,410A332,-79,-8,4,16,0,0,0,0,0,0,5,0,-58,LTE BAND 3,17,20978.0,2.5,2552,nan,0,1.75,0.0000
1743430577.5420408,LTE,CONNECT,FDD,410A332,-78,-9,4,16,0,0,0,0,0,0,5,0,-57,LTE BAND 3,17,10482.0,1.25,1168,nan,75,1.3,0.0001
1743430578.656898,LTE,CONNECT,FDD,410A332,-79,-9,3,21,0,0,0,0,0,0,5,0,-58,LTE BAND 3,17,20979.0,2.5,2531,nan,15,1.26,0.0000
1743430579.749765,LTE,CONNECT,FDD,410A332,-79,-10,3,18,0,0,0,0,0,0,5,0,-58,LTE BAND 3,17,10481.0,1.25,1275,nan,0,1.34,0.0000
1743430580.8573077,LTE,CONNECT,FDD,410A332,-79,-10,4,18,0,0,0,0,0,0,5,0,-57,LTE BAND 3,17,20978.0,2.5,2552,nan,0,1.46,0.0000
1743430581.9472017,LTE,CONNECT,FDD,410A332,-80,-9,3,16,0,0,0,0,0,0,5,0,-59,LTE BAND 3,17,20976.0,2.5,2552,nan,0,1.55,0.0000
1743430583.032919,LTE,CONNECT,FDD,410A332,-80,-7,3,16,0,0,0,0,0,0,5,0,-58,LTE BAND 3,17,10483.0,1.25,1275,nan,0,1.64,0.0000
1743430584.1648712,LTE,CONNECT,FDD,410A332,-79,-6,2,12,0,0,0,0,0,0,5,0,-59,LTE BAND 3,17,31468.0,3.75,3829,nan,0,1.71,0.0000
1743430585.2642226,LTE,CONNECT,FDD,410A332,-79,-6,3,15,0,0,0,0,0,0,5,0,-59,LTE BAND 3,17,20967.0,2.5,2551,nan,0,1.29,0.0000
1743430586.326629,LTE,CONNECT,FDD,410A332,-79,-7,4,14,0,0,0,0,0,0,5,0,-58,LTE BAND 3,17,20969.0,2.5,2551,nan,0,1.34,0.0000
1743430587.42137,LTE,CONNECT,FDD,410A332,-80,-7,3,16,0,0,0,0,0,0,5,0,-59,LTE BAND 3,17,20975.0,2.5,2552,nan,0,1.38,0.0000
1743430588.538771,LTE,CONNECT,FDD,410A332,-79,-6,3,16,0,0,0,0,0,0,5,0,-59,LTE BAND 3,17,20970.0,2.5,2551,nan,0,1.42,0.0000
1743430589.6523993,LTE,CONNECT,FDD,410A332,-79,-7,3,11,0,0,0,0,0,0,5,0,-58,LTE BAND 3,17,20974.0,2.5,2552,nan,0,1.44,0.0000
1743430590.7899537,LTE,CONNECT,FDD,410A332,-79,-8,4,16,0,0,0,0,0,0,5,0,-59,LTE BAND 3,17,20971.0,2.5,2551,nan,0,1.45,0.0000
1743430591.8968587,LTE,CONNECT,FDD,410A332,-79,-7,3,15,0,0,0,0,0,0,5,0,-58,LTE BAND 3,17,10482.0,1.25,1275,nan,0,1.45,0.0000
1743430593.0078819,LTE,CONNECT,FDD,410A332,-79,-6,4,15,0,0,0,0,0,0,5,0,-58,LTE BAND 3,17,20979.0,2.5,2552,nan,0,1.45,0.0000
1743430594.128052,LTE,CONNECT,FDD,410A332,-79,-8,2,16,0,0,0,0,0,0,5,0,-58,LTE BAND 3,17,20971.0,2.5,2551,nan,0,1.46,0.0000
1743430595.1991565,LTE,CONNECT,FDD,410A332,-79,-9,3,17,0,0,0,0,0,0,5,0,-57,LTE BAND 3,17,10482.0,1.25,1275,nan,0,1.46,0.0000
1743430596.3079884,LTE,CONNECT,FDD,410A332,-79,-9,3,16,0,0,0,0,0,0,5,0,-58,LTE BAND 3,17,10484.0,1.25,1276,nan,0,1.48,0.0000
1743430597.3953476,LTE,CONNECT,FDD,410A332,-79,-8,4,14,0,0,0,0,0,0,5,0,-59,LTE BAND 3,17,20979.0,2.5,2552,nan,0,1.51,0.0000
1743430598.4968612,LTE,CONNECT,FDD,410A332,-80,-8,4,13,0,0,0,0,0,0,5,0,-58,LTE BAND 3,17,10486.0,1.25,1276,nan,0,1.55,0.0000
1743430599.5878334,LTE,CONNECT,FDD,410A332,-80,-8,3,17,0,0,0,0,0,0,5,0,-57,LTE BAND 3,17,10482.0,1.25,1275,nan,0,1.61,0.0000
1743430600.6913257,LTE,CONNECT,FDD,410A332,-80,-8,3,13,0,0,0,0,0,0,5,0,-57,LTE BAND 3,17,20981.0,2.5,2553,nan,0,1.68,0.0000
1743430601.7905214,LTE,CONNECT,FDD,410A332,-80,-9,4,17,0,0,0,0,0,0,5,0,-58,LTE BAND 3,17,10481.0,1.25,1275,nan,0,1.78,0.0000
1743430602.9193857,LTE,CONNECT,FDD,410A332,-79,-8,4,17,0,0,0,0,0,0,5,0,-57,LTE BAND 3,17,0.0,0.0,-111,nan,78,1.25,0.0000
1743430603.9584336,LTE,CONNECT,FDD,410A332,-80,-10,4,21,0,0,0,0,0,0,5,0,-57,LTE BAND 3,17,31478.0,3.75,3830,nan,0,1.27,0.0000
1743430605.065271,LTE,CONNECT,FDD,410A332,-80,-10,4,18,0,0,0,0,0,0,5,0,-58,LTE BAND 3,17,10483.0,1.25,1275,nan,0,1.37,0.0000
1743430606.1725101,LTE,CONNECT,FDD,410A332,-79,-9,3,14,0,0,0,0,0,0,5,0,-57,LTE BAND 3,17,20975.0,2.5,2552,nan,0,1.49,0.0000
1743430607.2846513,LTE,CONNECT,FDD,410A332,-79,-9,4,17,0,0,0,0,0,0,5,0,-57,LTE BAND 3,17,10486.0,1.25,1276,nan,0,1.61,0.0000
1743430608.3687296,LTE,CONNECT,FDD,410A332,-79,-10,4,16,0,0,0,0,0,0,5,0,-58,LTE BAND 3,17,10490.0,1.25,1276,nan,0,1.66,0.0000
1743430609.4603689,LTE,CONNECT,FDD,410A332,-78,-9,4,16,0,0,0,0,0,0,5,0,-58,LTE BAND 3,17,10485.0,1.25,1276,nan,0,1.71,0.0000
1743430612.6336772,LTE,CONNECT,FDD,410A332,-78,-8,4,0,0,0,0,0,0,0,5,1,-58,LTE BAND 3,17,nan,nan,nan,nan,nan,nan,nan
1743430613.7227788,LTE,CONNECT,FDD,410A332,-79,-8,4,16,0,0,0,0,0,0,5,0,-59,LTE BAND 3,17,nan,nan,nan,nan,nan,nan,nan
1743430614.837539,LTE,CONNECT,FDD,410A332,-79,-7,4,18,0,0,0,0,0,0,5,0,-59,LTE BAND 3,17,11697.0,1.39,1423,nan,0,128.0,0.0000
1743430615.9683952,LTE,CONNECT,FDD,410A332,-79,-7,4,13,0,0,0,0,0,0,5,0,-59,LTE BAND 3,17,19248.0,2.29,2342,nan,0,308.0,0.0000
1743430617.0620983,LTE,CONNECT,FDD,410A332,-79,-7,4,13,0,0,0,0,0,0,5,0,-60,LTE BAND 3,16,15604.0,1.86,1898,nan,0,393.0,0.0000
1743430618.1670206,LTE,CONNECT,FDD,410A332,-79,-7,4,14,0,0,0,0,0,0,5,0,-59,LTE BAND 3,16,18207.0,2.17,2215,nan,0,496.0,0.0000
1743430619.2480497,LTE,CONNECT,FDD,410A332,-79,-7,4,16,0,0,0,0,0,0,5,0,-59,LTE BAND 3,16,10920.0,1.3,1329,nan,0,571.0,0.0000
1743430789.4964833,LTE,NOCONN,FDD,410A332,-79,-5,0,0,-79,-5,1,-79,-5,1,5,1,-59,LTE BAND 3,16,nan,nan,nan,nan,nan,nan,nan
1743430790.6073694,LTE,CONNECT,FDD,410A332,-79,-6,0,11,-79,-6,1,-79,-6,1,5,0,-59,LTE BAND 3,16,nan,nan,nan,nan,nan,nan,nan
1743430791.696768,LTE,CONNECT,FDD,410A332,-79,-6,0,3,-79,-6,1,-79,-6,1,5,0,-61,LTE BAND 3,17,7611.0,929.0,926,nan,0,67.4,0.0000
1743430792.8142025,LTE,CONNECT,FDD,410A332,-79,-6,0,16,-79,-6,1,-79,-6,1,5,0,-61,LTE BAND 3,17,28609.0,3.41,3481,nan,0,323.0,0.0000
1743430793.9296892,LTE,CONNECT,FDD,410A332,-79,-6,0,2,-79,-6,1,-79,-6,1,5,0,-59,LTE BAND 3,17,37453.0,4.46,4557,nan,0,507.0,0.0000
1743430795.0228925,LTE,CONNECT,FDD,410A332,-79,-6,0,16,-79,-6,1,-79,-6,1,5,0,-60,LTE BAND 3,17,31209.0,3.72,3797,nan,0,692.0,0.0000
1743430796.1312885,LTE,CONNECT,FDD,410A332,-79,-6,0,14,-79,-6,1,-79,-6,1,5,0,-61,LTE BAND 3,17,31205.0,3.72,3797,nan,0,863.0,0.0000
1743430797.2354176,LTE,CONNECT,FDD,410A332,-79,-6,0,14,-79,-6,1,-79,-6,1,5,0,-59,LTE BAND 3,17,37458.0,4.46,4557,nan,0,1.03,0.0000
1743430798.3074977,LTE,CONNECT,FDD,410A332,-79,-6,0,15,-79,-6,1,-79,-6,1,5,0,-60,LTE BAND 3,17,31366.0,3.74,3816,nan,0,1.21,0.0000
1743430799.417055,LTE,CONNECT,FDD,410A332,-79,-6,4,11,-79,-6,1,-79,-6,1,5,0,-58,LTE BAND 3,17,20978.0,2.5,2552,nan,0,1.33,0.0000
1743430800.5098622,LTE,CONNECT,FDD,410A332,-78,-9,4,15,-78,-9,1,-78,-9,1,5,0,-57,LTE BAND 3,17,20972.0,2.5,2552,nan,0,1.45,0.0000
1743430801.6270678,LTE,CONNECT,FDD,410A332,-79,-9,4,16,-79,-9,1,-79,-9,1,5,0,-58,LTE BAND 3,17,10482.0,1.25,1275,nan,0,1.54,0.0000
1743430802.701731,LTE,CONNECT,FDD,410A332,-79,-6,4,13,-79,-6,1,-79,-6,1,5,0,-59,LTE BAND 3,17,20974.0,2.5,2552,nan,0,1.66,0.0000
1743430803.8013372,LTE,CONNECT,FDD,410A332,-78,-6,4,13,-78,-6,1,-78,-6,1,5,0,-60,LTE BAND 3,17,31453.0,3.75,3770,nan,40,1.32,0.0000
1743430804.9006102,LTE,CONNECT,FDD,410A332,-78,-6,4,15,-78,-6,1,-78,-6,1,5,0,-59,LTE BAND 3,17,31457.0,3.75,3827,nan,0,1.44,0.0000
1743430805.9656672,LTE,CONNECT,FDD,410A332,-78,-6,3,15,-78,-5,1,-78,-5,1,5,0,-61,LTE BAND 3,17,31462.0,3.75,3828,nan,0,1.55,0.0000
1743430807.068819,LTE,CONNECT,FDD,410A332,-78,-5,4,16,-78,-5,1,-78,-5,1,5,0,-58,LTE BAND 3,17,20960.0,2.5,2550,nan,0,1.62,0.0000
1743430808.181042,LTE,CONNECT,FDD,410A332,-78,-8,2,21,-78,-8,1,-78,-8,1,5,0,-59,LTE BAND 3,17,31469.0,3.75,3829,nan,0,1.68,0.0000
1743430809.285323,LTE,CONNECT,FDD,410A332,-79,-6,2,15,-79,-6,1,-79,-6,1,5,0,-60,LTE BAND 3,17,10484.0,1.25,1253,nan,16,1.19,0.0000
1743430810.4100165,LTE,CONNECT,FDD,410A332,-78,-6,4,11,-78,-5,1,-78,-5,1,5,0,-59,LTE BAND 3,17,41940.0,5.0,5103,nan,0,1.23,0.0000
1743430811.5646155,LTE,CONNECT,FDD,410A332,-78,-6,2,13,-78,-6,1,-78,-6,1,5,0,-59,LTE BAND 3,17,31473.0,3.75,3829,nan,0,1.3,0.0000
1743430812.6524987,LTE,CONNECT,FDD,410A332,-80,-6,5,12,-80,-6,1,-80,-6,1,5,0,-59,LTE BAND 3,17,31450.0,3.75,3826,nan,0,1.37,0.0000
1743430813.767041,LTE,CONNECT,FDD,410A332,-80,-6,5,13,-80,-6,1,-80,-6,1,5,0,-58,LTE BAND 3,17,31458.0,3.75,3827,nan,0,1.42,0.0000
1743430814.9248557,LTE,CONNECT,FDD,410A332,-80,-6,5,13,-80,-6,1,-80,-6,1,5,0,-59,LTE BAND 3,17,31455.0,3.75,3827,nan,0,1.44,0.0000
1743430816.0356984,LTE,CONNECT,FDD,410A332,-81,-9,5,16,-81,-9,1,-81,-9,1,5,0,-56,LTE BAND 3,17,20966.0,2.5,2551,nan,0,1.44,0.0000
1743430817.1112077,LTE,CONNECT,FDD,410A332,-80,-6,6,14,-80,-6,1,-80,-6,1,5,0,-58,LTE BAND 3,18,20974.0,2.5,2552,nan,0,1.45,0.0000
1743430818.2193594,LTE,CONNECT,FDD,410A332,-79,-6,4,15,-79,-6,1,-79,-6,1,5,0,-58,LTE BAND 3,17,20974.0,2.5,2552,nan,0,1.45,0.0000
1743430819.328565,LTE,CONNECT,FDD,410A332,-79,-6,5,21,-79,-6,1,-79,-6,1,5,0,-58,LTE BAND 3,18,31457.0,3.75,3827,nan,0,1.45,0.0000
1743430820.4050062,LTE,CONNECT,FDD,410A332,-79,-10,6,20,-79,-10,1,-79,-10,1,5,0,-56,LTE BAND 3,18,20971.0,2.5,2551,nan,0,1.45,0.0000
1743430821.5035121,LTE,CONNECT,FDD,410A332,-78,-10,4,18,-78,-10,1,-78,-10,1,5,0,-57,LTE BAND 3,18,20971.0,2.5,2551,nan,0,1.47,0.0000
1743430822.6023467,LTE,CONNECT,FDD,410A332,-79,-5,4,13,-79,-5,1,-79,-5,1,5,0,-60,LTE BAND 3,18,20975.0,2.5,2552,nan,0,1.49,0.0000
1743430823.7285066,LTE,CONNECT,FDD,410A332,-78,-5,4,14,-78,-5,1,-78,-5,1,5,0,-59,LTE BAND 3,18,31450.0,3.75,3826,nan,0,1.53,0.0000
1743430824.8268027,LTE,CONNECT,FDD,410A332,-78,-6,4,13,-78,-6,1,-78,-6,1,5,0,-60,LTE BAND 3,18,31456.0,3.75,3827,nan,0,1.65,0.0000
1743430825.9184585,LTE,CONNECT,FDD,410A332,-78,-6,4,14,-78,-6,1,-78,-6,1,5,0,-59,LTE BAND 3,18,20967.0,2.5,2551,nan,0,1.74,0.0000
1743430826.9627366,LTE,CONNECT,FDD,410A332,-78,-6,4,14,-78,-6,1,-78,-6,1,5,0,-60,LTE BAND 3,18,31467.0,3.75,3736,nan,65,1.26,0.0000
1743430828.058147,LTE,CONNECT,FDD,410A332,-78,-10,4,16,-78,-9,1,-78,-9,1,5,0,-59,LTE BAND 3,18,20963.0,2.5,2550,nan,0,1.35,0.0000
1743430829.1707485,LTE,CONNECT,FDD,410A332,-78,-6,4,16,-78,-6,1,-78,-6,1,5,0,-60,LTE BAND 3,18,20983.0,2.5,2553,nan,0,1.45,0.0000
1743430830.228343,LTE,CONNECT,FDD,410A332,-78,-5,4,14,-78,-5,1,-78,-5,1,5,0,-60,LTE BAND 3,18,31451.0,3.75,3827,nan,0,1.58,0.0000
1743430831.3099048,LTE,CONNECT,FDD,410A332,-78,-6,4,14,-78,-6,1,-78,-6,1,5,0,-59,LTE BAND 3,18,41949.0,5.0,5104,nan,0,1.66,0.0000
1743430832.4417102,LTE,CONNECT,FDD,410A332,-78,-6,4,14,-78,-6,1,-78,-6,1,5,0,-60,LTE BAND 3,18,31455.0,3.75,3827,nan,0,1.71,0.0000
1743430833.5021842,LTE,CONNECT,FDD,410A332,-78,-6,5,14,-78,-6,1,-78,-6,1,5,0,-59,LTE BAND 3,18,20965.0,2.5,2541,nan,7,1.47,0.0000
1743430834.626812,LTE,CONNECT,FDD,410A332,-78,-7,4,14,-78,-7,1,-78,-7,1,5,0,-58,LTE BAND 3,18,31465.0,3.75,3828,nan,0,1.25,0.0000
1743430835.7066975,LTE,CONNECT,FDD,410A332,-79,-8,4,15,-79,-8,1,-79,-8,1,5,0,-59,LTE BAND 3,18,31458.0,3.75,3827,nan,0,1.32,0.0000
1743430836.8139029,LTE,CONNECT,FDD,410A332,-79,-6,3,15,-79,-6,1,-79,-6,1,5,0,-61,LTE BAND 3,18,41954.0,5.0,5104,nan,0,1.43,0.0000
1743430837.874434,LTE,CONNECT,FDD,410A332,-79,-5,0,12,-79,-5,1,-79,-5,1,5,0,-60,LTE BAND 3,18,31459.0,3.75,3828,nan,0,1.45,0.0000
1743430838.9533622,LTE,CONNECT,FDD,410A332,-80,-6,1,15,-80,-6,1,-80,-6,1,5,0,-61,LTE BAND 3,18,31451.0,3.75,3827,nan,0,1.47,0.0000
1743430839.999411,LTE,CONNECT,FDD,410A332,-80,-9,1,20,-80,-9,1,-80,-9,1,5,0,-59,LTE BAND 3,18,20966.0,2.5,2551,nan,0,1.48,0.0000
1743430841.1133215,LTE,CONNECT,FDD,410A332,-79,-6,1,15,-79,-6,1,-79,-6,1,5,0,-61,LTE BAND 3,18,20977.0,2.5,2552,nan,0,1.48,0.0000
1743430842.1993897,LTE,CONNECT,FDD,410A332,-80,-6,2,11,-80,-6,1,-80,-6,1,5,0,-59,LTE BAND 3,18,31453.0,3.75,3827,nan,0,1.48,0.0000
1743430843.2696059,LTE,CONNECT,FDD,410A332,-79,-6,1,11,-79,-6,1,-79,-6,1,5,0,-60,LTE BAND 3,18,31464.0,3.75,3828,nan,0,1.48,0.0000
1743430844.4262009,LTE,CONNECT,FDD,410A332,-79,-6,2,14,-79,-6,1,-79,-6,1,5,0,-60,LTE BAND 3,18,31461.0,3.75,3828,nan,0,1.48,0.0000
1743430845.4916613,LTE,CONNECT,FDD,410A332,-80,-6,1,13,-80,-6,1,-80,-6,1,5,0,-60,LTE BAND 3,18,31458.0,3.75,3827,nan,0,1.5,0.0000
1743430846.626401,LTE,CONNECT,FDD,410A332,-79,-9,2,16,-79,-9,1,-79,-9,1,5,0,-59,LTE BAND 3,18,31452.0,3.75,3827,nan,0,1.52,0.0000
1743430847.7220109,LTE,CONNECT,FDD,410A332,-79,-10,1,15,-79,-10,1,-90,-17,-2,5,0,-59,LTE BAND 3,18,20965.0,2.5,2551,nan,0,1.55,0.0000
1743430848.82313,LTE,CONNECT,FDD,410A332,-79,-6,1,15,-79,-6,1,-79,-6,1,5,0,-61,LTE BAND 3,18,31461.0,3.75,3828,nan,0,1.67,0.0000
1743430849.9434643,LTE,CONNECT,FDD,410A332,-79,-5,2,13,-79,-5,1,-79,-5,1,5,0,-60,LTE BAND 3,18,31455.0,3.75,3827,nan,0,1.76,0.0000
1743430851.0577846,LTE,CONNECT,FDD,410A332,-79,-6,2,15,-79,-6,1,-79,-6,1,5,0,-61,LTE BAND 3,18,31462.0,3.75,3745,nan,58,1.26,0.0000
1743430852.1767876,LTE,CONNECT,FDD,410A332,-79,-6,1,16,-79,-6,1,-79,-6,1,5,0,-60,LTE BAND 3,18,31448.0,3.75,3826,nan,0,1.35,0.0000
1743430853.2791746,LTE,CONNECT,FDD,410A332,-79,-6,5,12,-79,-6,1,-79,-6,1,5,0,-59,LTE BAND 3,18,31463.0,3.75,3828,nan,0,1.47,0.0000
1743430854.373316,LTE,CONNECT,FDD,410A332,-80,-10,3,19,-80,-10,1,-80,-10,1,5,0,-58,LTE BAND 3,18,20967.0,2.5,2551,nan,0,1.56,0.0000
1743430855.4549327,LTE,CONNECT,FDD,410A332,-80,-6,3,15,-80,-6,1,-80,-6,1,5,0,-60,LTE BAND 3,18,20972.0,2.5,2552,nan,0,1.63,0.0000
1743430856.5492244,LTE,CONNECT,FDD,410A332,-80,-6,3,14,-80,-6,1,-80,-6,1,5,0,-60,LTE BAND 3,18,41958.0,5.0,5105,nan,0,1.71,0.0000
1743430857.6520674,LTE,CONNECT,FDD,410A332,-80,-6,3,14,-80,-6,1,-80,-6,1,5,0,-59,LTE BAND 3,18,31456.0,3.75,3827,nan,0,1.75,0.0000
1743430858.7261837,LTE,CONNECT,FDD,410A332,-80,-6,4,16,-80,-6,1,-80,-6,1,5,0,-59,LTE BAND 3,18,31455.0,3.75,3789,nan,27,1.25,0.0000
1743430859.8132987,LTE,CONNECT,FDD,410A332,-80,-6,3,16,-80,-6,1,-80,-6,1,5,0,-59,LTE BAND 3,18,31460.0,3.75,3828,nan,0,1.39,0.0000
1743430860.8765833,LTE,CONNECT,FDD,410A332,-80,-6,4,15,-80,-6,1,-80,-6,1,5,0,-59,LTE BAND 3,18,20967.0,2.5,2551,nan,0,1.43,0.0000
1743430862.0000904,LTE,CONNECT,FDD,410A332,-80,-6,4,15,-80,-6,1,-80,-6,1,5,0,-59,LTE BAND 3,18,31456.0,3.75,3827,nan,0,1.46,0.0000
1743430863.1198347,LTE,CONNECT,FDD,410A332,-80,-8,3,17,-80,-8,1,-80,-8,1,5,0,-58,LTE BAND 3,19,20967.0,2.5,2551,nan,0,1.47,0.0000
1743430864.206263,LTE,CONNECT,FDD,410A332,-80,-6,3,16,-80,-6,1,-80,-6,1,5,0,-59,LTE BAND 3,19,31467.0,3.75,3828,nan,0,1.48,0.0000
1743430865.2652183,LTE,CONNECT,FDD,410A332,-80,-6,3,15,-80,-6,1,-80,-6,1,5,0,-60,LTE BAND 3,19,31462.0,3.75,3828,nan,0,1.49,0.0000
1743430866.4058602,LTE,CONNECT,FDD,410A332,-80,-8,4,22,-80,-9,1,-80,-9,1,5,0,-57,LTE BAND 3,19,31455.0,3.75,3827,nan,0,1.49,0.0000
1743430867.4768631,LTE,CONNECT,FDD,410A332,-80,-10,3,21,-80,-10,1,-80,-10,1,5,0,-58,LTE BAND 3,19,20970.0,2.5,2551,nan,0,1.49,0.0000
1743430868.593578,LTE,CONNECT,FDD,410A332,-80,-6,3,12,-80,-6,1,-80,-6,1,5,0,-60,LTE BAND 3,19,20968.0,2.5,2551,nan,0,1.49,0.0000
1743430869.690737,LTE,CONNECT,FDD,410A332,-80,-6,3,13,-80,-6,1,-80,-6,1,5,0,-60,LTE BAND 3,19,31458.0,3.75,3827,nan,0,1.5,0.0000
1743430870.736899,LTE,CONNECT,FDD,410A332,-80,-6,4,13,-81,-6,1,-81,-6,1,5,0,-60,LTE BAND 3,19,31465.0,3.75,3828,nan,0,1.52,0.0000
1743430871.850427,LTE,CONNECT,FDD,410A332,-80,-6,4,14,-80,-6,1,-80,-6,1,5,0,-59,LTE BAND 3,19,20968.0,2.5,2551,nan,0,1.6,0.0000
1743430872.9674187,LTE,CONNECT,FDD,410A332,-80,-6,3,14,-80,-6,1,-80,-6,1,5,0,-60,LTE BAND 3,19,31452.0,3.75,3827,nan,0,1.67,0.0000
1743430874.0719209,LTE,CONNECT,FDD,410A332,-80,-8,3,16,-80,-8,1,-80,-8,1,5,0,-60,LTE BAND 3,19,20969.0,2.5,2551,nan,0,1.74,0.0000
1743430875.180014,LTE,CONNECT,FDD,410A332,-80,-6,4,15,-80,-6,1,-92,-14,-3,5,0,-59,LTE BAND 3,19,10488.0,1.25,1206,nan,49,1.23,0.0001
1743430876.287549,LTE,CONNECT,FDD,410A332,-80,-6,3,12,-80,-6,1,-80,-6,1,5,0,-60,LTE BAND 3,19,41951.0,5.0,5104,nan,0,1.32,0.0000
1743430877.3625798,LTE,CONNECT,FDD,410A332,-80,-6,3,14,-80,-6,1,-80,-6,1,5,0,-60,LTE BAND 3,19,31460.0,3.75,3828,nan,0,1.44,0.0000
1743430878.4315708,LTE,CONNECT,FDD,410A332,-80,-6,3,15,-80,-6,1,-80,-6,1,5,0,-59,LTE BAND 3,19,20967.0,2.5,2551,nan,0,1.52,0.0000
1743430879.5453675,LTE,CONNECT,FDD,410A332,-80,-6,3,11,-80,-6,1,-80,-6,1,5,0,-60,LTE BAND 3,19,10481.0,1.25,1275,nan,0,1.58,0.0000
1743430880.637945,LTE,CONNECT,FDD,410A332,-81,-9,3,15,-81,-9,1,-81,-9,1,5,0,-58,LTE BAND 3,19,20979.0,2.5,2552,nan,0,1.65,0.0000
1743430881.7668242,LTE,CONNECT,FDD,410A332,-80,-7,3,15,-80,-7,1,-80,-7,1,5,0,-59,LTE BAND 3,19,10487.0,1.25,1263,nan,9,1.47,0.0000
1743430882.8685963,LTE,CONNECT,FDD,410A332,-79,-6,4,14,-79,-6,1,-79,-6,1,5,0,-60,LTE BAND 3,19,20969.0,2.5,2543,nan,6,1.19,0.0000
1743430883.9748247,LTE,CONNECT,FDD,410A332,-79,-6,4,14,-79,-6,1,-79,-6,1,5,0,-59,LTE BAND 3,19,20963.0,2.5,2550,nan,0,1.25,0.0000
1743430885.0738454,LTE,CONNECT,FDD,410A332,-79,-6,4,14,-80,-6,1,-80,-6,1,5,0,-58,LTE BAND 3,19,31469.0,3.75,3829,nan,0,1.32,0.0000
1743430886.1636353,LTE,CONNECT,FDD,410A332,-80,-6,4,15,-80,-6,1,-80,-6,1,5,0,-60,LTE BAND 3,19,20969.0,2.5,2551,nan,0,1.37,0.0000
1743430887.2293434,LTE,CONNECT,FDD,410A332,-80,-6,4,16,-80,-6,1,-80,-6,1,5,0,-60,LTE BAND 3,19,20973.0,2.5,2552,nan,0,1.4,0.0000
1743430888.326144,LTE,CONNECT,FDD,410A332,-81,-9,3,17,-81,-9,1,-81,-9,1,5,0,-57,LTE BAND 3,19,20976.0,2.5,2552,nan,0,1.43,0.0000
1743430889.4386723,LTE,CONNECT,FDD,410A332,-81,-10,3,16,-81,-10,1,-81,-10,1,5,0,-58,LTE BAND 3,19,20972.0,2.5,2552,nan,0,1.44,0.0000
1743430890.5753932,LTE,CONNECT,FDD,410A332,-81,-8,3,18,-81,-8,1,-81,-8,1,5,0,-57,LTE BAND 3,19,10479.0,1.25,1275,nan,0,1.45,0.0000
1743430891.6769726,LTE,CONNECT,FDD,410A332,-81,-7,4,17,-81,-7,1,-81,-7,1,5,0,-58,LTE BAND 3,19,20984.0,2.5,2553,nan,0,1.45,0.0000
1743430892.7817566,LTE,CONNECT,FDD,410A332,-80,-9,4,20,-80,-9,1,-80,-9,1,5,0,-58,LTE BAND 3,19,10481.0,1.25,1275,nan,0,1.45,0.0000
1743430893.9073057,LTE,CONNECT,FDD,410A332,-80,-10,3,20,-80,-10,1,-80,-10,1,5,0,-58,LTE BAND 3,19,20972.0,2.5,2552,nan,0,1.46,0.0000
1743430894.9983706,LTE,CONNECT,FDD,410A332,-80,-9,4,18,-80,-9,1,-80,-9,1,5,0,-58,LTE BAND 3,18,31471.0,3.75,3829,nan,0,1.47,0.0000
1743430896.0634756,LTE,CONNECT,FDD,410A332,-80,-8,4,20,-80,-8,1,-80,-8,1,5,0,-58,LTE BAND 3,18,20972.0,2.5,2552,nan,0,1.5,0.0000
1743430897.190905,LTE,CONNECT,FDD,410A332,-81,-8,3,18,-81,-8,1,-81,-8,1,5,0,-60,LTE BAND 3,18,10486.0,1.25,1276,nan,0,1.53,0.0000
1743430898.2921574,LTE,CONNECT,FDD,410A332,-80,-7,4,19,-80,-7,1,-80,-7,1,5,0,-59,LTE BAND 3,18,20965.0,2.5,2551,nan,0,1.59,0.0000
1743430899.3493035,LTE,CONNECT,FDD,410A332,-79,-6,4,16,-79,-6,1,-79,-6,1,5,0,-59,LTE BAND 3,19,31470.0,3.75,3829,nan,0,1.67,0.0000
1743430900.3931112,LTE,CONNECT,FDD,410A332,-79,-9,3,19,-79,-9,1,-79,-9,1,5,0,-58,LTE BAND 3,19,31453.0,3.75,3827,nan,0,1.77,0.0000
1743430901.4767706,LTE,CONNECT,FDD,410A332,-79,-6,4,16,-79,-6,1,-79,-6,1,5,0,-60,LTE BAND 3,19,10484.0,1.25,1164,nan,78,1.25,0.0001
1743430902.568889,LTE,CONNECT,FDD,410A332,-80,-9,3,18,-80,-9,1,-80,-9,1,5,0,-58,LTE BAND 3,19,31464.0,3.75,3828,nan,0,1.34,0.0000
1743430903.7145848,LTE,CONNECT,FDD,410A332,-79,-6,5,13,-79,-6,1,-79,-6,1,5,0,-58,LTE BAND 3,19,20964.0,2.5,2551,nan,0,1.44,0.0000
1743430904.8092237,LTE,CONNECT,FDD,410A332,-81,-8,3,15,-81,-8,1,-81,-8,1,5,0,-58,LTE BAND 3,19,20968.0,2.5,2551,nan,0,1.61,0.0000
1743430905.8820543,LTE,CONNECT,FDD,410A332,-81,-8,4,11,-81,-8,1,-81,-8,1,5,0,-60,LTE BAND 3,19,20978.0,2.5,2552,nan,0,1.67,0.0000
1743430906.976191,LTE,CONNECT,FDD,410A332,-81,-6,4,15,-81,-6,1,-81,-6,1,5,0,-59,LTE BAND 3,19,20976.0,2.5,2532,nan,14,1.52,0.0000
1743430908.0751998,LTE,CONNECT,FDD,410A332,-81,-7,5,13,-81,-7,1,-81,-7,1,5,0,-60,LTE BAND 3,19,31450.0,3.75,3826,nan,0,1.23,0.0000
1743430909.1938305,LTE,CONNECT,FDD,410A332,-79,-8,4,21,-79,-8,1,-79,-8,1,5,0,-58,LTE BAND 3,19,20974.0,2.5,2552,nan,0,1.3,0.0000
1743430910.3013823,LTE,CONNECT,FDD,410A332,-80,-7,4,17,-80,-7,1,-80,-7,1,5,0,-60,LTE BAND 3,19,20970.0,2.5,2551,nan,0,1.35,0.0000
1743430911.372528,LTE,CONNECT,FDD,410A332,-80,-6,3,15,-80,-6,1,-80,-6,1,5,0,-60,LTE BAND 3,19,10483.0,1.25,1275,nan,0,1.39,0.0000
1743430912.4328732,LTE,CONNECT,FDD,410A332,-80,-9,4,20,-80,-9,1,-80,-9,1,5,0,-59,LTE BAND 3,19,31472.0,3.75,3829,nan,0,1.43,0.0000
1743430913.4935124,LTE,CONNECT,FDD,410A332,-80,-9,4,20,-80,-8,1,-80,-8,1,5,0,-59,LTE BAND 3,19,10482.0,1.25,1275,nan,0,1.44,0.0000
1743430914.5587056,LTE,CONNECT,FDD,410A332,-80,-8,3,18,-80,-8,1,-80,-8,1,5,0,-58,LTE BAND 3,19,20977.0,2.5,2552,nan,0,1.45,0.0000
1743430915.6804655,LTE,CONNECT,FDD,410A332,-79,-6,5,15,-79,-6,1,-79,-6,1,5,0,-57,LTE BAND 3,19,20973.0,2.5,2552,nan,0,1.46,0.0000
1743430916.852625,LTE,CONNECT,FDD,410A332,-79,-10,4,18,-79,-10,1,-79,-10,1,5,0,-57,LTE BAND 3,19,31471.0,3.75,3829,nan,0,1.46,0.0000
1743430917.9746888,LTE,CONNECT,FDD,410A332,-80,-10,4,18,-80,-10,1,-80,-10,1,5,0,-59,LTE BAND 3,19,10480.0,1.25,1275,nan,0,1.46,0.0000
1743430919.0685794,LTE,CONNECT,FDD,410A332,-80,-6,4,15,-80,-6,1,-80,-6,1,5,0,-60,LTE BAND 3,19,31474.0,3.75,3829,nan,0,1.47,0.0000
1743430920.1549509,LTE,CONNECT,FDD,410A332,-80,-6,3,16,-80,-6,1,-80,-6,1,5,0,-60,LTE BAND 3,19,10480.0,1.25,1275,nan,0,1.49,0.0000
1743430921.2583892,LTE,CONNECT,FDD,410A332,-80,-6,4,16,-80,-6,1,-80,-6,1,5,0,-58,LTE BAND 3,19,41965.0,5.0,5106,nan,0,1.53,0.0000
1743430922.3247507,LTE,CONNECT,FDD,410A332,-80,-6,3,14,-80,-6,1,-80,-6,1,5,0,-60,LTE BAND 3,19,10481.0,1.25,1275,nan,0,1.57,0.0000
1743430923.3983543,LTE,CONNECT,FDD,410A332,-80,-6,4,16,-80,-6,1,-80,-6,1,5,0,-59,LTE BAND 3,19,31470.0,3.75,3829,nan,0,1.65,0.0000
1743430924.481683,LTE,CONNECT,FDD,410A332,-80,-6,3,15,-80,-6,1,-80,-6,1,5,0,-60,LTE BAND 3,19,31459.0,3.75,3828,nan,0,1.74,0.0000
1743430925.5887122,LTE,CONNECT,FDD,410A332,-80,-6,4,15,-80,-6,1,-80,-6,1,5,0,-59,LTE BAND 3,19,20966.0,2.5,2488,nan,44,1.24,0.0000
1743430926.6943688,LTE,CONNECT,FDD,410A332,-80,-6,4,16,-80,-6,1,-80,-6,1,5,0,-60,LTE BAND 3,19,41954.0,5.0,5104,nan,0,1.33,0.0000
1743430927.7497087,LTE,CONNECT,FDD,410A332,-79,-6,5,11,-79,-6,1,-79,-6,1,5,0,-59,LTE BAND 3,19,20974.0,2.5,2552,nan,0,1.43,0.0000
1743430928.8215752,LTE,CONNECT,FDD,410A332,-81,-7,3,15,-81,-7,1,-81,-7,1,5,0,-59,LTE BAND 3,19,10479.0,1.25,1275,nan,0,1.6,0.0000
1743430929.8774536,LTE,CONNECT,FDD,410A332,-81,-9,3,17,-81,-9,1,-81,-9,1,5,0,-58,LTE BAND 3,19,20972.0,2.5,2552,nan,0,1.66,0.0000
1743430931.0028074,LTE,CONNECT,FDD,410A332,-81,-10,4,18,-81,-10,1,-81,-10,1,5,0,-58,LTE BAND 3,19,20975.0,2.5,2552,nan,0,1.7,0.0000
1743430932.1091635,LTE,CONNECT,FDD,410A332,-81,-8,3,14,-81,-8,1,-81,-8,1,5,0,-61,LTE BAND 3,19,20973.0,2.5,2512,nan,28,1.5,0.0000
1743430933.2085037,LTE,CONNECT,FDD,410A332,-81,-6,3,12,-81,-6,1,-81,-6,1,5,0,-60,LTE BAND 3,19,20971.0,2.5,2530,nan,15,1.22,0.0000
1743430934.3121629,LTE,CONNECT,FDD,410A332,-81,-6,3,16,-81,-6,1,-81,-6,1,5,0,-59,LTE BAND 3,19,31461.0,3.75,3828,nan,0,1.28,0.0000
1743430935.426571,LTE,CONNECT,FDD,410A332,-81,-6,3,16,-81,-6,1,-81,-6,1,5,0,-59,LTE BAND 3,19,20970.0,2.5,2551,nan,0,1.35,0.0000
1743430936.5474854,LTE,CONNECT,FDD,410A332,-81,-7,3,13,-81,-7,1,-81,-7,1,5,0,-58,LTE BAND 3,19,20972.0,2.5,2552,nan,0,1.4,0.0000
1743430937.6503963,LTE,CONNECT,FDD,410A332,-81,-6,3,16,-81,-7,1,-81,-7,1,5,0,-59,LTE BAND 3,19,31469.0,3.75,3829,nan,0,1.43,0.0000
1743430938.747793,LTE,CONNECT,FDD,410A332,-81,-6,3,16,-81,-6,1,-81,-6,1,5,0,-60,LTE BAND 3,19,20968.0,2.5,2551,nan,0,1.45,0.0000
1743430939.849366,LTE,CONNECT,FDD,410A332,-81,-7,3,19,-81,-7,1,-81,-7,1,5,0,-58,LTE BAND 3,19,41956.0,5.0,5105,nan,0,1.46,0.0000
1743430940.9185588,LTE,CONNECT,FDD,410A332,-81,-6,3,16,-81,-6,1,-81,-6,1,5,0,-60,LTE BAND 3,19,20968.0,2.5,2551,nan,0,1.46,0.0000
1743430942.0102909,LTE,CONNECT,FDD,410A332,-81,-6,4,16,-81,-6,1,-81,-6,1,5,0,-59,LTE BAND 3,19,31460.0,3.75,3828,nan,0,1.47,0.0000
1743430943.1552455,LTE,CONNECT,FDD,410A332,-81,-6,3,16,-81,-6,1,-81,-6,1,5,0,-60,LTE BAND 3,19,31462.0,3.75,3828,nan,0,1.47,0.0000
1743430944.26165,LTE,CONNECT,FDD,410A332,-81,-6,3,16,-81,-6,1,-81,-6,1,5,0,-59,LTE BAND 3,19,31457.0,3.75,3827,nan,0,1.48,0.0000
1743430945.3655741,LTE,CONNECT,FDD,410A332,-81,-6,3,16,-81,-6,1,-81,-6,1,5,0,-60,LTE BAND 3,19,31447.0,3.75,3826,nan,0,1.5,0.0000
1743430946.456125,LTE,CONNECT,FDD,410A332,-81,-6,4,14,-81,-6,1,-81,-6,1,5,0,-60,LTE BAND 3,19,41957.0,5.0,5105,nan,0,1.53,0.0000
1743430947.5660167,LTE,CONNECT,FDD,410A332,-81,-6,4,13,-81,-6,1,-81,-6,1,5,0,-58,LTE BAND 3,19,20967.0,2.5,2551,nan,0,1.57,0.0000
1743430948.7036834,LTE,CONNECT,FDD,410A332,-79,-6,5,16,-79,-6,1,-79,-6,1,5,0,-59,LTE BAND 3,19,31458.0,3.75,3827,nan,0,1.63,0.0000
1743430949.807338,LTE,CONNECT,FDD,410A332,-80,-6,1,16,-80,-6,1,-80,-6,1,5,0,-61,LTE BAND 3,19,10478.0,1.25,1228,nan,33,1.25,0.0000
1743430950.9358535,LTE,CONNECT,FDD,410A332,-82,-7,4,11,-82,-7,1,-82,-7,1,5,0,-60,LTE BAND 3,19,52471.0,6.25,6368,nan,11,1.3,0.0000
1743430951.985485,LTE,CONNECT,FDD,410A332,-81,-7,2,16,-81,-7,1,-81,-7,1,5,0,-60,LTE BAND 3,19,20968.0,2.5,2551,nan,0,1.42,0.0000
1743430953.1589108,LTE,CONNECT,FDD,410A332,-83,-10,3,22,-83,-10,1,-83,-10,1,5,0,-60,LTE BAND 3,19,20969.0,2.5,2551,nan,0,1.51,0.0000
1743430954.237493,LTE,CONNECT,FDD,410A332,-82,-7,3,15,-82,-7,1,-82,-7,1,5,0,-61,LTE BAND 3,19,31465.0,3.75,3828,nan,0,1.6,0.0000
1743430955.4181263,LTE,CONNECT,FDD,410A332,-84,-7,4,14,-83,-7,1,-83,-7,1,5,0,-60,LTE BAND 3,19,31455.0,3.75,3827,nan,0,1.66,0.0000
1743430956.520353,LTE,CONNECT,FDD,410A332,-81,-6,3,15,-81,-6,1,-81,-6,1,5,0,-60,LTE BAND 3,19,31449.0,3.75,3826,nan,0,1.7,0.0000
1743430957.6161094,LTE,CONNECT,FDD,410A332,-81,-6,3,14,-81,-6,1,-81,-6,1,5,0,-60,LTE BAND 3,19,20973.0,2.5,2529,nan,16,1.62,0.0000
1743430958.73195,LTE,CONNECT,FDD,410A332,-82,-6,2,15,-82,-6,1,-82,-6,1,5,0,-59,LTE BAND 3,19,31458.0,3.75,3827,nan,0,1.23,0.0000
1743430959.812813,LTE,CONNECT,FDD,410A332,-81,-6,3,15,-81,-6,1,-81,-6,1,5,0,-60,LTE BAND 3,19,41950.0,5.0,5104,nan,0,1.37,0.0000
1743430960.9018419,LTE,CONNECT,FDD,410A332,-82,-6,3,15,-82,-6,1,-82,-6,1,5,0,-60,LTE BAND 3,19,20970.0,2.5,2551,nan,0,1.41,0.0000
1743430962.023084,LTE,CONNECT,FDD,410A332,-82,-7,2,14,-82,-7,1,-82,-7,1,5,0,-59,LTE BAND 3,19,31456.0,3.75,3827,nan,0,1.44,0.0000
1743430963.0988708,LTE,CONNECT,FDD,410A332,-81,-6,4,15,-81,-6,1,-81,-6,1,5,0,-60,LTE BAND 3,19,31459.0,3.75,3828,nan,0,1.46,0.0000
1743430964.2013261,LTE,CONNECT,FDD,410A332,-81,-6,3,13,-81,-6,1,-81,-6,1,5,0,-60,LTE BAND 3,19,31459.0,3.75,3828,nan,0,1.47,0.0000
1743430965.3156035,LTE,CONNECT,FDD,410A332,-82,-7,4,14,-82,-7,1,-82,-7,1,5,0,-60,LTE BAND 3,19,20969.0,2.5,2551,nan,0,1.47,0.0000
1743430966.4182098,LTE,CONNECT,FDD,410A332,-82,-6,4,14,-82,-6,1,-82,-6,1,5,0,-61,LTE BAND 3,19,20965.0,2.5,2551,nan,0,1.47,0.0000
1743430967.532421,LTE,CONNECT,FDD,410A332,-82,-6,3,16,-82,-6,1,-82,-6,1,5,0,-60,LTE BAND 3,19,31474.0,3.75,3829,nan,0,1.47,0.0000
1743430968.6462317,LTE,CONNECT,FDD,410A332,-82,-7,4,16,-82,-7,1,-82,-7,1,5,0,-61,LTE BAND 3,19,20969.0,2.5,2551,nan,0,1.47,0.0000
1743430969.7768059,LTE,CONNECT,FDD,410A332,-82,-7,4,15,-82,-7,1,-82,-7,1,5,0,-59,LTE BAND 3,19,31454.0,3.75,3827,nan,0,1.51,0.0000
1743430970.9143343,LTE,CONNECT,FDD,410A332,-82,-7,3,14,-82,-7,1,-82,-7,1,5,0,-61,LTE BAND 3,19,31458.0,3.75,3827,nan,0,1.54,0.0000
1743430972.0356123,LTE,CONNECT,FDD,410A332,-82,-7,3,14,-82,-7,1,-82,-7,1,5,0,-59,LTE BAND 3,19,31456.0,3.75,3827,nan,0,1.59,0.0000
1743430973.1525092,LTE,CONNECT,FDD,410A332,-81,-7,3,15,-81,-7,1,-81,-7,1,5,0,-61,LTE BAND 3,19,20968.0,2.5,2551,nan,0,1.65,0.0000
1743430974.263267,LTE,CONNECT,FDD,410A332,-81,-8,3,9,-81,-8,1,-81,-8,1,5,0,-60,LTE BAND 3,19,20971.0,2.5,2551,nan,0,1.73,0.0000
1743430975.3812923,LTE,CONNECT,FDD,410A332,-81,-10,2,18,-81,-10,1,-81,-10,1,5,0,-60,LTE BAND 3,19,10486.0,1.25,1217,nan,41,1.57,0.0000
1743430976.4213085,LTE,CONNECT,FDD,410A332,-81,-6,2,12,-81,-6,1,-81,-6,1,5,0,-61,LTE BAND 3,19,20976.0,2.5,2498,nan,38,1.25,0.0000
1743430977.4962847,LTE,CONNECT,FDD,410A332,-81,-6,2,15,-81,-6,1,-81,-6,1,5,0,-61,LTE BAND 3,19,20965.0,2.5,2551,nan,0,1.34,0.0000
1743430978.602099,LTE,CONNECT,FDD,410A332,-81,-6,2,14,-81,-6,1,-81,-6,1,5,0,-61,LTE BAND 3,19,31469.0,3.75,3829,nan,0,1.46,0.0000
1743430979.7377274,LTE,CONNECT,FDD,410A332,-81,-6,2,13,-81,-6,1,-81,-6,1,5,0,-61,LTE BAND 3,19,20965.0,2.5,2551,nan,0,1.56,0.0000
1743430980.7965956,LTE,CONNECT,FDD,410A332,-81,-6,2,15,-81,-6,1,-81,-6,1,5,0,-61,LTE BAND 3,19,31459.0,3.75,3828,nan,0,1.69,0.0000
1743430981.8947814,LTE,CONNECT,FDD,410A332,-81,-6,2,14,-81,-6,1,-81,-6,1,5,0,-61,LTE BAND 3,19,10480.0,1.25,1215,nan,42,1.57,0.0000
1743430983.026999,LTE,CONNECT,FDD,410A332,-82,-8,3,12,-82,-8,1,-82,-8,1,5,0,-61,LTE BAND 3,19,31464.0,3.75,3827,nan,1,1.23,0.0000
1743430984.1306908,LTE,CONNECT,FDD,410A332,-79,-7,2,17,-79,-7,1,-79,-7,1,5,0,-59,LTE BAND 3,19,20967.0,2.5,2551,nan,0,1.3,0.0000
1743430985.2347367,LTE,CONNECT,FDD,410A332,-81,-7,2,16,-81,-7,1,-81,-7,1,5,0,-62,LTE BAND 3,19,10487.0,1.25,1276,nan,0,1.35,0.0000
1743430986.3308973,LTE,CONNECT,FDD,410A332,-81,-8,1,16,-81,-9,1,-81,-9,1,5,0,-60,LTE BAND 3,19,20976.0,2.5,2552,nan,0,1.4,0.0000
1743430987.4484756,LTE,CONNECT,FDD,410A332,-79,-7,1,13,-79,-7,1,-79,-7,1,5,0,-61,LTE BAND 3,19,10485.0,1.25,1276,nan,0,1.43,0.0000
1743430988.517275,LTE,CONNECT,FDD,410A332,-80,-7,2,12,-80,-7,1,-80,-7,1,5,0,-61,LTE BAND 3,19,20971.0,2.5,2551,nan,0,1.45,0.0000
1743430989.5827794,LTE,CONNECT,FDD,410A332,-80,-6,2,12,-80,-6,1,-80,-6,1,5,0,-61,LTE BAND 3,19,20971.0,2.5,2551,nan,0,1.46,0.0000
1743430990.7222154,LTE,CONNECT,FDD,410A332,-80,-6,0,13,-80,-6,1,-80,-6,1,5,0,-60,LTE BAND 3,19,20966.0,2.5,2551,nan,0,1.47,0.0000
1743430991.796391,LTE,CONNECT,FDD,410A332,-81,-7,3,12,-81,-7,1,-81,-7,1,5,0,-61,LTE BAND 3,19,31466.0,3.75,3828,nan,0,1.47,0.0000
1743430992.9142118,LTE,CONNECT,FDD,410A332,-82,-8,3,16,-82,-8,1,-82,-8,1,5,0,-60,LTE BAND 3,19,20973.0,2.5,2552,nan,0,1.47,0.0000
1743430994.028707,LTE,CONNECT,FDD,410A332,-83,-7,3,12,-83,-7,1,-83,-7,1,5,0,-60,LTE BAND 3,19,31454.0,3.75,3827,nan,0,1.48,0.0000
1743430995.1464643,LTE,CONNECT,FDD,410A332,-82,-7,3,15,-82,-7,1,-82,-7,1,5,0,-60,LTE BAND 3,19,20969.0,2.5,2551,nan,0,1.5,0.0000
1743430996.2455761,LTE,CONNECT,FDD,410A332,-81,-6,2,14,-81,-6,1,-81,-6,1,5,0,-61,LTE BAND 3,19,31464.0,3.75,3828,nan,0,1.54,0.0000
1743430997.3406582,LTE,CONNECT,FDD,410A332,-79,-6,1,15,-79,-6,1,-79,-6,1,5,0,-61,LTE BAND 3,19,31455.0,3.75,3827,nan,0,1.59,0.0000
1743430998.475087,LTE,CONNECT,FDD,410A332,-79,-7,3,13,-79,-7,1,-79,-7,1,5,0,-61,LTE BAND 3,19,20970.0,2.5,2551,nan,0,1.65,0.0000
1743430999.5735548,LTE,CONNECT,FDD,410A332,-80,-6,4,14,-80,-6,1,-80,-6,1,5,0,-60,LTE BAND 3,19,20968.0,2.5,2551,nan,0,1.73,0.0000
1743431000.7044284,LTE,CONNECT,FDD,410A332,-82,-6,3,13,-82,-6,1,-82,-6,1,5,0,-61,LTE BAND 3,19,31451.0,3.75,3767,nan,42,1.26,0.0000
1743431001.8071933,LTE,CONNECT,FDD,410A332,-85,-8,5,16,-85,-8,1,-85,-8,1,5,0,-58,LTE BAND 3,19,10483.0,1.25,1275,nan,0,1.41,0.0000
1743431002.9214523,LTE,CONNECT,FDD,410A332,-86,-8,5,14,-86,-8,1,-86,-8,1,5,0,-60,LTE BAND 3,19,31468.0,3.75,3829,nan,0,1.55,0.0000
1743431004.0149431,LTE,CONNECT,FDD,410A332,-83,-7,2,14,-82,-7,1,-82,-7,1,5,0,-58,LTE BAND 3,19,31456.0,3.75,3827,nan,0,1.63,0.0000
1743431005.1472883,LTE,CONNECT,FDD,410A332,-81,-6,3,15,-81,-6,1,-81,-6,1,5,0,-61,LTE BAND 3,19,31455.0,3.75,3827,nan,0,1.69,0.0000
1743431006.248467,LTE,CONNECT,FDD,410A332,-81,-6,3,13,-81,-6,1,-81,-6,1,5,0,-61,LTE BAND 3,19,31459.0,3.75,3828,nan,0,1.74,0.0000
1743431007.3485427,LTE,CONNECT,FDD,410A332,-83,-7,3,13,-83,-7,1,-83,-7,1,5,0,-61,LTE BAND 3,19,20969.0,2.5,2507,nan,31,1.23,0.0000
1743431008.4095113,LTE,CONNECT,FDD,410A332,-82,-6,2,13,-82,-6,1,-82,-6,1,5,0,-61,LTE BAND 3,19,41945.0,5.0,5103,nan,0,1.28,0.0000
1743431009.525815,LTE,CONNECT,FDD,410A332,-81,-6,2,12,-81,-6,1,-81,-6,1,5,0,-62,LTE BAND 3,19,31457.0,3.75,3827,nan,0,1.35,0.0000
1743431010.6348286,LTE,CONNECT,FDD,410A332,-82,-6,3,10,-82,-6,1,-82,-6,1,5,0,-61,LTE BAND 3,19,20970.0,2.5,2551,nan,0,1.4,0.0000
1743431011.7746463,LTE,CONNECT,FDD,410A332,-82,-6,3,12,-82,-6,1,-82,-6,1,5,0,-61,LTE BAND 3,19,31455.0,3.75,3827,nan,0,1.47,0.0000
1743431012.8710542,LTE,CONNECT,FDD,410A332,-81,-6,1,12,-81,-6,1,-81,-6,1,5,0,-60,LTE BAND 3,19,31459.0,3.75,3828,nan,0,1.48,0.0000
1743431013.9950752,LTE,CONNECT,FDD,410A332,-81,-6,3,12,-81,-6,1,-81,-6,1,5,0,-61,LTE BAND 3,19,31459.0,3.75,3828,nan,0,1.49,0.0000
1743431015.1105382,LTE,CONNECT,FDD,410A332,-81,-6,3,12,-80,-6,1,-80,-6,1,5,0,-61,LTE BAND 3,19,31458.0,3.75,3827,nan,0,1.49,0.0000
1743431016.232851,LTE,CONNECT,FDD,410A332,-82,-6,2,13,-82,-6,1,-82,-6,1,5,0,-61,LTE BAND 3,19,41948.0,5.0,5104,nan,0,1.49,0.0000
1743431017.3264832,LTE,CONNECT,FDD,410A332,-80,-6,2,14,-80,-6,1,-80,-6,1,5,0,-61,LTE BAND 3,19,20967.0,2.5,2551,nan,0,1.49,0.0000
1743431018.4133832,LTE,CONNECT,FDD,410A332,-80,-6,3,14,-80,-6,1,-80,-6,1,5,0,-61,LTE BAND 3,19,31459.0,3.75,3828,nan,0,1.5,0.0000
1743431019.5382085,LTE,CONNECT,FDD,410A332,-81,-6,2,13,-81,-6,1,-81,-6,1,5,0,-61,LTE BAND 3,19,41941.0,5.0,5103,nan,0,1.51,0.0000
1743431020.5995483,LTE,CONNECT,FDD,410A332,-80,-6,3,11,-80,-6,1,-80,-6,1,5,0,-61,LTE BAND 3,19,31465.0,3.75,3828,nan,0,1.54,0.0000
1743431021.7069323,LTE,CONNECT,FDD,410A332,-81,-7,2,10,-81,-7,1,-81,-7,1,5,0,-60,LTE BAND 3,19,20961.0,2.5,2550,nan,0,1.57,0.0000
1743431022.848594,LTE,CONNECT,FDD,410A332,-80,-6,1,11,-80,-6,1,-80,-6,1,5,0,-60,LTE BAND 3,19,31457.0,3.75,3827,nan,0,1.7,0.0000
1743431023.939609,LTE,CONNECT,FDD,410A332,-80,-6,1,10,-80,-6,1,-80,-6,1,5,0,-61,LTE BAND 3,19,10478.0,1.25,1259,nan,11,1.45,0.0000
1743431025.0365503,LTE,CONNECT,FDD,410A332,-80,-6,2,10,-80,-6,1,-80,-6,1,5,0,-61,LTE BAND 3,19,41975.0,5.0,5094,nan,9,884.0,0.0000
1743431026.1490269,LTE,CONNECT,FDD,410A332,-80,-7,1,13,-80,-7,1,-80,-7,1,5,0,-60,LTE BAND 3,19,10483.0,1.25,1275,nan,0,930.0,0.0000
1743431027.2691138,LTE,CONNECT,FDD,410A332,-81,-8,1,12,-81,-8,1,-81,-8,1,5,0,-61,LTE BAND 3,19,20974.0,2.5,2552,nan,0,986.0,0.0000
1743431028.3775377,LTE,CONNECT,FDD,410A332,-81,-8,2,12,-81,-8,1,-81,-8,1,5,0,-61,LTE BAND 3,19,20976.0,2.5,2552,nan,0,1024.0,0.0000
1743431029.4888575,LTE,CONNECT,FDD,410A332,-81,-7,3,13,-81,-7,1,-81,-7,1,5,0,-61,LTE BAND 3,19,10484.0,1.25,1276,nan,0,1.02,0.0000
1743431030.5884964,LTE,CONNECT,FDD,410A332,-81,-8,0,13,-81,-8,1,-81,-8,1,5,0,-60,LTE BAND 3,19,10484.0,1.25,1276,nan,0,1.03,0.0000
1743431031.6879733,LTE,CONNECT,FDD,410A332,-80,-7,2,11,-80,-7,1,-80,-7,1,5,0,-61,LTE BAND 3,19,10489.0,1.25,1276,nan,0,1.04,0.0000
1743431032.8120255,LTE,CONNECT,FDD,410A332,-80,-7,2,12,-80,-7,1,-80,-7,1,5,0,-60,LTE BAND 3,19,20967.0,2.5,2551,nan,0,1.05,0.0000
1743431033.8892996,LTE,CONNECT,FDD,410A332,-80,-6,2,15,-80,-6,1,-80,-6,1,5,0,-60,LTE BAND 3,19,10483.0,1.25,1275,nan,0,1.05,0.0000
1743431034.9555602,LTE,CONNECT,FDD,410A332,-80,-6,2,14,-80,-6,1,-80,-6,1,5,0,-60,LTE BAND 3,19,31429.0,3.75,3824,nan,0,1.06,0.0000
1743431036.0985034,LTE,CONNECT,FDD,410A332,-80,-6,3,12,-80,-6,1,-80,-6,1,5,0,-61,LTE BAND 3,19,31501.0,3.75,3833,nan,0,1.07,0.0000
1743431037.1848094,LTE,CONNECT,FDD,410A332,-80,-6,2,14,-80,-6,1,-80,-6,1,5,0,-60,LTE BAND 3,19,20971.0,2.5,2551,nan,0,1.1,0.0000
1743431038.2542958,LTE,CONNECT,FDD,410A332,-79,-6,2,14,-79,-6,1,-79,-6,1,5,0,-61,LTE BAND 3,19,31455.0,3.75,3827,nan,0,1.14,0.0000
1743431039.3870134,LTE,CONNECT,FDD,410A332,-80,-7,2,12,-80,-6,1,-80,-6,1,5,0,-61,LTE BAND 3,19,31460.0,3.75,3828,nan,0,1.2,0.0000
1743431040.4912822,LTE,CONNECT,FDD,410A332,-81,-6,3,12,-81,-6,1,-81,-6,1,5,0,-60,LTE BAND 3,19,20969.0,2.5,2551,nan,0,1.27,0.0000
1743431041.5974183,LTE,CONNECT,FDD,410A332,-80,-6,3,12,-81,-6,1,-81,-6,1,5,0,-61,LTE BAND 3,19,31461.0,3.75,3828,nan,0,1.37,0.0000
1743431042.686865,LTE,CONNECT,FDD,410A332,-82,-7,3,12,-82,-7,1,-82,-7,1,5,0,-60,LTE BAND 3,19,31462.0,3.75,3828,nan,0,1.49,0.0000
1743431043.7747772,LTE,CONNECT,FDD,410A332,-82,-7,0,12,-82,-7,1,-82,-7,1,5,0,-61,LTE BAND 3,19,10484.0,1.25,1276,nan,0,1.75,0.0000
1743431044.9280617,LTE,CONNECT,FDD,410A332,-82,-8,1,15,-82,-8,1,-82,-8,1,5,0,-60,LTE BAND 3,19,10484.0,1.25,1167,nan,76,1.44,0.0001
1743431046.0208726,LTE,CONNECT,FDD,410A332,-83,-7,0,15,-83,-7,1,-83,-7,1,5,0,-61,LTE BAND 3,19,10489.0,1.25,1198,nan,55,1.29,0.0001
1743431047.111231,LTE,CONNECT,FDD,410A332,-82,-7,1,10,-82,-7,1,-82,-7,1,5,0,-60,LTE BAND 3,19,31465.0,3.75,3828,nan,0,1.36,0.0000
1743431048.2208612,LTE,CONNECT,FDD,410A332,-82,-8,1,16,-82,-8,1,-82,-8,1,5,0,-60,LTE BAND 3,19,10484.0,1.25,1276,nan,0,1.47,0.0000
1743431049.3092034,LTE,CONNECT,FDD,410A332,-81,-8,3,12,-81,-8,1,-81,-8,1,5,0,-59,LTE BAND 3,19,20978.0,2.5,2552,nan,0,1.58,0.0000
1743431050.3718863,LTE,CONNECT,FDD,410A332,-81,-7,3,15,-81,-7,1,-81,-7,1,5,0,-60,LTE BAND 3,19,10483.0,1.25,1275,nan,0,1.64,0.0000
1743431051.427841,LTE,CONNECT,FDD,410A332,-80,-6,3,14,-80,-6,1,-80,-6,1,5,0,-61,LTE BAND 3,19,10485.0,1.25,1276,nan,0,1.72,0.0000
1743431052.5359328,LTE,CONNECT,FDD,410A332,-80,-6,3,13,-80,-6,1,-80,-6,1,5,0,-61,LTE BAND 3,19,10483.0,1.25,1200,nan,53,1.21,0.0001
1743431053.6534739,LTE,CONNECT,FDD,410A332,-79,-7,3,11,-79,-7,1,-79,-7,1,5,0,-60,LTE BAND 3,19,41962.0,5.0,5105,nan,0,1.26,0.0000
1743431054.7618651,LTE,CONNECT,FDD,410A332,-80,-6,2,14,-80,-6,1,-80,-6,1,5,0,-60,LTE BAND 3,19,20967.0,2.5,2551,nan,0,1.32,0.0000
1743431055.8242128,LTE,CONNECT,FDD,410A332,-82,-6,2,11,-82,-6,1,-82,-6,1,5,0,-61,LTE BAND 3,19,31458.0,3.75,3827,nan,0,1.42,0.0000
1743431056.9072134,LTE,CONNECT,FDD,410A332,-82,-8,2,19,-82,-9,1,-82,-9,1,5,0,-59,LTE BAND 3,19,31459.0,3.75,3828,nan,0,1.45,0.0000
1743431057.979403,LTE,CONNECT,FDD,410A332,-82,-8,2,15,-82,-7,1,-82,-7,1,5,0,-60,LTE BAND 3,19,20972.0,2.5,2552,nan,0,1.46,0.0000
1743431059.0353987,LTE,CONNECT,FDD,410A332,-82,-6,3,14,-82,-6,1,-82,-6,1,5,0,-60,LTE BAND 3,19,31464.0,3.75,3828,nan,0,1.47,0.0000
1743431060.1230147,LTE,CONNECT,FDD,410A332,-82,-7,2,13,-82,-7,1,-82,-7,1,5,0,-60,LTE BAND 3,19,31456.0,3.75,3827,nan,0,1.47,0.0000
1743431061.1916764,LTE,CONNECT,FDD,410A332,-82,-7,2,13,-82,-7,1,-82,-7,1,5,0,-60,LTE BAND 3,19,20969.0,2.5,2551,nan,0,1.47,0.0000
1743431062.291634,LTE,CONNECT,FDD,410A332,-82,-6,2,10,-82,-6,1,-82,-6,1,5,0,-60,LTE BAND 3,19,31462.0,3.75,3828,nan,0,1.48,0.0000
1743431063.3773935,LTE,CONNECT,FDD,410A332,-82,-6,3,14,-82,-6,1,-82,-6,1,5,0,-61,LTE BAND 3,19,31453.0,3.75,3827,nan,0,1.48,0.0000
1743431064.5005736,LTE,CONNECT,FDD,410A332,-80,-6,3,13,-80,-6,1,-80,-6,1,5,0,-60,LTE BAND 3,19,31454.0,3.75,3827,nan,0,1.49,0.0000
1743431065.5538762,LTE,CONNECT,FDD,410A332,-79,-6,2,13,-79,-6,1,-79,-6,1,5,0,-61,LTE BAND 3,19,31455.0,3.75,3827,nan,0,1.51,0.0000
1743431066.6362314,LTE,CONNECT,FDD,410A332,-81,-6,3,13,-81,-6,1,-81,-6,1,5,0,-61,LTE BAND 3,19,31463.0,3.75,3828,nan,0,1.55,0.0000
1743431067.7191877,LTE,CONNECT,FDD,410A332,-80,-6,3,12,-80,-6,1,-80,-6,1,5,0,-59,LTE BAND 3,19,20972.0,2.5,2552,nan,0,1.6,0.0000
1743431068.8338633,LTE,CONNECT,FDD,410A332,-79,-6,4,11,-79,-6,1,-79,-6,1,5,0,-60,LTE BAND 3,19,20971.0,2.5,2551,nan,0,1.75,0.0000
1743431069.9410598,LTE,CONNECT,FDD,410A332,-79,-6,4,9,-79,-6,1,-79,-6,1,5,0,-60,LTE BAND 3,19,31461.0,3.75,3749,nan,55,1.24,0.0000
1743431071.058076,LTE,CONNECT,FDD,410A332,-79,-6,4,12,-79,-6,1,-79,-6,1,5,0,-60,LTE BAND 3,19,20966.0,2.5,2551,nan,0,1.35,0.0000
1743431072.1209178,LTE,CONNECT,FDD,410A332,-79,-6,3,9,-79,-6,1,-79,-6,1,5,0,-60,LTE BAND 3,19,31460.0,3.75,3828,nan,0,1.46,0.0000
1743431073.1914403,LTE,CONNECT,FDD,410A332,-79,-6,3,12,-79,-6,1,-79,-6,1,5,0,-59,LTE BAND 3,19,20970.0,2.5,2551,nan,0,1.53,0.0000
1743431074.2854142,LTE,CONNECT,FDD,410A332,-79,-6,3,14,-79,-6,1,-79,-6,1,5,0,-60,LTE BAND 3,19,31454.0,3.75,3827,nan,0,1.62,0.0000
1743431075.4217255,LTE,CONNECT,FDD,410A332,-79,-6,4,12,-79,-6,1,-79,-6,1,5,0,-60,LTE BAND 3,19,31466.0,3.75,3828,nan,0,1.68,0.0000
1743431076.544707,LTE,CONNECT,FDD,410A332,-79,-6,3,13,-79,-6,1,-79,-6,1,5,0,-60,LTE BAND 3,19,20968.0,2.5,2530,nan,15,1.45,0.0000
1743431077.614926,LTE,CONNECT,FDD,410A332,-79,-6,2,10,-79,-6,1,-79,-6,1,5,0,-59,LTE BAND 3,19,31457.0,3.75,3827,nan,0,1.24,0.0000
1743431078.6963649,LTE,CONNECT,FDD,410A332,-79,-6,4,14,-79,-6,1,-79,-6,1,5,0,-61,LTE BAND 3,19,20971.0,2.5,2551,nan,0,1.3,0.0000
1743431079.7918692,LTE,CONNECT,FDD,410A332,-79,-6,4,11,-79,-6,1,-79,-6,1,5,0,-60,LTE BAND 3,19,31454.0,3.75,3827,nan,0,1.41,0.0000
1743431080.8615005,LTE,CONNECT,FDD,410A332,-79,-6,3,14,-79,-6,1,-79,-6,1,5,0,-60,LTE BAND 3,19,20969.0,2.5,2551,nan,0,1.43,0.0000
1743431081.9642348,LTE,CONNECT,FDD,410A332,-79,-7,3,12,-79,-7,1,-79,-7,1,5,0,-61,LTE BAND 3,19,20969.0,2.5,2551,nan,0,1.45,0.0000
1743431083.0528328,LTE,CONNECT,FDD,410A332,-79,-5,4,13,-79,-6,1,-79,-6,1,5,0,-60,LTE BAND 3,19,31467.0,3.75,3828,nan,0,1.45,0.0000
1743431084.1426795,LTE,CONNECT,FDD,410A332,-79,-6,3,11,-79,-6,1,-79,-6,1,5,0,-61,LTE BAND 3,19,20964.0,2.5,2551,nan,0,1.46,0.0000
1743431085.2219148,LTE,CONNECT,FDD,410A332,-79,-6,3,14,-79,-6,1,-79,-6,1,5,0,-60,LTE BAND 3,19,31457.0,3.75,3827,nan,0,1.46,0.0000
1743431086.2775228,LTE,CONNECT,FDD,410A332,-80,-6,3,14,-80,-6,1,-80,-6,1,5,0,-60,LTE BAND 3,19,31462.0,3.75,3828,nan,0,1.46,0.0000
1743431087.378755,LTE,CONNECT,FDD,410A332,-80,-6,3,11,-80,-6,1,-80,-6,1,5,0,-61,LTE BAND 3,19,20972.0,2.5,2552,nan,0,1.46,0.0000
1743431088.4981267,LTE,CONNECT,FDD,410A332,-79,-6,3,15,-79,-6,1,-79,-6,1,5,0,-60,LTE BAND 3,19,20972.0,2.5,2552,nan,0,1.48,0.0000
1743431089.5861006,LTE,CONNECT,FDD,410A332,-79,-9,3,20,-79,-9,1,-79,-9,1,5,0,-60,LTE BAND 3,19,31456.0,3.75,3827,nan,0,1.5,0.0000
1743431090.6801736,LTE,CONNECT,FDD,410A332,-80,-7,3,15,-79,-7,1,-79,-7,1,5,0,-61,LTE BAND 3,19,10484.0,1.25,1276,nan,0,1.53,0.0000
1743431091.776147,LTE,CONNECT,FDD,410A332,-80,-6,3,14,-80,-6,1,-80,-6,1,5,0,-61,LTE BAND 3,19,31463.0,3.75,3828,nan,0,1.66,0.0000
1743431092.8929226,LTE,CONNECT,FDD,410A332,-80,-5,4,14,-79,-5,1,-79,-5,1,5,0,-61,LTE BAND 3,19,20966.0,2.5,2548,nan,2,1.64,0.0000
1743431093.9845862,LTE,CONNECT,FDD,410A332,-79,-6,3,13,-79,-6,1,-79,-6,1,5,0,-61,LTE BAND 3,19,41948.0,5.0,5097,nan,5,1.28,0.0000
1743431095.1355107,LTE,CONNECT,FDD,410A332,-80,-7,4,13,-80,-7,1,-80,-7,1,5,0,-60,LTE BAND 3,19,31456.0,3.75,3827,nan,0,1.39,0.0000
1743431096.2551723,LTE,CONNECT,FDD,410A332,-80,-7,3,15,-81,-7,1,-81,-7,1,5,0,-60,LTE BAND 3,19,20970.0,2.5,2551,nan,0,1.48,0.0000
1743431097.396522,LTE,CONNECT,FDD,410A332,-81,-8,4,15,-81,-8,1,-81,-8,1,5,0,-59,LTE BAND 3,19,20976.0,2.5,2552,nan,0,1.56,0.0000
1743431098.5240605,LTE,CONNECT,FDD,410A332,-81,-7,4,12,-81,-7,1,-81,-7,1,5,0,-61,LTE BAND 3,19,20969.0,2.5,2551,nan,0,1.63,0.0000
1743431099.6390424,LTE,CONNECT,FDD,410A332,-81,-6,4,14,-81,-6,1,-81,-6,1,5,0,-61,LTE BAND 3,19,20971.0,2.5,2551,nan,0,1.68,0.0000
1743431100.7453444,LTE,CONNECT,FDD,410A332,-81,-6,4,14,-81,-6,1,-81,-6,1,5,0,-60,LTE BAND 3,19,31459.0,3.75,3828,nan,0,1.73,0.0000
1743431101.871426,LTE,CONNECT,FDD,410A332,-81,-6,4,11,-81,-6,1,-81,-6,1,5,0,-60,LTE BAND 3,19,20964.0,2.5,2501,nan,35,1.22,0.0000
1743431102.9665284,LTE,CONNECT,FDD,410A332,-81,-7,4,15,-81,-7,1,-81,-7,1,5,0,-60,LTE BAND 3,19,20976.0,2.5,2552,nan,0,1.29,0.0000
1743431104.1097672,LTE,CONNECT,FDD,410A332,-81,-7,4,15,-81,-7,1,-81,-7,1,5,0,-58,LTE BAND 3,19,20970.0,2.5,2551,nan,0,1.36,0.0000
1743431105.204397,LTE,CONNECT,FDD,410A332,-83,-7,1,15,-83,-7,1,-83,-7,1,5,0,-61,LTE BAND 3,19,20974.0,2.5,2552,nan,0,1.4,0.0000
1743431106.3185968,LTE,CONNECT,FDD,410A332,-83,-7,2,14,-83,-7,1,-83,-7,1,5,0,-61,LTE BAND 3,19,31449.0,3.75,3826,nan,0,1.44,0.0000
1743431107.4700353,LTE,CONNECT,FDD,410A332,-81,-6,2,14,-81,-6,1,-81,-6,1,5,0,-61,LTE BAND 3,19,41957.0,5.0,5105,nan,0,1.46,0.0000
1743431108.572159,LTE,CONNECT,FDD,410A332,-80,-8,3,14,-80,-8,1,-80,-8,1,5,0,-60,LTE BAND 3,19,20965.0,2.5,2551,nan,0,1.47,0.0000
1743431109.6777968,LTE,CONNECT,FDD,410A332,-80,-8,3,13,-80,-8,1,-80,-8,1,5,0,-60,LTE BAND 3,19,10484.0,1.25,1276,nan,0,1.47,0.0000
1743431110.795807,LTE,CONNECT,FDD,410A332,-80,-7,3,14,-80,-7,1,-80,-7,1,5,0,-59,LTE BAND 3,19,20974.0,2.5,2552,nan,0,1.47,0.0000
1743431111.898024,LTE,CONNECT,FDD,410A332,-81,-6,3,14,-81,-6,1,-81,-6,1,5,0,-61,LTE BAND 3,19,20967.0,2.5,2551,nan,0,1.48,0.0000
1743431113.0440533,LTE,CONNECT,FDD,410A332,-81,-6,4,13,-81,-6,1,-81,-6,1,5,0,-60,LTE BAND 3,19,31461.0,3.75,3828,nan,0,1.48,0.0000
1743431114.115694,LTE,CONNECT,FDD,410A332,-81,-6,2,14,-81,-6,1,-81,-6,1,5,0,-60,LTE BAND 3,19,20966.0,2.5,2551,nan,0,1.5,0.0000
1743431115.2050261,LTE,CONNECT,FDD,410A332,-81,-6,3,13,-81,-6,1,-81,-6,1,5,0,-61,LTE BAND 3,19,31460.0,3.75,3828,nan,0,1.53,0.0000
1743431116.310122,LTE,CONNECT,FDD,410A332,-80,-7,4,15,-80,-7,1,-80,-7,1,5,0,-60,LTE BAND 3,19,20965.0,2.5,2551,nan,0,1.57,0.0000
1743431117.4180896,LTE,CONNECT,FDD,410A332,-80,-7,4,16,-80,-7,1,-80,-7,1,5,0,-58,LTE BAND 3,19,20975.0,2.5,2552,nan,0,1.62,0.0000
1743431118.5299835,LTE,CONNECT,FDD,410A332,-80,-6,3,14,-80,-6,1,-80,-6,1,5,0,-60,LTE BAND 3,19,20977.0,2.5,2552,nan,0,1.69,0.0000
1743431119.6018813,LTE,CONNECT,FDD,410A332,-80,-7,3,19,-80,-7,1,-80,-7,1,5,0,-59,LTE BAND 3,19,31453.0,3.75,3788,nan,27,1.23,0.0000
1743431120.732185,LTE,CONNECT,FDD,410A332,-80,-7,4,12,-80,-7,1,-80,-7,1,5,0,-61,LTE BAND 3,19,20975.0,2.5,2552,nan,0,1.32,0.0000
1743431121.8515167,LTE,CONNECT,FDD,410A332,-80,-6,4,14,-80,-6,1,-80,-6,1,5,0,-61,LTE BAND 3,19,31458.0,3.75,3827,nan,0,1.55,0.0000
1743431122.9859533,LTE,CONNECT,FDD,410A332,-81,-6,4,14,-81,-6,1,-81,-6,1,5,0,-61,LTE BAND 3,19,20964.0,2.5,2551,nan,0,1.61,0.0000
1743431124.0939872,LTE,CONNECT,FDD,410A332,-81,-6,3,14,-81,-6,1,-81,-6,1,5,0,-60,LTE BAND 3,19,31463.0,3.75,3828,nan,0,1.67,0.0000
1743431125.241329,LTE,CONNECT,FDD,410A332,-81,-6,4,14,-81,-6,1,-81,-6,1,5,0,-60,LTE BAND 3,19,20974.0,2.5,2550,nan,1,1.68,0.0000
1743431126.3298268,LTE,CONNECT,FDD,410A332,-81,-6,3,14,-81,-6,1,-81,-6,1,5,0,-60,LTE BAND 3,19,31448.0,3.75,3810,nan,11,1.22,0.0000
1743431127.4155152,LTE,CONNECT,FDD,410A332,-82,-7,3,14,-82,-7,1,-82,-7,1,5,0,-60,LTE BAND 3,19,41954.0,5.0,5104,nan,0,1.3,0.0000
1743431128.5141456,LTE,CONNECT,FDD,410A332,-82,-6,4,9,-82,-6,1,-82,-6,1,5,0,-61,LTE BAND 3,19,31456.0,3.75,3827,nan,0,1.35,0.0000
1743431129.5898554,LTE,CONNECT,FDD,410A332,-82,-8,4,16,-82,-8,1,-82,-8,1,5,0,-59,LTE BAND 3,19,31451.0,3.75,3827,nan,0,1.39,0.0000
1743431130.6707263,LTE,CONNECT,FDD,410A332,-82,-6,4,11,-82,-6,1,-82,-6,1,5,0,-60,LTE BAND 3,19,10485.0,1.25,1276,nan,0,1.41,0.0000
1743431131.8024054,LTE,CONNECT,FDD,410A332,-82,-7,4,14,-82,-7,1,-82,-7,1,5,0,-60,LTE BAND 3,19,10483.0,1.25,1275,nan,0,1.45,0.0000
1743431132.8690286,LTE,CONNECT,FDD,410A332,-83,-8,4,15,-83,-8,1,-83,-8,1,5,0,-59,LTE BAND 3,19,20969.0,2.5,2551,nan,0,1.45,0.0000
1743431133.962703,LTE,CONNECT,FDD,410A332,-82,-7,3,14,-82,-7,1,-82,-7,1,5,0,-60,LTE BAND 3,19,20972.0,2.5,2552,nan,0,1.45,0.0000
1743431135.037834,LTE,CONNECT,FDD,410A332,-82,-6,4,14,-82,-6,1,-82,-6,1,5,0,-60,LTE BAND 3,19,41954.0,5.0,5104,nan,0,1.45,0.0000
1743431136.1444473,LTE,CONNECT,FDD,410A332,-82,-7,3,15,-82,-7,1,-82,-7,1,5,0,-60,LTE BAND 3,19,20966.0,2.5,2551,nan,0,1.46,0.0000
1743431137.2193,LTE,CONNECT,FDD,410A332,-82,-8,3,17,-82,-8,1,-82,-8,1,5,0,-59,LTE BAND 3,19,20972.0,2.5,2552,nan,0,1.46,0.0000
1743431138.316333,LTE,CONNECT,FDD,410A332,-82,-7,3,14,-82,-7,1,-82,-7,1,5,0,-60,LTE BAND 3,19,20972.0,2.5,2552,nan,0,1.48,0.0000
1743431139.4151611,LTE,CONNECT,FDD,410A332,-82,-7,3,14,-82,-7,1,-82,-7,1,5,0,-59,LTE BAND 3,19,20973.0,2.5,2552,nan,0,1.52,0.0000
1743431140.4567091,LTE,CONNECT,FDD,410A332,-82,-7,3,13,-82,-7,1,-82,-7,1,5,0,-58,LTE BAND 3,19,20962.0,2.5,2550,nan,0,1.56,0.0000
1743431141.551106,LTE,CONNECT,FDD,410A332,-82,-8,4,18,-82,-8,1,-82,-8,1,5,0,-59,LTE BAND 3,19,31471.0,3.75,3829,nan,0,1.63,0.0000
1743431142.6555533,LTE,CONNECT,FDD,410A332,-83,-7,4,11,-83,-7,1,-83,-7,1,5,0,-59,LTE BAND 3,19,20969.0,2.5,2551,nan,0,1.71,0.0000
1743431143.7444916,LTE,CONNECT,FDD,410A332,-81,-6,4,14,-81,-6,1,-81,-6,1,5,0,-60,LTE BAND 3,19,10480.0,1.25,1229,nan,32,1.47,0.0000
1743431144.8304267,LTE,CONNECT,FDD,410A332,-82,-6,3,14,-82,-6,1,-82,-6,1,5,0,-60,LTE BAND 3,19,31460.0,3.75,3828,nan,0,1.36,0.0000
1743431145.9151278,LTE,CONNECT,FDD,410A332,-81,-8,3,12,-81,-8,1,-81,-8,1,5,0,-59,LTE BAND 3,19,31464.0,3.75,3828,nan,0,1.47,0.0000
1743431147.009023,LTE,CONNECT,FDD,410A332,-81,-7,3,12,-81,-7,1,-81,-7,1,5,0,-60,LTE BAND 3,19,10485.0,1.25,1276,nan,0,1.54,0.0000
1743431148.088828,LTE,CONNECT,FDD,410A332,-82,-7,4,14,-82,-7,1,-82,-7,1,5,0,-60,LTE BAND 3,19,20966.0,2.5,2551,nan,0,1.63,0.0000
1743431149.1813436,LTE,CONNECT,FDD,410A332,-81,-6,5,13,-81,-6,1,-81,-6,1,5,0,-60,LTE BAND 3,19,31469.0,3.75,3829,nan,0,1.68,0.0000
1743431150.312451,LTE,CONNECT,FDD,410A332,-84,-8,0,15,-84,-8,1,-84,-8,1,5,0,-61,LTE BAND 3,19,31457.0,3.75,3827,nan,0,1.72,0.0000
1743431151.4669626,LTE,CONNECT,FDD,410A332,-82,-6,2,13,-82,-6,1,-82,-6,1,5,0,-59,LTE BAND 3,19,10481.0,1.25,1207,nan,48,1.29,0.0001
1743431152.5464325,LTE,CONNECT,FDD,410A332,-81,-8,3,12,-82,-7,1,-82,-7,1,5,0,-59,LTE BAND 3,19,41959.0,5.0,5105,nan,0,1.25,0.0000
1743431153.623491,LTE,CONNECT,FDD,410A332,-82,-7,4,15,-82,-7,1,-82,-7,1,5,0,-59,LTE BAND 3,19,10486.0,1.25,1276,nan,0,1.31,0.0000
1743431154.7139063,LTE,CONNECT,FDD,410A332,-81,-8,3,19,-81,-8,1,-81,-8,1,5,0,-59,LTE BAND 3,19,31461.0,3.75,3828,nan,0,1.38,0.0000
1743431155.831369,LTE,CONNECT,FDD,410A332,-82,-7,3,14,-82,-7,1,-82,-7,1,5,0,-60,LTE BAND 3,19,20971.0,2.5,2551,nan,0,1.44,0.0000
1743431156.9668226,LTE,CONNECT,FDD,410A332,-81,-6,3,15,-81,-6,1,-81,-6,1,5,0,-59,LTE BAND 3,19,20969.0,2.5,2551,nan,0,1.46,0.0000
1743431158.0908334,LTE,CONNECT,FDD,410A332,-81,-7,3,13,-81,-7,1,-81,-7,1,5,0,-59,LTE BAND 3,19,20977.0,2.5,2552,nan,0,1.47,0.0000
1743431159.161177,LTE,CONNECT,FDD,410A332,-81,-6,3,12,-81,-6,1,-81,-6,1,5,0,-59,LTE BAND 3,19,20973.0,2.5,2552,nan,0,1.47,0.0000
1743431160.2676163,LTE,CONNECT,FDD,410A332,-81,-6,3,14,-81,-6,1,-81,-6,1,5,0,-60,LTE BAND 3,19,20971.0,2.5,2551,nan,0,1.47,0.0000
1743431161.3326857,LTE,CONNECT,FDD,410A332,-81,-7,2,20,-81,-7,1,-81,-7,1,5,0,-57,LTE BAND 3,19,31463.0,3.75,3828,nan,0,1.47,0.0000
1743431162.4450247,LTE,CONNECT,FDD,410A332,-82,-8,2,15,-82,-8,1,-82,-8,1,5,0,-59,LTE BAND 3,19,10481.0,1.25,1275,nan,0,1.48,0.0000
1743431163.558272,LTE,CONNECT,FDD,410A332,-81,-6,3,12,-81,-6,1,-81,-6,1,5,0,-59,LTE BAND 3,19,20981.0,2.5,2553,nan,0,1.49,0.0000
1743431164.6433146,LTE,CONNECT,FDD,410A332,-81,-7,3,13,-81,-7,1,-81,-7,1,5,0,-59,LTE BAND 3,19,20967.0,2.5,2551,nan,0,1.51,0.0000
1743431165.690468,LTE,CONNECT,FDD,410A332,-80,-7,2,12,-80,-7,1,-80,-7,1,5,0,-59,LTE BAND 3,19,20973.0,2.5,2552,nan,0,1.54,0.0000
1743431166.7965162,LTE,CONNECT,FDD,410A332,-81,-7,3,12,-81,-7,1,-81,-7,1,5,0,-59,LTE BAND 3,19,20973.0,2.5,2552,nan,0,1.66,0.0000
1743431167.8908265,LTE,CONNECT,FDD,410A332,-81,-6,4,15,-81,-6,1,-81,-6,1,5,0,-60,LTE BAND 3,19,31468.0,3.75,3829,nan,0,1.75,0.0000
1743431168.9912665,LTE,CONNECT,FDD,410A332,-82,-8,4,14,-82,-8,1,-82,-8,1,5,0,-59,LTE BAND 3,19,10486.0,1.25,1196,nan,56,1.23,0.0001
1743431170.1005917,LTE,CONNECT,FDD,410A332,-81,-7,3,15,-81,-7,1,-81,-7,1,5,0,-59,LTE BAND 3,19,31455.0,3.75,3827,nan,0,1.31,0.0000
1743431171.232224,LTE,CONNECT,FDD,410A332,-82,-8,3,12,-82,-8,1,-82,-8,1,5,0,-59,LTE BAND 3,19,20975.0,2.5,2552,nan,0,1.42,0.0000
1743431172.3359864,LTE,CONNECT,FDD,410A332,-81,-8,4,15,-81,-8,1,-81,-8,1,5,0,-59,LTE BAND 3,19,10483.0,1.25,1275,nan,0,1.51,0.0000
1743431173.4603066,LTE,CONNECT,FDD,410A332,-81,-8,4,17,-81,-8,1,-81,-8,1,5,0,-60,LTE BAND 3,19,20975.0,2.5,2552,nan,0,1.59,0.0000
1743431174.5593402,LTE,CONNECT,FDD,410A332,-82,-7,4,15,-82,-8,1,-82,-8,1,5,0,-59,LTE BAND 3,19,20975.0,2.5,2552,nan,0,1.65,0.0000
1743431175.6650262,LTE,CONNECT,FDD,410A332,-82,-8,3,17,-82,-8,1,-82,-8,1,5,0,-59,LTE BAND 3,19,20968.0,2.5,2551,nan,0,1.7,0.0000
1743431176.7930663,LTE,CONNECT,FDD,410A332,-81,-10,3,18,-81,-10,1,-81,-10,1,5,0,-58,LTE BAND 3,19,10489.0,1.25,1243,nan,23,1.21,0.0000
1743431177.8687932,LTE,CONNECT,FDD,410A332,-81,-9,3,18,-81,-9,1,-81,-9,1,5,0,-58,LTE BAND 3,19,31452.0,3.75,3827,nan,0,1.25,0.0000
1743431178.9873228,LTE,CONNECT,FDD,410A332,-81,-9,3,15,-81,-9,1,-81,-9,1,5,0,-59,LTE BAND 3,19,20957.0,2.5,2550,nan,0,1.31,0.0000
1743431180.100806,LTE,CONNECT,FDD,410A332,-81,-10,3,19,-81,-10,1,-81,-10,1,5,0,-59,LTE BAND 3,19,10489.0,1.25,1276,nan,0,1.37,0.0000
1743431181.2081568,LTE,CONNECT,FDD,410A332,-81,-7,2,15,-81,-7,1,-81,-7,1,5,0,-60,LTE BAND 3,19,20976.0,2.5,2552,nan,0,1.41,0.0000
1743431182.2986243,LTE,CONNECT,FDD,410A332,-81,-9,3,17,-81,-8,1,-81,-8,1,5,0,-59,LTE BAND 3,19,20981.0,2.5,2553,nan,0,1.44,0.0000
1743431183.4284809,LTE,CONNECT,FDD,410A332,-81,-7,3,18,-81,-7,1,-81,-7,1,5,0,-60,LTE BAND 3,19,10481.0,1.25,1275,nan,0,1.45,0.0000
1743431184.5286934,LTE,CONNECT,FDD,410A332,-81,-8,2,16,-81,-8,1,-81,-8,1,5,0,-59,LTE BAND 3,19,20972.0,2.5,2552,nan,0,1.46,0.0000
1743431185.6306736,LTE,CONNECT,FDD,410A332,-81,-7,3,15,-81,-7,1,-81,-7,1,5,0,-60,LTE BAND 3,19,20979.0,2.5,2552,nan,0,1.46,0.0000
1743431186.7377028,LTE,CONNECT,FDD,410A332,-81,-9,3,12,-81,-9,1,-81,-9,1,5,0,-59,LTE BAND 3,19,20969.0,2.5,2551,nan,0,1.46,0.0000
1743431187.8426628,LTE,CONNECT,FDD,410A332,-82,-9,3,15,-82,-9,1,-82,-9,1,5,0,-59,LTE BAND 3,19,10482.0,1.25,1275,nan,0,1.47,0.0000
1743431188.9403336,LTE,CONNECT,FDD,410A332,-82,-9,3,17,-82,-9,1,-82,-9,1,5,0,-59,LTE BAND 3,19,10482.0,1.25,1275,nan,0,1.48,0.0000
1743431190.0188847,LTE,CONNECT,FDD,410A332,-81,-8,3,15,-81,-8,1,-81,-8,1,5,0,-59,LTE BAND 3,19,20987.0,2.5,2553,nan,0,1.5,0.0000
1743431191.0945544,LTE,CONNECT,FDD,410A332,-82,-9,3,16,-82,-9,1,-82,-9,1,5,0,-58,LTE BAND 3,19,10483.0,1.25,1275,nan,0,1.54,0.0000
1743431192.1891255,LTE,CONNECT,FDD,410A332,-81,-9,3,17,-81,-9,1,-81,-9,1,5,0,-59,LTE BAND 3,19,10483.0,1.25,1275,nan,0,1.59,0.0000
1743431193.295544,LTE,CONNECT,FDD,410A332,-81,-9,4,19,-81,-9,1,-81,-9,1,5,0,-58,LTE BAND 3,19,20979.0,2.5,2552,nan,0,1.65,0.0000
1743431194.4238446,LTE,CONNECT,FDD,410A332,-81,-9,4,13,-81,-9,1,-81,-9,1,5,0,-58,LTE BAND 3,19,10482.0,1.25,1275,nan,0,1.75,0.0000
1743431195.524335,LTE,CONNECT,FDD,410A332,-81,-8,3,15,-81,-8,1,-81,-8,1,5,0,-60,LTE BAND 3,19,10482.0,1.25,1215,nan,42,1.45,0.0000
1743431196.620301,LTE,CONNECT,FDD,410A332,-82,-8,3,15,-82,-8,1,-82,-8,1,5,0,-60,LTE BAND 3,19,10492.0,1.25,1215,nan,43,1.25,0.0000
1743431197.7163403,LTE,CONNECT,FDD,410A332,-82,-9,3,12,-82,-9,1,-82,-9,1,5,0,-59,LTE BAND 3,19,20967.0,2.5,2551,nan,0,1.29,0.0000
1743431198.8007107,LTE,CONNECT,FDD,410A332,-82,-9,3,14,-82,-9,1,-82,-9,1,5,0,-60,LTE BAND 3,19,20988.0,2.5,2554,nan,0,1.48,0.0000
1743431199.9073343,LTE,CONNECT,FDD,410A332,-82,-9,1,13,-82,-9,1,-82,-9,1,5,0,-59,LTE BAND 3,19,10483.0,1.25,1275,nan,0,1.58,0.0000
1743431201.0027223,LTE,CONNECT,FDD,410A332,-82,-8,2,14,-82,-8,1,-82,-8,1,5,0,-58,LTE BAND 3,19,10484.0,1.25,1276,nan,0,1.65,0.0000
1743431202.1412914,LTE,CONNECT,FDD,410A332,-82,-8,2,15,-82,-8,1,-82,-8,1,5,0,-59,LTE BAND 3,19,20980.0,2.5,2553,nan,0,1.7,0.0000
1743431203.2105904,LTE,CONNECT,FDD,410A332,-82,-7,2,15,-82,-7,1,-82,-7,1,5,0,-60,LTE BAND 3,19,0.0,0.0,-27,nan,19,1.43,0.0000
1743431204.331536,LTE,CONNECT,FDD,410A332,-82,-8,3,14,-82,-8,1,-82,-8,1,5,0,-60,LTE BAND 3,19,10495.0,1.25,1238,nan,27,1.2,0.0000
1743431205.4112499,LTE,CONNECT,FDD,410A332,-82,-8,2,15,-82,-8,1,-82,-8,1,5,0,-59,LTE BAND 3,19,20968.0,2.5,2551,nan,0,1.22,0.0000
1743431206.4831622,LTE,CONNECT,FDD,410A332,-82,-10,3,16,-82,-9,1,-82,-9,1,5,0,-59,LTE BAND 3,19,10484.0,1.25,1276,nan,0,1.29,0.0000
1743431207.5789785,LTE,CONNECT,FDD,410A332,-82,-8,2,15,-82,-8,1,-82,-8,1,5,0,-59,LTE BAND 3,19,20977.0,2.5,2552,nan,0,1.34,0.0000
1743431208.6747777,LTE,CONNECT,FDD,410A332,-82,-8,3,11,-82,-8,1,-82,-8,1,5,0,-60,LTE BAND 3,19,10482.0,1.25,1275,nan,0,1.38,0.0000
1743431209.7946758,LTE,CONNECT,FDD,410A332,-82,-8,2,12,-82,-8,1,-82,-8,1,5,0,-60,LTE BAND 3,19,10486.0,1.25,1276,nan,0,1.44,0.0000
1743431210.883994,LTE,CONNECT,FDD,410A332,-82,-8,3,11,-82,-8,1,-82,-8,1,5,0,-59,LTE BAND 3,19,20982.0,2.5,2553,nan,0,1.45,0.0000
1743431211.975867,LTE,CONNECT,FDD,410A332,-82,-8,2,11,-82,-8,1,-82,-8,1,5,0,-60,LTE BAND 3,19,10485.0,1.25,1276,nan,0,1.45,0.0000
1743431213.064888,LTE,CONNECT,FDD,410A332,-82,-9,3,18,-82,-9,1,-82,-9,1,5,0,-59,LTE BAND 3,19,10486.0,1.25,1276,nan,0,1.46,0.0000
1743431214.1617022,LTE,CONNECT,FDD,410A332,-82,-9,3,17,-82,-9,1,-82,-9,1,5,0,-60,LTE BAND 3,19,10482.0,1.25,1275,nan,0,1.46,0.0000
1743431215.3258047,LTE,CONNECT,FDD,410A332,-82,-8,3,15,-82,-8,1,-82,-8,1,5,0,-60,LTE BAND 3,19,10483.0,1.25,1275,nan,0,1.46,0.0000
1743431216.437305,LTE,CONNECT,FDD,410A332,-82,-8,2,15,-82,-8,1,-82,-8,1,5,0,-60,LTE BAND 3,19,20976.0,2.5,2552,nan,0,1.47,0.0000
1743431217.501841,LTE,CONNECT,FDD,410A332,-82,-8,3,12,-82,-8,1,-82,-8,1,5,0,-60,LTE BAND 3,19,20974.0,2.5,2552,nan,0,1.49,0.0000
1743431218.6108556,LTE,CONNECT,FDD,410A332,-82,-8,3,13,-82,-8,1,-82,-8,1,5,0,-59,LTE BAND 3,19,20977.0,2.5,2552,nan,0,1.52,0.0000
1743431219.663445,LTE,CONNECT,FDD,410A332,-82,-9,3,15,-82,-9,1,-82,-9,1,5,0,-59,LTE BAND 3,19,10483.0,1.25,1275,nan,0,1.56,0.0000
1743431220.7733963,LTE,CONNECT,FDD,410A332,-82,-10,3,19,-82,-10,1,-82,-10,1,5,0,-59,LTE BAND 3,19,20980.0,2.5,2553,nan,0,1.71,0.0000
1743431221.8895347,LTE,CONNECT,FDD,410A332,-82,-8,3,16,-82,-8,1,-82,-8,1,5,0,-61,LTE BAND 3,19,10481.0,1.25,1264,nan,8,1.63,0.0000
1743431222.9630005,LTE,CONNECT,FDD,410A332,-82,-7,3,12,-82,-7,1,-82,-7,1,5,0,-60,LTE BAND 3,19,31466.0,3.75,3729,nan,70,1.26,0.0000
1743431224.090301,LTE,CONNECT,FDD,410A332,-82,-8,3,15,-82,-8,1,-82,-8,1,5,0,-61,LTE BAND 3,19,20972.0,2.5,2552,nan,0,1.37,0.0000
1743431225.2105172,LTE,CONNECT,FDD,410A332,-82,-7,3,14,-82,-7,1,-82,-7,1,5,0,-61,LTE BAND 3,19,20971.0,2.5,2551,nan,0,1.48,0.0000
1743431226.2933319,LTE,CONNECT,FDD,410A332,-82,-6,2,14,-82,-6,1,-82,-6,1,5,0,-60,LTE BAND 3,19,20973.0,2.5,2552,nan,0,1.58,0.0000
1743431227.3649857,LTE,CONNECT,FDD,410A332,-82,-7,3,14,-82,-7,1,-82,-7,1,5,0,-60,LTE BAND 3,19,31465.0,3.75,3828,nan,0,1.64,0.0000
1743431228.425956,LTE,CONNECT,FDD,410A332,-82,-8,3,16,-82,-8,1,-82,-8,1,5,0,-59,LTE BAND 3,19,10483.0,1.25,1275,nan,0,1.68,0.0000
1743431229.5375102,LTE,CONNECT,FDD,410A332,-82,-6,3,14,-82,-6,1,-82,-6,1,5,0,-60,LTE BAND 3,19,10482.0,1.25,1252,nan,16,1.61,0.0000
1743431230.622784,LTE,CONNECT,FDD,410A332,-82,-6,3,14,-82,-6,1,-82,-6,1,5,0,-60,LTE BAND 3,19,31476.0,3.75,3814,nan,11,1.21,0.0000
1743431231.7108378,LTE,CONNECT,FDD,410A332,-82,-7,3,12,-82,-7,1,-82,-7,1,5,0,-59,LTE BAND 3,19,20967.0,2.5,2551,nan,0,1.27,0.0000
1743431232.8249295,LTE,CONNECT,FDD,410A332,-82,-7,3,14,-82,-7,1,-82,-7,1,5,0,-60,LTE BAND 3,19,20974.0,2.5,2552,nan,0,1.39,0.0000
1743431233.945636,LTE,CONNECT,FDD,410A332,-82,-8,3,16,-82,-8,1,-82,-8,1,5,0,-60,LTE BAND 3,19,31459.0,3.75,3828,nan,0,1.42,0.0000
1743431235.0066404,LTE,CONNECT,FDD,410A332,-82,-7,3,10,-82,-8,1,-82,-8,1,5,0,-58,LTE BAND 3,19,20965.0,2.5,2551,nan,0,1.44,0.0000
1743431236.1141462,LTE,CONNECT,FDD,410A332,-82,-8,3,18,-82,-8,1,-82,-8,1,5,0,-59,LTE BAND 3,19,10482.0,1.25,1275,nan,0,1.45,0.0000
1743431237.2292268,LTE,CONNECT,FDD,410A332,-82,-7,2,13,-82,-7,1,-82,-7,1,5,0,-60,LTE BAND 3,19,20982.0,2.5,2553,nan,0,1.46,0.0000
1743431238.3313074,LTE,CONNECT,FDD,410A332,-83,-7,3,12,-83,-7,1,-83,-7,1,5,0,-60,LTE BAND 3,19,20969.0,2.5,2551,nan,0,1.46,0.0000
1743431239.4374173,LTE,CONNECT,FDD,410A332,-82,-7,3,15,-82,-7,1,-82,-7,1,5,0,-59,LTE BAND 3,19,31462.0,3.75,3828,nan,0,1.46,0.0000
1743431240.495157,LTE,CONNECT,FDD,410A332,-82,-7,3,14,-82,-7,1,-82,-7,1,5,0,-60,LTE BAND 3,19,20969.0,2.5,2551,nan,0,1.46,0.0000
1743431241.5721624,LTE,CONNECT,FDD,410A332,-82,-6,3,14,-82,-6,1,-82,-6,1,5,0,-61,LTE BAND 3,19,31457.0,3.75,3827,nan,0,1.47,0.0000
1743431242.6967037,LTE,CONNECT,FDD,410A332,-82,-6,3,14,-82,-6,1,-82,-6,1,5,0,-60,LTE BAND 3,19,31455.0,3.75,3827,nan,0,1.49,0.0000
1743431243.806397,LTE,CONNECT,FDD,410A332,-82,-7,3,20,-82,-7,1,-82,-7,1,5,0,-60,LTE BAND 3,19,20967.0,2.5,2551,nan,0,1.55,0.0000
1743431244.93778,LTE,CONNECT,FDD,410A332,-82,-7,3,14,-82,-7,1,-82,-7,1,5,0,-60,LTE BAND 3,19,31466.0,3.75,3828,nan,0,1.62,0.0000
1743431246.040368,LTE,CONNECT,FDD,410A332,-83,-7,1,13,-83,-7,1,-83,-7,1,5,0,-60,LTE BAND 3,19,20968.0,2.5,2551,nan,0,1.7,0.0000
1743431247.1335032,LTE,CONNECT,FDD,410A332,-82,-6,3,12,-82,-6,1,-82,-6,1,5,0,-60,LTE BAND 3,19,20965.0,2.5,2495,nan,39,1.35,0.0000
1743431248.2415707,LTE,CONNECT,FDD,410A332,-82,-7,2,13,-82,-7,1,-82,-7,1,5,0,-61,LTE BAND 3,19,31457.0,3.75,3827,nan,0,1.29,0.0000
1743431249.3630018,LTE,CONNECT,FDD,410A332,-82,-8,3,17,-82,-8,1,-82,-8,1,5,0,-59,LTE BAND 3,19,20971.0,2.5,2551,nan,0,1.41,0.0000
1743431250.445126,LTE,CONNECT,FDD,410A332,-82,-7,3,13,-82,-7,1,-82,-7,1,5,0,-59,LTE BAND 3,19,31467.0,3.75,3828,nan,0,1.51,0.0000
1743431251.5261664,LTE,CONNECT,FDD,410A332,-82,-8,3,13,-82,-8,1,-82,-8,1,5,0,-58,LTE BAND 3,19,31462.0,3.75,3828,nan,0,1.59,0.0000
1743431252.613621,LTE,CONNECT,FDD,410A332,-82,-7,3,11,-82,-7,1,-82,-7,1,5,0,-60,LTE BAND 3,19,10486.0,1.25,1276,nan,0,1.63,0.0000
1743431253.7168248,LTE,CONNECT,FDD,410A332,-82,-7,3,15,-82,-7,1,-82,-7,1,5,0,-59,LTE BAND 3,19,20964.0,2.5,2551,nan,0,1.69,0.0000
1743431254.8356254,LTE,CONNECT,FDD,410A332,-82,-8,2,20,-82,-8,1,-82,-8,1,5,0,-59,LTE BAND 3,19,10481.0,1.25,1214,nan,43,1.35,0.0000
1743431255.9301362,LTE,CONNECT,FDD,410A332,-82,-7,3,14,-82,-7,1,-82,-7,1,5,0,-60,LTE BAND 3,19,41981.0,5.0,5108,nan,0,1.24,0.0000
1743431257.024593,LTE,CONNECT,FDD,410A332,-82,-7,3,14,-82,-7,1,-82,-7,1,5,0,-58,LTE BAND 3,19,20967.0,2.5,2551,nan,0,1.3,0.0000
1743431258.131135,LTE,CONNECT,FDD,410A332,-82,-7,3,15,-82,-7,1,-82,-7,1,5,0,-60,LTE BAND 3,19,10481.0,1.25,1275,nan,0,1.35,0.0000
1743431259.2288709,LTE,CONNECT,FDD,410A332,-82,-9,3,18,-82,-9,1,-82,-9,1,5,0,-58,LTE BAND 3,19,31481.0,3.75,3830,nan,0,1.41,0.0000
1743431260.278617,LTE,CONNECT,FDD,410A332,-82,-7,3,14,-82,-7,1,-82,-7,1,5,0,-59,LTE BAND 3,19,20973.0,2.5,2552,nan,0,1.44,0.0000
1743431261.4090655,LTE,CONNECT,FDD,410A332,-82,-7,3,13,-82,-7,1,-82,-7,1,5,0,-60,LTE BAND 3,19,31456.0,3.75,3827,nan,0,1.46,0.0000
1743431262.5538247,LTE,CONNECT,FDD,410A332,-82,-6,3,14,-82,-6,1,-82,-6,1,5,0,-60,LTE BAND 3,19,20969.0,2.5,2551,nan,0,1.47,0.0000
1743431263.6527824,LTE,CONNECT,FDD,410A332,-82,-9,3,17,-82,-9,1,-82,-9,1,5,0,-59,LTE BAND 3,19,31453.0,3.75,3827,nan,0,1.47,0.0000
1743431264.7812319,LTE,CONNECT,FDD,410A332,-82,-8,3,19,-82,-8,1,-82,-8,1,5,0,-60,LTE BAND 3,19,20980.0,2.5,2553,nan,0,1.47,0.0000
1743431265.8774369,LTE,CONNECT,FDD,410A332,-82,-7,3,14,-82,-7,1,-82,-7,1,5,0,-59,LTE BAND 3,19,31459.0,3.75,3828,nan,0,1.48,0.0000
1743431267.0056944,LTE,CONNECT,FDD,410A332,-82,-6,4,13,-82,-6,1,-82,-6,1,5,0,-60,LTE BAND 3,19,31453.0,3.75,3827,nan,0,1.49,0.0000
1743431268.0893712,LTE,CONNECT,FDD,410A332,-82,-7,3,11,-82,-7,1,-82,-7,1,5,0,-60,LTE BAND 3,19,20968.0,2.5,2551,nan,0,1.5,0.0000
1743431269.193569,LTE,CONNECT,FDD,410A332,-82,-7,3,15,-82,-7,1,-82,-7,1,5,0,-60,LTE BAND 3,19,20975.0,2.5,2552,nan,0,1.53,0.0000
1743431270.3163962,LTE,CONNECT,FDD,410A332,-82,-7,2,14,-82,-7,1,-82,-7,1,5,0,-59,LTE BAND 3,19,31456.0,3.75,3827,nan,0,1.59,0.0000
1743431271.376923,LTE,CONNECT,FDD,410A332,-82,-8,3,16,-82,-8,1,-82,-8,1,5,0,-60,LTE BAND 3,19,20969.0,2.5,2551,nan,0,1.65,0.0000
1743431272.4571116,LTE,CONNECT,FDD,410A332,-82,-7,3,15,-82,-7,1,-82,-7,1,5,0,-60,LTE BAND 3,19,20977.0,2.5,2552,nan,0,1.72,0.0000
1743431273.5479717,LTE,CONNECT,FDD,410A332,-82,-7,3,16,-82,-7,1,-82,-7,1,5,0,-59,LTE BAND 3,19,0.0,0.0,-70,nan,49,1.23,0.0000
1743431274.6514966,LTE,CONNECT,FDD,410A332,-82,-6,3,14,-82,-6,1,-82,-6,1,5,0,-59,LTE BAND 3,19,41969.0,5.0,5093,nan,9,1.28,0.0000
1743431275.7736452,LTE,CONNECT,FDD,410A332,-82,-6,3,14,-82,-6,1,-82,-6,1,5,0,-59,LTE BAND 3,19,20974.0,2.5,2552,nan,0,1.41,0.0000
1743431276.8462486,LTE,CONNECT,FDD,410A332,-82,-7,2,13,-82,-7,1,-82,-7,1,5,0,-59,LTE BAND 3,19,20964.0,2.5,2551,nan,0,1.59,0.0000
1743431277.9283054,LTE,CONNECT,FDD,410A332,-82,-8,3,16,-82,-8,1,-82,-8,1,5,0,-60,LTE BAND 3,19,20977.0,2.5,2552,nan,0,1.64,0.0000
1743431279.008139,LTE,CONNECT,FDD,410A332,-82,-7,3,14,-82,-7,1,-82,-7,1,5,0,-60,LTE BAND 3,19,31459.0,3.75,3828,nan,0,1.69,0.0000
1743431280.0942664,LTE,CONNECT,FDD,410A332,-82,-8,2,12,-82,-8,1,-82,-8,1,5,0,-60,LTE BAND 3,19,31459.0,3.75,3822,nan,4,1.2,0.0000
1743431281.2097847,LTE,CONNECT,FDD,410A332,-82,-8,2,15,-82,-8,1,-82,-8,1,5,0,-60,LTE BAND 3,19,10481.0,1.25,1275,nan,0,1.24,0.0000
1743431282.341348,LTE,CONNECT,FDD,410A332,-82,-6,3,14,-82,-6,1,-82,-6,1,5,0,-60,LTE BAND 3,19,20984.0,2.5,2553,nan,0,1.31,0.0000
1743431283.4576883,LTE,CONNECT,FDD,410A332,-82,-6,3,14,-82,-6,1,-82,-6,1,5,0,-60,LTE BAND 3,19,31457.0,3.75,3827,nan,0,1.38,0.0000
1743431284.5535667,LTE,CONNECT,FDD,410A332,-82,-7,3,13,-82,-7,1,-82,-7,1,5,0,-60,LTE BAND 3,19,31455.0,3.75,3827,nan,0,1.41,0.0000
1743431285.6763632,LTE,CONNECT,FDD,410A332,-82,-6,2,14,-82,-6,1,-82,-6,1,5,0,-60,LTE BAND 3,19,20966.0,2.5,2551,nan,0,1.44,0.0000
1743431286.721628,LTE,CONNECT,FDD,410A332,-82,-6,3,14,-82,-6,1,-82,-6,1,5,0,-60,LTE BAND 3,19,31462.0,3.75,3828,nan,0,1.45,0.0000
1743431287.8252318,LTE,CONNECT,FDD,410A332,-82,-7,3,14,-82,-7,1,-82,-7,1,5,0,-60,LTE BAND 3,19,31465.0,3.75,3828,nan,0,1.45,0.0000
1743431288.9239252,LTE,CONNECT,FDD,410A332,-82,-9,3,12,-82,-9,1,-82,-9,1,5,0,-58,LTE BAND 3,19,20965.0,2.5,2551,nan,0,1.45,0.0000
1743431290.0774195,LTE,CONNECT,FDD,410A332,-82,-8,3,18,-82,-8,1,-82,-8,1,5,0,-59,LTE BAND 3,19,10483.0,1.25,1275,nan,0,1.46,0.0000
1743431291.1765566,LTE,CONNECT,FDD,410A332,-83,-8,2,19,-83,-8,1,-83,-8,1,5,0,-61,LTE BAND 3,19,20970.0,2.5,2551,nan,0,1.46,0.0000
1743431292.2516036,LTE,CONNECT,FDD,410A332,-82,-6,2,10,-82,-7,1,-82,-7,1,5,0,-58,LTE BAND 3,19,31473.0,3.75,3829,nan,0,1.48,0.0000
1743431293.3659022,LTE,CONNECT,FDD,410A332,-82,-7,2,13,-82,-7,1,-82,-7,1,5,0,-59,LTE BAND 3,19,31461.0,3.75,3828,nan,0,1.51,0.0000
1743431294.4704318,LTE,CONNECT,FDD,410A332,-82,-8,2,14,-82,-9,1,-82,-9,1,5,0,-58,LTE BAND 3,19,31456.0,3.75,3827,nan,0,1.55,0.0000
1743431295.568069,LTE,CONNECT,FDD,410A332,-83,-7,3,14,-83,-7,1,-83,-7,1,5,0,-60,LTE BAND 3,19,20969.0,2.5,2551,nan,0,1.61,0.0000
1743431296.6396377,LTE,CONNECT,FDD,410A332,-83,-8,2,17,-83,-8,1,-83,-8,1,5,0,-59,LTE BAND 3,19,31451.0,3.75,3827,nan,0,1.68,0.0000
1743431297.7747657,LTE,CONNECT,FDD,410A332,-84,-7,2,14,-84,-7,1,-84,-7,1,5,0,-60,LTE BAND 3,19,31456.0,3.75,3762,nan,46,1.23,0.0000
1743431298.888287,LTE,CONNECT,FDD,410A332,-83,-8,2,19,-83,-8,1,-83,-8,1,5,0,-59,LTE BAND 3,19,20967.0,2.5,2551,nan,0,1.32,0.0000
1743431299.979538,LTE,CONNECT,FDD,410A332,-84,-7,3,13,-84,-7,1,-84,-7,1,5,0,-60,LTE BAND 3,19,20978.0,2.5,2552,nan,0,1.44,0.0000
1743431301.0533707,LTE,CONNECT,FDD,410A332,-83,-6,3,14,-83,-6,1,-83,-6,1,5,0,-60,LTE BAND 3,19,31449.0,3.75,3826,nan,0,1.54,0.0000
1743431302.1618774,LTE,CONNECT,FDD,410A332,-83,-7,2,13,-83,-7,1,-83,-7,1,5,0,-60,LTE BAND 3,19,31468.0,3.75,3829,nan,0,1.6,0.0000
1743431303.2664196,LTE,CONNECT,FDD,410A332,-84,-7,3,13,-84,-7,1,-84,-7,1,5,0,-60,LTE BAND 3,19,20965.0,2.5,2551,nan,0,1.66,0.0000
1743431304.3543456,LTE,CONNECT,FDD,410A332,-83,-9,3,17,-83,-9,1,-83,-9,1,5,0,-59,LTE BAND 3,19,41954.0,5.0,5104,nan,0,1.7,0.0000
1743431305.4578478,LTE,CONNECT,FDD,410A332,-83,-8,3,15,-83,-8,1,-83,-8,1,5,0,-58,LTE BAND 3,19,10483.0,1.25,1231,nan,31,1.49,0.0000
1743431306.5735264,LTE,CONNECT,FDD,410A332,-83,-7,3,13,-83,-7,1,-83,-7,1,5,0,-59,LTE BAND 3,19,31462.0,3.75,3822,nan,4,1.21,0.0000
1743431307.6736426,LTE,CONNECT,FDD,410A332,-83,-7,3,16,-83,-8,1,-83,-8,1,5,0,-59,LTE BAND 3,19,31453.0,3.75,3827,nan,0,1.29,0.0000
1743431308.7641628,LTE,CONNECT,FDD,410A332,-83,-7,3,14,-83,-7,1,-83,-7,1,5,0,-60,LTE BAND 3,19,31457.0,3.75,3827,nan,0,1.35,0.0000
1743431309.8178763,LTE,CONNECT,FDD,410A332,-83,-7,3,14,-83,-7,1,-83,-7,1,5,0,-60,LTE BAND 3,19,31447.0,3.75,3826,nan,0,1.43,0.0000
1743431310.934338,LTE,CONNECT,FDD,410A332,-83,-7,3,14,-83,-7,1,-83,-7,1,5,0,-60,LTE BAND 3,19,31461.0,3.75,3828,nan,0,1.45,0.0000
1743431312.0328138,LTE,CONNECT,FDD,410A332,-83,-8,3,17,-83,-8,1,-83,-8,1,5,0,-60,LTE BAND 3,19,41952.0,5.0,5104,nan,0,1.46,0.0000
1743431313.1141198,LTE,CONNECT,FDD,410A332,-83,-9,2,19,-83,-9,1,-83,-9,1,5,0,-59,LTE BAND 3,19,31448.0,3.75,3826,nan,0,1.46,0.0000
1743431314.216033,LTE,CONNECT,FDD,410A332,-83,-9,3,16,-83,-9,1,-83,-9,1,5,0,-58,LTE BAND 3,19,10484.0,1.25,1276,nan,0,1.46,0.0000
1743431315.2773638,LTE,CONNECT,FDD,410A332,-83,-7,3,14,-83,-7,1,-83,-7,1,5,0,-60,LTE BAND 3,19,31470.0,3.75,3829,nan,0,1.46,0.0000
1743431316.3096998,LTE,CONNECT,FDD,410A332,-83,-7,4,14,-83,-6,1,-83,-6,1,5,0,-60,LTE BAND 3,19,31455.0,3.75,3827,nan,0,1.46,0.0000
1743431317.3863988,LTE,CONNECT,FDD,410A332,-83,-6,3,13,-83,-6,1,-83,-6,1,5,0,-59,LTE BAND 3,19,41951.0,5.0,5104,nan,0,1.47,0.0000
1743431318.4633942,LTE,CONNECT,FDD,410A332,-83,-7,4,14,-83,-7,1,-83,-7,1,5,0,-61,LTE BAND 3,19,31455.0,3.75,3827,nan,0,1.49,0.0000
1743431319.584547,LTE,CONNECT,FDD,410A332,-82,-7,3,14,-82,-7,1,-82,-7,1,5,0,-60,LTE BAND 3,19,31454.0,3.75,3827,nan,0,1.52,0.0000
1743431320.6502209,LTE,CONNECT,FDD,410A332,-82,-7,3,13,-82,-7,1,-82,-7,1,5,0,-61,LTE BAND 3,19,20973.0,2.5,2552,nan,0,1.57,0.0000
1743431321.767329,LTE,CONNECT,FDD,410A332,-82,-6,4,13,-82,-6,1,-82,-6,1,5,0,-61,LTE BAND 3,19,31451.0,3.75,3827,nan,0,1.62,0.0000
1743431322.8353662,LTE,CONNECT,FDD,410A332,-82,-8,3,13,-82,-8,1,-82,-8,1,5,0,-58,LTE BAND 3,19,31457.0,3.75,3782,nan,32,1.73,0.0000
1743431323.9538598,LTE,CONNECT,FDD,410A332,-82,-7,4,10,-82,-7,1,-82,-7,1,5,0,-60,LTE BAND 3,19,20973.0,2.5,2456,nan,67,1.27,0.0000
1743431325.0633538,LTE,CONNECT,FDD,410A332,-83,-8,4,14,-83,-8,1,-83,-8,1,5,0,-61,LTE BAND 3,19,31455.0,3.75,3827,nan,0,1.36,0.0000
1743431326.1953108,LTE,CONNECT,FDD,410A332,-83,-6,4,14,-83,-6,1,-83,-6,1,5,0,-61,LTE BAND 3,19,31459.0,3.75,3828,nan,0,1.49,0.0000
1743431327.2901864,LTE,CONNECT,FDD,410A332,-83,-8,3,16,-83,-8,1,-83,-8,1,5,0,-60,LTE BAND 3,19,31459.0,3.75,3828,nan,0,1.59,0.0000
1743431328.4041958,LTE,CONNECT,FDD,410A332,-82,-6,3,12,-82,-6,1,-82,-6,1,5,0,-60,LTE BAND 3,19,20972.0,2.5,2552,nan,0,1.66,0.0000
1743431329.502022,LTE,CONNECT,FDD,410A332,-82,-7,4,8,-82,-7,1,-82,-7,1,5,0,-60,LTE BAND 3,19,31451.0,3.75,3827,nan,0,1.71,0.0000
1743431330.5860643,LTE,CONNECT,FDD,410A332,-82,-9,2,16,-82,-9,1,-82,-9,1,5,0,-59,LTE BAND 3,19,31463.0,3.75,3828,nan,0,1.76,0.0000
1743431331.7116816,LTE,CONNECT,FDD,410A332,-82,-8,3,15,-82,-8,1,-82,-8,1,5,0,-58,LTE BAND 3,19,10488.0,1.25,1159,nan,82,1.24,0.0001
1743431332.8252935,LTE,CONNECT,FDD,410A332,-82,-8,3,15,-82,-7,1,-82,-7,1,5,0,-59,LTE BAND 3,19,31461.0,3.75,3828,nan,0,1.35,0.0000
1743431333.910421,LTE,CONNECT,FDD,410A332,-82,-7,4,14,-82,-7,1,-82,-7,1,5,0,-60,LTE BAND 3,19,31454.0,3.75,3827,nan,0,1.41,0.0000
1743431334.9992971,LTE,CONNECT,FDD,410A332,-83,-10,3,17,-83,-10,1,-83,-10,1,5,0,-59,LTE BAND 3,19,10480.0,1.25,1275,nan,0,1.45,0.0000
1743431336.0658877,LTE,CONNECT,FDD,410A332,-82,-8,4,17,-82,-8,1,-82,-8,1,5,0,-59,LTE BAND 3,19,31478.0,3.75,3830,nan,0,1.48,0.0000
1743431337.194367,LTE,CONNECT,FDD,410A332,-82,-6,4,13,-82,-6,1,-82,-6,1,5,0,-60,LTE BAND 3,19,31454.0,3.75,3827,nan,0,1.49,0.0000
1743431338.3233776,LTE,CONNECT,FDD,410A332,-83,-7,2,12,-83,-7,1,-83,-7,1,5,0,-62,LTE BAND 3,19,31447.0,3.75,3826,nan,0,1.5,0.0000
1743431339.4096107,LTE,CONNECT,FDD,410A332,-83,-7,3,11,-84,-7,1,-84,-7,1,5,0,-59,LTE BAND 3,19,41958.0,5.0,5105,nan,0,1.5,0.0000
1743431340.525204,LTE,CONNECT,FDD,410A332,-84,-8,3,14,-84,-8,1,-84,-8,1,5,0,-61,LTE BAND 3,19,31457.0,3.75,3827,nan,0,1.5,0.0000
1743431341.6534915,LTE,CONNECT,FDD,410A332,-83,-7,2,8,-83,-7,1,-91,-12,-2,5,0,-60,LTE BAND 3,19,31456.0,3.75,3827,nan,0,1.5,0.0000
1743431342.7736022,LTE,CONNECT,FDD,410A332,-81,-7,2,17,-81,-7,1,-81,-7,1,5,0,-61,LTE BAND 3,19,20969.0,2.5,2551,nan,0,1.51,0.0000
1743431343.825269,LTE,CONNECT,FDD,410A332,-84,-8,3,17,-84,-8,1,-84,-8,1,5,0,-62,LTE BAND 3,19,31455.0,3.75,3827,nan,0,1.54,0.0000
1743431344.8883321,LTE,CONNECT,FDD,410A332,-84,-7,2,16,-84,-7,1,-84,-7,1,5,0,-62,LTE BAND 3,19,31463.0,3.75,3828,nan,0,1.58,0.0000
1743431346.0119634,LTE,CONNECT,FDD,410A332,-80,-6,2,13,-80,-5,1,-80,-5,1,5,0,-61,LTE BAND 3,19,31457.0,3.75,3827,nan,0,1.63,0.0000
1743431347.1261382,LTE,CONNECT,FDD,410A332,-80,-6,2,13,-80,-6,1,-80,-6,1,5,0,-61,LTE BAND 3,19,31454.0,3.75,3827,nan,0,1.7,0.0000
1743431348.240299,LTE,CONNECT,FDD,410A332,-80,-6,2,15,-80,-6,1,-80,-6,1,5,0,-61,LTE BAND 3,19,31453.0,3.75,3777,nan,35,1.56,0.0000
1743431349.344448,LTE,CONNECT,FDD,410A332,-80,-6,3,13,-80,-6,1,-80,-6,1,5,0,-61,LTE BAND 3,19,41951.0,5.0,5104,nan,0,1.32,0.0000
1743431350.4323118,LTE,CONNECT,FDD,410A332,-80,-6,2,16,-80,-6,1,-80,-6,1,5,0,-61,LTE BAND 3,19,31459.0,3.75,3828,nan,0,1.44,0.0000
1743431351.5222468,LTE,CONNECT,FDD,410A332,-81,-6,2,15,-81,-6,1,-81,-6,1,5,0,-62,LTE BAND 3,19,31450.0,3.75,3826,nan,0,1.54,0.0000
1743431352.5741155,LTE,CONNECT,FDD,410A332,-80,-6,2,14,-80,-6,1,-80,-6,1,5,0,-62,LTE BAND 3,19,31461.0,3.75,3828,nan,0,1.62,0.0000
1743431353.6658537,LTE,CONNECT,FDD,410A332,-80,-6,2,14,-80,-6,1,-80,-6,1,5,0,-61,LTE BAND 3,19,31452.0,3.75,3827,nan,0,1.68,0.0000
1743431354.737201,LTE,CONNECT,FDD,410A332,-80,-10,2,17,-80,-10,1,-80,-10,1,5,0,-60,LTE BAND 3,19,41957.0,5.0,5105,nan,0,1.72,0.0000
1743431355.8471656,LTE,CONNECT,FDD,410A332,-80,-6,2,14,-80,-6,1,-80,-6,1,5,0,-61,LTE BAND 3,19,41938.0,5.0,5102,nan,0,1.25,0.0000
1743431356.9152396,LTE,CONNECT,FDD,410A332,-80,-9,3,19,-80,-9,1,-80,-9,1,5,0,-60,LTE BAND 3,19,20975.0,2.5,2552,nan,0,1.31,0.0000
1743431358.02743,LTE,CONNECT,FDD,410A332,-80,-7,2,15,-80,-7,1,-80,-7,1,5,0,-62,LTE BAND 3,19,20970.0,2.5,2551,nan,0,1.37,0.0000
1743431359.1191177,LTE,CONNECT,FDD,410A332,-81,-8,3,16,-81,-8,1,-81,-8,1,5,0,-61,LTE BAND 3,19,31455.0,3.75,3827,nan,0,1.42,0.0000
1743431360.2659175,LTE,CONNECT,FDD,410A332,-80,-6,3,13,-80,-6,1,-80,-6,1,5,0,-61,LTE BAND 3,19,20975.0,2.5,2552,nan,0,1.44,0.0000
1743431361.3808951,LTE,CONNECT,FDD,410A332,-81,-6,2,15,-81,-6,1,-81,-6,1,5,0,-61,LTE BAND 3,19,31457.0,3.75,3827,nan,0,1.46,0.0000
1743431362.4345999,LTE,CONNECT,FDD,410A332,-81,-6,2,16,-81,-6,1,-81,-6,1,5,0,-61,LTE BAND 3,19,31453.0,3.75,3827,nan,0,1.47,0.0000
1743431363.5433466,LTE,CONNECT,FDD,410A332,-81,-6,1,15,-81,-6,1,-81,-6,1,5,0,-61,LTE BAND 3,19,31457.0,3.75,3827,nan,0,1.47,0.0000
1743431364.647913,LTE,CONNECT,FDD,410A332,-81,-6,2,12,-81,-6,1,-81,-6,1,5,0,-61,LTE BAND 3,19,31450.0,3.75,3826,nan,0,1.47,0.0000
1743431365.7327294,LTE,CONNECT,FDD,410A332,-81,-6,2,14,-81,-6,1,-81,-6,1,5,0,-60,LTE BAND 3,19,31457.0,3.75,3827,nan,0,1.47,0.0000
1743431366.8529236,LTE,CONNECT,FDD,410A332,-81,-7,2,15,-81,-7,1,-81,-7,1,5,0,-60,LTE BAND 3,19,31463.0,3.75,3828,nan,0,1.49,0.0000
1743431367.921737,LTE,CONNECT,FDD,410A332,-81,-8,3,17,-81,-8,1,-81,-8,1,5,0,-61,LTE BAND 3,19,20971.0,2.5,2551,nan,0,1.51,0.0000
1743431369.0657606,LTE,CONNECT,FDD,410A332,-81,-8,1,12,-81,-7,1,-81,-7,1,5,0,-62,LTE BAND 3,19,20971.0,2.5,2551,nan,0,1.54,0.0000
1743431370.1711626,LTE,CONNECT,FDD,410A332,-80,-6,2,14,-80,-6,1,-80,-6,1,5,0,-61,LTE BAND 3,19,31457.0,3.75,3827,nan,0,1.6,0.0000
1743431371.2447608,LTE,CONNECT,FDD,410A332,-80,-6,1,14,-80,-6,1,-80,-6,1,5,0,-61,LTE BAND 3,19,41948.0,5.0,5104,nan,0,1.67,0.0000
1743431372.3397553,LTE,CONNECT,FDD,410A332,-80,-7,2,17,-80,-7,1,-80,-7,1,5,0,-61,LTE BAND 3,19,20965.0,2.5,2551,nan,0,1.75,0.0000
1743431373.4722977,LTE,CONNECT,FDD,410A332,-80,-6,2,14,-80,-6,1,-80,-6,1,5,0,-61,LTE BAND 3,19,20972.0,2.5,2470,nan,57,1.24,0.0000
1743431374.5574932,LTE,CONNECT,FDD,410A332,-80,-6,2,14,-80,-6,1,-80,-6,1,5,0,-61,LTE BAND 3,19,41946.0,5.0,5103,nan,0,1.35,0.0000
1743431375.653788,LTE,CONNECT,FDD,410A332,-80,-6,2,14,-80,-7,1,-80,-7,1,5,0,-61,LTE BAND 3,19,41948.0,5.0,5104,nan,0,1.46,0.0000
1743431376.7171578,LTE,CONNECT,FDD,410A332,-80,-7,2,14,-80,-7,1,-80,-7,1,5,0,-61,LTE BAND 3,19,20969.0,2.5,2551,nan,0,1.55,0.0000
1743431377.8241003,LTE,CONNECT,FDD,410A332,-80,-6,2,14,-80,-6,1,-80,-6,1,5,0,-60,LTE BAND 3,19,41947.0,5.0,5104,nan,0,1.69,0.0000
1743431378.882229,LTE,CONNECT,FDD,410A332,-80,-6,2,13,-80,-6,1,-80,-6,1,5,0,-61,LTE BAND 3,19,31453.0,3.75,3827,nan,0,1.72,0.0000
1743431379.9466257,LTE,CONNECT,FDD,410A332,-80,-6,2,13,-80,-6,1,-80,-6,1,5,0,-61,LTE BAND 3,19,20966.0,2.5,2547,nan,3,1.23,0.0000
1743431381.019756,LTE,CONNECT,FDD,410A332,-81,-6,3,14,-81,-6,1,-81,-6,1,5,0,-61,LTE BAND 3,19,41960.0,5.0,5105,nan,0,1.31,0.0000
1743431382.0566318,LTE,CONNECT,FDD,410A332,-81,-6,3,13,-81,-6,1,-81,-6,1,5,0,-61,LTE BAND 3,19,20969.0,2.5,2551,nan,0,1.36,0.0000
1743431383.1814227,LTE,CONNECT,FDD,410A332,-81,-9,4,15,-81,-9,1,-81,-9,1,5,0,-58,LTE BAND 3,19,20972.0,2.5,2552,nan,0,1.4,0.0000
1743431384.268895,LTE,CONNECT,FDD,410A332,-82,-8,4,14,-82,-8,1,-82,-8,1,5,0,-60,LTE BAND 3,19,20973.0,2.5,2552,nan,0,1.44,0.0000
1743431385.3725405,LTE,CONNECT,FDD,410A332,-81,-7,2,16,-81,-8,1,-81,-8,1,5,0,-60,LTE BAND 3,19,20973.0,2.5,2552,nan,0,1.45,0.0000
1743431386.4553707,LTE,CONNECT,FDD,410A332,-81,-7,2,16,-81,-7,1,-81,-7,1,5,0,-60,LTE BAND 3,19,10487.0,1.25,1276,nan,0,1.46,0.0000
1743431387.5680206,LTE,CONNECT,FDD,410A332,-81,-7,3,15,-81,-7,1,-81,-7,1,5,0,-61,LTE BAND 3,19,20966.0,2.5,2551,nan,0,1.47,0.0000
1743431388.6492069,LTE,CONNECT,FDD,410A332,-81,-7,3,12,-81,-7,1,-81,-7,1,5,0,-61,LTE BAND 3,19,20971.0,2.5,2551,nan,0,1.47,0.0000
1743431389.7168148,LTE,CONNECT,FDD,410A332,-80,-7,2,16,-80,-7,1,-80,-7,1,5,0,-60,LTE BAND 3,19,20975.0,2.5,2552,nan,0,1.47,0.0000
1743431390.814944,LTE,CONNECT,FDD,410A332,-80,-7,2,16,-80,-7,1,-80,-7,1,5,0,-61,LTE BAND 3,19,20972.0,2.5,2552,nan,0,1.48,0.0000
1743431391.9164572,LTE,CONNECT,FDD,410A332,-78,-7,3,12,-78,-7,1,-78,-7,1,5,0,-60,LTE BAND 3,19,20980.0,2.5,2553,nan,0,1.5,0.0000
1743431392.9973924,LTE,CONNECT,FDD,410A332,-85,-10,4,18,-85,-10,1,-85,-10,1,5,0,-61,LTE BAND 3,19,10483.0,1.25,1275,nan,0,1.53,0.0000
1743431394.0984533,LTE,CONNECT,FDD,410A332,-82,-10,3,17,-82,-10,1,-82,-10,1,5,0,-60,LTE BAND 3,19,20974.0,2.5,2552,nan,0,1.57,0.0000
1743431395.196515,LTE,CONNECT,FDD,410A332,-82,-10,3,15,-82,-10,1,-82,-10,1,5,0,-60,LTE BAND 3,19,20975.0,2.5,2552,nan,0,1.64,0.0000
1743431396.3192468,LTE,CONNECT,FDD,410A332,-82,-10,4,19,-82,-10,1,-82,-10,1,5,0,-59,LTE BAND 3,19,20971.0,2.5,2551,nan,0,1.72,0.0000
1743431397.4165046,LTE,CONNECT,FDD,410A332,-82,-10,2,15,-82,-10,1,-82,-10,1,5,0,-58,LTE BAND 3,19,0.0,0.0,-86,nan,60,1.22,0.0000
1743431398.5165462,LTE,CONNECT,FDD,410A332,-84,-10,1,13,-84,-10,1,-84,-10,1,5,0,-61,LTE BAND 3,19,31480.0,3.75,3830,nan,0,1.26,0.0000
1743431399.6575744,LTE,CONNECT,FDD,410A332,-81,-9,3,19,-81,-9,1,-81,-9,1,5,0,-59,LTE BAND 3,19,20973.0,2.5,2552,nan,0,1.37,0.0000
1743431400.7623124,LTE,CONNECT,FDD,410A332,-80,-10,4,19,-80,-10,1,-80,-10,1,5,0,-57,LTE BAND 3,19,20976.0,2.5,2552,nan,0,1.47,0.0000
1743431401.8255706,LTE,CONNECT,FDD,410A332,-80,-9,1,17,-80,-9,1,-80,-9,1,5,0,-61,LTE BAND 3,19,20973.0,2.5,2552,nan,0,1.62,0.0000
1743431402.916096,LTE,CONNECT,FDD,410A332,-80,-7,1,15,-80,-7,1,-80,-7,1,5,0,-61,LTE BAND 3,19,20973.0,2.5,2552,nan,0,1.67,0.0000
1743431404.0157604,LTE,CONNECT,FDD,410A332,-80,-7,1,16,-80,-7,1,-80,-7,1,5,0,-61,LTE BAND 3,19,20973.0,2.5,2552,nan,0,1.71,0.0000
1743431405.0804594,LTE,CONNECT,FDD,410A332,-80,-8,3,17,-80,-8,1,-80,-8,1,5,0,-61,LTE BAND 3,19,10486.0,1.25,1236,nan,28,1.26,0.0000
1743431406.1876183,LTE,CONNECT,FDD,410A332,-80,-7,0,15,-80,-7,1,-80,-7,1,5,0,-60,LTE BAND 3,19,20973.0,2.5,2552,nan,0,1.22,0.0000
1743431407.2497344,LTE,CONNECT,FDD,410A332,-80,-7,2,14,-80,-7,1,-80,-7,1,5,0,-60,LTE BAND 3,19,10481.0,1.25,1275,nan,0,1.29,0.0000
1743431408.3437855,LTE,CONNECT,FDD,410A332,-80,-7,2,14,-80,-7,1,-80,-7,1,5,0,-61,LTE BAND 3,19,31467.0,3.75,3828,nan,0,1.36,0.0000
1743431409.448054,LTE,CONNECT,FDD,410A332,-80,-6,2,15,-80,-7,1,-80,-7,1,5,0,-60,LTE BAND 3,19,31460.0,3.75,3828,nan,0,1.41,0.0000
1743431410.5344238,LTE,CONNECT,FDD,410A332,-80,-6,2,15,-80,-6,1,-80,-6,1,5,0,-61,LTE BAND 3,19,20963.0,2.5,2550,nan,0,1.43,0.0000
1743431411.6532922,LTE,CONNECT,FDD,410A332,-80,-6,1,11,-80,-6,1,-80,-6,1,5,0,-61,LTE BAND 3,19,41953.0,5.0,5104,nan,0,1.45,0.0000
1743431412.7674806,LTE,CONNECT,FDD,410A332,-80,-6,1,12,-80,-6,1,-80,-6,1,5,0,-62,LTE BAND 3,19,31455.0,3.75,3827,nan,0,1.46,0.0000
1743431413.877568,LTE,CONNECT,FDD,410A332,-80,-7,1,14,-80,-7,1,-80,-7,1,5,0,-60,LTE BAND 3,19,20967.0,2.5,2551,nan,0,1.46,0.0000
1743431414.9862351,LTE,CONNECT,FDD,410A332,-80,-6,4,13,-80,-6,1,-80,-6,1,5,0,-59,LTE BAND 3,19,31462.0,3.75,3828,nan,0,1.46,0.0000
1743431416.0950336,LTE,CONNECT,FDD,410A332,-79,-7,4,15,-80,-7,1,-80,-7,1,5,0,-59,LTE BAND 3,19,20971.0,2.5,2551,nan,0,1.47,0.0000
1743431417.2228634,LTE,CONNECT,FDD,410A332,-80,-9,4,13,-80,-9,1,-80,-9,1,5,0,-57,LTE BAND 3,19,10482.0,1.25,1275,nan,0,1.47,0.0000
1743431418.34487,LTE,CONNECT,FDD,410A332,-80,-9,5,17,-80,-9,1,-80,-9,1,5,0,-59,LTE BAND 3,19,20984.0,2.5,2553,nan,0,1.49,0.0000
1743431419.4637992,LTE,CONNECT,FDD,410A332,-80,-6,3,16,-80,-6,1,-80,-6,1,5,0,-60,LTE BAND 3,19,10481.0,1.25,1275,nan,0,1.52,0.0000
1743431420.5632622,LTE,CONNECT,FDD,410A332,-80,-7,3,15,-80,-7,1,-80,-7,1,5,0,-60,LTE BAND 3,19,20976.0,2.5,2552,nan,0,1.57,0.0000
1743431421.623731,LTE,CONNECT,FDD,410A332,-80,-7,3,16,-80,-7,1,-80,-7,1,5,0,-59,LTE BAND 3,19,20977.0,2.5,2552,nan,0,1.64,0.0000
1743431422.6931286,LTE,CONNECT,FDD,410A332,-81,-8,3,17,-81,-9,1,-81,-9,1,5,0,-58,LTE BAND 3,19,20972.0,2.5,2542,nan,7,1.7,0.0000
1743431423.7995486,LTE,CONNECT,FDD,410A332,-81,-9,1,19,-81,-9,1,-81,-9,1,5,0,-61,LTE BAND 3,19,20973.0,2.5,2552,nan,0,1.33,0.0000
1743431424.9261181,LTE,CONNECT,FDD,410A332,-81,-8,3,20,-81,-8,1,-81,-8,1,5,0,-59,LTE BAND 3,19,10481.0,1.25,1275,nan,0,1.43,0.0000
1743431426.0084383,LTE,CONNECT,FDD,410A332,-82,-8,3,14,-82,-8,1,-82,-8,1,5,0,-60,LTE BAND 3,19,20976.0,2.5,2552,nan,0,1.52,0.0000
1743431427.124265,LTE,CONNECT,FDD,410A332,-82,-7,3,15,-82,-7,1,-82,-7,1,5,0,-60,LTE BAND 3,19,20970.0,2.5,2551,nan,0,1.59,0.0000
1743431428.218523,LTE,CONNECT,FDD,410A332,-82,-7,2,11,-82,-7,1,-82,-7,1,5,0,-60,LTE BAND 3,19,20970.0,2.5,2551,nan,0,1.64,0.0000
1743431429.328734,LTE,CONNECT,FDD,410A332,-82,-7,2,15,-82,-7,1,-82,-7,1,5,0,-60,LTE BAND 3,19,10483.0,1.25,1275,nan,0,1.68,0.0000
1743431430.4458277,LTE,CONNECT,FDD,410A332,-83,-8,3,14,-83,-8,1,-83,-8,1,5,0,-60,LTE BAND 3,19,20980.0,2.5,2540,nan,9,1.57,0.0000
1743431431.5616055,LTE,CONNECT,FDD,410A332,-83,-9,2,16,-83,-8,1,-83,-8,1,5,0,-59,LTE BAND 3,19,10485.0,1.25,1250,nan,18,1.19,0.0000
1743431432.688496,LTE,CONNECT,FDD,410A332,-82,-9,3,17,-82,-9,1,-82,-9,1,5,0,-58,LTE BAND 3,19,20961.0,2.5,2550,nan,0,1.23,0.0000
1743431433.7782133,LTE,CONNECT,FDD,410A332,-83,-10,2,15,-83,-10,1,-83,-10,1,5,0,-58,LTE BAND 3,19,10485.0,1.25,1276,nan,0,1.35,0.0000
1743431434.8930929,LTE,CONNECT,FDD,410A332,-83,-11,2,15,-83,-10,1,-83,-10,1,5,0,-59,LTE BAND 3,19,20977.0,2.5,2552,nan,0,1.39,0.0000
1743431436.0165653,LTE,CONNECT,FDD,410A332,-82,-7,2,16,-82,-7,1,-82,-7,1,5,0,-60,LTE BAND 3,19,20977.0,2.5,2552,nan,0,1.41,0.0000
1743431437.1314623,LTE,CONNECT,FDD,410A332,-81,-6,2,15,-81,-6,1,-81,-6,1,5,0,-60,LTE BAND 3,19,10482.0,1.25,1275,nan,0,1.43,0.0000
1743431438.2613778,LTE,CONNECT,FDD,410A332,-81,-6,2,14,-81,-6,1,-81,-6,1,5,0,-61,LTE BAND 3,19,31470.0,3.75,3829,nan,0,1.44,0.0000
1743431439.3561857,LTE,CONNECT,FDD,410A332,-80,-7,2,13,-80,-7,1,-80,-7,1,5,0,-59,LTE BAND 3,19,20964.0,2.5,2551,nan,0,1.44,0.0000
1743431440.4700842,LTE,CONNECT,FDD,410A332,-80,-8,1,14,-80,-8,1,-80,-8,1,5,0,-60,LTE BAND 3,19,20975.0,2.5,2552,nan,0,1.44,0.0000
1743431441.583918,LTE,CONNECT,FDD,410A332,-81,-9,2,15,-81,-9,1,-81,-9,1,5,0,-60,LTE BAND 3,19,31461.0,3.75,3828,nan,0,1.44,0.0000
1743431442.6828327,LTE,CONNECT,FDD,410A332,-81,-6,3,14,-81,-6,1,-81,-6,1,5,0,-60,LTE BAND 3,19,10478.0,1.25,1275,nan,0,1.45,0.0000
1743431443.790927,LTE,CONNECT,FDD,410A332,-81,-6,2,15,-81,-6,1,-81,-6,1,5,0,-59,LTE BAND 3,19,41951.0,5.0,5104,nan,0,1.49,0.0000
1743431444.8966005,LTE,CONNECT,FDD,410A332,-81,-7,2,12,-81,-7,1,-81,-7,1,5,0,-60,LTE BAND 3,19,20967.0,2.5,2551,nan,0,1.53,0.0000
1743431445.987072,LTE,CONNECT,FDD,410A332,-81,-6,2,14,-81,-6,1,-81,-6,1,5,0,-61,LTE BAND 3,19,31464.0,3.75,3828,nan,0,1.59,0.0000
1743431447.0869305,LTE,CONNECT,FDD,410A332,-81,-6,2,13,-81,-6,1,-81,-6,1,5,0,-60,LTE BAND 3,19,41942.0,5.0,5103,nan,0,1.67,0.0000
1743431448.1695144,LTE,CONNECT,FDD,410A332,-81,-6,2,11,-81,-6,1,-81,-6,1,5,0,-60,LTE BAND 3,19,31460.0,3.75,3828,nan,0,1.76,0.0000
1743431449.2571878,LTE,CONNECT,FDD,410A332,-81,-7,2,17,-81,-7,1,-81,-7,1,5,0,-59,LTE BAND 3,19,31458.0,3.75,3773,nan,38,1.25,0.0000
1743431450.3599365,LTE,CONNECT,FDD,410A332,-81,-7,1,15,-81,-7,1,-81,-7,1,5,0,-59,LTE BAND 3,19,20969.0,2.5,2551,nan,0,1.35,0.0000
1743431451.4885304,LTE,CONNECT,FDD,410A332,-81,-6,2,14,-81,-6,1,-81,-6,1,5,0,-61,LTE BAND 3,19,31456.0,3.75,3827,nan,0,1.48,0.0000
1743431452.5639424,LTE,CONNECT,FDD,410A332,-82,-6,2,13,-82,-6,1,-82,-6,1,5,0,-61,LTE BAND 3,19,41949.0,5.0,5104,nan,0,1.57,0.0000
1743431453.6565237,LTE,CONNECT,FDD,410A332,-82,-7,1,10,-82,-7,1,-82,-7,1,5,0,-60,LTE BAND 3,19,31453.0,3.75,3827,nan,0,1.65,0.0000
1743431454.7538528,LTE,CONNECT,FDD,410A332,-82,-6,2,10,-81,-6,1,-81,-6,1,5,0,-61,LTE BAND 3,19,31472.0,3.75,3806,nan,16,1.19,0.0000
1743431455.8782036,LTE,CONNECT,FDD,410A332,-82,-7,2,12,-82,-7,1,-82,-7,1,5,0,-59,LTE BAND 3,19,20966.0,2.5,2551,nan,0,1.26,0.0000
1743431456.9703543,LTE,CONNECT,FDD,410A332,-81,-7,2,13,-81,-7,1,-81,-7,1,5,0,-59,LTE BAND 3,19,31462.0,3.75,3828,nan,0,1.33,0.0000
1743431458.0629945,LTE,CONNECT,FDD,410A332,-81,-8,3,15,-81,-8,1,-81,-8,1,5,0,-58,LTE BAND 3,19,20975.0,2.5,2552,nan,0,1.36,0.0000
1743431459.166492,LTE,CONNECT,FDD,410A332,-81,-7,3,15,-81,-7,1,-81,-7,1,5,0,-60,LTE BAND 3,19,10483.0,1.25,1275,nan,0,1.4,0.0000
1743431460.2920494,LTE,CONNECT,FDD,410A332,-81,-6,2,15,-81,-6,1,-81,-6,1,5,0,-61,LTE BAND 3,19,31460.0,3.75,3828,nan,0,1.43,0.0000
1743431461.3900547,LTE,CONNECT,FDD,410A332,-81,-7,2,13,-81,-7,1,-81,-7,1,5,0,-60,LTE BAND 3,19,31457.0,3.75,3827,nan,0,1.45,0.0000
1743431462.4955826,LTE,CONNECT,FDD,410A332,-81,-6,2,14,-81,-6,1,-81,-6,1,5,0,-59,LTE BAND 3,19,20972.0,2.5,2552,nan,0,1.45,0.0000
1743431463.544385,LTE,CONNECT,FDD,410A332,-81,-6,2,14,-81,-6,1,-81,-6,1,5,0,-60,LTE BAND 3,19,41947.0,5.0,5104,nan,0,1.45,0.0000
1743431464.6293824,LTE,CONNECT,FDD,410A332,-81,-6,2,11,-81,-6,1,-81,-6,1,5,0,-60,LTE BAND 3,19,31461.0,3.75,3828,nan,0,1.45,0.0000
1743431465.7523613,LTE,CONNECT,FDD,410A332,-82,-7,1,14,-82,-7,1,-82,-7,1,5,0,-60,LTE BAND 3,19,20968.0,2.5,2551,nan,0,1.45,0.0000
1743431466.8275197,LTE,CONNECT,FDD,410A332,-81,-8,2,15,-81,-8,1,-81,-8,1,5,0,-60,LTE BAND 3,19,10483.0,1.25,1275,nan,0,1.47,0.0000
1743431467.930179,LTE,CONNECT,FDD,410A332,-81,-7,2,11,-81,-7,1,-81,-7,1,5,0,-60,LTE BAND 3,19,20976.0,2.5,2552,nan,0,1.5,0.0000
1743431469.0267785,LTE,CONNECT,FDD,410A332,-81,-6,2,13,-81,-6,1,-81,-6,1,5,0,-60,LTE BAND 3,19,31457.0,3.75,3827,nan,0,1.55,0.0000
1743431470.1389952,LTE,CONNECT,FDD,410A332,-81,-8,3,12,-81,-8,1,-81,-8,1,5,0,-60,LTE BAND 3,19,20966.0,2.5,2551,nan,0,1.6,0.0000
1743431471.1899204,LTE,CONNECT,FDD,410A332,-81,-7,3,12,-81,-7,1,-81,-7,1,5,0,-60,LTE BAND 3,19,31462.0,3.75,3828,nan,0,1.68,0.0000
1743431472.286052,LTE,CONNECT,FDD,410A332,-81,-7,3,15,-81,-7,1,-81,-7,1,5,0,-60,LTE BAND 3,19,10480.0,1.25,1238,nan,26,1.21,0.0000
1743431473.37936,LTE,CONNECT,FDD,410A332,-81,-7,2,15,-81,-7,1,-81,-7,1,5,0,-60,LTE BAND 3,19,31469.0,3.75,3829,nan,0,1.29,0.0000
1743431474.4620247,LTE,CONNECT,FDD,410A332,-81,-8,3,19,-81,-8,1,-81,-8,1,5,0,-60,LTE BAND 3,19,31461.0,3.75,3828,nan,0,1.42,0.0000
1743431475.520955,LTE,CONNECT,FDD,410A332,-81,-7,4,12,-81,-7,1,-81,-7,1,5,0,-61,LTE BAND 3,19,10481.0,1.25,1275,nan,0,1.49,0.0000
1743431476.6624324,LTE,CONNECT,FDD,410A332,-81,-6,2,13,-81,-6,1,-81,-6,1,5,0,-61,LTE BAND 3,19,31474.0,3.75,3829,nan,0,1.59,0.0000
1743431477.7986374,LTE,CONNECT,FDD,410A332,-82,-7,2,14,-82,-7,1,-82,-7,1,5,0,-60,LTE BAND 3,19,20967.0,2.5,2551,nan,0,1.68,0.0000
1743431478.9134362,LTE,CONNECT,FDD,410A332,-81,-8,2,16,-81,-8,1,-81,-8,1,5,0,-59,LTE BAND 3,19,20973.0,2.5,2552,nan,0,1.7,0.0000
1743431480.0481195,LTE,CONNECT,FDD,410A332,-81,-10,3,16,-81,-10,1,-81,-10,1,5,0,-60,LTE BAND 3,19,0.0,0.0,-36,nan,25,1.19,0.0000
1743431481.1573746,LTE,CONNECT,FDD,410A332,-81,-6,2,14,-81,-6,1,-81,-6,1,5,0,-60,LTE BAND 3,19,41982.0,5.0,5108,nan,0,1.22,0.0000
1743431482.2867255,LTE,CONNECT,FDD,410A332,-81,-7,3,14,-81,-7,1,-81,-7,1,5,0,-59,LTE BAND 3,19,20965.0,2.5,2551,nan,0,1.29,0.0000
1743431483.4028141,LTE,CONNECT,FDD,410A332,-81,-7,2,16,-81,-7,1,-81,-7,1,5,0,-60,LTE BAND 3,19,20969.0,2.5,2551,nan,0,1.35,0.0000
1743431484.5115662,LTE,CONNECT,FDD,410A332,-81,-7,2,15,-81,-7,1,-81,-7,1,5,0,-61,LTE BAND 3,19,20974.0,2.5,2552,nan,0,1.39,0.0000
1743431485.6242106,LTE,CONNECT,FDD,410A332,-81,-7,3,12,-81,-7,1,-81,-7,1,5,0,-61,LTE BAND 3,19,20972.0,2.5,2552,nan,0,1.42,0.0000
1743431486.7069745,LTE,CONNECT,FDD,410A332,-80,-7,4,17,-80,-8,1,-80,-8,1,5,0,-59,LTE BAND 3,19,20967.0,2.5,2551,nan,0,1.44,0.0000
1743431487.7978234,LTE,CONNECT,FDD,410A332,-80,-6,4,6,-80,-6,1,-80,-6,1,5,0,-60,LTE BAND 3,19,31469.0,3.75,3829,nan,0,1.45,0.0000
1743431488.902374,LTE,CONNECT,FDD,410A332,-80,-7,4,10,-80,-7,1,-80,-7,1,5,0,-60,LTE BAND 3,19,20972.0,2.5,2552,nan,0,1.45,0.0000
1743431489.9924974,LTE,CONNECT,FDD,410A332,-80,-7,4,15,-80,-7,1,-80,-7,1,5,0,-59,LTE BAND 3,19,20969.0,2.5,2551,nan,0,1.45,0.0000
1743431491.1130025,LTE,CONNECT,FDD,410A332,-80,-7,5,12,-80,-7,1,-80,-7,1,5,0,-60,LTE BAND 3,19,20978.0,2.5,2552,nan,0,1.45,0.0000
1743431492.2376091,LTE,CONNECT,FDD,410A332,-80,-7,3,14,-80,-7,1,-80,-7,1,5,0,-59,LTE BAND 3,19,20971.0,2.5,2551,nan,0,1.47,0.0000
1743431493.3543203,LTE,CONNECT,FDD,410A332,-80,-9,3,15,-80,-9,1,-80,-9,1,5,0,-58,LTE BAND 3,19,31459.0,3.75,3828,nan,0,1.49,0.0000
1743431494.4559312,LTE,CONNECT,FDD,410A332,-80,-10,4,17,-80,-10,1,-80,-10,1,5,0,-59,LTE BAND 3,19,10484.0,1.25,1276,nan,0,1.51,0.0000
1743431495.5213401,LTE,CONNECT,FDD,410A332,-80,-7,3,14,-80,-6,1,-80,-6,1,5,0,-61,LTE BAND 3,19,20975.0,2.5,2552,nan,0,1.56,0.0000
1743431496.6157472,LTE,CONNECT,FDD,410A332,-80,-7,3,15,-80,-7,1,-80,-7,1,5,0,-60,LTE BAND 3,19,20967.0,2.5,2551,nan,0,1.63,0.0000
1743431497.7406197,LTE,CONNECT,FDD,410A332,-80,-7,3,13,-80,-8,1,-80,-8,1,5,0,-59,LTE BAND 3,19,20971.0,2.5,2551,nan,0,1.71,0.0000
1743431498.8365555,LTE,CONNECT,FDD,410A332,-80,-8,3,15,-80,-8,1,-80,-8,1,5,0,-59,LTE BAND 3,19,20977.0,2.5,2552,nan,0,1.23,0.0000
1743431499.9252226,LTE,CONNECT,FDD,410A332,-80,-7,4,14,-80,-7,1,-80,-7,1,5,0,-60,LTE BAND 3,19,10483.0,1.25,1275,nan,0,1.32,0.0000
1743431501.0142107,LTE,CONNECT,FDD,410A332,-80,-7,4,14,-80,-7,1,-80,-7,1,5,0,-60,LTE BAND 3,19,20984.0,2.5,2553,nan,0,1.43,0.0000
1743431502.125521,LTE,CONNECT,FDD,410A332,-80,-7,4,15,-80,-7,1,-80,-7,1,5,0,-60,LTE BAND 3,19,10482.0,1.25,1275,nan,0,1.52,0.0000
1743431503.308898,LTE,CONNECT,FDD,410A332,-80,-7,4,15,-80,-7,1,-80,-7,1,5,0,-61,LTE BAND 3,19,10484.0,1.25,1276,nan,0,1.59,0.0000
1743431504.409326,LTE,CONNECT,FDD,410A332,-81,-6,4,14,-81,-7,1,-81,-7,1,5,0,-59,LTE BAND 3,19,20974.0,2.5,2552,nan,0,1.65,0.0000
1743431505.5212948,LTE,CONNECT,FDD,410A332,-81,-6,3,13,-81,-6,1,-81,-6,1,5,0,-60,LTE BAND 3,19,20978.0,2.5,2552,nan,0,1.69,0.0000
1743431506.6275978,LTE,CONNECT,FDD,410A332,-81,-7,3,11,-81,-7,1,-81,-7,1,5,0,-60,LTE BAND 3,19,0.0,0.0,-23,nan,16,1.38,0.0000
1743431507.7213788,LTE,CONNECT,FDD,410A332,-81,-7,3,13,-81,-7,1,-81,-7,1,5,0,-60,LTE BAND 3,19,31480.0,3.75,3820,nan,7,1.2,0.0000
1743431508.8472767,LTE,CONNECT,FDD,410A332,-81,-6,3,9,-81,-6,1,-81,-6,1,5,0,-60,LTE BAND 3,19,20963.0,2.5,2550,nan,0,1.34,0.0000
1743431509.95507,LTE,CONNECT,FDD,410A332,-81,-6,3,9,-81,-6,1,-81,-6,1,5,0,-61,LTE BAND 3,19,20975.0,2.5,2552,nan,0,1.38,0.0000
1743431511.076433,LTE,CONNECT,FDD,410A332,-81,-7,3,12,-81,-7,1,-81,-7,1,5,0,-60,LTE BAND 3,19,20965.0,2.5,2551,nan,0,1.41,0.0000
1743431512.1568584,LTE,CONNECT,FDD,410A332,-80,-6,3,13,-80,-6,1,-80,-6,1,5,0,-60,LTE BAND 3,19,20983.0,2.5,2553,nan,0,1.43,0.0000
1743431513.2287621,LTE,CONNECT,FDD,410A332,-81,-7,2,13,-81,-7,1,-81,-7,1,5,0,-59,LTE BAND 3,19,20973.0,2.5,2552,nan,0,1.44,0.0000
1743431514.3497782,LTE,CONNECT,FDD,410A332,-81,-7,3,14,-81,-7,1,-81,-7,1,5,0,-60,LTE BAND 3,19,20965.0,2.5,2551,nan,0,1.45,0.0000
1743431515.4695919,LTE,CONNECT,FDD,410A332,-80,-9,2,18,-80,-9,1,-80,-9,1,5,0,-59,LTE BAND 3,19,20977.0,2.5,2552,nan,0,1.45,0.0000
1743431516.586775,LTE,CONNECT,FDD,410A332,-80,-7,3,12,-80,-7,1,-80,-7,1,5,0,-59,LTE BAND 3,19,10482.0,1.25,1275,nan,0,1.45,0.0000
1743431517.7063515,LTE,CONNECT,FDD,410A332,-80,-7,2,15,-80,-7,1,-80,-7,1,5,0,-61,LTE BAND 3,19,20978.0,2.5,2552,nan,0,1.45,0.0000
1743431518.79137,LTE,CONNECT,FDD,410A332,-81,-8,4,10,-81,-9,1,-81,-9,1,5,0,-57,LTE BAND 3,19,10483.0,1.25,1275,nan,0,1.47,0.0000
1743431519.8650522,LTE,CONNECT,FDD,410A332,-80,-10,3,13,-80,-10,1,-80,-10,1,5,0,-58,LTE BAND 3,19,10485.0,1.25,1276,nan,0,1.5,0.0000
1743431520.9678667,LTE,CONNECT,FDD,410A332,-81,-10,4,16,-81,-10,1,-81,-10,1,5,0,-58,LTE BAND 3,19,10485.0,1.25,1276,nan,0,1.53,0.0000
1743431522.0876856,LTE,CONNECT,FDD,410A332,-81,-9,4,10,-81,-9,1,-81,-9,1,5,0,-60,LTE BAND 3,19,20988.0,2.5,2554,nan,0,1.59,0.0000
1743431523.1521323,LTE,CONNECT,FDD,410A332,-81,-9,4,13,-81,-9,1,-81,-9,1,5,0,-58,LTE BAND 3,19,10483.0,1.25,1275,nan,0,1.67,0.0000
1743431524.2601078,LTE,CONNECT,FDD,410A332,-81,-9,4,17,-81,-9,1,-81,-9,1,5,0,-58,LTE BAND 3,19,10484.0,1.25,1276,nan,0,1.77,0.0000
1743431525.3596342,LTE,CONNECT,FDD,410A332,-81,-6,3,15,-81,-6,1,-81,-6,1,5,0,-61,LTE BAND 3,19,10484.0,1.25,1169,nan,75,1.3,0.0001
1743431526.4903321,LTE,CONNECT,FDD,410A332,-81,-7,3,14,-81,-7,1,-81,-7,1,5,0,-59,LTE BAND 3,19,41963.0,5.0,5087,nan,13,1.28,0.0000
1743431527.5771244,LTE,CONNECT,FDD,410A332,-81,-6,3,13,-81,-6,1,-81,-6,1,5,0,-60,LTE BAND 3,19,20967.0,2.5,2551,nan,0,1.4,0.0000
1743431528.6838372,LTE,CONNECT,FDD,410A332,-81,-6,3,15,-81,-6,1,-81,-6,1,5,0,-60,LTE BAND 3,19,41926.0,5.0,5101,nan,0,1.52,0.0000
1743431529.803552,LTE,CONNECT,FDD,410A332,-81,-6,3,13,-81,-6,1,-81,-6,1,5,0,-60,LTE BAND 3,19,31458.0,3.75,3827,nan,0,1.66,0.0000
1743431530.9276252,LTE,CONNECT,FDD,410A332,-81,-7,3,13,-81,-7,1,-81,-7,1,5,0,-60,LTE BAND 3,19,20963.0,2.5,2550,nan,0,1.71,0.0000
1743431532.04319,LTE,CONNECT,FDD,410A332,-81,-6,3,14,-81,-6,1,-81,-6,1,5,0,-60,LTE BAND 3,19,31470.0,3.75,3788,nan,29,1.21,0.0000
1743431533.1166599,LTE,CONNECT,FDD,410A332,-81,-7,4,10,-81,-7,1,-81,-7,1,5,0,-61,LTE BAND 3,19,31458.0,3.75,3827,nan,0,1.27,0.0000
1743431534.2300835,LTE,CONNECT,FDD,410A332,-81,-7,3,14,-81,-7,1,-81,-7,1,5,0,-60,LTE BAND 3,19,20970.0,2.5,2551,nan,0,1.33,0.0000
1743431535.3363907,LTE,CONNECT,FDD,410A332,-81,-9,4,11,-81,-9,1,-81,-9,1,5,0,-59,LTE BAND 3,19,20967.0,2.5,2551,nan,0,1.38,0.0000
1743431536.500983,LTE,CONNECT,FDD,410A332,-81,-8,3,16,-81,-8,1,-81,-8,1,5,0,-59,LTE BAND 3,19,10484.0,1.25,1276,nan,0,1.41,0.0000
1743431537.5889482,LTE,CONNECT,FDD,410A332,-81,-7,3,14,-81,-7,1,-81,-7,1,5,0,-60,LTE BAND 3,19,10484.0,1.25,1276,nan,0,1.44,0.0000
1743431538.6829593,LTE,CONNECT,FDD,410A332,-81,-7,3,12,-81,-7,1,-81,-7,1,5,0,-59,LTE BAND 3,19,20980.0,2.5,2553,nan,0,1.45,0.0000
1743431539.7986352,LTE,CONNECT,FDD,410A332,-81,-7,3,14,-81,-7,1,-81,-7,1,5,0,-59,LTE BAND 3,19,31457.0,3.75,3827,nan,0,1.47,0.0000
1743431540.8738751,LTE,CONNECT,FDD,410A332,-81,-6,3,14,-81,-6,1,-81,-6,1,5,0,-60,LTE BAND 3,19,20971.0,2.5,2551,nan,0,1.47,0.0000
1743431541.9496777,LTE,CONNECT,FDD,410A332,-81,-7,3,11,-81,-7,1,-81,-7,1,5,0,-59,LTE BAND 3,19,41946.0,5.0,5103,nan,0,1.47,0.0000
1743431543.0673807,LTE,CONNECT,FDD,410A332,-81,-7,4,13,-81,-7,1,-81,-7,1,5,0,-60,LTE BAND 3,19,20969.0,2.5,2551,nan,0,1.48,0.0000
1743431544.1740427,LTE,CONNECT,FDD,410A332,-81,-6,3,12,-81,-7,1,-81,-7,1,5,0,-60,LTE BAND 3,19,31461.0,3.75,3828,nan,0,1.49,0.0000
1743431545.2697482,LTE,CONNECT,FDD,410A332,-81,-7,3,5,-81,-7,1,-81,-7,1,5,0,-60,LTE BAND 3,19,41945.0,5.0,5103,nan,0,1.52,0.0000
1743431546.4021788,LTE,CONNECT,FDD,410A332,-81,-6,4,11,-81,-6,1,-81,-6,1,5,0,-61,LTE BAND 3,19,31458.0,3.75,3827,nan,0,1.56,0.0000
1743431547.4747164,LTE,CONNECT,FDD,410A332,-81,-6,3,13,-80,-7,1,-80,-7,1,5,0,-59,LTE BAND 3,19,20963.0,2.5,2550,nan,0,1.61,0.0000
1743431548.5736773,LTE,CONNECT,FDD,410A332,-81,-7,3,15,-81,-7,1,-81,-7,1,5,0,-60,LTE BAND 3,19,20973.0,2.5,2552,nan,0,1.66,0.0000
1743431549.7213917,LTE,CONNECT,FDD,410A332,-81,-7,4,15,-81,-7,1,-81,-7,1,5,0,-59,LTE BAND 3,19,10486.0,1.25,1246,nan,21,1.21,0.0000
1743431550.8465044,LTE,CONNECT,FDD,410A332,-80,-6,3,14,-80,-6,1,-80,-6,1,5,0,-60,LTE BAND 3,19,31468.0,3.75,3829,nan,0,1.4,0.0000
1743431551.9575577,LTE,CONNECT,FDD,410A332,-79,-6,0,16,-79,-6,1,-79,-6,1,5,0,-62,LTE BAND 3,19,31458.0,3.75,3827,nan,0,1.51,0.0000
1743431553.0296257,LTE,CONNECT,FDD,410A332,-81,-6,1,10,-80,-6,1,-80,-6,1,5,0,-61,LTE BAND 3,19,31454.0,3.75,3827,nan,0,1.58,0.0000
1743431554.1492946,LTE,CONNECT,FDD,410A332,-81,-6,2,13,-81,-6,1,-81,-6,1,5,0,-60,LTE BAND 3,19,20970.0,2.5,2551,nan,0,1.63,0.0000
1743431555.254855,LTE,CONNECT,FDD,410A332,-80,-6,0,14,-80,-6,1,-80,-6,1,5,0,-60,LTE BAND 3,19,31459.0,3.75,3828,nan,0,1.68,0.0000
1743431556.3836808,LTE,CONNECT,FDD,410A332,-80,-7,0,15,-80,-7,1,-80,-7,1,5,0,-61,LTE BAND 3,19,41948.0,5.0,5078,nan,18,1.19,0.0000
1743431557.4878843,LTE,CONNECT,FDD,410A332,-80,-10,-2,19,-80,-10,1,-80,-10,1,5,0,-61,LTE BAND 3,19,31435.0,3.75,3825,nan,0,1.26,0.0000
1743431558.610146,LTE,CONNECT,FDD,410A332,-79,-7,-2,17,-79,-7,1,-79,-7,1,5,0,-61,LTE BAND 3,19,10489.0,1.25,1276,nan,0,1.32,0.0000
1743431559.743168,LTE,CONNECT,FDD,410A332,-79,-7,-3,20,-79,-7,1,-79,-7,1,5,0,-61,LTE BAND 3,19,31468.0,3.75,3829,nan,0,1.37,0.0000
1743431560.8424244,LTE,CONNECT,FDD,410A332,-79,-6,-1,17,-79,-6,1,-79,-6,1,5,0,-60,LTE BAND 3,19,41937.0,5.0,5102,nan,0,1.43,0.0000
1743431561.9353113,LTE,CONNECT,FDD,410A332,-80,-6,-1,15,-80,-6,1,-80,-6,1,5,0,-62,LTE BAND 3,19,20971.0,2.5,2551,nan,0,1.43,0.0000
1743431563.0084317,LTE,CONNECT,FDD,410A332,-79,-7,-2,19,-79,-7,1,-79,-7,1,5,0,-61,LTE BAND 3,19,31467.0,3.75,3828,nan,0,1.44,0.0000
1743431564.103545,LTE,CONNECT,FDD,410A332,-79,-6,-1,19,-79,-6,1,-79,-6,1,5,0,-62,LTE BAND 3,19,31450.0,3.75,3826,nan,0,1.44,0.0000
1743431565.1981697,LTE,CONNECT,FDD,410A332,-79,-6,-1,12,-79,-6,1,-79,-6,1,5,0,-61,LTE BAND 3,19,20968.0,2.5,2551,nan,0,1.44,0.0000
1743431566.3019083,LTE,CONNECT,FDD,410A332,-79,-6,-2,18,-79,-6,1,-79,-6,1,5,0,-61,LTE BAND 3,19,20977.0,2.5,2552,nan,0,1.44,0.0000
1743431567.3963752,LTE,CONNECT,FDD,410A332,-79,-6,-2,17,-79,-6,1,-79,-6,1,5,0,-61,LTE BAND 3,19,31453.0,3.75,3827,nan,0,1.45,0.0000
1743431568.5292268,LTE,CONNECT,FDD,410A332,-79,-7,-2,17,-79,-7,1,-79,-7,1,5,0,-60,LTE BAND 3,19,31451.0,3.75,3827,nan,0,1.47,0.0000
1743431569.6653306,LTE,CONNECT,FDD,410A332,-80,-7,-1,19,-79,-7,1,-79,-7,1,5,0,-61,LTE BAND 3,19,31461.0,3.75,3828,nan,0,1.5,0.0000
1743431570.7538457,LTE,CONNECT,FDD,410A332,-80,-7,2,18,-80,-7,1,-80,-7,1,5,0,-60,LTE BAND 3,19,20963.0,2.5,2550,nan,0,1.6,0.0000
1743431571.8808804,LTE,CONNECT,FDD,410A332,-83,-7,-2,17,-83,-7,1,-83,-7,1,5,0,-59,LTE BAND 3,19,41970.0,5.0,5106,nan,0,1.69,0.0000
1743431572.9763005,LTE,CONNECT,FDD,410A332,-83,-7,3,9,-83,-7,1,-83,-7,1,5,0,-60,LTE BAND 3,19,31449.0,3.75,3826,nan,0,1.79,0.0000
1743431574.092079,LTE,CONNECT,FDD,410A332,-79,-8,4,11,-79,-9,1,-79,-9,1,5,0,-59,LTE BAND 3,19,31458.0,3.75,3703,nan,87,1.29,0.0000
1743431575.1734016,LTE,CONNECT,FDD,410A332,-81,-7,0,12,-82,-7,1,-82,-7,1,5,0,-59,LTE BAND 3,19,20974.0,2.5,2552,nan,0,1.42,0.0000
1743431576.2338622,LTE,CONNECT,FDD,410A332,-81,-7,3,14,-81,-7,1,-81,-7,1,5,0,-59,LTE BAND 3,19,20968.0,2.5,2551,nan,0,1.52,0.0000
1743431577.360848,LTE,CONNECT,FDD,410A332,-83,-7,4,16,-83,-7,1,-83,-7,1,5,0,-59,LTE BAND 3,19,31464.0,3.75,3828,nan,0,1.62,0.0000
1743431578.4284682,LTE,CONNECT,FDD,410A332,-83,-8,3,14,-83,-8,1,-83,-8,1,5,0,-59,LTE BAND 3,19,31452.0,3.75,3827,nan,0,1.69,0.0000
1743431579.5442727,LTE,CONNECT,FDD,410A332,-80,-6,1,14,-80,-6,1,-80,-6,1,5,0,-60,LTE BAND 3,19,20965.0,2.5,2514,nan,26,1.21,0.0000
1743431580.6476066,LTE,CONNECT,FDD,410A332,-80,-6,2,13,-80,-6,1,-80,-6,1,5,0,-60,LTE BAND 3,19,41956.0,5.0,5093,nan,8,1.25,0.0000
1743431581.7303178,LTE,CONNECT,FDD,410A332,-79,-8,1,12,-79,-8,1,-79,-8,1,5,0,-60,LTE BAND 3,19,41948.0,5.0,5104,nan,0,1.32,0.0000
1743431582.844351,LTE,CONNECT,FDD,410A332,-79,-7,1,15,-79,-7,1,-79,-7,1,5,0,-61,LTE BAND 3,19,31472.0,3.75,3829,nan,0,1.42,0.0000
1743431583.911816,LTE,CONNECT,FDD,410A332,-79,-6,1,15,-79,-6,1,-79,-6,1,5,0,-61,LTE BAND 3,19,31451.0,3.75,3827,nan,0,1.45,0.0000
1743431585.0056286,LTE,CONNECT,FDD,410A332,-79,-6,0,15,-79,-6,1,-79,-6,1,5,0,-61,LTE BAND 3,19,41943.0,5.0,5103,nan,0,1.46,0.0000
1743431586.1128118,LTE,CONNECT,FDD,410A332,-80,-6,1,12,-80,-6,1,-80,-6,1,5,0,-60,LTE BAND 3,19,31459.0,3.75,3828,nan,0,1.47,0.0000
1743431587.2276511,LTE,CONNECT,FDD,410A332,-80,-7,0,16,-80,-7,1,-80,-7,1,5,0,-60,LTE BAND 3,19,31457.0,3.75,3827,nan,0,1.47,0.0000
1743431588.3107047,LTE,CONNECT,FDD,410A332,-80,-6,1,11,-80,-6,1,-80,-6,1,5,0,-61,LTE BAND 3,19,20968.0,2.5,2551,nan,0,1.47,0.0000
1743431589.4335787,LTE,CONNECT,FDD,410A332,-79,-7,1,14,-79,-7,1,-79,-7,1,5,0,-60,LTE BAND 3,19,41957.0,5.0,5105,nan,0,1.47,0.0000
1743431590.5172915,LTE,CONNECT,FDD,410A332,-80,-6,1,10,-80,-6,1,-80,-6,1,5,0,-61,LTE BAND 3,19,10477.0,1.25,1275,nan,0,1.48,0.0000
1743431591.6185255,LTE,CONNECT,FDD,410A332,-80,-7,0,15,-80,-7,1,-80,-7,1,5,0,-61,LTE BAND 3,19,41972.0,5.0,5107,nan,0,1.49,0.0000
1743431592.7176049,LTE,CONNECT,FDD,410A332,-80,-7,0,15,-80,-7,1,-80,-7,1,5,0,-60,LTE BAND 3,19,10483.0,1.25,1275,nan,0,1.51,0.0000
1743431593.7968686,LTE,CONNECT,FDD,410A332,-80,-7,1,13,-80,-7,1,-80,-7,1,5,0,-60,LTE BAND 3,19,31464.0,3.75,3828,nan,0,1.59,0.0000
1743431594.8975184,LTE,CONNECT,FDD,410A332,-80,-6,2,12,-80,-6,1,-80,-6,1,5,0,-60,LTE BAND 3,19,41946.0,5.0,5008,nan,67,1.16,0.0000
1743431595.9887753,LTE,CONNECT,FDD,410A332,-80,-6,1,12,-80,-6,1,-80,-6,1,5,0,-61,LTE BAND 3,19,31455.0,3.75,3827,nan,0,1.27,0.0000
1743431597.0940073,LTE,CONNECT,FDD,410A332,-79,-6,2,10,-79,-6,1,-79,-6,1,5,0,-60,LTE BAND 3,19,31459.0,3.75,3828,nan,0,1.38,0.0000
1743431598.1804762,LTE,CONNECT,FDD,410A332,-80,-6,1,13,-80,-6,1,-80,-6,1,5,0,-60,LTE BAND 3,19,20962.0,2.5,2550,nan,0,1.46,0.0000
1743431599.2726808,LTE,CONNECT,FDD,410A332,-81,-6,4,14,-81,-6,1,-81,-6,1,5,0,-61,LTE BAND 3,19,31472.0,3.75,3829,nan,0,1.52,0.0000
1743431600.397884,LTE,CONNECT,FDD,410A332,-82,-9,3,13,-82,-9,1,-82,-9,1,5,0,-60,LTE BAND 3,19,20967.0,2.5,2551,nan,0,1.57,0.0000
1743431601.5118263,LTE,CONNECT,FDD,410A332,-81,-6,6,12,-81,-7,1,-81,-7,1,5,0,-58,LTE BAND 3,19,31466.0,3.75,3828,nan,0,1.6,0.0000
1743431602.6031477,LTE,CONNECT,FDD,410A332,-82,-7,5,15,-82,-7,1,-82,-7,1,5,0,-58,LTE BAND 3,19,31454.0,3.75,3827,nan,0,1.62,0.0000
1743431603.73465,LTE,CONNECT,FDD,410A332,-82,-7,4,13,-82,-7,1,-82,-7,1,5,0,-59,LTE BAND 3,19,20970.0,2.5,2551,nan,0,1.63,0.0000
1743431604.861164,LTE,CONNECT,FDD,410A332,-82,-6,4,15,-81,-6,1,-81,-6,1,5,0,-58,LTE BAND 3,19,31459.0,3.75,3828,nan,0,1.64,0.0000
1743431605.936808,LTE,CONNECT,FDD,410A332,-80,-8,2,15,-80,-8,1,-80,-8,1,5,0,-60,LTE BAND 3,19,20964.0,2.5,2551,nan,0,1.64,0.0000
1743431607.063854,LTE,CONNECT,FDD,410A332,-81,-8,4,15,-81,-8,1,-81,-8,1,5,0,-60,LTE BAND 3,19,20971.0,2.5,2551,nan,0,1.64,0.0000
1743431608.226156,LTE,CONNECT,FDD,410A332,-80,-8,2,18,-80,-8,1,-80,-8,1,5,0,-61,LTE BAND 3,19,20972.0,2.5,2552,nan,0,1.65,0.0000
1743431609.336632,LTE,CONNECT,FDD,410A332,-80,-7,2,13,-80,-7,1,-80,-7,1,5,0,-60,LTE BAND 3,19,10484.0,1.25,1276,nan,0,1.66,0.0000
1743431610.475943,LTE,CONNECT,FDD,410A332,-80,-7,3,12,-80,-7,1,-80,-7,1,5,0,-59,LTE BAND 3,19,10481.0,1.25,1272,nan,2,1.29,0.0000
1743431611.583422,LTE,CONNECT,FDD,410A332,-81,-9,3,16,-81,-9,1,-81,-9,1,5,0,-59,LTE BAND 3,19,31473.0,3.75,3829,nan,0,1.23,0.0000
1743431612.681028,LTE,CONNECT,FDD,410A332,-81,-7,3,14,-81,-7,1,-81,-7,1,5,0,-60,LTE BAND 3,19,20982.0,2.5,2553,nan,0,1.34,0.0000
1743431613.8221087,LTE,CONNECT,FDD,410A332,-81,-8,5,18,-80,-8,1,-80,-8,1,5,0,-59,LTE BAND 3,19,10483.0,1.25,1275,nan,0,1.51,0.0000
1743431614.955967,LTE,CONNECT,FDD,410A332,-80,-8,6,15,-80,-8,1,-80,-8,1,5,0,-58,LTE BAND 3,19,20975.0,2.5,2552,nan,0,1.57,0.0000
1743431616.0779724,LTE,CONNECT,FDD,410A332,-83,-9,4,13,-83,-9,1,-83,-9,1,5,0,-58,LTE BAND 3,19,10485.0,1.25,1276,nan,0,1.61,0.0000
1743431617.182504,LTE,CONNECT,FDD,410A332,-81,-9,4,11,-81,-9,1,-81,-9,1,5,0,-59,LTE BAND 3,19,10485.0,1.25,1276,nan,0,1.64,0.0000
1743431618.275446,LTE,CONNECT,FDD,410A332,-81,-8,5,14,-81,-8,1,-81,-8,1,5,0,-58,LTE BAND 3,19,20978.0,2.5,2552,nan,0,1.66,0.0000
1743431619.388163,LTE,CONNECT,FDD,410A332,-81,-8,5,15,-81,-9,1,-81,-9,1,5,0,-57,LTE BAND 3,19,10483.0,1.25,1275,nan,0,1.67,0.0000
1743431620.4738245,LTE,CONNECT,FDD,410A332,-80,-7,5,15,-80,-8,1,-80,-8,1,5,0,-58,LTE BAND 3,19,10477.0,1.25,1269,nan,4,1.21,0.0000
1743431621.6007292,LTE,CONNECT,FDD,410A332,-82,-9,4,16,-82,-9,1,-82,-9,1,5,0,-58,LTE BAND 3,19,31482.0,3.75,3830,nan,0,1.22,0.0000
1743431622.6740868,LTE,CONNECT,FDD,410A332,-83,-8,3,17,-83,-8,1,-83,-8,1,5,0,-60,LTE BAND 3,19,20973.0,2.5,2552,nan,0,1.28,0.0000
1743431623.7959201,LTE,CONNECT,FDD,410A332,-82,-7,3,13,-82,-7,1,-82,-7,1,5,0,-60,LTE BAND 3,19,31469.0,3.75,3829,nan,0,1.38,0.0000
1743431624.8921041,LTE,CONNECT,FDD,410A332,-82,-8,3,18,-82,-8,1,-82,-8,1,5,0,-59,LTE BAND 3,19,20970.0,2.5,2551,nan,0,1.4,0.0000
1743431626.041847,LTE,CONNECT,FDD,410A332,-82,-8,2,14,-82,-8,1,-82,-8,1,5,0,-59,LTE BAND 3,19,10482.0,1.25,1275,nan,0,1.41,0.0000
1743431627.1709566,LTE,CONNECT,FDD,410A332,-82,-8,3,13,-82,-8,1,-82,-8,1,5,0,-61,LTE BAND 3,19,20975.0,2.5,2552,nan,0,1.42,0.0000
1743431628.2727292,LTE,CONNECT,FDD,410A332,-81,-9,4,18,-81,-9,1,-81,-9,1,5,0,-59,LTE BAND 3,19,10481.0,1.25,1275,nan,0,1.42,0.0000
1743431629.3918097,LTE,CONNECT,FDD,410A332,-82,-8,4,15,-82,-8,1,-82,-8,1,5,0,-59,LTE BAND 3,19,20986.0,2.5,2553,nan,0,1.42,0.0000
1743431630.4952657,LTE,CONNECT,FDD,410A332,-82,-7,3,13,-82,-7,1,-82,-7,1,5,0,-60,LTE BAND 3,19,10482.0,1.25,1275,nan,0,1.42,0.0000
1743431631.6140773,LTE,CONNECT,FDD,410A332,-82,-9,4,15,-82,-9,1,-82,-9,1,5,0,-58,LTE BAND 3,19,20975.0,2.5,2552,nan,0,1.43,0.0000
1743431632.6924412,LTE,CONNECT,FDD,410A332,-81,-7,4,12,-81,-8,1,-81,-8,1,5,0,-59,LTE BAND 3,19,10482.0,1.25,1275,nan,0,1.44,0.0000
1743431633.7929876,LTE,CONNECT,FDD,410A332,-82,-8,3,16,-82,-9,1,-82,-9,1,5,0,-59,LTE BAND 3,19,10492.0,1.25,1277,nan,0,1.49,0.0000
1743431634.9011564,LTE,CONNECT,FDD,410A332,-82,-8,3,9,-82,-8,1,-82,-8,1,5,0,-59,LTE BAND 3,19,20970.0,2.5,2551,nan,0,1.55,0.0000
1743431635.9764915,LTE,CONNECT,FDD,410A332,-81,-8,2,8,-81,-8,1,-81,-8,1,5,0,-60,LTE BAND 3,19,10485.0,1.25,1276,nan,0,1.6,0.0000
1743431637.1052663,LTE,CONNECT,FDD,410A332,-80,-7,2,15,-80,-7,1,-80,-7,1,5,0,-60,LTE BAND 3,19,10488.0,1.25,1276,nan,0,1.68,0.0000
1743431638.1903007,LTE,CONNECT,FDD,410A332,-80,-8,2,16,-80,-8,1,-80,-8,1,5,0,-60,LTE BAND 3,19,10483.0,1.25,1275,nan,0,1.8,0.0000
1743431639.264162,LTE,CONNECT,FDD,410A332,-80,-8,2,18,-80,-8,1,-80,-8,1,5,0,-60,LTE BAND 3,19,0.0,0.0,-104,nan,73,1.33,0.0000
1743431640.3741233,LTE,CONNECT,FDD,410A332,-81,-8,3,15,-81,-8,1,-81,-8,1,5,0,-59,LTE BAND 3,19,20988.0,2.5,2524,nan,21,1.26,0.0000
1743431641.4938128,LTE,CONNECT,FDD,410A332,-82,-9,3,9,-82,-9,1,-82,-9,1,5,0,-58,LTE BAND 3,19,20966.0,2.5,2551,nan,0,1.34,0.0000
1743431642.604035,LTE,CONNECT,FDD,410A332,-81,-8,1,11,-81,-9,1,-81,-9,1,5,0,-59,LTE BAND 3,19,10485.0,1.25,1276,nan,0,1.45,0.0000
1743431643.694315,LTE,CONNECT,FDD,410A332,-81,-8,5,12,-81,-8,1,-81,-8,1,5,0,-57,LTE BAND 3,19,20976.0,2.5,2552,nan,0,1.56,0.0000
1743431644.7905493,LTE,CONNECT,FDD,410A332,-79,-7,4,13,-79,-7,1,-79,-7,1,5,0,-60,LTE BAND 3,19,20975.0,2.5,2552,nan,0,1.69,0.0000
1743431645.8747149,LTE,CONNECT,FDD,410A332,-81,-7,2,14,-81,-7,1,-81,-7,1,5,0,-60,LTE BAND 3,19,10483.0,1.25,1264,nan,8,1.44,0.0000
1743431646.934812,LTE,CONNECT,FDD,410A332,-79,-7,5,13,-79,-7,1,-79,-7,1,5,0,-59,LTE BAND 3,19,20978.0,2.5,2525,nan,19,1.2,0.0000
1743431648.0721529,LTE,CONNECT,FDD,410A332,-83,-9,7,20,-83,-9,1,-83,-9,1,5,0,-55,LTE BAND 3,19,10477.0,1.25,1275,nan,0,1.25,0.0000
1743431649.1832323,LTE,CONNECT,FDD,410A332,-78,-7,5,12,-78,-7,1,-78,-7,1,5,0,-58,LTE BAND 3,19,20983.0,2.5,2553,nan,0,1.32,0.0000
1743431650.2735794,LTE,CONNECT,FDD,410A332,-79,-6,5,16,-79,-6,1,-79,-6,1,5,0,-59,LTE BAND 3,19,31464.0,3.75,3828,nan,0,1.38,0.0000
1743431651.3940492,LTE,CONNECT,FDD,410A332,-81,-6,4,13,-81,-6,1,-81,-6,1,5,0,-60,LTE BAND 3,19,31462.0,3.75,3828,nan,0,1.42,0.0000
1743431652.503061,LTE,CONNECT,FDD,410A332,-81,-7,5,15,-80,-7,1,-80,-7,1,5,0,-58,LTE BAND 3,19,31452.0,3.75,3827,nan,0,1.44,0.0000
1743431653.6159341,LTE,CONNECT,FDD,410A332,-79,-6,6,14,-79,-6,1,-79,-6,1,5,0,-58,LTE BAND 3,19,10484.0,1.25,1276,nan,0,1.45,0.0000
1743431654.6992028,LTE,CONNECT,FDD,410A332,-79,-8,5,15,-79,-8,1,-79,-8,1,5,0,-59,LTE BAND 3,19,31458.0,3.75,3827,nan,0,1.46,0.0000
1743431655.8730955,LTE,CONNECT,FDD,410A332,-80,-7,3,15,-80,-8,1,-80,-8,1,5,0,-57,LTE BAND 3,19,20978.0,2.5,2552,nan,0,1.46,0.0000
1743431656.9944496,LTE,CONNECT,FDD,410A332,-80,-7,3,14,-80,-7,1,-80,-7,1,5,0,-59,LTE BAND 3,19,10483.0,1.25,1275,nan,0,1.46,0.0000
1743431658.1360264,LTE,CONNECT,FDD,410A332,-81,-7,4,12,-81,-7,1,-81,-7,1,5,0,-58,LTE BAND 3,19,31452.0,3.75,3827,nan,0,1.47,0.0000
1743431659.2456534,LTE,CONNECT,FDD,410A332,-81,-9,5,10,-81,-9,1,-81,-9,1,5,0,-58,LTE BAND 3,19,31467.0,3.75,3828,nan,0,1.49,0.0000
1743431660.360508,LTE,CONNECT,FDD,410A332,-82,-7,5,13,-82,-7,1,-82,-7,1,5,0,-60,LTE BAND 3,19,20971.0,2.5,2551,nan,0,1.51,0.0000
1743431661.4638386,LTE,CONNECT,FDD,410A332,-85,-7,5,11,-85,-7,1,-85,-7,1,5,0,-59,LTE BAND 3,19,31457.0,3.75,3827,nan,0,1.56,0.0000
1743431662.537617,LTE,CONNECT,FDD,410A332,-83,-7,5,13,-83,-7,1,-83,-7,1,5,0,-59,LTE BAND 3,19,31461.0,3.75,3828,nan,0,1.61,0.0000
1743431663.6376598,LTE,CONNECT,FDD,410A332,-84,-7,5,13,-84,-7,1,-84,-7,1,5,0,-60,LTE BAND 3,19,20969.0,2.5,2551,nan,0,1.69,0.0000
1743431664.749079,LTE,CONNECT,FDD,410A332,-84,-8,4,13,-85,-8,1,-85,-8,1,5,0,-59,LTE BAND 3,19,20970.0,2.5,2504,nan,33,1.6,0.0000
1743431665.8276331,LTE,CONNECT,FDD,410A332,-85,-7,4,14,-85,-8,1,-85,-8,1,5,0,-58,LTE BAND 3,19,31455.0,3.75,3827,nan,0,1.3,0.0000
1743431666.9408212,LTE,CONNECT,FDD,410A332,-84,-8,4,11,-84,-8,1,-84,-8,1,5,0,-58,LTE BAND 3,19,20974.0,2.5,2552,nan,0,1.4,0.0000
1743431668.0678818,LTE,CONNECT,FDD,410A332,-85,-8,4,-5,-85,-8,1,-85,-8,1,5,0,-60,LTE BAND 3,19,20965.0,2.5,2551,nan,0,1.52,0.0000
1743431669.1856935,LTE,CONNECT,FDD,410A332,-84,-8,4,12,-84,-8,1,-84,-8,1,5,0,-59,LTE BAND 3,19,31465.0,3.75,3828,nan,0,1.6,0.0000
1743431670.2572126,LTE,CONNECT,FDD,410A332,-84,-8,4,15,-84,-8,1,-84,-8,1,5,0,-60,LTE BAND 3,19,31456.0,3.75,3827,nan,0,1.66,0.0000
1743431671.3865895,LTE,CONNECT,FDD,410A332,-84,-8,4,13,-84,-8,1,-84,-8,1,5,0,-58,LTE BAND 3,19,20973.0,2.5,2545,nan,5,1.18,0.0000
1743431672.4963524,LTE,CONNECT,FDD,410A332,-85,-8,4,14,-85,-8,1,-85,-8,1,5,0,-59,LTE BAND 3,19,31454.0,3.75,3827,nan,0,1.23,0.0000
1743431673.610519,LTE,CONNECT,FDD,410A332,-85,-8,5,13,-85,-8,1,-85,-8,1,5,0,-60,LTE BAND 3,19,20969.0,2.5,2551,nan,0,1.31,0.0000
1743431674.7076952,LTE,CONNECT,FDD,410A332,-84,-8,4,15,-84,-8,1,-84,-8,1,5,0,-59,LTE BAND 3,19,20971.0,2.5,2551,nan,0,1.36,0.0000
1743431675.828066,LTE,CONNECT,FDD,410A332,-84,-8,4,10,-84,-8,1,-84,-8,1,5,0,-59,LTE BAND 3,19,31455.0,3.75,3827,nan,0,1.42,0.0000
1743431676.935974,LTE,CONNECT,FDD,410A332,-84,-8,4,12,-84,-8,1,-84,-8,1,5,0,-58,LTE BAND 3,19,20973.0,2.5,2552,nan,0,1.43,0.0000
1743431678.006632,LTE,CONNECT,FDD,410A332,-83,-7,4,12,-83,-7,1,-83,-7,1,5,0,-59,LTE BAND 3,19,20967.0,2.5,2551,nan,0,1.44,0.0000
1743431679.0716367,LTE,CONNECT,FDD,410A332,-84,-8,5,11,-84,-8,1,-84,-8,1,5,0,-58,LTE BAND 3,19,31456.0,3.75,3827,nan,0,1.44,0.0000
1743431680.1623018,LTE,CONNECT,FDD,410A332,-84,-7,3,14,-84,-7,1,-84,-7,1,5,0,-59,LTE BAND 3,19,31465.0,3.75,3828,nan,0,1.44,0.0000
1743431681.2721872,LTE,CONNECT,FDD,410A332,-84,-8,3,14,-84,-8,1,-84,-8,1,5,0,-58,LTE BAND 3,19,20968.0,2.5,2551,nan,0,1.44,0.0000
1743431682.3887246,LTE,CONNECT,FDD,410A332,-84,-8,4,13,-84,-8,1,-84,-8,1,5,0,-57,LTE BAND 3,19,10483.0,1.25,1275,nan,0,1.45,0.0000
1743431683.4928145,LTE,CONNECT,FDD,410A332,-84,-9,4,15,-84,-9,1,-84,-9,1,5,0,-58,LTE BAND 3,19,31473.0,3.75,3829,nan,0,1.46,0.0000
1743431684.5698032,LTE,CONNECT,FDD,410A332,-84,-9,3,5,-84,-9,1,-84,-9,1,5,0,-57,LTE BAND 3,19,10481.0,1.25,1275,nan,0,1.48,0.0000
1743431685.6744733,LTE,CONNECT,FDD,410A332,-84,-8,3,12,-84,-8,1,-84,-8,1,5,0,-59,LTE BAND 3,19,31473.0,3.75,3829,nan,0,1.52,0.0000
1743431686.726422,LTE,CONNECT,FDD,410A332,-84,-8,4,13,-84,-8,1,-84,-8,1,5,0,-57,LTE BAND 3,19,20965.0,2.5,2551,nan,0,1.59,0.0000
1743431687.7987883,LTE,CONNECT,FDD,410A332,-84,-7,4,13,-84,-7,1,-84,-7,1,5,0,-59,LTE BAND 3,19,31459.0,3.75,3826,nan,1,1.76,0.0000
1743431688.8517814,LTE,CONNECT,FDD,410A332,-84,-8,4,12,-84,-8,1,-84,-8,1,5,0,-58,LTE BAND 3,19,31457.0,3.75,3787,nan,28,1.25,0.0000
1743431689.9419668,LTE,CONNECT,FDD,410A332,-84,-9,3,14,-84,-9,1,-84,-9,1,5,0,-58,LTE BAND 3,19,10481.0,1.25,1275,nan,0,1.36,0.0000
1743431691.036759,LTE,CONNECT,FDD,410A332,-83,-7,4,13,-83,-7,1,-83,-7,1,5,0,-58,LTE BAND 3,19,31468.0,3.75,3829,nan,0,1.49,0.0000
1743431692.1452465,LTE,CONNECT,FDD,410A332,-83,-7,4,13,-83,-7,1,-83,-7,1,5,0,-58,LTE BAND 3,19,31456.0,3.75,3827,nan,0,1.58,0.0000
1743431693.2310488,LTE,CONNECT,FDD,410A332,-83,-7,4,13,-83,-7,1,-83,-7,1,5,0,-59,LTE BAND 3,19,41941.0,5.0,5103,nan,0,1.65,0.0000
1743431694.362768,LTE,CONNECT,FDD,410A332,-83,-7,5,10,-83,-7,1,-83,-7,1,5,0,-59,LTE BAND 3,19,31463.0,3.75,3828,nan,0,1.7,0.0000
1743431695.448094,LTE,CONNECT,FDD,410A332,-83,-7,5,13,-83,-7,1,-83,-7,1,5,0,-56,LTE BAND 3,19,20964.0,2.5,2549,nan,1,1.31,0.0000
1743431696.5890276,LTE,CONNECT,FDD,410A332,-83,-8,5,13,-83,-8,1,-83,-8,1,5,0,-60,LTE BAND 3,19,41952.0,5.0,5104,nan,0,1.26,0.0000
1743431697.7097535,LTE,CONNECT,FDD,410A332,-83,-7,4,13,-83,-7,1,-83,-7,1,5,0,-59,LTE BAND 3,19,10484.0,1.25,1276,nan,0,1.31,0.0000
1743431698.782764,LTE,CONNECT,FDD,410A332,-83,-8,4,15,-83,-8,1,-83,-8,1,5,0,-59,LTE BAND 3,19,20970.0,2.5,2551,nan,0,1.41,0.0000
1743431699.8584166,LTE,CONNECT,FDD,410A332,-83,-8,4,13,-83,-8,1,-83,-8,1,5,0,-59,LTE BAND 3,19,20969.0,2.5,2551,nan,0,1.44,0.0000
1743431700.969767,LTE,CONNECT,FDD,410A332,-83,-7,4,13,-83,-7,1,-83,-7,1,5,0,-59,LTE BAND 3,19,20971.0,2.5,2551,nan,0,1.45,0.0000
1743431702.049938,LTE,CONNECT,FDD,410A332,-83,-8,4,14,-83,-8,1,-83,-8,1,5,0,-60,LTE BAND 3,19,20971.0,2.5,2551,nan,0,1.46,0.0000
1743431703.1619954,LTE,CONNECT,FDD,410A332,-82,-6,4,13,-82,-6,1,-82,-6,1,5,0,-60,LTE BAND 3,19,31458.0,3.75,3827,nan,0,1.46,0.0000
1743431704.2833333,LTE,CONNECT,FDD,410A332,-81,-7,4,11,-81,-8,1,-81,-8,1,5,0,-58,LTE BAND 3,19,20964.0,2.5,2551,nan,0,1.46,0.0000
1743431705.381678,LTE,CONNECT,FDD,410A332,-81,-7,3,11,-81,-7,1,-81,-7,1,5,0,-59,LTE BAND 3,19,10490.0,1.25,1276,nan,0,1.47,0.0000
1743431706.4234672,LTE,CONNECT,FDD,410A332,-80,-6,3,11,-80,-6,1,-80,-6,1,5,0,-59,LTE BAND 3,19,10486.0,1.25,1276,nan,0,1.47,0.0000
1743431707.5174243,LTE,CONNECT,FDD,410A332,-81,-6,3,13,-81,-7,1,-81,-7,1,5,0,-58,LTE BAND 3,19,10485.0,1.25,1276,nan,0,1.48,0.0000
1743431708.642661,LTE,CONNECT,FDD,410A332,-80,-7,3,11,-80,-7,1,-80,-7,1,5,0,-59,LTE BAND 3,19,20973.0,2.5,2552,nan,0,1.5,0.0000
1743431709.7785742,LTE,CONNECT,FDD,410A332,-81,-7,3,15,-81,-7,1,-81,-7,1,5,0,-58,LTE BAND 3,19,31462.0,3.75,3828,nan,0,1.59,0.0000
1743431710.8846722,LTE,CONNECT,FDD,410A332,-80,-7,3,14,-80,-7,1,-80,-7,1,5,0,-59,LTE BAND 3,19,20971.0,2.5,2551,nan,0,1.67,0.0000
1743431711.9718678,LTE,CONNECT,FDD,410A332,-80,-7,4,14,-80,-7,1,-80,-7,1,5,0,-59,LTE BAND 3,19,20970.0,2.5,2540,nan,8,1.68,0.0000
1743431713.076983,LTE,CONNECT,FDD,410A332,-81,-8,5,17,-81,-8,1,-81,-8,1,5,0,-60,LTE BAND 3,19,10486.0,1.25,1217,nan,41,1.22,0.0000
1743431714.1966014,LTE,CONNECT,FDD,410A332,-81,-8,4,13,-81,-8,1,-81,-8,1,5,0,-58,LTE BAND 3,19,31457.0,3.75,3827,nan,0,1.29,0.0000
1743431715.2978895,LTE,CONNECT,FDD,410A332,-80,-7,4,15,-80,-7,1,-80,-7,1,5,0,-59,LTE BAND 3,19,20975.0,2.5,2552,nan,0,1.43,0.0000
1743431716.384989,LTE,CONNECT,FDD,410A332,-80,-6,2,14,-80,-6,1,-80,-6,1,5,0,-61,LTE BAND 3,19,31460.0,3.75,3828,nan,0,1.54,0.0000
1743431717.45084,LTE,CONNECT,FDD,410A332,-82,-6,4,14,-82,-6,1,-82,-6,1,5,0,-60,LTE BAND 3,19,31455.0,3.75,3827,nan,0,1.6,0.0000
1743431718.5425124,LTE,CONNECT,FDD,410A332,-81,-6,4,12,-81,-6,1,-81,-6,1,5,0,-60,LTE BAND 3,19,20966.0,2.5,2551,nan,0,1.66,0.0000
1743431719.60403,LTE,CONNECT,FDD,410A332,-82,-8,4,15,-82,-8,1,-82,-8,1,5,0,-58,LTE BAND 3,19,41947.0,5.0,5104,nan,0,1.7,0.0000
1743431720.6972222,LTE,CONNECT,FDD,410A332,-82,-7,4,9,-82,-7,1,-82,-7,1,5,0,-59,LTE BAND 3,19,10483.0,1.25,1275,nan,0,1.72,0.0000
1743431721.8036273,LTE,CONNECT,FDD,410A332,-81,-7,4,11,-81,-7,1,-81,-7,1,5,0,-60,LTE BAND 3,19,41948.0,5.0,5104,nan,0,1.29,0.0000
1743431722.8917627,LTE,CONNECT,FDD,410A332,-81,-7,3,13,-81,-7,1,-81,-7,1,5,0,-60,LTE BAND 3,19,20969.0,2.5,2551,nan,0,1.35,0.0000
1743431724.0048354,LTE,CONNECT,FDD,410A332,-82,-7,4,13,-82,-7,1,-82,-7,1,5,0,-59,LTE BAND 3,19,41950.0,5.0,5104,nan,0,1.4,0.0000
1743431725.0903928,LTE,CONNECT,FDD,410A332,-82,-7,4,12,-82,-7,1,-82,-7,1,5,0,-60,LTE BAND 3,19,20966.0,2.5,2551,nan,0,1.43,0.0000
1743431726.2013936,LTE,CONNECT,FDD,410A332,-82,-7,4,9,-82,-7,1,-82,-7,1,5,0,-58,LTE BAND 3,19,41957.0,5.0,5105,nan,0,1.45,0.0000
1743431727.3460917,LTE,CONNECT,FDD,410A332,-82,-7,4,14,-82,-7,1,-82,-7,1,5,0,-59,LTE BAND 3,19,20965.0,2.5,2551,nan,0,1.46,0.0000
1743431728.399621,LTE,CONNECT,FDD,410A332,-82,-7,3,13,-82,-7,1,-82,-7,1,5,0,-58,LTE BAND 3,19,31459.0,3.75,3828,nan,0,1.46,0.0000
1743431729.5495532,LTE,CONNECT,FDD,410A332,-82,-8,4,13,-82,-8,1,-82,-8,1,5,0,-57,LTE BAND 3,19,20972.0,2.5,2552,nan,0,1.46,0.0000
1743431730.6600783,LTE,CONNECT,FDD,410A332,-82,-8,3,14,-82,-8,1,-82,-8,1,5,0,-59,LTE BAND 3,19,20965.0,2.5,2551,nan,0,1.46,0.0000
1743431731.7696967,LTE,CONNECT,FDD,410A332,-82,-6,4,13,-82,-6,1,-82,-6,1,5,0,-60,LTE BAND 3,19,31456.0,3.75,3827,nan,0,1.48,0.0000
1743431732.8818636,LTE,CONNECT,FDD,410A332,-82,-7,4,13,-82,-7,1,-82,-7,1,5,0,-59,LTE BAND 3,19,31456.0,3.75,3827,nan,0,1.49,0.0000
1743431733.997601,LTE,CONNECT,FDD,410A332,-82,-7,4,15,-82,-7,1,-82,-7,1,5,0,-59,LTE BAND 3,19,20972.0,2.5,2552,nan,0,1.52,0.0000
1743431735.0949552,LTE,CONNECT,FDD,410A332,-82,-7,4,11,-82,-7,1,-82,-7,1,5,0,-56,LTE BAND 3,19,31461.0,3.75,3828,nan,0,1.57,0.0000
1743431736.1719635,LTE,CONNECT,FDD,410A332,-82,-7,4,13,-82,-7,1,-82,-7,1,5,0,-59,LTE BAND 3,19,41947.0,5.0,5104,nan,0,1.64,0.0000
1743431737.253434,LTE,CONNECT,FDD,410A332,-82,-6,4,13,-82,-6,1,-82,-6,1,5,0,-60,LTE BAND 3,19,31456.0,3.75,3827,nan,0,1.72,0.0000
1743431738.3811724,LTE,CONNECT,FDD,410A332,-82,-7,4,13,-82,-7,1,-82,-7,1,5,0,-59,LTE BAND 3,19,31456.0,3.75,3826,nan,1,1.78,0.0000
1743431739.5142093,LTE,CONNECT,FDD,410A332,-82,-7,4,14,-82,-7,1,-82,-7,1,5,0,-59,LTE BAND 3,19,10483.0,1.25,1147,nan,90,1.26,0.0001
1743431740.6340094,LTE,CONNECT,FDD,410A332,-82,-7,4,14,-82,-7,1,-82,-7,1,5,0,-59,LTE BAND 3,19,20975.0,2.5,2552,nan,0,1.33,0.0000
1743431741.7186377,LTE,CONNECT,FDD,410A332,-82,-8,4,14,-82,-7,1,-82,-7,1,5,0,-59,LTE BAND 3,19,20963.0,2.5,2550,nan,0,1.42,0.0000
1743431742.8107364,LTE,CONNECT,FDD,410A332,-82,-7,4,14,-82,-7,1,-82,-7,1,5,0,-59,LTE BAND 3,19,20983.0,2.5,2553,nan,0,1.62,0.0000
1743431743.917721,LTE,CONNECT,FDD,410A332,-82,-8,4,12,-82,-8,1,-82,-8,1,5,0,-57,LTE BAND 3,19,20965.0,2.5,2551,nan,0,1.68,0.0000
1743431745.0324337,LTE,CONNECT,FDD,410A332,-82,-9,4,17,-82,-9,1,-82,-9,1,5,0,-58,LTE BAND 3,19,10482.0,1.25,1265,nan,7,1.38,0.0000
1743431746.162391,LTE,CONNECT,FDD,410A332,-82,-8,4,6,-82,-8,1,-82,-8,1,5,0,-60,LTE BAND 3,19,31475.0,3.75,3797,nan,23,941.0,0.0000
1743431747.2298281,LTE,CONNECT,FDD,410A332,-82,-7,4,15,-82,-7,1,-82,-7,1,5,0,-59,LTE BAND 3,19,10485.0,1.25,1276,nan,0,879.0,0.0000
1743431748.3727238,LTE,CONNECT,FDD,410A332,-83,-8,4,15,-83,-8,1,-83,-8,1,5,0,-58,LTE BAND 3,19,31458.0,3.75,3827,nan,0,947.0,0.0000
1743431749.436589,LTE,CONNECT,FDD,410A332,-82,-7,4,13,-82,-7,1,-82,-7,1,5,0,-59,LTE BAND 3,19,10478.0,1.25,1275,nan,0,978.0,0.0000
1743431750.5337126,LTE,CONNECT,FDD,410A332,-82,-7,4,15,-82,-8,1,-82,-8,1,5,0,-58,LTE BAND 3,19,31486.0,3.75,3831,nan,0,1008.0,0.0000
1743431751.625685,LTE,CONNECT,FDD,410A332,-82,-9,4,15,-82,-9,1,-82,-9,1,5,0,-57,LTE BAND 3,19,20969.0,2.5,2551,nan,0,1.0,0.0000
1743431752.7237644,LTE,CONNECT,FDD,410A332,-82,-8,4,11,-82,-8,1,-82,-8,1,5,0,-57,LTE BAND 3,19,10483.0,1.25,1275,nan,0,1.01,0.0000
1743431753.817128,LTE,CONNECT,FDD,410A332,-82,-8,4,13,-82,-8,1,-82,-8,1,5,0,-57,LTE BAND 3,19,20970.0,2.5,2551,nan,0,1.01,0.0000
1743431754.9431694,LTE,CONNECT,FDD,410A332,-82,-8,4,13,-82,-8,1,-82,-8,1,5,0,-58,LTE BAND 3,19,20969.0,2.5,2551,nan,0,1.01,0.0000
1743431756.0179107,LTE,CONNECT,FDD,410A332,-82,-8,4,13,-82,-8,1,-82,-8,1,5,0,-59,LTE BAND 3,19,20975.0,2.5,2552,nan,0,1.02,0.0000
1743431757.090998,LTE,CONNECT,FDD,410A332,-83,-8,5,14,-83,-8,1,-83,-8,1,5,0,-59,LTE BAND 3,19,20964.0,2.5,2551,nan,0,1.03,0.0000
1743431758.1540473,LTE,CONNECT,FDD,410A332,-82,-6,4,10,-82,-6,1,-82,-6,1,5,0,-59,LTE BAND 3,19,31466.0,3.75,3828,nan,0,1.05,0.0000
1743431759.248729,LTE,CONNECT,FDD,410A332,-82,-7,4,14,-82,-7,1,-82,-7,1,5,0,-60,LTE BAND 3,19,31460.0,3.75,3828,nan,0,1.08,0.0000
1743431760.3439417,LTE,CONNECT,FDD,410A332,-82,-7,4,13,-82,-7,1,-82,-7,1,5,0,-59,LTE BAND 3,19,20966.0,2.5,2551,nan,0,1.14,0.0000
1743431761.4440143,LTE,CONNECT,FDD,410A332,-83,-7,4,15,-83,-7,1,-83,-7,1,5,0,-60,LTE BAND 3,19,20977.0,2.5,2552,nan,0,1.2,0.0000
1743431762.5693967,LTE,CONNECT,FDD,410A332,-83,-7,4,13,-83,-7,1,-83,-7,1,5,0,-60,LTE BAND 3,19,20964.0,2.5,2551,nan,0,1.29,0.0000
1743431763.7212527,LTE,CONNECT,FDD,410A332,-84,-8,4,13,-84,-8,1,-84,-8,1,5,0,-60,LTE BAND 3,19,31465.0,3.75,3828,nan,0,1.41,0.0000
1743431764.8100405,LTE,CONNECT,FDD,410A332,-84,-8,4,14,-84,-8,1,-84,-8,1,5,0,-59,LTE BAND 3,19,20968.0,2.5,2551,nan,0,1.73,0.0000
1743431765.919068,LTE,CONNECT,FDD,410A332,-84,-7,4,8,-84,-7,1,-84,-7,1,5,0,-60,LTE BAND 3,19,20972.0,2.5,2470,nan,57,1.27,0.0000
1743431767.051199,LTE,CONNECT,FDD,410A332,-84,-9,4,17,-84,-9,1,-84,-9,1,5,0,-58,LTE BAND 3,19,31457.0,3.75,3827,nan,0,1.33,0.0000
1743431768.115162,LTE,CONNECT,FDD,410A332,-81,-8,4,17,-81,-8,1,-81,-8,1,5,0,-60,LTE BAND 3,19,10480.0,1.25,1275,nan,0,1.44,0.0000
1743431769.2046537,LTE,CONNECT,FDD,410A332,-82,-8,6,9,-82,-8,1,-82,-8,1,5,0,-57,LTE BAND 3,19,20978.0,2.5,2552,nan,0,1.55,0.0000
1743431770.3014848,LTE,CONNECT,FDD,410A332,-82,-7,4,7,-82,-7,1,-82,-7,1,5,0,-61,LTE BAND 3,19,10481.0,1.25,1275,nan,0,1.61,0.0000
1743431771.3474276,LTE,CONNECT,FDD,410A332,-82,-7,4,14,-82,-7,1,-82,-7,1,5,0,-60,LTE BAND 3,19,10471.0,1.25,1274,nan,0,1.66,0.0000
1743431772.4456913,LTE,CONNECT,FDD,410A332,-82,-8,5,16,-82,-8,1,-82,-8,1,5,0,-58,LTE BAND 3,19,10490.0,1.25,1276,nan,0,1.72,0.0000
1743431773.5284665,LTE,CONNECT,FDD,410A332,-81,-8,4,12,-81,-8,1,-81,-8,1,5,0,-58,LTE BAND 3,19,10492.0,1.25,1222,nan,38,1.44,0.0000
1743431774.641681,LTE,CONNECT,FDD,410A332,-83,-9,5,8,-83,-9,1,-83,-9,1,5,0,-58,LTE BAND 3,19,10495.0,1.25,1251,nan,18,1.21,0.0000
1743431775.7420552,LTE,CONNECT,FDD,410A332,-82,-8,4,10,-82,-8,1,-82,-8,1,5,0,-60,LTE BAND 3,19,20971.0,2.5,2551,nan,0,1.24,0.0000
1743431776.828769,LTE,CONNECT,FDD,410A332,-82,-8,4,18,-82,-8,1,-82,-8,1,5,0,-59,LTE BAND 3,19,20981.0,2.5,2553,nan,0,1.36,0.0000
1743431777.899848,LTE,CONNECT,FDD,410A332,-82,-8,5,14,-82,-8,1,-82,-8,1,5,0,-57,LTE BAND 3,19,10480.0,1.25,1275,nan,0,1.41,0.0000
1743431779.0196779,LTE,CONNECT,FDD,410A332,-81,-8,5,13,-81,-8,1,-81,-8,1,5,0,-60,LTE BAND 3,19,20967.0,2.5,2551,nan,0,1.44,0.0000
1743431780.1387699,LTE,CONNECT,FDD,410A332,-83,-8,4,14,-83,-8,1,-83,-8,1,5,0,-59,LTE BAND 3,19,10481.0,1.25,1275,nan,0,1.46,0.0000
1743431781.2474875,LTE,CONNECT,FDD,410A332,-82,-9,3,12,-82,-9,1,-82,-9,1,5,0,-58,LTE BAND 3,19,20997.0,2.5,2555,nan,0,1.47,0.0000
1743431782.3532279,LTE,CONNECT,FDD,410A332,-82,-8,3,11,-82,-8,1,-82,-8,1,5,0,-60,LTE BAND 3,19,10478.0,1.25,1275,nan,0,1.47,0.0000
1743431783.4481127,LTE,CONNECT,FDD,410A332,-83,-9,4,17,-83,-9,1,-83,-9,1,5,0,-59,LTE BAND 3,19,10479.0,1.25,1275,nan,0,1.47,0.0000
1743431784.5759094,LTE,CONNECT,FDD,410A332,-81,-9,3,15,-81,-9,1,-81,-9,1,5,0,-59,LTE BAND 3,19,10493.0,1.25,1277,nan,0,1.48,0.0000
1743431785.661438,LTE,CONNECT,FDD,410A332,-81,-9,4,19,-81,-9,1,-81,-9,1,5,0,-59,LTE BAND 3,19,20979.0,2.5,2552,nan,0,1.48,0.0000
1743431786.7834423,LTE,CONNECT,FDD,410A332,-81,-9,2,10,-81,-9,1,-81,-9,1,5,0,-58,LTE BAND 3,19,10484.0,1.25,1276,nan,0,1.51,0.0000
1743431787.8809075,LTE,CONNECT,FDD,410A332,-82,-7,4,14,-82,-7,1,-82,-7,1,5,0,-60,LTE BAND 3,19,31462.0,3.75,3828,nan,0,1.55,0.0000
1743431789.0003262,LTE,CONNECT,FDD,410A332,-81,-8,4,17,-81,-8,1,-81,-8,1,5,0,-58,LTE BAND 3,19,10473.0,1.25,1274,nan,0,1.58,0.0000
1743431790.0675304,LTE,CONNECT,FDD,410A332,-81,-6,4,14,-81,-6,1,-81,-6,1,5,0,-60,LTE BAND 3,19,31500.0,3.75,3832,nan,0,1.67,0.0000
1743431791.1064343,LTE,CONNECT,FDD,410A332,-81,-6,4,10,-81,-6,1,-81,-6,1,5,0,-60,LTE BAND 3,19,31455.0,3.75,3827,nan,0,1.77,0.0000
1743431792.2250092,LTE,CONNECT,FDD,410A332,-81,-6,4,14,-81,-6,1,-81,-6,1,5,0,-60,LTE BAND 3,19,31463.0,3.75,3731,nan,68,1.27,0.0000
1743431793.3354783,LTE,CONNECT,FDD,410A332,-81,-6,4,13,-81,-6,1,-81,-6,1,5,0,-60,LTE BAND 3,19,31441.0,3.75,3825,nan,0,1.34,0.0000
1743431794.4382505,LTE,CONNECT,FDD,410A332,-81,-6,4,13,-81,-6,1,-81,-6,1,5,0,-59,LTE BAND 3,19,41962.0,5.0,5105,nan,0,1.48,0.0000
1743431795.5612862,LTE,CONNECT,FDD,410A332,-81,-7,3,13,-81,-7,1,-81,-7,1,5,0,-59,LTE BAND 3,19,31453.0,3.75,3827,nan,0,1.57,0.0000
1743431796.6511934,LTE,CONNECT,FDD,410A332,-81,-8,4,14,-81,-8,1,-81,-8,1,5,0,-60,LTE BAND 3,19,31460.0,3.75,3828,nan,0,1.64,0.0000
1743431797.7836502,LTE,CONNECT,FDD,410A332,-81,-9,2,16,-81,-9,1,-81,-9,1,5,0,-58,LTE BAND 3,19,20980.0,2.5,2548,nan,3,1.2,0.0000
1743431798.884523,LTE,CONNECT,FDD,410A332,-81,-9,3,16,-81,-9,1,-81,-9,1,5,0,-59,LTE BAND 3,19,20966.0,2.5,2551,nan,0,1.25,0.0000
1743431799.9732282,LTE,CONNECT,FDD,410A332,-81,-10,3,15,-81,-10,1,-81,-10,1,5,0,-59,LTE BAND 3,19,20970.0,2.5,2551,nan,0,1.31,0.0000
1743431801.1145117,LTE,CONNECT,FDD,410A332,-81,-10,3,19,-81,-10,1,-81,-10,1,5,0,-58,LTE BAND 3,19,20964.0,2.5,2551,nan,0,1.37,0.0000
1743431802.1836803,LTE,CONNECT,FDD,410A332,-82,-6,2,15,-82,-6,1,-82,-6,1,5,0,-60,LTE BAND 3,19,31472.0,3.75,3829,nan,0,1.41,0.0000
1743431803.2364185,LTE,CONNECT,FDD,410A332,-81,-6,2,13,-81,-6,1,-81,-6,1,5,0,-61,LTE BAND 3,19,31441.0,3.75,3825,nan,0,1.44,0.0000
1743431804.311225,LTE,CONNECT,FDD,410A332,-82,-7,4,9,-82,-7,1,-82,-7,1,5,0,-60,LTE BAND 3,19,41957.0,5.0,5105,nan,0,1.45,0.0000
1743431805.384199,LTE,CONNECT,FDD,410A332,-81,-7,4,14,-81,-7,1,-81,-7,1,5,0,-59,LTE BAND 3,19,31455.0,3.75,3827,nan,0,1.45,0.0000
1743431806.4541821,LTE,CONNECT,FDD,410A332,-81,-6,3,14,-81,-6,1,-81,-6,1,5,0,-61,LTE BAND 3,19,31471.0,3.75,3829,nan,0,1.45,0.0000
1743431807.5739632,LTE,CONNECT,FDD,410A332,-82,-6,4,13,-82,-6,1,-82,-6,1,5,0,-60,LTE BAND 3,19,31456.0,3.75,3827,nan,0,1.45,0.0000
1743431808.6467884,LTE,CONNECT,FDD,410A332,-82,-8,3,15,-82,-8,1,-82,-8,1,5,0,-60,LTE BAND 3,19,20969.0,2.5,2551,nan,0,1.46,0.0000
1743431809.7621868,LTE,CONNECT,FDD,410A332,-80,-6,3,11,-80,-6,1,-80,-6,1,5,0,-60,LTE BAND 3,19,20967.0,2.5,2551,nan,0,1.46,0.0000
1743431810.8404167,LTE,CONNECT,FDD,410A332,-80,-7,0,13,-79,-6,1,-79,-6,1,5,0,-61,LTE BAND 3,19,31452.0,3.75,3827,nan,0,1.51,0.0000
1743431811.929096,LTE,CONNECT,FDD,410A332,-79,-6,2,14,-79,-6,1,-79,-6,1,5,0,-60,LTE BAND 3,19,31459.0,3.75,3828,nan,0,1.55,0.0000
1743431813.0239668,LTE,CONNECT,FDD,410A332,-79,-9,3,18,-79,-9,1,-79,-9,1,5,0,-58,LTE BAND 3,19,20975.0,2.5,2552,nan,0,1.59,0.0000
1743431814.115356,LTE,CONNECT,FDD,410A332,-79,-6,2,14,-79,-6,1,-79,-6,1,5,0,-60,LTE BAND 3,19,20972.0,2.5,2552,nan,0,1.68,0.0000
1743431815.22011,LTE,CONNECT,FDD,410A332,-80,-6,4,14,-80,-6,1,-80,-6,1,5,0,-60,LTE BAND 3,19,20960.0,2.5,2533,nan,12,1.41,0.0000
1743431816.3077157,LTE,CONNECT,FDD,410A332,-79,-6,1,15,-79,-7,1,-79,-7,1,5,0,-60,LTE BAND 3,19,52455.0,6.25,6382,nan,0,1.31,0.0000
1743431817.4265764,LTE,CONNECT,FDD,410A332,-79,-7,3,11,-79,-7,1,-79,-7,1,5,0,-60,LTE BAND 3,19,20969.0,2.5,2551,nan,0,1.42,0.0000
1743431818.5781422,LTE,CONNECT,FDD,410A332,-79,-6,2,15,-79,-6,1,-79,-6,1,5,0,-61,LTE BAND 3,19,10482.0,1.25,1275,nan,0,1.5,0.0000
1743431819.6930447,LTE,CONNECT,FDD,410A332,-79,-8,2,18,-79,-8,1,-79,-8,1,5,0,-60,LTE BAND 3,19,31473.0,3.75,3829,nan,0,1.6,0.0000
1743431820.764564,LTE,CONNECT,FDD,410A332,-79,-6,2,15,-79,-6,1,-79,-6,1,5,0,-60,LTE BAND 3,19,20972.0,2.5,2552,nan,0,1.65,0.0000
1743431821.8777869,LTE,CONNECT,FDD,410A332,-80,-7,3,15,-79,-8,1,-79,-8,1,5,0,-58,LTE BAND 3,19,20962.0,2.5,2550,nan,0,1.72,0.0000
1743431822.982591,LTE,CONNECT,FDD,410A332,-79,-9,3,17,-79,-9,1,-79,-9,1,5,0,-59,LTE BAND 3,19,31475.0,3.75,3770,nan,42,1.21,0.0000
1743431824.0706596,LTE,CONNECT,FDD,410A332,-78,-7,3,13,-78,-7,1,-78,-7,1,5,0,-59,LTE BAND 3,19,20964.0,2.5,2551,nan,0,1.27,0.0000
1743431825.1520178,LTE,CONNECT,FDD,410A332,-79,-6,4,13,-79,-6,1,-79,-6,1,5,0,-60,LTE BAND 3,19,20976.0,2.5,2552,nan,0,1.32,0.0000
1743431826.2354834,LTE,CONNECT,FDD,410A332,-78,-7,5,15,-78,-7,1,-78,-7,1,5,0,-58,LTE BAND 3,19,31461.0,3.75,3828,nan,0,1.39,0.0000
1743431827.3358352,LTE,CONNECT,FDD,410A332,-79,-9,3,19,-79,-9,1,-79,-9,1,5,0,-59,LTE BAND 3,19,10481.0,1.25,1275,nan,0,1.42,0.0000
1743431828.4027474,LTE,CONNECT,FDD,410A332,-79,-7,3,11,-79,-7,1,-79,-7,1,5,0,-59,LTE BAND 3,19,31463.0,3.75,3828,nan,0,1.44,0.0000
1743431829.4948063,LTE,CONNECT,FDD,410A332,-79,-6,3,14,-79,-6,1,-79,-6,1,5,0,-60,LTE BAND 3,19,20967.0,2.5,2551,nan,0,1.46,0.0000
1743431830.5632198,LTE,CONNECT,FDD,410A332,-79,-10,3,18,-79,-10,1,-79,-10,1,5,0,-60,LTE BAND 3,19,31470.0,3.75,3829,nan,0,1.46,0.0000
1743431831.682047,LTE,CONNECT,FDD,410A332,-78,-9,2,11,-78,-9,1,-78,-9,1,5,0,-60,LTE BAND 3,19,20971.0,2.5,2551,nan,0,1.46,0.0000
1743431832.737616,LTE,CONNECT,FDD,410A332,-78,-7,3,13,-78,-7,1,-78,-7,1,5,0,-60,LTE BAND 3,19,20976.0,2.5,2552,nan,0,1.46,0.0000
1743431833.8612924,LTE,CONNECT,FDD,410A332,-78,-7,3,13,-78,-7,1,-78,-7,1,5,0,-60,LTE BAND 3,19,20968.0,2.5,2551,nan,0,1.47,0.0000
1743431834.992189,LTE,CONNECT,FDD,410A332,-78,-6,3,14,-78,-6,1,-78,-6,1,5,0,-60,LTE BAND 3,19,31461.0,3.75,3828,nan,0,1.49,0.0000
1743431836.08487,LTE,CONNECT,FDD,410A332,-79,-7,2,14,-79,-7,1,-79,-7,1,5,0,-59,LTE BAND 3,19,20971.0,2.5,2551,nan,0,1.52,0.0000
1743431837.1982882,LTE,CONNECT,FDD,410A332,-77,-6,0,15,-77,-6,1,-77,-6,1,5,0,-61,LTE BAND 3,19,31464.0,3.75,3828,nan,0,1.56,0.0000
1743431838.3188272,LTE,CONNECT,FDD,410A332,-79,-6,-1,14,-79,-6,1,-79,-6,1,5,0,-61,LTE BAND 3,19,31457.0,3.75,3827,nan,0,1.61,0.0000
1743431839.4379878,LTE,CONNECT,FDD,410A332,-78,-6,4,13,-78,-6,1,-78,-6,1,5,0,-59,LTE BAND 3,19,20964.0,2.5,2551,nan,0,1.68,0.0000
1743431840.5872672,LTE,CONNECT,FDD,410A332,-80,-6,1,14,-80,-6,1,-80,-6,1,5,0,-60,LTE BAND 3,19,31459.0,3.75,3828,nan,0,1.77,0.0000
1743431841.6366553,LTE,CONNECT,FDD,410A332,-78,-6,1,10,-78,-6,1,-78,-6,1,5,0,-60,LTE BAND 3,19,41957.0,5.0,5075,nan,21,1.31,0.0000
1743431842.759964,LTE,CONNECT,FDD,410A332,-78,-6,2,11,-78,-6,1,-78,-6,1,5,0,-61,LTE BAND 3,19,20970.0,2.5,2551,nan,0,1.42,0.0000
1743431843.8507307,LTE,CONNECT,FDD,410A332,-79,-10,1,17,-79,-10,1,-79,-10,1,5,0,-60,LTE BAND 3,19,10483.0,1.25,1275,nan,0,1.59,0.0000
1743431844.9616506,LTE,CONNECT,FDD,410A332,-78,-7,0,15,-78,-7,1,-78,-7,1,5,0,-61,LTE BAND 3,19,31472.0,3.75,3829,nan,0,1.67,0.0000
1743431846.0570889,LTE,CONNECT,FDD,410A332,-78,-7,1,12,-78,-7,1,-78,-7,1,5,0,-60,LTE BAND 3,19,10480.0,1.25,1267,nan,6,1.19,0.0000
1743431847.1731203,LTE,CONNECT,FDD,410A332,-78,-6,2,12,-78,-6,1,-78,-6,1,5,0,-60,LTE BAND 3,19,41962.0,5.0,5098,nan,5,1.22,0.0000
1743431848.2916303,LTE,CONNECT,FDD,410A332,-79,-7,1,12,-79,-7,1,-79,-7,1,5,0,-62,LTE BAND 3,19,31456.0,3.75,3827,nan,0,1.28,0.0000
1743431849.3938115,LTE,CONNECT,FDD,410A332,-79,-7,1,15,-79,-7,1,-79,-7,1,5,0,-61,LTE BAND 3,19,20964.0,2.5,2551,nan,0,1.34,0.0000
1743431850.4880085,LTE,CONNECT,FDD,410A332,-79,-6,1,12,-79,-6,1,-79,-6,1,5,0,-60,LTE BAND 3,19,20973.0,2.5,2552,nan,0,1.38,0.0000
1743431851.5826519,LTE,CONNECT,FDD,410A332,-79,-7,1,6,-79,-7,1,-79,-7,1,5,0,-61,LTE BAND 3,19,31467.0,3.75,3828,nan,0,1.41,0.0000
1743431852.637162,LTE,CONNECT,FDD,410A332,-78,-6,1,13,-78,-6,1,-78,-6,1,5,0,-61,LTE BAND 3,19,20972.0,2.5,2552,nan,0,1.43,0.0000
1743431853.7442977,LTE,CONNECT,FDD,410A332,-78,-7,0,19,-78,-7,1,-78,-7,1,5,0,-62,LTE BAND 3,19,31456.0,3.75,3827,nan,0,1.44,0.0000
1743431854.858644,LTE,CONNECT,FDD,410A332,-78,-6,0,14,-78,-6,1,-78,-6,1,5,0,-61,LTE BAND 3,19,20963.0,2.5,2550,nan,0,1.44,0.0000
1743431855.9640656,LTE,CONNECT,FDD,410A332,-79,-7,2,13,-79,-7,1,-79,-7,1,5,0,-61,LTE BAND 3,19,20971.0,2.5,2551,nan,0,1.44,0.0000
1743431857.0697303,LTE,CONNECT,FDD,410A332,-79,-6,1,13,-79,-6,1,-79,-6,1,5,0,-61,LTE BAND 3,19,31463.0,3.75,3828,nan,0,1.45,0.0000
1743431858.1834662,LTE,CONNECT,FDD,410A332,-78,-8,1,14,-78,-8,1,-78,-8,1,5,0,-60,LTE BAND 3,19,31460.0,3.75,3828,nan,0,1.46,0.0000
1743431859.2958305,LTE,CONNECT,FDD,410A332,-78,-7,0,14,-78,-7,1,-78,-7,1,5,0,-62,LTE BAND 3,19,20968.0,2.5,2551,nan,0,1.47,0.0000
1743431860.3673058,LTE,CONNECT,FDD,410A332,-78,-7,1,10,-78,-6,1,-78,-6,1,5,0,-60,LTE BAND 3,19,20978.0,2.5,2552,nan,0,1.51,0.0000
1743431861.4637277,LTE,CONNECT,FDD,410A332,-78,-7,0,15,-78,-7,1,-78,-7,1,5,0,-61,LTE BAND 3,19,10481.0,1.25,1275,nan,0,1.55,0.0000
1743431862.5911765,LTE,CONNECT,FDD,410A332,-78,-7,1,15,-78,-7,1,-78,-7,1,5,0,-60,LTE BAND 3,19,31467.0,3.75,3828,nan,0,1.62,0.0000
1743431863.707933,LTE,CONNECT,FDD,410A332,-78,-8,0,13,-78,-8,1,-78,-8,1,5,0,-60,LTE BAND 3,19,20970.0,2.5,2551,nan,0,1.71,0.0000
1743431864.8026187,LTE,CONNECT,FDD,410A332,-79,-7,2,11,-79,-7,1,-79,-7,1,5,0,-60,LTE BAND 3,19,0.0,0.0,-27,nan,19,1.24,0.0000
1743431865.9144833,LTE,CONNECT,FDD,410A332,-78,-6,2,13,-78,-6,1,-78,-6,1,5,0,-60,LTE BAND 3,19,41982.0,5.0,5108,nan,0,1.33,0.0000
1743431867.023354,LTE,CONNECT,FDD,410A332,-78,-6,2,13,-78,-6,1,-78,-6,1,5,0,-60,LTE BAND 3,19,20966.0,2.5,2551,nan,0,1.44,0.0000
1743431868.1087995,LTE,CONNECT,FDD,410A332,-79,-5,3,10,-79,-6,1,-79,-6,1,5,0,-60,LTE BAND 3,19,20971.0,2.5,2551,nan,0,1.54,0.0000
1743431869.2127123,LTE,CONNECT,FDD,410A332,-79,-6,1,7,-79,-6,1,-79,-6,1,5,0,-61,LTE BAND 3,19,31466.0,3.75,3828,nan,0,1.62,0.0000
1743431870.3126314,LTE,CONNECT,FDD,410A332,-80,-6,2,11,-80,-6,1,-80,-6,1,5,0,-60,LTE BAND 3,19,20968.0,2.5,2551,nan,0,1.67,0.0000
1743431871.433486,LTE,CONNECT,FDD,410A332,-80,-7,4,13,-80,-7,1,-80,-7,1,5,0,-59,LTE BAND 3,19,20970.0,2.5,2536,nan,11,1.66,0.0000
1743431872.5694385,LTE,CONNECT,FDD,410A332,-79,-6,3,10,-79,-6,1,-79,-6,1,5,0,-59,LTE BAND 3,19,31468.0,3.75,3814,nan,10,1.2,0.0000
1743431873.6792045,LTE,CONNECT,FDD,410A332,-79,-6,3,13,-79,-6,1,-79,-6,1,5,0,-60,LTE BAND 3,19,20968.0,2.5,2551,nan,0,1.26,0.0000
1743431874.8098824,LTE,CONNECT,FDD,410A332,-80,-6,3,10,-80,-6,1,-80,-6,1,5,0,-60,LTE BAND 3,19,31461.0,3.75,3828,nan,0,1.38,0.0000
1743431875.9177067,LTE,CONNECT,FDD,410A332,-80,-7,3,10,-80,-7,1,-80,-7,1,5,0,-59,LTE BAND 3,19,20972.0,2.5,2552,nan,0,1.41,0.0000
1743431876.967198,LTE,CONNECT,FDD,410A332,-80,-7,2,17,-80,-7,1,-80,-7,1,5,0,-59,LTE BAND 3,19,10483.0,1.25,1275,nan,0,1.43,0.0000
1743431878.0924401,LTE,CONNECT,FDD,410A332,-80,-6,4,14,-80,-6,1,-80,-6,1,5,0,-60,LTE BAND 3,19,20976.0,2.5,2552,nan,0,1.45,0.0000
1743431879.2088814,LTE,CONNECT,FDD,410A332,-80,-6,3,14,-80,-6,1,-80,-6,1,5,0,-61,LTE BAND 3,19,41948.0,5.0,5104,nan,0,1.45,0.0000
1743431880.270404,LTE,CONNECT,FDD,410A332,-79,-6,3,13,-79,-6,1,-79,-6,1,5,0,-61,LTE BAND 3,19,31460.0,3.75,3828,nan,0,1.45,0.0000
1743431881.3488677,LTE,CONNECT,FDD,410A332,-79,-6,3,13,-79,-6,1,-79,-6,1,5,0,-61,LTE BAND 3,19,31454.0,3.75,3827,nan,0,1.45,0.0000
1743431882.4250362,LTE,CONNECT,FDD,410A332,-79,-6,2,13,-79,-6,1,-79,-6,1,5,0,-61,LTE BAND 3,19,20964.0,2.5,2551,nan,0,1.46,0.0000
1743431883.4919941,LTE,CONNECT,FDD,410A332,-80,-6,2,13,-80,-6,1,-80,-6,1,5,0,-61,LTE BAND 3,19,31469.0,3.75,3829,nan,0,1.46,0.0000
1743431884.6054304,LTE,CONNECT,FDD,410A332,-80,-7,2,12,-80,-7,1,-80,-7,1,5,0,-60,LTE BAND 3,19,31458.0,3.75,3827,nan,0,1.48,0.0000
1743431885.7103045,LTE,CONNECT,FDD,410A332,-80,-6,3,13,-80,-6,1,-80,-6,1,5,0,-59,LTE BAND 3,19,10480.0,1.25,1275,nan,0,1.5,0.0000
1743431886.7805114,LTE,CONNECT,FDD,410A332,-80,-8,3,13,-80,-8,1,-80,-8,1,5,0,-59,LTE BAND 3,19,20975.0,2.5,2552,nan,0,1.59,0.0000
1743431887.8977911,LTE,CONNECT,FDD,410A332,-80,-8,3,11,-80,-8,1,-80,-8,1,5,0,-59,LTE BAND 3,19,10482.0,1.25,1275,nan,0,1.66,0.0000
1743431889.0239043,LTE,CONNECT,FDD,410A332,-79,-8,3,13,-79,-8,1,-79,-8,1,5,0,-60,LTE BAND 3,19,10483.0,1.25,1275,nan,0,1.74,0.0000
1743431890.1203187,LTE,CONNECT,FDD,410A332,-80,-7,3,8,-80,-7,1,-80,-7,1,5,0,-60,LTE BAND 3,19,10483.0,1.25,1198,nan,54,1.23,0.0001
1743431891.202076,LTE,CONNECT,FDD,410A332,-79,-8,2,11,-79,-9,1,-79,-9,1,5,0,-58,LTE BAND 3,19,31485.0,3.75,3831,nan,0,1.26,0.0000
1743431892.299553,LTE,CONNECT,FDD,410A332,-80,-7,2,9,-80,-6,1,-80,-6,1,5,0,-60,LTE BAND 3,19,0.0,0.0,0,nan,0,1.35,0.0000
1743431893.4274032,LTE,CONNECT,FDD,410A332,-80,-7,1,15,-80,-7,1,-80,-7,1,5,0,-61,LTE BAND 3,19,20989.0,2.5,2554,nan,0,1.5,0.0000
1743431894.5343988,LTE,CONNECT,FDD,410A332,-79,-7,2,13,-79,-7,1,-79,-7,1,5,0,-59,LTE BAND 3,19,20974.0,2.5,2552,nan,0,1.57,0.0000
1743431895.6299882,LTE,CONNECT,FDD,410A332,-80,-9,3,15,-80,-9,1,-80,-9,1,5,0,-58,LTE BAND 3,19,10484.0,1.25,1276,nan,0,1.64,0.0000
1743431896.7433565,LTE,CONNECT,FDD,410A332,-79,-8,2,16,-79,-8,1,-79,-8,1,5,0,-59,LTE BAND 3,19,10479.0,1.25,1259,nan,11,1.19,0.0000
1743431897.8944561,LTE,CONNECT,FDD,410A332,-80,-9,3,14,-80,-9,1,-80,-9,1,5,0,-59,LTE BAND 3,19,31479.0,3.75,3830,nan,0,1.21,0.0000
1743431898.998664,LTE,CONNECT,FDD,410A332,-80,-9,2,14,-80,-9,1,-80,-9,1,5,0,-59,LTE BAND 3,19,10480.0,1.25,1275,nan,0,1.27,0.0000
1743431900.1106024,LTE,CONNECT,FDD,410A332,-79,-10,2,17,-79,-10,1,-79,-10,1,5,0,-58,LTE BAND 3,19,20978.0,2.5,2552,nan,0,1.33,0.0000
1743431901.2116883,LTE,CONNECT,FDD,410A332,-79,-7,2,12,-79,-7,1,-79,-7,1,5,0,-60,LTE BAND 3,19,10481.0,1.25,1275,nan,0,1.37,0.0000
1743431902.31888,LTE,CONNECT,FDD,410A332,-79,-7,2,12,-79,-7,1,-79,-7,1,5,0,-59,LTE BAND 3,19,10484.0,1.25,1276,nan,0,1.4,0.0000
1743431903.4263813,LTE,CONNECT,FDD,410A332,-79,-6,2,14,-79,-6,1,-79,-6,1,5,0,-60,LTE BAND 3,19,20987.0,2.5,2553,nan,0,1.43,0.0000
1743431904.5339558,LTE,CONNECT,FDD,410A332,-80,-9,3,14,-80,-9,1,-80,-9,1,5,0,-58,LTE BAND 3,19,31465.0,3.75,3828,nan,0,1.44,0.0000
1743431905.6292307,LTE,CONNECT,FDD,410A332,-80,-10,4,15,-80,-10,1,-80,-10,1,5,0,-59,LTE BAND 3,19,10487.0,1.25,1276,nan,0,1.44,0.0000
1743431906.7448168,LTE,CONNECT,FDD,410A332,-79,-7,2,12,-79,-7,1,-79,-7,1,5,0,-60,LTE BAND 3,19,20969.0,2.5,2551,nan,0,1.44,0.0000
1743431907.8577936,LTE,CONNECT,FDD,410A332,-79,-8,2,14,-79,-8,1,-79,-8,1,5,0,-59,LTE BAND 3,19,31457.0,3.75,3827,nan,0,1.45,0.0000
1743431908.9740646,LTE,CONNECT,FDD,410A332,-79,-7,2,13,-79,-7,1,-79,-7,1,5,0,-59,LTE BAND 3,19,20965.0,2.5,2551,nan,0,1.46,0.0000
1743431910.056473,LTE,CONNECT,FDD,410A332,-79,-9,2,14,-79,-9,1,-79,-9,1,5,0,-59,LTE BAND 3,19,20966.0,2.5,2551,nan,0,1.48,0.0000
1743431911.1698513,LTE,CONNECT,FDD,410A332,-79,-7,2,12,-79,-7,1,-79,-7,1,5,0,-59,LTE BAND 3,19,20985.0,2.5,2553,nan,0,1.51,0.0000
1743431912.2715015,LTE,CONNECT,FDD,410A332,-79,-7,2,9,-79,-7,1,-79,-7,1,5,0,-59,LTE BAND 3,19,10484.0,1.25,1276,nan,0,1.54,0.0000
1743431913.3713496,LTE,CONNECT,FDD,410A332,-79,-6,2,14,-79,-6,1,-79,-6,1,5,0,-60,LTE BAND 3,19,10486.0,1.25,1276,nan,0,1.6,0.0000
1743431914.4405673,LTE,CONNECT,FDD,410A332,-79,-7,3,13,-79,-7,1,-79,-7,1,5,0,-59,LTE BAND 3,19,10483.0,1.25,1275,nan,0,1.69,0.0000
1743431915.5561047,LTE,CONNECT,FDD,410A332,-79,-7,2,15,-79,-7,1,-79,-7,1,5,0,-60,LTE BAND 3,19,20974.0,2.5,2519,nan,23,1.57,0.0000
1743431916.6974392,LTE,CONNECT,FDD,410A332,-80,-7,2,13,-80,-7,1,-80,-7,1,5,0,-60,LTE BAND 3,19,20980.0,2.5,2491,nan,43,1.25,0.0000
1743431917.8153431,LTE,CONNECT,FDD,410A332,-80,-7,1,9,-80,-7,1,-80,-7,1,5,0,-61,LTE BAND 3,19,31461.0,3.75,3828,nan,0,1.44,0.0000
1743431918.9136713,LTE,CONNECT,FDD,410A332,-80,-7,2,12,-80,-7,1,-80,-7,1,5,0,-60,LTE BAND 3,19,20977.0,2.5,2552,nan,0,1.54,0.0000
1743431920.0400212,LTE,CONNECT,FDD,410A332,-80,-6,2,13,-80,-6,1,-80,-6,1,5,0,-61,LTE BAND 3,19,20968.0,2.5,2551,nan,0,1.63,0.0000
1743431921.1378531,LTE,CONNECT,FDD,410A332,-79,-6,3,11,-79,-6,1,-79,-6,1,5,0,-60,LTE BAND 3,19,31457.0,3.75,3827,nan,0,1.69,0.0000
1743431922.2637744,LTE,CONNECT,FDD,410A332,-80,-6,3,12,-80,-6,1,-80,-6,1,5,0,-60,LTE BAND 3,19,31458.0,3.75,3827,nan,0,1.73,0.0000
1743431923.349634,LTE,CONNECT,FDD,410A332,-80,-6,3,14,-80,-6,1,-80,-6,1,5,0,-60,LTE BAND 3,19,31455.0,3.75,3817,nan,7,1.23,0.0000
1743431924.4819193,LTE,CONNECT,FDD,410A332,-79,-7,2,16,-79,-7,1,-79,-7,1,5,0,-60,LTE BAND 3,19,20977.0,2.5,2552,nan,0,1.29,0.0000
1743431925.5817385,LTE,CONNECT,FDD,410A332,-79,-6,3,13,-79,-6,1,-79,-6,1,5,0,-59,LTE BAND 3,19,20971.0,2.5,2551,nan,0,1.36,0.0000
1743431926.7181153,LTE,CONNECT,FDD,410A332,-80,-6,3,13,-80,-6,1,-80,-6,1,5,0,-60,LTE BAND 3,19,10481.0,1.25,1275,nan,0,1.4,0.0000
1743431927.839736,LTE,CONNECT,FDD,410A332,-80,-6,3,10,-79,-7,1,-79,-7,1,5,0,-60,LTE BAND 3,19,41952.0,5.0,5104,nan,0,1.46,0.0000
1743431928.932201,LTE,CONNECT,FDD,410A332,-79,-7,2,14,-79,-7,1,-79,-7,1,5,0,-60,LTE BAND 3,19,20979.0,2.5,2552,nan,0,1.47,0.0000
1743431929.999379,LTE,CONNECT,FDD,410A332,-80,-6,2,12,-80,-6,1,-80,-6,1,5,0,-60,LTE BAND 3,19,31445.0,3.75,3770,nan,39,1.06,0.0000
1743431931.084617,LTE,CONNECT,FDD,410A332,-79,-6,3,12,-79,-6,1,-79,-6,1,5,0,-59,LTE BAND 3,19,31459.0,3.75,3828,nan,0,1.11,0.0000
1743431932.1842258,LTE,CONNECT,FDD,410A332,-80,-6,3,12,-80,-6,1,-80,-6,1,5,0,-59,LTE BAND 3,19,31458.0,3.75,3827,nan,0,1.17,0.0000
1743431933.3156183,LTE,CONNECT,FDD,410A332,-79,-6,2,13,-79,-6,1,-79,-6,1,5,0,-60,LTE BAND 3,19,20968.0,2.5,2551,nan,0,1.21,0.0000
1743431934.4363406,LTE,CONNECT,FDD,410A332,-80,-6,2,14,-80,-7,1,-80,-7,1,5,0,-60,LTE BAND 3,19,20970.0,2.5,2551,nan,0,1.23,0.0000
1743431935.5370953,LTE,CONNECT,FDD,410A332,-80,-6,2,15,-80,-6,1,-80,-6,1,5,0,-61,LTE BAND 3,19,20973.0,2.5,2552,nan,0,1.24,0.0000
1743431936.6647723,LTE,CONNECT,FDD,410A332,-80,-7,4,14,-80,-7,1,-80,-7,1,5,0,-59,LTE BAND 3,19,31460.0,3.75,3828,nan,0,1.25,0.0000
1743431937.776362,LTE,CONNECT,FDD,410A332,-80,-6,3,13,-80,-6,1,-80,-6,1,5,0,-60,LTE BAND 3,19,20968.0,2.5,2551,nan,0,1.25,0.0000
1743431938.8512104,LTE,CONNECT,FDD,410A332,-80,-7,1,11,-80,-7,1,-80,-7,1,5,0,-58,LTE BAND 3,19,20966.0,2.5,2551,nan,0,1.25,0.0000
1743431939.96272,LTE,CONNECT,FDD,410A332,-80,-8,1,17,-80,-8,1,-80,-8,1,5,0,-60,LTE BAND 3,19,20972.0,2.5,2552,nan,0,1.26,0.0000
1743431941.1134546,LTE,CONNECT,FDD,410A332,-82,-7,0,17,-82,-7,1,-82,-7,1,5,0,-61,LTE BAND 3,19,20973.0,2.5,2552,nan,0,1.27,0.0000
1743431942.2179139,LTE,CONNECT,FDD,410A332,-80,-6,-4,16,-80,-6,1,-80,-6,1,5,0,-61,LTE BAND 3,19,10485.0,1.25,1276,nan,0,1.29,0.0000
1743431943.3378122,LTE,CONNECT,FDD,410A332,-78,-6,-1,19,-78,-6,1,-78,-6,1,5,0,-60,LTE BAND 3,19,20964.0,2.5,2551,nan,0,1.33,0.0000
1743431944.414419,LTE,CONNECT,FDD,410A332,-79,-6,0,17,-79,-6,1,-79,-6,1,5,0,-62,LTE BAND 3,19,20978.0,2.5,2552,nan,0,1.38,0.0000
1743431945.5221512,LTE,CONNECT,FDD,410A332,-82,-6,-3,15,-82,-6,1,-82,-6,1,5,0,-61,LTE BAND 3,19,41948.0,5.0,5104,nan,0,1.48,0.0000
1743431946.6314607,LTE,CONNECT,FDD,410A332,-83,-7,2,17,-83,-7,1,-83,-7,1,5,0,-62,LTE BAND 3,19,31463.0,3.75,3828,nan,0,1.56,0.0000
1743431947.7577767,LTE,CONNECT,FDD,410A332,-82,-9,1,21,-82,-9,1,-82,-9,1,5,0,-61,LTE BAND 3,19,20971.0,2.5,2551,nan,0,1.69,0.0000
1743431948.8554568,LTE,CONNECT,FDD,410A332,-81,-7,1,15,-81,-7,1,-81,-7,1,5,0,-61,LTE BAND 3,19,10490.0,1.25,1158,nan,83,1.25,0.0001
1743431949.956519,LTE,CONNECT,FDD,410A332,-80,-7,0,18,-80,-7,1,-80,-7,1,5,0,-61,LTE BAND 3,19,20966.0,2.5,2551,nan,0,1.29,0.0000
1743431951.0520794,LTE,CONNECT,FDD,410A332,-80,-7,-4,21,-80,-7,1,-80,-7,1,5,0,-62,LTE BAND 3,19,20968.0,2.5,2551,nan,0,1.41,0.0000
1743431952.1216586,LTE,CONNECT,FDD,410A332,-81,-7,2,19,-81,-7,1,-81,-7,1,5,0,-61,LTE BAND 3,19,20982.0,2.5,2553,nan,0,1.51,0.0000
1743431953.2274811,LTE,CONNECT,FDD,410A332,-81,-6,6,14,-81,-6,1,-81,-6,1,5,0,-58,LTE BAND 3,19,31457.0,3.75,3827,nan,0,1.61,0.0000
1743431954.3384957,LTE,CONNECT,FDD,410A332,-81,-7,4,18,-81,-7,1,-81,-7,1,5,0,-61,LTE BAND 3,19,20972.0,2.5,2552,nan,0,1.66,0.0000
1743431955.427027,LTE,CONNECT,FDD,410A332,-79,-6,1,16,-79,-6,1,-79,-6,1,5,0,-63,LTE BAND 3,19,10482.0,1.25,1258,nan,12,1.55,0.0000
1743431956.5059652,LTE,CONNECT,FDD,410A332,-78,-6,3,12,-78,-6,1,-78,-6,1,5,0,-62,LTE BAND 3,19,52448.0,6.25,6381,nan,0,1.24,0.0000
1743431957.614832,LTE,CONNECT,FDD,410A332,-78,-5,5,11,-78,-5,1,-78,-5,1,5,0,-61,LTE BAND 3,19,31458.0,3.75,3827,nan,0,1.31,0.0000
1743431958.7297497,LTE,CONNECT,FDD,410A332,-77,-5,5,12,-77,-5,1,-77,-5,1,5,0,-61,LTE BAND 3,19,31456.0,3.75,3827,nan,0,1.36,0.0000
1743431959.818348,LTE,CONNECT,FDD,410A332,-79,-6,2,17,-78,-6,1,-78,-6,1,5,0,-62,LTE BAND 3,19,31458.0,3.75,3827,nan,0,1.42,0.0000
1743431960.891469,LTE,CONNECT,FDD,410A332,-78,-6,2,15,-78,-6,1,-78,-6,1,5,0,-62,LTE BAND 3,19,10487.0,1.25,1276,nan,0,1.44,0.0000
1743431961.985698,LTE,CONNECT,FDD,410A332,-78,-6,3,16,-79,-7,1,-79,-7,1,5,0,-61,LTE BAND 3,19,20966.0,2.5,2551,nan,0,1.45,0.0000
1743431963.0898457,LTE,CONNECT,FDD,410A332,-81,-6,3,16,-81,-6,1,-81,-6,1,5,0,-63,LTE BAND 3,19,20972.0,2.5,2552,nan,0,1.45,0.0000
1743431964.1925557,LTE,CONNECT,FDD,410A332,-76,-5,2,14,-76,-6,1,-76,-6,1,5,0,-63,LTE BAND 3,19,31453.0,3.75,3827,nan,0,1.45,0.0000
1743431965.2763267,LTE,CONNECT,FDD,410A332,-77,-5,2,12,-77,-5,1,-77,-5,1,5,0,-62,LTE BAND 3,19,31460.0,3.75,3828,nan,0,1.45,0.0000
1743431966.3334024,LTE,CONNECT,FDD,410A332,-78,-5,3,16,-78,-5,1,-78,-5,1,5,0,-60,LTE BAND 3,19,31460.0,3.75,3828,nan,0,1.46,0.0000
1743431967.4333565,LTE,CONNECT,FDD,410A332,-77,-9,3,17,-77,-9,1,-77,-9,1,5,0,-61,LTE BAND 3,19,20971.0,2.5,2551,nan,0,1.47,0.0000
1743431968.567372,LTE,CONNECT,FDD,410A332,-77,-10,2,8,-77,-9,1,-77,-9,1,5,0,-63,LTE BAND 3,19,31458.0,3.75,3827,nan,0,1.49,0.0000
1743431969.648567,LTE,CONNECT,FDD,410A332,-77,-7,1,17,-77,-7,1,-77,-7,1,5,0,-62,LTE BAND 3,19,10486.0,1.25,1276,nan,0,1.51,0.0000
1743431970.7520022,LTE,CONNECT,FDD,410A332,-76,-5,4,15,-76,-5,1,-76,-5,1,5,0,-61,LTE BAND 3,19,31454.0,3.75,3827,nan,0,1.66,0.0000
1743431971.873678,LTE,CONNECT,FDD,410A332,-76,-6,4,15,-76,-6,1,-76,-6,1,5,0,-61,LTE BAND 3,19,31455.0,3.75,3811,nan,11,1.4,0.0000
1743431972.9807549,LTE,CONNECT,FDD,410A332,-76,-7,4,13,-76,-7,1,-76,-7,1,5,0,-60,LTE BAND 3,19,20972.0,2.5,2542,nan,7,1.26,0.0000
1743431974.0920045,LTE,CONNECT,FDD,410A332,-76,-6,3,17,-76,-6,1,-76,-6,1,5,0,-62,LTE BAND 3,19,20976.0,2.5,2552,nan,0,1.38,0.0000
1743431975.1835122,LTE,CONNECT,FDD,410A332,-76,-7,4,12,-76,-7,1,-76,-7,1,5,0,-61,LTE BAND 3,19,20966.0,2.5,2551,nan,0,1.47,0.0000
1743431976.2961888,LTE,CONNECT,FDD,410A332,-76,-9,4,18,-76,-9,1,-76,-9,1,5,0,-60,LTE BAND 3,19,10484.0,1.25,1276,nan,0,1.54,0.0000
1743431977.3891237,LTE,CONNECT,FDD,410A332,-80,-6,4,11,-80,-6,1,-80,-6,1,5,0,-60,LTE BAND 3,19,20976.0,2.5,2552,nan,0,1.62,0.0000
1743431978.4609113,LTE,CONNECT,FDD,410A332,-78,-6,6,15,-78,-6,1,-78,-6,1,5,0,-58,LTE BAND 3,19,31461.0,3.75,3828,nan,0,1.68,0.0000
1743431979.5621388,LTE,CONNECT,FDD,410A332,-83,-7,3,17,-83,-7,1,-83,-7,1,5,0,-60,LTE BAND 3,19,20967.0,2.5,2551,nan,0,1.71,0.0000
1743431980.6667159,LTE,CONNECT,FDD,410A332,-79,-6,-7,19,-79,-6,1,-79,-6,1,5,0,-62,LTE BAND 3,19,31459.0,3.75,3802,nan,18,1.21,0.0000
1743431981.7309766,LTE,CONNECT,FDD,410A332,-79,-8,4,21,-79,-8,1,-79,-8,1,5,0,-59,LTE BAND 3,19,31459.0,3.75,3828,nan,0,1.28,0.0000
1743431982.8113008,LTE,CONNECT,FDD,410A332,-79,-8,4,19,-79,-8,1,-79,-8,1,5,0,-58,LTE BAND 3,19,20972.0,2.5,2552,nan,0,1.38,0.0000
1743431983.9134288,LTE,CONNECT,FDD,410A332,-80,-7,4,18,-80,-7,1,-80,-7,1,5,0,-58,LTE BAND 3,19,20972.0,2.5,2552,nan,0,1.41,0.0000
1743431985.0073361,LTE,CONNECT,FDD,410A332,-81,-8,6,18,-81,-8,1,-81,-8,1,5,0,-56,LTE BAND 3,19,20977.0,2.5,2552,nan,0,1.44,0.0000
1743431986.103529,LTE,CONNECT,FDD,410A332,-82,-7,6,15,-82,-7,1,-82,-7,1,5,0,-58,LTE BAND 3,19,20973.0,2.5,2552,nan,0,1.45,0.0000
1743431987.2084153,LTE,CONNECT,FDD,410A332,-80,-6,5,15,-80,-6,1,-80,-6,1,5,0,-60,LTE BAND 3,19,20966.0,2.5,2551,nan,0,1.46,0.0000
1743431988.3089323,LTE,CONNECT,FDD,410A332,-80,-8,4,17,-80,-8,1,-80,-8,1,5,0,-57,LTE BAND 3,19,31461.0,3.75,3828,nan,0,1.46,0.0000
1743431989.4244444,LTE,CONNECT,FDD,410A332,-81,-6,5,13,-81,-6,1,-81,-6,1,5,0,-59,LTE BAND 3,19,20973.0,2.5,2552,nan,0,1.46,0.0000
1743431990.4816217,LTE,CONNECT,FDD,410A332,-81,-6,6,13,-81,-6,1,-81,-6,1,5,0,-59,LTE BAND 3,19,31455.0,3.75,3827,nan,0,1.46,0.0000
1743431991.5636292,LTE,CONNECT,FDD,410A332,-80,-6,5,14,-80,-6,1,-80,-6,1,5,0,-58,LTE BAND 3,19,31462.0,3.75,3828,nan,0,1.47,0.0000
1743431992.6289527,LTE,CONNECT,FDD,410A332,-81,-6,5,14,-81,-6,1,-81,-6,1,5,0,-59,LTE BAND 3,19,20968.0,2.5,2551,nan,0,1.49,0.0000
1743431993.7482505,LTE,CONNECT,FDD,410A332,-81,-8,4,19,-81,-8,1,-81,-8,1,5,0,-59,LTE BAND 3,19,31458.0,3.75,3827,nan,0,1.55,0.0000
1743431994.8673472,LTE,CONNECT,FDD,410A332,-81,-6,5,15,-81,-6,1,-81,-6,1,5,0,-60,LTE BAND 3,19,20968.0,2.5,2551,nan,0,1.61,0.0000
1743431995.9475782,LTE,CONNECT,FDD,410A332,-81,-6,4,14,-81,-6,1,-81,-6,1,5,0,-60,LTE BAND 3,19,31460.0,3.75,3828,nan,0,1.69,0.0000
1743431997.0679011,LTE,CONNECT,FDD,410A332,-80,-6,4,13,-80,-6,1,-80,-6,1,5,0,-60,LTE BAND 3,19,31463.0,3.75,3812,nan,11,1.62,0.0000
1743431998.1355593,LTE,CONNECT,FDD,410A332,-80,-6,4,13,-80,-6,1,-80,-6,1,5,0,-60,LTE BAND 3,19,31451.0,3.75,3797,nan,21,1.26,0.0000
1743431999.1852012,LTE,CONNECT,FDD,410A332,-80,-7,4,16,-80,-7,1,-80,-7,1,5,0,-59,LTE BAND 3,19,31459.0,3.75,3828,nan,0,1.36,0.0000
1743432000.293698,LTE,CONNECT,FDD,410A332,-80,-6,4,14,-80,-6,1,-80,-6,1,5,0,-59,LTE BAND 3,19,10486.0,1.25,1276,nan,0,1.47,0.0000
1743432001.3716087,LTE,CONNECT,FDD,410A332,-80,-7,4,15,-80,-7,1,-80,-7,1,5,0,-58,LTE BAND 3,19,31455.0,3.75,3827,nan,0,1.58,0.0000
1743432002.4740405,LTE,CONNECT,FDD,410A332,-80,-7,4,14,-80,-7,1,-80,-7,1,5,0,-60,LTE BAND 3,19,10483.0,1.25,1275,nan,0,1.63,0.0000
1743432003.547022,LTE,CONNECT,FDD,410A332,-80,-6,3,15,-80,-6,1,-80,-6,1,5,0,-60,LTE BAND 3,19,20966.0,2.5,2551,nan,0,1.69,0.0000
1743432004.611138,LTE,CONNECT,FDD,410A332,-80,-6,4,14,-80,-6,1,-80,-6,1,5,0,-60,LTE BAND 3,19,41972.0,5.0,5087,nan,14,1.21,0.0000
1743432005.6770315,LTE,CONNECT,FDD,410A332,-80,-6,3,13,-80,-6,1,-80,-6,1,5,0,-60,LTE BAND 3,19,41944.0,5.0,5103,nan,0,1.29,0.0000
1743432006.7196069,LTE,CONNECT,FDD,410A332,-80,-6,3,14,-80,-6,1,-80,-6,1,5,0,-61,LTE BAND 3,19,31452.0,3.75,3827,nan,0,1.35,0.0000
1743432007.7848182,LTE,CONNECT,FDD,410A332,-80,-6,3,10,-80,-6,1,-80,-6,1,5,0,-60,LTE BAND 3,19,31457.0,3.75,3827,nan,0,1.42,0.0000
1743432008.878813,LTE,CONNECT,FDD,410A332,-80,-6,3,15,-81,-6,1,-81,-6,1,5,0,-59,LTE BAND 3,19,31458.0,3.75,3827,nan,0,1.44,0.0000
1743432009.9740818,LTE,CONNECT,FDD,410A332,-83,-7,5,17,-83,-7,1,-83,-7,1,5,0,-59,LTE BAND 3,19,20970.0,2.5,2551,nan,0,1.45,0.0000
1743432011.0620759,LTE,CONNECT,FDD,410A332,-82,-7,5,17,-82,-7,1,-82,-7,1,5,0,-60,LTE BAND 3,19,20974.0,2.5,2552,nan,0,1.46,0.0000
1743432012.1464489,LTE,CONNECT,FDD,410A332,-80,-8,3,16,-80,-8,1,-80,-8,1,5,0,-58,LTE BAND 3,19,10487.0,1.25,1276,nan,0,1.46,0.0000
1743432013.2183638,LTE,CONNECT,FDD,410A332,-80,-6,5,16,-80,-6,1,-80,-6,1,5,0,-60,LTE BAND 3,19,20968.0,2.5,2551,nan,0,1.46,0.0000
1743432014.353648,LTE,CONNECT,FDD,410A332,-81,-9,6,19,-81,-9,1,-81,-9,1,5,0,-56,LTE BAND 3,19,31462.0,3.75,3828,nan,0,1.46,0.0000
1743432015.446537,LTE,CONNECT,FDD,410A332,-80,-7,5,12,-80,-7,1,-80,-7,1,5,0,-57,LTE BAND 3,19,10482.0,1.25,1275,nan,0,1.47,0.0000
1743432016.5179417,LTE,CONNECT,FDD,410A332,-81,-6,4,15,-81,-6,1,-81,-6,1,5,0,-59,LTE BAND 3,19,20974.0,2.5,2552,nan,0,1.49,0.0000
1743432017.6170886,LTE,CONNECT,FDD,410A332,-81,-7,5,16,-81,-7,1,-81,-7,1,5,0,-57,LTE BAND 3,19,41949.0,5.0,5104,nan,0,1.52,0.0000
1743432018.7102652,LTE,CONNECT,FDD,410A332,-82,-8,5,15,-82,-8,1,-82,-8,1,5,0,-58,LTE BAND 3,19,20973.0,2.5,2552,nan,0,1.56,0.0000
1743432019.819375,LTE,CONNECT,FDD,410A332,-81,-8,4,15,-81,-8,1,-81,-8,1,5,0,-57,LTE BAND 3,19,20978.0,2.5,2552,nan,0,1.67,0.0000
1743432020.9326606,LTE,CONNECT,FDD,410A332,-81,-8,3,15,-81,-7,1,-81,-7,1,5,0,-60,LTE BAND 3,19,10484.0,1.25,1276,nan,0,1.73,0.0000
1743432022.0547984,LTE,CONNECT,FDD,410A332,-80,-7,3,8,-80,-7,1,-80,-7,1,5,0,-60,LTE BAND 3,19,10488.0,1.25,1198,nan,55,1.23,0.0001
1743432023.1362913,LTE,CONNECT,FDD,410A332,-82,-7,2,14,-82,-7,1,-82,-7,1,5,0,-61,LTE BAND 3,19,20971.0,2.5,2551,nan,0,1.25,0.0000
1743432024.2298396,LTE,CONNECT,FDD,410A332,-80,-6,3,12,-80,-6,1,-80,-6,1,5,0,-60,LTE BAND 3,19,10483.0,1.25,1275,nan,0,1.34,0.0000
1743432025.3224,LTE,CONNECT,FDD,410A332,-80,-6,4,12,-80,-6,1,-80,-6,1,5,0,-60,LTE BAND 3,19,31471.0,3.75,3829,nan,0,1.49,0.0000
1743432026.4161446,LTE,CONNECT,FDD,410A332,-81,-6,4,15,-81,-6,1,-81,-6,1,5,0,-59,LTE BAND 3,19,20966.0,2.5,2551,nan,0,1.57,0.0000
1743432027.506541,LTE,CONNECT,FDD,410A332,-81,-7,3,16,-81,-7,1,-81,-7,1,5,0,-59,LTE BAND 3,19,20964.0,2.5,2551,nan,0,1.63,0.0000
1743432028.5774045,LTE,CONNECT,FDD,410A332,-81,-8,2,17,-81,-8,1,-81,-8,1,5,0,-60,LTE BAND 3,19,20975.0,2.5,2552,nan,0,1.67,0.0000
1743432029.6759803,LTE,CONNECT,FDD,410A332,-82,-8,5,9,-82,-8,1,-82,-8,1,5,0,-58,LTE BAND 3,19,10484.0,1.25,1276,nan,0,1.7,0.0000
1743432030.74383,LTE,CONNECT,FDD,410A332,-81,-6,4,15,-81,-6,1,-81,-6,1,5,0,-60,LTE BAND 3,19,20968.0,2.5,2513,nan,27,1.19,0.0000
1743432031.8463247,LTE,CONNECT,FDD,410A332,-81,-6,5,15,-81,-6,1,-81,-6,1,5,0,-59,LTE BAND 3,19,31460.0,3.75,3828,nan,0,1.32,0.0000
1743432032.9021137,LTE,CONNECT,FDD,410A332,-81,-6,5,15,-81,-6,1,-81,-6,1,5,0,-59,LTE BAND 3,19,20967.0,2.5,2551,nan,0,1.37,0.0000
1743432033.9717178,LTE,CONNECT,FDD,410A332,-81,-7,5,15,-81,-7,1,-81,-7,1,5,0,-59,LTE BAND 3,19,31460.0,3.75,3828,nan,0,1.41,0.0000
1743432035.0686991,LTE,CONNECT,FDD,410A332,-81,-7,6,13,-81,-7,1,-81,-7,1,5,0,-57,LTE BAND 3,19,41945.0,5.0,5103,nan,0,1.43,0.0000
1743432036.1627512,LTE,CONNECT,FDD,410A332,-80,-7,4,19,-80,-7,1,-80,-7,1,5,0,-57,LTE BAND 3,19,10482.0,1.25,1275,nan,0,1.44,0.0000
1743432037.276787,LTE,CONNECT,FDD,410A332,-80,-8,5,15,-80,-8,1,-80,-8,1,5,0,-57,LTE BAND 3,19,20978.0,2.5,2552,nan,0,1.45,0.0000
1743432038.3725243,LTE,CONNECT,FDD,410A332,-80,-6,5,15,-80,-6,1,-80,-6,1,5,0,-60,LTE BAND 3,19,20971.0,2.5,2551,nan,0,1.45,0.0000
1743432039.4803305,LTE,CONNECT,FDD,410A332,-80,-6,5,14,-80,-6,1,-80,-6,1,5,0,-59,LTE BAND 3,19,31457.0,3.75,3827,nan,0,1.45,0.0000
1743432040.5885952,LTE,CONNECT,FDD,410A332,-80,-6,5,14,-80,-6,1,-80,-6,1,5,0,-58,LTE BAND 3,19,41948.0,5.0,5104,nan,0,1.45,0.0000
1743432041.684195,LTE,CONNECT,FDD,410A332,-80,-6,5,15,-80,-6,1,-80,-6,1,5,0,-59,LTE BAND 3,19,31451.0,3.75,3827,nan,0,1.46,0.0000
1743432042.790426,LTE,CONNECT,FDD,410A332,-80,-7,5,14,-80,-7,1,-80,-7,1,5,0,-58,LTE BAND 3,19,20971.0,2.5,2551,nan,0,1.5,0.0000
1743432043.864386,LTE,CONNECT,FDD,410A332,-80,-6,6,15,-80,-6,1,-80,-6,1,5,0,-58,LTE BAND 3,19,31462.0,3.75,3828,nan,0,1.54,0.0000
1743432044.9671836,LTE,CONNECT,FDD,410A332,-82,-7,6,13,-82,-7,1,-82,-7,1,5,0,-58,LTE BAND 3,19,31455.0,3.75,3827,nan,0,1.6,0.0000
1743432046.1034188,LTE,CONNECT,FDD,410A332,-82,-7,5,12,-82,-7,1,-82,-7,1,5,0,-61,LTE BAND 3,19,20975.0,2.5,2552,nan,0,1.67,0.0000
1743432047.196424,LTE,CONNECT,FDD,410A332,-82,-8,5,15,-82,-7,1,-82,-7,1,5,0,-58,LTE BAND 3,19,31454.0,3.75,3827,nan,0,1.77,0.0000
1743432048.3105156,LTE,CONNECT,FDD,410A332,-81,-7,5,18,-81,-7,1,-81,-7,1,5,0,-58,LTE BAND 3,19,10485.0,1.25,1164,nan,78,1.25,0.0001
1743432049.43465,LTE,CONNECT,FDD,410A332,-82,-10,7,19,-82,-10,1,-82,-10,1,5,0,-55,LTE BAND 3,19,41949.0,5.0,5104,nan,0,1.34,0.0000
1743432050.5468168,LTE,CONNECT,FDD,410A332,-82,-9,1,22,-82,-9,1,-82,-9,1,5,0,-61,LTE BAND 3,19,20971.0,2.5,2551,nan,0,1.44,0.0000
1743432051.6395154,LTE,CONNECT,FDD,410A332,-81,-9,0,22,-81,-8,1,-81,-8,1,5,0,-61,LTE BAND 3,19,20972.0,2.5,2552,nan,0,1.54,0.0000
1743432052.7476943,LTE,CONNECT,FDD,410A332,-81,-6,-5,17,-81,-6,1,-81,-6,1,5,0,-62,LTE BAND 3,19,20975.0,2.5,2552,nan,0,1.62,0.0000
1743432053.8304253,LTE,CONNECT,FDD,410A332,-83,-8,-5,22,-83,-8,1,-83,-8,1,5,0,-60,LTE BAND 3,19,10479.0,1.25,1275,nan,0,1.72,0.0000
1743432054.9441924,LTE,CONNECT,FDD,410A332,-82,-7,-6,22,-82,-7,1,-82,-7,1,5,0,-61,LTE BAND 3,19,10493.0,1.25,1217,nan,42,1.21,0.0000
1743432056.0342014,LTE,CONNECT,FDD,410A332,-85,-8,0,21,-85,-8,1,-85,-8,1,5,0,-62,LTE BAND 3,19,10479.0,1.25,1275,nan,0,1.22,0.0000
1743432057.1822703,LTE,CONNECT,FDD,410A332,-84,-8,0,22,-84,-8,1,-84,-8,1,5,0,-62,LTE BAND 3,19,20982.0,2.5,2553,nan,0,1.31,0.0000
1743432058.2696447,LTE,CONNECT,FDD,410A332,-85,-8,1,22,-85,-8,1,-85,-8,1,5,0,-61,LTE BAND 3,19,20967.0,2.5,2551,nan,0,1.37,0.0000
1743432059.4143631,LTE,CONNECT,FDD,410A332,-82,-7,5,14,-82,-7,1,-82,-7,1,5,0,-59,LTE BAND 3,19,31465.0,3.75,3828,nan,0,1.41,0.0000
1743432060.4881678,LTE,CONNECT,FDD,410A332,-81,-7,6,18,-81,-7,1,-81,-7,1,5,0,-56,LTE BAND 3,19,20973.0,2.5,2552,nan,0,1.44,0.0000
1743432061.6009903,LTE,CONNECT,FDD,410A332,-81,-7,5,18,-81,-8,1,-81,-8,1,5,0,-58,LTE BAND 3,19,20969.0,2.5,2551,nan,0,1.46,0.0000
1743432062.7047293,LTE,CONNECT,FDD,410A332,-82,-6,4,21,-82,-6,1,-82,-6,1,5,0,-61,LTE BAND 3,19,10480.0,1.25,1275,nan,0,1.46,0.0000
1743432063.768833,LTE,CONNECT,FDD,410A332,-84,-9,-3,22,-84,-9,1,-84,-9,1,5,0,-61,LTE BAND 3,19,20982.0,2.5,2553,nan,0,1.46,0.0000
1743432064.8715146,LTE,CONNECT,FDD,410A332,-82,-7,1,22,-82,-7,1,-82,-7,1,5,0,-60,LTE BAND 3,19,20985.0,2.5,2553,nan,0,1.47,0.0000
1743432065.9727027,LTE,CONNECT,FDD,410A332,-85,-8,1,21,-85,-8,1,-85,-8,1,5,0,-61,LTE BAND 3,19,31460.0,3.75,3828,nan,0,1.47,0.0000
1743432067.0699499,LTE,CONNECT,FDD,410A332,-82,-7,0,21,-82,-7,1,-82,-7,1,5,0,-61,LTE BAND 3,19,20972.0,2.5,2552,nan,0,1.49,0.0000
1743432068.1440759,LTE,CONNECT,FDD,410A332,-82,-7,0,20,-82,-7,1,-82,-7,1,5,0,-61,LTE BAND 3,19,31453.0,3.75,3827,nan,0,1.51,0.0000
1743432069.256659,LTE,CONNECT,FDD,410A332,-82,-7,1,21,-82,-7,1,-82,-7,1,5,0,-60,LTE BAND 3,19,31462.0,3.75,3828,nan,0,1.55,0.0000
1743432070.3961742,LTE,CONNECT,FDD,410A332,-81,-8,0,20,-81,-8,1,-81,-8,1,5,0,-59,LTE BAND 3,19,20970.0,2.5,2551,nan,0,1.59,0.0000
1743432071.4584968,LTE,CONNECT,FDD,410A332,-81,-6,1,18,-81,-6,1,-81,-6,1,5,0,-61,LTE BAND 3,19,10479.0,1.25,1275,nan,0,1.64,0.0000
1743432072.5363624,LTE,CONNECT,FDD,410A332,-81,-8,1,21,-81,-8,1,-81,-8,1,5,0,-60,LTE BAND 3,19,41958.0,5.0,5105,nan,0,1.77,0.0000
1743432073.6225805,LTE,CONNECT,FDD,410A332,-81,-6,1,19,-81,-6,1,-81,-6,1,5,0,-61,LTE BAND 3,19,20971.0,2.5,2430,nan,85,1.27,0.0000
1743432074.7232769,LTE,CONNECT,FDD,410A332,-81,-6,1,19,-81,-6,1,-81,-6,1,5,0,-60,LTE BAND 3,19,41958.0,5.0,5105,nan,0,1.34,0.0000
1743432075.8263195,LTE,CONNECT,FDD,410A332,-81,-6,0,19,-81,-6,1,-81,-6,1,5,0,-61,LTE BAND 3,19,31457.0,3.75,3827,nan,0,1.57,0.0000
1743432076.9390635,LTE,CONNECT,FDD,410A332,-81,-7,1,17,-81,-7,1,-81,-7,1,5,0,-60,LTE BAND 3,19,31455.0,3.75,3827,nan,0,1.64,0.0000
1743432078.0253382,LTE,CONNECT,FDD,410A332,-81,-6,0,18,-81,-7,1,-81,-7,1,5,0,-59,LTE BAND 3,19,20968.0,2.5,2551,nan,0,1.7,0.0000
1743432079.1084542,LTE,CONNECT,FDD,410A332,-81,-7,1,19,-81,-7,1,-81,-7,1,5,0,-59,LTE BAND 3,19,20971.0,2.5,2533,nan,13,1.67,0.0000
1743432080.1940637,LTE,CONNECT,FDD,410A332,-81,-7,0,19,-81,-7,1,-81,-7,1,5,0,-59,LTE BAND 3,19,10488.0,1.25,1226,nan,35,1.22,0.0000
1743432081.2903335,LTE,CONNECT,FDD,410A332,-81,-8,1,18,-81,-8,1,-81,-8,1,5,0,-59,LTE BAND 3,19,31457.0,3.75,3827,nan,0,1.26,0.0000
1743432082.3916728,LTE,CONNECT,FDD,410A332,-81,-9,1,18,-81,-9,1,-81,-9,1,5,0,-58,LTE BAND 3,19,10482.0,1.25,1275,nan,0,1.31,0.0000
1743432083.482663,LTE,CONNECT,FDD,410A332,-82,-8,1,21,-81,-8,1,-81,-8,1,5,0,-60,LTE BAND 3,19,20976.0,2.5,2552,nan,0,1.37,0.0000
1743432084.5501223,LTE,CONNECT,FDD,410A332,-82,-6,2,19,-82,-6,1,-82,-6,1,5,0,-60,LTE BAND 3,19,20971.0,2.5,2551,nan,0,1.42,0.0000
1743432085.6788595,LTE,CONNECT,FDD,410A332,-82,-6,1,20,-82,-6,1,-82,-6,1,5,0,-61,LTE BAND 3,19,31457.0,3.75,3827,nan,0,1.45,0.0000
1743432086.7849498,LTE,CONNECT,FDD,410A332,-81,-6,1,19,-81,-6,1,-81,-6,1,5,0,-61,LTE BAND 3,19,31460.0,3.75,3828,nan,0,1.47,0.0000
1743432087.8244576,LTE,CONNECT,FDD,410A332,-81,-6,2,19,-81,-6,1,-81,-6,1,5,0,-61,LTE BAND 3,19,31452.0,3.75,3827,nan,0,1.48,0.0000
1743432088.90284,LTE,CONNECT,FDD,410A332,-81,-9,1,22,-81,-9,1,-81,-9,1,5,0,-60,LTE BAND 3,19,31460.0,3.75,3828,nan,0,1.48,0.0000
1743432090.0010874,LTE,CONNECT,FDD,410A332,-81,-7,1,21,-81,-7,1,-81,-7,1,5,0,-61,LTE BAND 3,19,20967.0,2.5,2551,nan,0,1.48,0.0000
1743432091.0944948,LTE,CONNECT,FDD,410A332,-81,-6,1,13,-81,-6,1,-81,-6,1,5,0,-60,LTE BAND 3,19,20974.0,2.5,2552,nan,0,1.48,0.0000
1743432092.2278423,LTE,CONNECT,FDD,410A332,-81,-6,0,20,-81,-6,1,-81,-6,1,5,0,-59,LTE BAND 3,19,31466.0,3.75,3828,nan,0,1.5,0.0000
1743432093.321581,LTE,CONNECT,FDD,410A332,-81,-8,1,22,-81,-8,1,-81,-8,1,5,0,-60,LTE BAND 3,19,20958.0,2.5,2550,nan,0,1.51,0.0000
1743432094.4313293,LTE,CONNECT,FDD,410A332,-81,-6,1,19,-81,-6,1,-81,-6,1,5,0,-61,LTE BAND 3,19,20975.0,2.5,2552,nan,0,1.55,0.0000
1743432095.5169156,LTE,CONNECT,FDD,410A332,-81,-7,1,22,-81,-7,1,-81,-7,1,5,0,-60,LTE BAND 3,19,20971.0,2.5,2551,nan,0,1.6,0.0000
1743432096.6186633,LTE,CONNECT,FDD,410A332,-81,-6,2,20,-81,-6,1,-81,-6,1,5,0,-61,LTE BAND 3,19,20972.0,2.5,2552,nan,0,1.66,0.0000
1743432097.6793044,LTE,CONNECT,FDD,410A332,-81,-6,2,20,-81,-6,1,-81,-6,1,5,0,-61,LTE BAND 3,19,31469.0,3.75,3829,nan,0,1.77,0.0000
1743432098.7730327,LTE,CONNECT,FDD,410A332,-82,-6,1,19,-82,-6,1,-82,-6,1,5,0,-60,LTE BAND 3,19,31451.0,3.75,3781,nan,32,1.26,0.0000
1743432099.8400254,LTE,CONNECT,FDD,410A332,-81,-6,1,19,-81,-6,1,-81,-6,1,5,0,-60,LTE BAND 3,19,31459.0,3.75,3828,nan,0,1.48,0.0000
1743432100.955198,LTE,CONNECT,FDD,410A332,-81,-6,1,19,-81,-6,1,-81,-6,1,5,0,-60,LTE BAND 3,19,31460.0,3.75,3828,nan,0,1.58,0.0000
1743432102.0225246,LTE,CONNECT,FDD,410A332,-81,-7,1,22,-81,-7,1,-81,-7,1,5,0,-59,LTE BAND 3,19,20962.0,2.5,2550,nan,0,1.64,0.0000
1743432103.1247432,LTE,CONNECT,FDD,410A332,-82,-7,1,20,-82,-7,1,-82,-7,1,5,0,-59,LTE BAND 3,19,20979.0,2.5,2552,nan,0,1.69,0.0000
1743432104.2284856,LTE,CONNECT,FDD,410A332,-82,-7,1,21,-82,-7,1,-82,-7,1,5,0,-61,LTE BAND 3,19,10481.0,1.25,1261,nan,10,1.42,0.0000
1743432105.3304687,LTE,CONNECT,FDD,410A332,-82,-8,1,21,-82,-8,1,-82,-8,1,5,0,-59,LTE BAND 3,19,31477.0,3.75,3805,nan,17,1.2,0.0000
1743432106.4425213,LTE,CONNECT,FDD,410A332,-82,-7,1,20,-82,-7,1,-82,-7,1,5,0,-60,LTE BAND 3,19,10485.0,1.25,1276,nan,0,1.26,0.0000
1743432107.529811,LTE,CONNECT,FDD,410A332,-81,-8,1,18,-81,-8,1,-81,-8,1,5,0,-60,LTE BAND 3,19,20976.0,2.5,2552,nan,0,1.32,0.0000
1743432108.6418707,LTE,CONNECT,FDD,410A332,-81,-7,1,20,-81,-7,1,-81,-7,1,5,0,-60,LTE BAND 3,19,10482.0,1.25,1275,nan,0,1.37,0.0000
1743432109.7948153,LTE,CONNECT,FDD,410A332,-81,-7,2,20,-81,-7,1,-81,-7,1,5,0,-60,LTE BAND 3,19,20968.0,2.5,2551,nan,0,1.44,0.0000
1743432110.8667345,LTE,CONNECT,FDD,410A332,-81,-7,1,18,-81,-7,1,-81,-7,1,5,0,-60,LTE BAND 3,19,20970.0,2.5,2551,nan,0,1.45,0.0000
1743432112.020245,LTE,CONNECT,FDD,410A332,-81,-8,1,19,-81,-8,1,-81,-8,1,5,0,-60,LTE BAND 3,19,31464.0,3.75,3828,nan,0,1.46,0.0000
1743432113.1340978,LTE,CONNECT,FDD,410A332,-81,-7,1,20,-81,-7,1,-81,-7,1,5,0,-60,LTE BAND 3,19,10483.0,1.25,1275,nan,0,1.46,0.0000
1743432114.2556267,LTE,CONNECT,FDD,410A332,-81,-8,1,19,-81,-8,1,-81,-8,1,5,0,-59,LTE BAND 3,19,20973.0,2.5,2552,nan,0,1.46,0.0000
1743432115.3244293,LTE,CONNECT,FDD,410A332,-82,-7,1,20,-82,-7,1,-82,-7,1,5,0,-61,LTE BAND 3,19,20974.0,2.5,2552,nan,0,1.46,0.0000
1743432116.3870487,LTE,CONNECT,FDD,410A332,-81,-8,1,22,-81,-8,1,-81,-8,1,5,0,-61,LTE BAND 3,19,20971.0,2.5,2551,nan,0,1.47,0.0000
1743432117.4821584,LTE,CONNECT,FDD,410A332,-81,-7,1,16,-81,-7,1,-81,-7,1,5,0,-60,LTE BAND 3,19,10480.0,1.25,1275,nan,0,1.48,0.0000
1743432118.604037,LTE,CONNECT,FDD,410A332,-81,-7,0,19,-81,-7,1,-81,-7,1,5,0,-60,LTE BAND 3,19,20984.0,2.5,2553,nan,0,1.51,0.0000
1743432119.6951919,LTE,CONNECT,FDD,410A332,-81,-6,1,20,-81,-6,1,-81,-6,1,5,0,-61,LTE BAND 3,19,31462.0,3.75,3828,nan,0,1.56,0.0000
1743432120.8023603,LTE,CONNECT,FDD,410A332,-81,-7,0,22,-81,-7,1,-81,-7,1,5,0,-59,LTE BAND 3,19,20967.0,2.5,2551,nan,0,1.68,0.0000
1743432121.9207535,LTE,CONNECT,FDD,410A332,-82,-7,1,21,-82,-7,1,-82,-7,1,5,0,-60,LTE BAND 3,19,10484.0,1.25,1266,nan,7,1.71,0.0000
1743432123.0599976,LTE,CONNECT,FDD,410A332,-81,-9,0,22,-81,-9,1,-81,-9,1,5,0,-60,LTE BAND 3,19,31474.0,3.75,3782,nan,33,1.23,0.0000
1743432124.1395023,LTE,CONNECT,FDD,410A332,-81,-7,0,20,-81,-7,1,-81,-7,1,5,0,-60,LTE BAND 3,19,20969.0,2.5,2551,nan,0,1.33,0.0000
1743432125.2158504,LTE,CONNECT,FDD,410A332,-81,-6,1,18,-81,-6,1,-81,-6,1,5,0,-60,LTE BAND 3,19,31458.0,3.75,3827,nan,0,1.46,0.0000
1743432126.284126,LTE,CONNECT,FDD,410A332,-81,-6,0,20,-81,-6,1,-81,-6,1,5,0,-61,LTE BAND 3,19,41951.0,5.0,5104,nan,0,1.55,0.0000
1743432127.4028718,LTE,CONNECT,FDD,410A332,-81,-6,2,19,-81,-6,1,-81,-6,1,5,0,-60,LTE BAND 3,19,31451.0,3.75,3827,nan,0,1.62,0.0000
1743432128.542305,LTE,CONNECT,FDD,410A332,-82,-7,0,19,-82,-7,1,-82,-7,1,5,0,-60,LTE BAND 3,19,20966.0,2.5,2551,nan,0,1.67,0.0000
1743432129.6288016,LTE,CONNECT,FDD,410A332,-81,-7,0,20,-81,-6,1,-81,-6,1,5,0,-60,LTE BAND 3,19,31467.0,3.75,3827,nan,1,1.19,0.0000
1743432130.7398384,LTE,CONNECT,FDD,410A332,-82,-7,0,19,-82,-7,1,-82,-7,1,5,0,-61,LTE BAND 3,19,31463.0,3.75,3828,nan,0,1.26,0.0000
1743432131.8381646,LTE,CONNECT,FDD,410A332,-81,-6,1,17,-81,-6,1,-81,-6,1,5,0,-61,LTE BAND 3,19,20969.0,2.5,2551,nan,0,1.36,0.0000
1743432132.9319935,LTE,CONNECT,FDD,410A332,-81,-7,1,11,-81,-7,1,-81,-7,1,5,0,-59,LTE BAND 3,19,20967.0,2.5,2551,nan,0,1.39,0.0000
1743432134.063134,LTE,CONNECT,FDD,410A332,-82,-7,1,20,-82,-7,1,-82,-7,1,5,0,-60,LTE BAND 3,19,10483.0,1.25,1275,nan,0,1.41,0.0000
1743432135.1627953,LTE,CONNECT,FDD,410A332,-82,-6,0,19,-82,-6,1,-82,-6,1,5,0,-60,LTE BAND 3,19,20980.0,2.5,2553,nan,0,1.42,0.0000
1743432136.2776847,LTE,CONNECT,FDD,410A332,-82,-6,0,20,-82,-6,1,-82,-6,1,5,0,-61,LTE BAND 3,19,31453.0,3.75,3827,nan,0,1.43,0.0000
1743432137.3818135,LTE,CONNECT,FDD,410A332,-82,-7,0,21,-82,-7,1,-82,-7,1,5,0,-61,LTE BAND 3,19,41956.0,5.0,5105,nan,0,1.43,0.0000
1743432138.4366424,LTE,CONNECT,FDD,410A332,-82,-7,1,19,-82,-7,1,-82,-7,1,5,0,-60,LTE BAND 3,19,20972.0,2.5,2552,nan,0,1.43,0.0000
1743432139.52851,LTE,CONNECT,FDD,410A332,-82,-7,1,20,-82,-7,1,-82,-7,1,5,0,-60,LTE BAND 3,19,10481.0,1.25,1275,nan,0,1.44,0.0000
1743432140.6274915,LTE,CONNECT,FDD,410A332,-82,-7,0,18,-82,-7,1,-82,-7,1,5,0,-60,LTE BAND 3,19,31467.0,3.75,3828,nan,0,1.44,0.0000
1743432141.7081585,LTE,CONNECT,FDD,410A332,-82,-8,0,20,-82,-8,1,-82,-8,1,5,0,-60,LTE BAND 3,19,20966.0,2.5,2551,nan,0,1.46,0.0000
1743432142.8085268,LTE,CONNECT,FDD,410A332,-82,-7,2,20,-82,-7,1,-82,-7,1,5,0,-61,LTE BAND 3,19,20976.0,2.5,2552,nan,0,1.53,0.0000
1743432143.8788395,LTE,CONNECT,FDD,410A332,-82,-7,0,19,-82,-7,1,-82,-7,1,5,0,-60,LTE BAND 3,19,20969.0,2.5,2551,nan,0,1.6,0.0000
1743432144.9862504,LTE,CONNECT,FDD,410A332,-82,-6,1,18,-82,-6,1,-82,-6,1,5,0,-61,LTE BAND 3,19,41950.0,5.0,5104,nan,0,1.69,0.0000
1743432146.0984635,LTE,CONNECT,FDD,410A332,-82,-6,1,18,-82,-6,1,-82,-6,1,5,0,-61,LTE BAND 3,19,20963.0,2.5,2550,nan,0,1.78,0.0000
1743432147.210236,LTE,CONNECT,FDD,410A332,-82,-8,1,19,-82,-8,1,-82,-8,1,5,0,-59,LTE BAND 3,19,10480.0,1.25,1177,nan,69,1.26,0.0001
1743432148.3470392,LTE,CONNECT,FDD,410A332,-82,-7,0,19,-82,-7,1,-82,-7,1,5,0,-60,LTE BAND 3,19,31476.0,3.75,3830,nan,0,1.31,0.0000
1743432149.463399,LTE,CONNECT,FDD,410A332,-82,-7,0,18,-82,-7,1,-82,-7,1,5,0,-59,LTE BAND 3,19,20970.0,2.5,2551,nan,0,1.42,0.0000
1743432150.5669456,LTE,CONNECT,FDD,410A332,-82,-6,1,19,-82,-7,1,-82,-7,1,5,0,-60,LTE BAND 3,19,41962.0,5.0,5105,nan,0,1.55,0.0000
1743432151.689523,LTE,CONNECT,FDD,410A332,-82,-8,1,16,-82,-8,1,-82,-8,1,5,0,-60,LTE BAND 3,19,31457.0,3.75,3827,nan,0,1.63,0.0000
1743432152.7450666,LTE,CONNECT,FDD,410A332,-81,-6,1,16,-81,-6,1,-81,-6,1,5,0,-60,LTE BAND 3,19,31459.0,3.75,3828,nan,0,1.74,0.0000
1743432153.8526862,LTE,CONNECT,FDD,410A332,-81,-7,1,19,-81,-7,1,-81,-7,1,5,0,-60,LTE BAND 3,19,10481.0,1.25,1194,nan,57,1.26,0.0001
1743432154.9956887,LTE,CONNECT,FDD,410A332,-81,-7,2,18,-81,-7,1,-81,-7,1,5,0,-60,LTE BAND 3,19,20973.0,2.5,2552,nan,0,1.25,0.0000
1743432156.0996687,LTE,CONNECT,FDD,410A332,-81,-6,1,19,-81,-6,1,-81,-6,1,5,0,-61,LTE BAND 3,19,31469.0,3.75,3829,nan,0,1.32,0.0000
1743432157.2076762,LTE,CONNECT,FDD,410A332,-82,-9,1,21,-82,-9,1,-82,-9,1,5,0,-60,LTE BAND 3,19,20971.0,2.5,2551,nan,0,1.38,0.0000
1743432158.327999,LTE,CONNECT,FDD,410A332,-81,-6,2,19,-81,-6,1,-81,-6,1,5,0,-61,LTE BAND 3,19,20974.0,2.5,2552,nan,0,1.42,0.0000
1743432159.4253023,LTE,CONNECT,FDD,410A332,-81,-7,1,19,-81,-7,1,-81,-7,1,5,0,-61,LTE BAND 3,19,31456.0,3.75,3827,nan,0,1.46,0.0000
1743432160.545662,LTE,CONNECT,FDD,410A332,-82,-7,0,19,-82,-7,1,-82,-7,1,5,0,-61,LTE BAND 3,19,31459.0,3.75,3828,nan,0,1.48,0.0000
1743432161.6831927,LTE,CONNECT,FDD,410A332,-82,-6,1,19,-82,-6,1,-82,-6,1,5,0,-61,LTE BAND 3,19,20971.0,2.5,2551,nan,0,1.48,0.0000
1743432162.7982442,LTE,CONNECT,FDD,410A332,-82,-7,1,18,-81,-6,1,-81,-6,1,5,0,-61,LTE BAND 3,19,10483.0,1.25,1275,nan,0,1.49,0.0000
1743432163.9088836,LTE,CONNECT,FDD,410A332,-81,-7,0,19,-81,-7,1,-81,-7,1,5,0,-60,LTE BAND 3,19,31462.0,3.75,3828,nan,0,1.49,0.0000
1743432165.0006948,LTE,CONNECT,FDD,410A332,-82,-7,0,20,-82,-7,1,-82,-7,1,5,0,-60,LTE BAND 3,19,20971.0,2.5,2551,nan,0,1.49,0.0000
1743432166.120411,LTE,CONNECT,FDD,410A332,-82,-8,2,21,-82,-8,1,-82,-8,1,5,0,-61,LTE BAND 3,19,10482.0,1.25,1275,nan,0,1.5,0.0000
1743432167.2294145,LTE,CONNECT,FDD,410A332,-82,-7,1,18,-82,-7,1,-82,-7,1,5,0,-60,LTE BAND 3,19,20973.0,2.5,2552,nan,0,1.52,0.0000
1743432168.3525019,LTE,CONNECT,FDD,410A332,-82,-7,2,19,-82,-7,1,-82,-7,1,5,0,-60,LTE BAND 3,19,31468.0,3.75,3829,nan,0,1.55,0.0000
1743432169.4531794,LTE,CONNECT,FDD,410A332,-82,-7,2,20,-82,-7,1,-82,-7,1,5,0,-60,LTE BAND 3,19,20968.0,2.5,2551,nan,0,1.59,0.0000
1743432170.5429707,LTE,CONNECT,FDD,410A332,-81,-7,1,17,-81,-7,1,-81,-7,1,5,0,-61,LTE BAND 3,19,20970.0,2.5,2551,nan,0,1.65,0.0000
1743432171.657718,LTE,CONNECT,FDD,410A332,-82,-7,2,17,-82,-7,1,-82,-7,1,5,0,-60,LTE BAND 3,19,10484.0,1.25,1276,nan,0,1.73,0.0000
1743432172.7806816,LTE,CONNECT,FDD,410A332,-81,-7,1,17,-81,-7,1,-81,-7,1,5,0,-61,LTE BAND 3,19,31455.0,3.75,3827,nan,0,1.3,0.0000
1743432173.897116,LTE,CONNECT,FDD,410A332,-82,-7,1,19,-82,-7,1,-82,-7,1,5,0,-60,LTE BAND 3,19,20968.0,2.5,2551,nan,0,1.41,0.0000
1743432175.010616,LTE,CONNECT,FDD,410A332,-82,-7,1,19,-82,-7,1,-82,-7,1,5,0,-60,LTE BAND 3,19,31466.0,3.75,3828,nan,0,1.51,0.0000
1743432176.1175463,LTE,CONNECT,FDD,410A332,-82,-6,1,19,-82,-6,1,-82,-6,1,5,0,-60,LTE BAND 3,19,20969.0,2.5,2551,nan,0,1.59,0.0000
1743432177.2519662,LTE,CONNECT,FDD,410A332,-81,-8,2,16,-81,-8,1,-81,-8,1,5,0,-59,LTE BAND 3,19,20964.0,2.5,2551,nan,0,1.64,0.0000
1743432178.3728106,LTE,CONNECT,FDD,410A332,-82,-8,1,20,-82,-8,1,-82,-8,1,5,0,-60,LTE BAND 3,19,20979.0,2.5,2552,nan,0,1.67,0.0000
1743432179.4988825,LTE,CONNECT,FDD,410A332,-81,-6,1,18,-81,-6,1,-81,-6,1,5,0,-61,LTE BAND 3,19,10487.0,1.25,1276,nan,0,1.69,0.0000
1743432180.5794663,LTE,CONNECT,FDD,410A332,-81,-6,1,16,-81,-6,1,-81,-6,1,5,0,-61,LTE BAND 3,19,31460.0,3.75,3791,nan,26,1.19,0.0000
1743432181.7154903,LTE,CONNECT,FDD,410A332,-81,-6,0,18,-81,-6,1,-81,-6,1,5,0,-61,LTE BAND 3,19,20967.0,2.5,2551,nan,0,1.26,0.0000
1743432182.7959702,LTE,CONNECT,FDD,410A332,-82,-7,1,17,-82,-7,1,-82,-7,1,5,0,-60,LTE BAND 3,19,20966.0,2.5,2551,nan,0,1.37,0.0000
1743432183.9132898,LTE,CONNECT,FDD,410A332,-82,-7,1,18,-82,-8,1,-82,-8,1,5,0,-60,LTE BAND 3,19,20970.0,2.5,2551,nan,0,1.4,0.0000
1743432185.0206816,LTE,CONNECT,FDD,410A332,-81,-6,1,18,-81,-6,1,-81,-6,1,5,0,-61,LTE BAND 3,19,31459.0,3.75,3828,nan,0,1.43,0.0000
1743432186.122492,LTE,CONNECT,FDD,410A332,-82,-6,2,18,-82,-6,1,-82,-6,1,5,0,-60,LTE BAND 3,19,31465.0,3.75,3828,nan,0,1.44,0.0000
1743432187.1845815,LTE,CONNECT,FDD,410A332,-82,-8,1,18,-82,-8,1,-82,-8,1,5,0,-58,LTE BAND 3,19,20967.0,2.5,2551,nan,0,1.44,0.0000
1743432188.2468297,LTE,CONNECT,FDD,410A332,-81,-7,1,20,-81,-7,1,-81,-7,1,5,0,-59,LTE BAND 3,19,20974.0,2.5,2552,nan,0,1.44,0.0000
1743432189.3710477,LTE,CONNECT,FDD,410A332,-80,-6,0,19,-80,-6,1,-80,-6,1,5,0,-60,LTE BAND 3,19,20972.0,2.5,2552,nan,0,1.44,0.0000
1743432190.4926271,LTE,CONNECT,FDD,410A332,-80,-6,0,19,-80,-6,1,-80,-6,1,5,0,-60,LTE BAND 3,19,31457.0,3.75,3827,nan,0,1.45,0.0000
1743432191.5668209,LTE,CONNECT,FDD,410A332,-81,-7,0,21,-81,-7,1,-81,-7,1,5,0,-61,LTE BAND 3,19,31459.0,3.75,3828,nan,0,1.46,0.0000
1743432192.6552672,LTE,CONNECT,FDD,410A332,-81,-6,0,19,-81,-6,1,-81,-6,1,5,0,-60,LTE BAND 3,19,20970.0,2.5,2551,nan,0,1.47,0.0000
1743432193.7399,LTE,CONNECT,FDD,410A332,-81,-6,0,19,-81,-6,1,-81,-6,1,5,0,-61,LTE BAND 3,19,31462.0,3.75,3828,nan,0,1.5,0.0000
1743432194.8234725,LTE,CONNECT,FDD,410A332,-81,-8,1,21,-81,-8,1,-81,-8,1,5,0,-60,LTE BAND 3,19,10480.0,1.25,1275,nan,0,1.59,0.0000
1743432195.8896425,LTE,CONNECT,FDD,410A332,-81,-6,1,20,-81,-6,1,-81,-6,1,5,0,-61,LTE BAND 3,19,31476.0,3.75,3830,nan,0,1.68,0.0000
1743432197.001649,LTE,CONNECT,FDD,410A332,-81,-7,3,21,-81,-8,1,-81,-8,1,5,0,-60,LTE BAND 3,19,10479.0,1.25,1246,nan,20,1.61,0.0000
1743432198.0727384,LTE,CONNECT,FDD,410A332,-80,-7,-1,21,-80,-7,1,-80,-7,1,5,0,-61,LTE BAND 3,19,20982.0,2.5,2490,nan,44,1.22,0.0000
1743432199.1835847,LTE,CONNECT,FDD,410A332,-78,-6,2,21,-78,-6,1,-78,-6,1,5,0,-61,LTE BAND 3,19,20973.0,2.5,2552,nan,0,1.28,0.0000
1743432200.2947273,LTE,CONNECT,FDD,410A332,-78,-5,1,19,-78,-5,1,-78,-5,1,5,0,-61,LTE BAND 3,19,20971.0,2.5,2551,nan,0,1.41,0.0000
1743432201.358911,LTE,CONNECT,FDD,410A332,-79,-7,2,20,-79,-7,1,-79,-7,1,5,0,-61,LTE BAND 3,19,20967.0,2.5,2551,nan,0,1.51,0.0000
1743432202.463075,LTE,CONNECT,FDD,410A332,-79,-8,0,21,-79,-8,1,-79,-8,1,5,0,-61,LTE BAND 3,19,20976.0,2.5,2552,nan,0,1.57,0.0000
1743432203.5532463,LTE,CONNECT,FDD,410A332,-79,-6,1,19,-79,-6,1,-79,-6,1,5,0,-61,LTE BAND 3,19,10481.0,1.25,1275,nan,0,1.63,0.0000
1743432204.654226,LTE,CONNECT,FDD,410A332,-79,-6,2,17,-79,-6,1,-79,-6,1,5,0,-61,LTE BAND 3,19,31474.0,3.75,3829,nan,0,1.69,0.0000
1743432205.7359462,LTE,CONNECT,FDD,410A332,-79,-6,0,18,-79,-6,1,-79,-6,1,5,0,-60,LTE BAND 3,19,31453.0,3.75,3827,nan,0,1.72,0.0000
1743432206.8501632,LTE,CONNECT,FDD,410A332,-78,-6,1,20,-78,-6,1,-78,-6,1,5,0,-60,LTE BAND 3,19,20971.0,2.5,2496,nan,39,1.22,0.0000
1743432207.948815,LTE,CONNECT,FDD,410A332,-79,-6,0,18,-79,-6,1,-79,-6,1,5,0,-60,LTE BAND 3,19,41932.0,5.0,5102,nan,0,895.0,0.0000
1743432209.04884,LTE,CONNECT,FDD,410A332,-78,-6,1,18,-78,-6,1,-78,-6,1,5,0,-61,LTE BAND 3,19,20974.0,2.5,2552,nan,0,949.0,0.0000
1743432210.142852,LTE,CONNECT,FDD,410A332,-78,-7,1,19,-78,-7,1,-78,-7,1,5,0,-60,LTE BAND 3,19,20976.0,2.5,2552,nan,0,993.0,0.0000
1743432211.2294877,LTE,CONNECT,FDD,410A332,-78,-6,1,18,-78,-6,1,-78,-6,1,5,0,-60,LTE BAND 3,19,31460.0,3.75,3828,nan,0,1.0,0.0000
1743432212.3647141,LTE,CONNECT,FDD,410A332,-78,-6,2,17,-78,-6,1,-78,-6,1,5,0,-60,LTE BAND 3,19,31455.0,3.75,3827,nan,0,1.02,0.0000
1743432213.4440413,LTE,CONNECT,FDD,410A332,-78,-6,2,17,-78,-6,1,-78,-6,1,5,0,-60,LTE BAND 3,19,20965.0,2.5,2551,nan,0,1.03,0.0000
1743432214.5828905,LTE,CONNECT,FDD,410A332,-78,-6,2,16,-78,-6,1,-78,-6,1,5,0,-59,LTE BAND 3,19,20974.0,2.5,2552,nan,0,1.03,0.0000
1743432215.6983259,LTE,CONNECT,FDD,410A332,-79,-7,2,17,-79,-7,1,-79,-7,1,5,0,-61,LTE BAND 3,19,20973.0,2.5,2552,nan,0,1.03,0.0000
1743432216.8097482,LTE,CONNECT,FDD,410A332,-79,-7,1,17,-79,-7,1,-79,-7,1,5,0,-59,LTE BAND 3,19,10485.0,1.25,1276,nan,0,1.04,0.0000
1743432217.9090018,LTE,CONNECT,FDD,410A332,-79,-6,2,18,-79,-6,1,-79,-6,1,5,0,-60,LTE BAND 3,19,20973.0,2.5,2552,nan,0,1.05,0.0000
1743432219.0336592,LTE,CONNECT,FDD,410A332,-78,-7,1,19,-78,-7,1,-78,-7,1,5,0,-60,LTE BAND 3,19,20971.0,2.5,2551,nan,0,1.07,0.0000
1743432220.1013298,LTE,CONNECT,FDD,410A332,-78,-7,2,18,-78,-7,1,-78,-7,1,5,0,-60,LTE BAND 3,19,10481.0,1.25,1275,nan,0,1.09,0.0000
1743432221.1857839,LTE,CONNECT,FDD,410A332,-78,-6,1,16,-78,-6,1,-78,-6,1,5,0,-60,LTE BAND 3,19,20984.0,2.5,2553,nan,0,1.14,0.0000
1743432222.300631,LTE,CONNECT,FDD,410A332,-78,-7,3,20,-78,-7,1,-78,-7,1,5,0,-60,LTE BAND 3,19,10478.0,1.25,1275,nan,0,1.19,0.0000
1743432223.4415917,LTE,CONNECT,FDD,410A332,-78,-7,1,21,-78,-7,1,-78,-7,1,5,0,-61,LTE BAND 3,19,20981.0,2.5,2553,nan,0,1.28,0.0000
1743432224.5424702,LTE,CONNECT,FDD,410A332,-78,-8,3,20,-78,-8,1,-78,-8,1,5,0,-59,LTE BAND 3,19,20972.0,2.5,2552,nan,0,1.39,0.0000
1743432225.5900664,LTE,CONNECT,FDD,410A332,-78,-6,0,19,-78,-6,1,-78,-6,1,5,0,-61,LTE BAND 3,19,20970.0,2.5,2551,nan,0,1.52,0.0000
1743432226.6662228,LTE,CONNECT,FDD,410A332,-78,-6,0,19,-78,-6,1,-78,-6,1,5,0,-60,LTE BAND 3,19,31466.0,3.75,3828,nan,0,1.7,0.0000
1743432227.7719634,LTE,CONNECT,FDD,410A332,-78,-7,1,19,-78,-7,1,-78,-7,1,5,0,-60,LTE BAND 3,19,31465.0,3.75,3793,nan,25,1.29,0.0000
1743432228.855532,LTE,CONNECT,FDD,410A332,-78,-6,1,19,-78,-6,1,-78,-6,1,5,0,-60,LTE BAND 3,19,10484.0,1.25,1276,nan,0,1.39,0.0000
1743432229.9343736,LTE,CONNECT,FDD,410A332,-78,-7,2,17,-78,-7,1,-78,-7,1,5,0,-59,LTE BAND 3,19,20977.0,2.5,2552,nan,0,1.49,0.0000
1743432231.025433,LTE,CONNECT,FDD,410A332,-78,-6,1,18,-78,-7,1,-78,-7,1,5,0,-60,LTE BAND 3,19,10483.0,1.25,1275,nan,0,1.61,0.0000
1743432232.145452,LTE,CONNECT,FDD,410A332,-78,-8,1,22,-78,-7,1,-78,-7,1,5,0,-60,LTE BAND 3,19,20975.0,2.5,2552,nan,0,1.66,0.0000
1743432233.269993,LTE,CONNECT,FDD,410A332,-78,-6,2,22,-78,-6,1,-78,-6,1,5,0,-61,LTE BAND 3,19,10485.0,1.25,1276,nan,0,1.72,0.0000
1743432234.3793552,LTE,CONNECT,FDD,410A332,-78,-5,2,17,-78,-6,1,-78,-6,1,5,0,-61,LTE BAND 3,19,0.0,0.0,-41,nan,29,1.2,0.0000
1743432235.5087068,LTE,CONNECT,FDD,410A332,-78,-6,2,14,-78,-6,1,-78,-6,1,5,0,-61,LTE BAND 3,19,41983.0,5.0,5095,nan,9,867.0,0.0000
1743432236.6109598,LTE,CONNECT,FDD,410A332,-78,-6,2,19,-78,-6,1,-78,-6,1,5,0,-60,LTE BAND 3,19,10480.0,1.25,1275,nan,0,919.0,0.0000
1743432237.6777189,LTE,CONNECT,FDD,410A332,-78,-6,1,19,-78,-6,1,-78,-6,1,5,0,-60,LTE BAND 3,19,10482.0,1.25,1275,nan,0,964.0,0.0000
1743432238.7712038,LTE,CONNECT,FDD,410A332,-78,-7,2,20,-78,-7,1,-78,-7,1,5,0,-61,LTE BAND 3,19,10484.0,1.25,1276,nan,0,1.0,0.0000
1743432239.865445,LTE,CONNECT,FDD,410A332,-78,-8,1,19,-78,-8,1,-78,-8,1,5,0,-59,LTE BAND 3,19,20972.0,2.5,2552,nan,0,1.02,0.0000
1743432240.9828322,LTE,CONNECT,FDD,410A332,-78,-10,2,22,-78,-10,1,-78,-10,1,5,0,-59,LTE BAND 3,19,20974.0,2.5,2552,nan,0,1.02,0.0000
1743432242.0884898,LTE,CONNECT,FDD,410A332,-78,-10,1,22,-78,-10,1,-78,-10,1,5,0,-59,LTE BAND 3,19,20973.0,2.5,2552,nan,0,1.02,0.0000
1743432243.1909432,LTE,CONNECT,FDD,410A332,-78,-9,2,21,-78,-9,1,-78,-9,1,5,0,-60,LTE BAND 3,19,10481.0,1.25,1275,nan,0,1.02,0.0000
1743432244.2894819,LTE,CONNECT,FDD,410A332,-78,-8,1,16,-78,-8,1,-78,-8,1,5,0,-60,LTE BAND 3,19,20978.0,2.5,2552,nan,0,1.03,0.0000
1743432245.3987224,LTE,CONNECT,FDD,410A332,-78,-9,2,22,-78,-9,1,-78,-9,1,5,0,-59,LTE BAND 3,19,20973.0,2.5,2552,nan,0,1.03,0.0000
1743432246.5031526,LTE,CONNECT,FDD,410A332,-78,-8,2,22,-78,-8,1,-78,-8,1,5,0,-60,LTE BAND 3,19,20974.0,2.5,2552,nan,0,1.05,0.0000
1743432247.6176963,LTE,CONNECT,FDD,410A332,-78,-8,2,20,-78,-8,1,-78,-8,1,5,0,-60,LTE BAND 3,19,20970.0,2.5,2551,nan,0,1.08,0.0000
1743432248.7189274,LTE,CONNECT,FDD,410A332,-78,-9,0,20,-78,-9,1,-78,-9,1,5,0,-60,LTE BAND 3,19,10485.0,1.25,1276,nan,0,1.12,0.0000
1743432249.7997975,LTE,CONNECT,FDD,410A332,-78,-7,1,19,-78,-7,1,-78,-7,1,5,0,-60,LTE BAND 3,19,20973.0,2.5,2552,nan,0,1.25,0.0000
1743432250.899769,LTE,CONNECT,FDD,410A332,-78,-10,1,22,-78,-10,1,-78,-10,1,5,0,-59,LTE BAND 3,19,10482.0,1.25,1275,nan,0,1.34,0.0000
1743432251.9664254,LTE,CONNECT,FDD,410A332,-78,-10,1,19,-78,-10,1,-78,-10,1,5,0,-59,LTE BAND 3,19,20975.0,2.5,2552,nan,0,1.45,0.0000
1743432253.0844605,LTE,CONNECT,FDD,410A332,-78,-10,1,18,-78,-10,1,-78,-10,1,5,0,-59,LTE BAND 3,19,10484.0,1.25,1276,nan,0,1.59,0.0000
1743432254.199736,LTE,CONNECT,FDD,410A332,-78,-7,2,19,-78,-7,1,-78,-7,1,5,0,-61,LTE BAND 3,19,20981.0,2.5,2553,nan,0,1.76,0.0000
1743432255.316746,LTE,CONNECT,FDD,410A332,-78,-7,1,20,-78,-7,1,-78,-7,1,5,0,-60,LTE BAND 3,19,10484.0,1.25,1164,nan,78,1.29,0.0001
1743432256.3712502,LTE,CONNECT,FDD,410A332,-78,-8,1,16,-78,-8,1,-78,-8,1,5,0,-59,LTE BAND 3,19,20970.0,2.5,2546,nan,4,1.31,0.0000
1743432257.4826963,LTE,CONNECT,FDD,410A332,-78,-8,1,20,-78,-7,1,-78,-7,1,5,0,-60,LTE BAND 3,19,20973.0,2.5,2552,nan,0,1.4,0.0000
1743432258.5737872,LTE,CONNECT,FDD,410A332,-78,-8,1,19,-78,-8,1,-78,-8,1,5,0,-60,LTE BAND 3,19,20974.0,2.5,2552,nan,0,1.53,0.0000
1743432259.6862328,LTE,CONNECT,FDD,410A332,-78,-9,0,22,-78,-9,1,-78,-9,1,5,0,-60,LTE BAND 3,19,20973.0,2.5,2552,nan,0,1.62,0.0000
1743432260.784159,LTE,CONNECT,FDD,410A332,-78,-5,1,21,-78,-6,1,-78,-6,1,5,0,-60,LTE BAND 3,19,10486.0,1.25,1276,nan,0,1.73,0.0000
1743432261.8456237,LTE,CONNECT,FDD,410A332,-78,-6,2,18,-78,-6,1,-78,-6,1,5,0,-61,LTE BAND 3,19,10488.0,1.25,1192,nan,59,1.22,0.0001
1743432262.920266,LTE,CONNECT,FDD,410A332,-79,-6,1,19,-79,-6,1,-79,-6,1,5,0,-61,LTE BAND 3,19,31452.0,3.75,3827,nan,0,1.27,0.0000
1743432263.989486,LTE,CONNECT,FDD,410A332,-78,-6,1,18,-78,-6,1,-78,-6,1,5,0,-61,LTE BAND 3,19,31456.0,3.75,3827,nan,0,1.34,0.0000
1743432265.0538085,LTE,CONNECT,FDD,410A332,-79,-6,2,18,-79,-6,1,-79,-6,1,5,0,-60,LTE BAND 3,19,41952.0,5.0,5104,nan,0,1.4,0.0000
1743432266.1114526,LTE,CONNECT,FDD,410A332,-78,-6,3,19,-78,-6,1,-78,-6,1,5,0,-60,LTE BAND 3,19,20970.0,2.5,2551,nan,0,1.43,0.0000
1743432267.244988,LTE,CONNECT,FDD,410A332,-81,-7,0,22,-81,-7,1,-81,-7,1,5,0,-61,LTE BAND 3,19,20972.0,2.5,2552,nan,0,1.45,0.0000
1743432268.3723748,LTE,CONNECT,FDD,410A332,-79,-6,-5,22,-79,-6,1,-79,-6,1,5,0,-62,LTE BAND 3,19,10487.0,1.25,1276,nan,0,1.46,0.0000
1743432269.5075982,LTE,CONNECT,FDD,410A332,-81,-7,-1,18,-81,-7,1,-81,-7,1,5,0,-60,LTE BAND 3,19,20968.0,2.5,2551,nan,0,1.48,0.0000
1743432270.5654137,LTE,CONNECT,FDD,410A332,-77,-6,4,18,-77,-6,1,-77,-6,1,5,0,-61,LTE BAND 3,19,31459.0,3.75,3828,nan,0,1.48,0.0000
1743432271.681228,LTE,CONNECT,FDD,410A332,-77,-7,4,22,-77,-7,1,-77,-7,1,5,0,-57,LTE BAND 3,19,31462.0,3.75,3828,nan,0,1.48,0.0000
1743432272.7525246,LTE,CONNECT,FDD,410A332,-77,-7,4,18,-77,-7,1,-77,-7,1,5,0,-59,LTE BAND 3,19,20974.0,2.5,2552,nan,0,1.49,0.0000
1743432273.8553083,LTE,CONNECT,FDD,410A332,-77,-7,4,16,-77,-7,1,-77,-7,1,5,0,-60,LTE BAND 3,19,10480.0,1.25,1275,nan,0,1.5,0.0000
1743432274.9273183,LTE,CONNECT,FDD,410A332,-77,-6,2,17,-77,-6,1,-77,-6,1,5,0,-61,LTE BAND 3,19,31469.0,3.75,3829,nan,0,1.52,0.0000
1743432276.0274935,LTE,CONNECT,FDD,410A332,-78,-6,1,16,-78,-6,1,-78,-6,1,5,0,-60,LTE BAND 3,19,31466.0,3.75,3828,nan,0,1.56,0.0000
1743432277.138656,LTE,CONNECT,FDD,410A332,-78,-5,1,16,-78,-5,1,-78,-5,1,5,0,-60,LTE BAND 3,19,20968.0,2.5,2551,nan,0,1.62,0.0000
1743432278.250404,LTE,CONNECT,FDD,410A332,-77,-7,0,16,-77,-7,1,-77,-7,1,5,0,-60,LTE BAND 3,19,31460.0,3.75,3828,nan,0,1.69,0.0000
1743432279.384777,LTE,CONNECT,FDD,410A332,-77,-6,4,15,-77,-6,1,-77,-6,1,5,0,-60,LTE BAND 3,19,20972.0,2.5,2515,nan,26,1.21,0.0000
1743432280.4290445,LTE,CONNECT,FDD,410A332,-81,-6,0,18,-81,-6,1,-81,-6,1,5,0,-62,LTE BAND 3,19,31451.0,3.75,3827,nan,0,1.29,0.0000
1743432281.4979827,LTE,CONNECT,FDD,410A332,-81,-6,1,13,-81,-6,1,-81,-6,1,5,0,-61,LTE BAND 3,19,41954.0,5.0,5104,nan,0,1.41,0.0000
1743432282.563199,LTE,CONNECT,FDD,410A332,-82,-6,1,14,-82,-6,1,-82,-6,1,5,0,-60,LTE BAND 3,19,31456.0,3.75,3827,nan,0,1.51,0.0000
1743432283.623533,LTE,CONNECT,FDD,410A332,-80,-6,0,17,-79,-6,1,-79,-6,1,5,0,-61,LTE BAND 3,19,20962.0,2.5,2550,nan,0,1.58,0.0000
1743432284.731027,LTE,CONNECT,FDD,410A332,-82,-7,2,17,-82,-7,1,-82,-7,1,5,0,-61,LTE BAND 3,19,20972.0,2.5,2552,nan,0,1.62,0.0000
1743432285.8286605,LTE,CONNECT,FDD,410A332,-86,-8,-2,20,-86,-8,1,-86,-8,1,5,0,-61,LTE BAND 3,19,20978.0,2.5,2552,nan,0,1.7,0.0000
1743432286.9048648,LTE,CONNECT,FDD,410A332,-85,-7,3,18,-85,-7,1,-85,-7,1,5,0,-59,LTE BAND 3,19,20971.0,2.5,2520,nan,22,1.19,0.0000
1743432288.0293381,LTE,CONNECT,FDD,410A332,-84,-7,3,17,-84,-7,1,-84,-7,1,5,0,-60,LTE BAND 3,19,31458.0,3.75,3827,nan,0,1.26,0.0000
1743432289.129385,LTE,CONNECT,FDD,410A332,-83,-7,0,17,-83,-7,1,-83,-7,1,5,0,-60,LTE BAND 3,19,31455.0,3.75,3827,nan,0,1.32,0.0000
1743432290.193355,LTE,CONNECT,FDD,410A332,-85,-7,3,18,-85,-7,1,-85,-7,1,5,0,-59,LTE BAND 3,19,31455.0,3.75,3827,nan,0,1.37,0.0000
1743432291.286702,LTE,CONNECT,FDD,410A332,-85,-8,2,15,-85,-8,1,-96,-16,-5,5,0,-60,LTE BAND 3,19,31456.0,3.75,3827,nan,0,1.4,0.0000
1743432292.391444,LTE,CONNECT,FDD,410A332,-81,-7,0,16,-81,-6,1,-81,-6,1,5,0,-61,LTE BAND 3,19,20966.0,2.5,2551,nan,0,1.42,0.0000
1743432293.5154402,LTE,CONNECT,FDD,410A332,-82,-7,0,15,-82,-7,1,-82,-7,1,5,0,-61,LTE BAND 3,19,31471.0,3.75,3829,nan,0,1.44,0.0000
1743432294.6310818,LTE,CONNECT,FDD,410A332,-81,-6,-2,17,-81,-6,1,-81,-6,1,5,0,-61,LTE BAND 3,19,10484.0,1.25,1276,nan,0,1.44,0.0000
1743432295.7376125,LTE,CONNECT,FDD,410A332,-84,-7,4,15,-84,-7,1,-84,-7,1,5,0,-59,LTE BAND 3,19,31454.0,3.75,3827,nan,0,1.44,0.0000
1743432296.8151739,LTE,CONNECT,FDD,410A332,-83,-7,2,18,-83,-7,1,-83,-7,1,5,0,-60,LTE BAND 3,19,31457.0,3.75,3827,nan,0,1.45,0.0000
1743432297.8704748,LTE,CONNECT,FDD,410A332,-81,-7,-1,15,-81,-7,1,-81,-7,1,5,0,-61,LTE BAND 3,19,31457.0,3.75,3827,nan,0,1.45,0.0000
1743432299.0105164,LTE,CONNECT,FDD,410A332,-81,-7,-2,20,-81,-7,1,-81,-7,1,5,0,-61,LTE BAND 3,19,20969.0,2.5,2551,nan,0,1.47,0.0000
1743432300.1450977,LTE,CONNECT,FDD,410A332,-81,-8,-1,17,-81,-8,1,-81,-8,1,5,0,-60,LTE BAND 3,19,10480.0,1.25,1275,nan,0,1.49,0.0000
1743432301.2740688,LTE,CONNECT,FDD,410A332,-83,-7,0,17,-83,-7,1,-83,-7,1,5,0,-60,LTE BAND 3,19,31475.0,3.75,3829,nan,0,1.54,0.0000
1743432302.3757553,LTE,CONNECT,FDD,410A332,-82,-6,0,15,-82,-6,1,-82,-6,1,5,0,-60,LTE BAND 3,19,31466.0,3.75,3828,nan,0,1.6,0.0000
1743432303.5063505,LTE,CONNECT,FDD,410A332,-89,-10,2,18,-89,-10,1,-89,-10,1,5,0,-60,LTE BAND 3,19,20966.0,2.5,2551,nan,0,1.67,0.0000
1743432304.637322,LTE,CONNECT,FDD,410A332,-84,-7,4,18,-84,-7,1,-84,-7,1,5,0,-59,LTE BAND 3,19,31457.0,3.75,3827,nan,0,1.77,0.0000
1743432305.7457175,LTE,CONNECT,FDD,410A332,-84,-8,1,18,-84,-8,1,-84,-8,1,5,0,-60,LTE BAND 3,19,20977.0,2.5,2478,nan,52,1.25,0.0000
1743432306.8517783,LTE,CONNECT,FDD,410A332,-83,-8,1,16,-83,-8,1,-83,-8,1,5,0,-59,LTE BAND 3,19,20971.0,2.5,2551,nan,0,1.45,0.0000
1743432307.9278846,LTE,CONNECT,FDD,410A332,-84,-7,2,17,-84,-7,1,-84,-7,1,5,0,-60,LTE BAND 3,19,20974.0,2.5,2552,nan,0,1.56,0.0000
1743432309.0499227,LTE,CONNECT,FDD,410A332,-85,-8,4,20,-85,-8,1,-85,-8,1,5,0,-58,LTE BAND 3,19,20965.0,2.5,2551,nan,0,1.64,0.0000
1743432310.1817892,LTE,CONNECT,FDD,410A332,-82,-8,-5,22,-82,-8,1,-82,-8,1,5,0,-61,LTE BAND 3,19,31469.0,3.75,3829,nan,0,1.7,0.0000
1743432311.2940626,LTE,CONNECT,FDD,410A332,-84,-7,0,17,-84,-7,1,-84,-7,1,5,0,-60,LTE BAND 3,19,10479.0,1.25,1256,nan,13,1.21,0.0000
1743432312.354065,LTE,CONNECT,FDD,410A332,-81,-7,0,15,-81,-7,1,-81,-7,1,5,0,-59,LTE BAND 3,19,41957.0,5.0,5105,nan,0,1.25,0.0000
1743432313.5176923,LTE,CONNECT,FDD,410A332,-79,-6,0,14,-79,-6,1,-79,-6,1,5,0,-60,LTE BAND 3,19,31458.0,3.75,3827,nan,0,1.32,0.0000
1743432314.6166947,LTE,CONNECT,FDD,410A332,-77,-5,1,13,-77,-5,1,-77,-5,1,5,0,-61,LTE BAND 3,19,31466.0,3.75,3828,nan,0,1.37,0.0000
1743432315.720177,LTE,CONNECT,FDD,410A332,-80,-6,-4,16,-80,-6,1,-80,-6,1,5,0,-62,LTE BAND 3,19,20962.0,2.5,2550,nan,0,1.41,0.0000
1743432316.8065183,LTE,CONNECT,FDD,410A332,-82,-7,5,17,-82,-6,1,-82,-6,1,5,0,-60,LTE BAND 3,19,31461.0,3.75,3828,nan,0,1.46,0.0000
1743432317.9056542,LTE,CONNECT,FDD,410A332,-81,-8,1,16,-81,-8,1,-81,-8,1,5,0,-60,LTE BAND 3,19,10480.0,1.25,1275,nan,0,1.46,0.0000
1743432318.965225,LTE,CONNECT,FDD,410A332,-80,-7,4,16,-80,-7,1,-80,-7,1,5,0,-59,LTE BAND 3,19,10490.0,1.25,1276,nan,0,1.46,0.0000
1743432320.0633254,LTE,CONNECT,FDD,410A332,-81,-6,1,18,-80,-6,1,-80,-6,1,5,0,-60,LTE BAND 3,19,31467.0,3.75,3828,nan,0,1.47,0.0000
1743432321.1214888,LTE,CONNECT,FDD,410A332,-79,-6,-1,19,-79,-6,1,-79,-6,1,5,0,-61,LTE BAND 3,19,20967.0,2.5,2551,nan,0,1.47,0.0000
1743432322.2106228,LTE,CONNECT,FDD,410A332,-79,-6,0,17,-79,-6,1,-79,-6,1,5,0,-60,LTE BAND 3,19,20972.0,2.5,2552,nan,0,1.47,0.0000
1743432323.2989311,LTE,CONNECT,FDD,410A332,-79,-6,0,20,-80,-6,1,-80,-6,1,5,0,-61,LTE BAND 3,19,31462.0,3.75,3828,nan,0,1.48,0.0000
1743432324.3731768,LTE,CONNECT,FDD,410A332,-80,-7,0,20,-80,-8,1,-80,-8,1,5,0,-60,LTE BAND 3,19,10481.0,1.25,1275,nan,0,1.5,0.0000
1743432325.5016081,LTE,CONNECT,FDD,410A332,-80,-7,0,19,-80,-7,1,-80,-7,1,5,0,-60,LTE BAND 3,19,20971.0,2.5,2551,nan,0,1.53,0.0000
1743432326.6094067,LTE,CONNECT,FDD,410A332,-80,-7,0,18,-80,-7,1,-80,-7,1,5,0,-60,LTE BAND 3,19,20976.0,2.5,2552,nan,0,1.59,0.0000
1743432327.7103746,LTE,CONNECT,FDD,410A332,-80,-7,0,19,-80,-7,1,-80,-7,1,5,0,-60,LTE BAND 3,19,31455.0,3.75,3827,nan,0,1.66,0.0000
1743432328.7771072,LTE,CONNECT,FDD,410A332,-79,-6,0,18,-79,-6,1,-79,-6,1,5,0,-61,LTE BAND 3,19,31451.0,3.75,3827,nan,0,1.28,0.0000
1743432329.8826709,LTE,CONNECT,FDD,410A332,-80,-6,0,19,-79,-6,1,-79,-6,1,5,0,-60,LTE BAND 3,19,31465.0,3.75,3828,nan,0,1.4,0.0000
1743432330.9861643,LTE,CONNECT,FDD,410A332,-79,-7,0,19,-79,-7,1,-79,-7,1,5,0,-61,LTE BAND 3,19,10480.0,1.25,1275,nan,0,1.48,0.0000
1743432332.061424,LTE,CONNECT,FDD,410A332,-80,-7,2,19,-80,-7,1,-80,-7,1,5,0,-61,LTE BAND 3,19,20977.0,2.5,2552,nan,0,1.57,0.0000
1743432333.1620207,LTE,CONNECT,FDD,410A332,-80,-7,0,20,-80,-7,1,-80,-7,1,5,0,-60,LTE BAND 3,19,20969.0,2.5,2551,nan,0,1.63,0.0000
1743432334.2604237,LTE,CONNECT,FDD,410A332,-81,-7,1,9,-81,-7,1,-81,-7,1,5,0,-60,LTE BAND 3,19,31468.0,3.75,3829,nan,0,1.68,0.0000
1743432335.3603046,LTE,CONNECT,FDD,410A332,-80,-7,0,18,-80,-7,1,-80,-7,1,5,0,-60,LTE BAND 3,19,20972.0,2.5,2552,nan,0,1.71,0.0000
1743432336.471933,LTE,CONNECT,FDD,410A332,-81,-8,1,16,-81,-8,1,-81,-8,1,5,0,-60,LTE BAND 3,19,20971.0,2.5,2522,nan,21,1.2,0.0000
1743432337.574032,LTE,CONNECT,FDD,410A332,-81,-7,1,18,-81,-7,1,-81,-7,1,5,0,-60,LTE BAND 3,19,20972.0,2.5,2552,nan,0,1.26,0.0000
1743432338.694409,LTE,CONNECT,FDD,410A332,-81,-7,1,18,-81,-7,1,-81,-7,1,5,0,-60,LTE BAND 3,19,20972.0,2.5,2552,nan,0,1.32,0.0000
1743432339.7966108,LTE,CONNECT,FDD,410A332,-81,-8,0,16,-81,-8,1,-81,-8,1,5,0,-60,LTE BAND 3,19,20985.0,2.5,2553,nan,0,1.41,0.0000
1743432340.898075,LTE,CONNECT,FDD,410A332,-82,-8,1,15,-82,-8,1,-82,-8,1,5,0,-60,LTE BAND 3,19,20969.0,2.5,2551,nan,0,1.44,0.0000
1743432342.0164871,LTE,CONNECT,FDD,410A332,-82,-8,1,17,-82,-8,1,-82,-8,1,5,0,-60,LTE BAND 3,19,20973.0,2.5,2552,nan,0,1.45,0.0000
1743432343.1532826,LTE,CONNECT,FDD,410A332,-81,-8,0,17,-81,-8,1,-81,-8,1,5,0,-60,LTE BAND 3,19,10482.0,1.25,1275,nan,0,1.46,0.0000
1743432344.279237,LTE,CONNECT,FDD,410A332,-81,-8,1,18,-81,-8,1,-81,-8,1,5,0,-60,LTE BAND 3,19,20980.0,2.5,2553,nan,0,1.46,0.0000
1743432345.3529446,LTE,CONNECT,FDD,410A332,-80,-6,0,14,-80,-6,1,-80,-6,1,5,0,-61,LTE BAND 3,19,20970.0,2.5,2551,nan,0,1.46,0.0000
1743432346.4661386,LTE,CONNECT,FDD,410A332,-80,-8,0,20,-80,-8,1,-80,-8,1,5,0,-61,LTE BAND 3,19,31455.0,3.75,3827,nan,0,1.46,0.0000
1743432347.5886457,LTE,CONNECT,FDD,410A332,-80,-6,1,19,-80,-6,1,-80,-6,1,5,0,-61,LTE BAND 3,19,20973.0,2.5,2552,nan,0,1.47,0.0000
1743432348.6697128,LTE,CONNECT,FDD,410A332,-80,-6,0,19,-80,-6,1,-80,-6,1,5,0,-61,LTE BAND 3,19,20968.0,2.5,2551,nan,0,1.48,0.0000
1743432349.7635086,LTE,CONNECT,FDD,410A332,-79,-6,0,18,-79,-6,1,-79,-6,1,5,0,-61,LTE BAND 3,19,31461.0,3.75,3828,nan,0,1.55,0.0000
1743432350.872469,LTE,CONNECT,FDD,410A332,-80,-7,0,18,-80,-7,1,-80,-7,1,5,0,-60,LTE BAND 3,19,20965.0,2.5,2551,nan,0,1.6,0.0000
1743432351.9789984,LTE,CONNECT,FDD,410A332,-81,-7,0,21,-81,-7,1,-81,-7,1,5,0,-60,LTE BAND 3,19,20958.0,2.5,2550,nan,0,1.67,0.0000
1743432353.0909052,LTE,CONNECT,FDD,410A332,-81,-7,0,17,-81,-7,1,-81,-7,1,5,0,-60,LTE BAND 3,19,20986.0,2.5,2535,nan,13,1.55,0.0000
1743432354.170962,LTE,CONNECT,FDD,410A332,-81,-7,0,16,-81,-7,1,-81,-7,1,5,0,-59,LTE BAND 3,19,41954.0,5.0,5104,nan,0,1.29,0.0000
1743432355.293729,LTE,CONNECT,FDD,410A332,-80,-7,0,17,-80,-7,1,-80,-7,1,5,0,-61,LTE BAND 3,19,20972.0,2.5,2552,nan,0,1.41,0.0000
1743432356.4097276,LTE,CONNECT,FDD,410A332,-80,-6,1,14,-80,-6,1,-80,-6,1,5,0,-60,LTE BAND 3,19,20968.0,2.5,2551,nan,0,1.51,0.0000
1743432357.5256796,LTE,CONNECT,FDD,410A332,-80,-6,0,17,-80,-6,1,-80,-6,1,5,0,-61,LTE BAND 3,19,41955.0,5.0,5105,nan,0,1.6,0.0000
1743432358.5828476,LTE,CONNECT,FDD,410A332,-78,-6,1,15,-78,-6,1,-78,-6,1,5,0,-59,LTE BAND 3,19,20968.0,2.5,2551,nan,0,1.66,0.0000
1743432359.6828372,LTE,CONNECT,FDD,410A332,-79,-6,-1,17,-79,-6,1,-79,-6,1,5,0,-61,LTE BAND 3,19,20967.0,2.5,2551,nan,0,1.7,0.0000
1743432360.7731228,LTE,CONNECT,FDD,410A332,-79,-6,0,17,-79,-6,1,-79,-6,1,5,0,-60,LTE BAND 3,19,31467.0,3.75,3800,nan,20,1.2,0.0000
1743432361.8414662,LTE,CONNECT,FDD,410A332,-79,-6,0,17,-79,-6,1,-79,-6,1,5,0,-60,LTE BAND 3,19,20970.0,2.5,2551,nan,0,1.32,0.0000
1743432362.9476585,LTE,CONNECT,FDD,410A332,-79,-6,0,16,-79,-6,1,-79,-6,1,5,0,-61,LTE BAND 3,19,31453.0,3.75,3827,nan,0,1.37,0.0000
1743432364.00984,LTE,CONNECT,FDD,410A332,-79,-6,0,18,-79,-6,1,-79,-6,1,5,0,-60,LTE BAND 3,19,31461.0,3.75,3828,nan,0,1.41,0.0000
1743432365.10351,LTE,CONNECT,FDD,410A332,-79,-7,0,18,-79,-7,1,-79,-7,1,5,0,-60,LTE BAND 3,19,31458.0,3.75,3827,nan,0,1.44,0.0000
1743432366.202115,LTE,CONNECT,FDD,410A332,-80,-6,0,17,-80,-6,1,-80,-6,1,5,0,-60,LTE BAND 3,19,20975.0,2.5,2552,nan,0,1.45,0.0000
1743432367.2700977,LTE,CONNECT,FDD,410A332,-79,-6,-1,17,-79,-6,1,-79,-6,1,5,0,-61,LTE BAND 3,19,31450.0,3.75,3826,nan,0,1.46,0.0000
1743432368.3218887,LTE,CONNECT,FDD,410A332,-79,-6,0,16,-79,-6,1,-79,-6,1,5,0,-60,LTE BAND 3,19,41951.0,5.0,5104,nan,0,1.46,0.0000
1743432369.3868647,LTE,CONNECT,FDD,410A332,-79,-6,0,17,-79,-6,1,-79,-6,1,5,0,-60,LTE BAND 3,19,31455.0,3.75,3827,nan,0,1.46,0.0000
1743432370.5047965,LTE,CONNECT,FDD,410A332,-79,-6,0,15,-79,-6,1,-79,-6,1,5,0,-60,LTE BAND 3,19,31452.0,3.75,3827,nan,0,1.46,0.0000
1743432371.5610902,LTE,CONNECT,FDD,410A332,-79,-6,1,13,-79,-6,1,-79,-6,1,5,0,-61,LTE BAND 3,19,31461.0,3.75,3828,nan,0,1.47,0.0000
1743432372.6829226,LTE,CONNECT,FDD,410A332,-79,-6,0,17,-79,-6,1,-79,-6,1,5,0,-61,LTE BAND 3,19,31462.0,3.75,3828,nan,0,1.48,0.0000
1743432373.8332179,LTE,CONNECT,FDD,410A332,-79,-6,1,17,-79,-6,1,-79,-6,1,5,0,-60,LTE BAND 3,19,31453.0,3.75,3827,nan,0,1.54,0.0000
1743432374.9576895,LTE,CONNECT,FDD,410A332,-79,-7,1,14,-79,-7,1,-79,-7,1,5,0,-60,LTE BAND 3,19,31467.0,3.75,3828,nan,0,1.59,0.0000
1743432376.045663,LTE,CONNECT,FDD,410A332,-79,-8,1,19,-79,-8,1,-79,-8,1,5,0,-60,LTE BAND 3,19,10483.0,1.25,1275,nan,0,1.66,0.0000
1743432377.14958,LTE,CONNECT,FDD,410A332,-79,-6,1,17,-79,-6,1,-79,-6,1,5,0,-60,LTE BAND 3,19,20974.0,2.5,2530,nan,15,1.27,0.0000
1743432378.2100017,LTE,CONNECT,FDD,410A332,-79,-7,1,18,-79,-7,1,-79,-7,1,5,0,-60,LTE BAND 3,19,41946.0,5.0,5103,nan,0,1.3,0.0000
1743432379.321773,LTE,CONNECT,FDD,410A332,-79,-6,1,17,-79,-6,1,-79,-6,1,5,0,-61,LTE BAND 3,19,41919.0,5.0,5100,nan,0,1.42,0.0000
1743432380.4041886,LTE,CONNECT,FDD,410A332,-79,-6,1,18,-79,-6,1,-79,-6,1,5,0,-61,LTE BAND 3,19,20981.0,2.5,2553,nan,0,1.5,0.0000
1743432381.5031931,LTE,CONNECT,FDD,410A332,-79,-6,0,17,-79,-6,1,-79,-6,1,5,0,-60,LTE BAND 3,19,31462.0,3.75,3828,nan,0,1.58,0.0000
1743432382.5762312,LTE,CONNECT,FDD,410A332,-79,-7,1,18,-79,-7,1,-79,-7,1,5,0,-60,LTE BAND 3,19,20962.0,2.5,2550,nan,0,1.63,0.0000
1743432383.7212627,LTE,CONNECT,FDD,410A332,-79,-7,1,18,-79,-7,1,-79,-7,1,5,0,-61,LTE BAND 3,19,20974.0,2.5,2552,nan,0,1.67,0.0000
