timestamp,network_mode,state,duplex_mode,cell_id,rsrp,rsrq,sinr,tx_power,max_neighbor_rsrp,max_neighbor_rsrq,max_neighbor_sinr,avg_neighbor_rsrp,avg_neighbor_rsrq,avg_neighbor_sinr,bandwidth,cell_changed,rssi,band,mcs,ul_bandwidth,ul_throughput,raw_ul_throughput,rtt,retry,cwnd,loss_rate
1743592739.6543715,NR5G-SA,CONNECT,TDD,CFE005085,-88,-3,13,20,0,0,0,0,0,0,100,1,-69,NR N78,23,65023.0,7.75,7911,nan,0,492.0,0.0000
1743592740.7614658,NR5G-SA,CONNECT,TDD,CFE005085,-87,-4,16,20,0,0,0,0,0,0,100,0,-65,NR N78,23,81771.0,9.75,9949,nan,0,954.0,0.0000
1743592741.852434,NR5G-SA,CONNECT,TDD,CFE005085,-86,-4,17,20,0,0,0,0,0,0,100,0,-65,NR N78,24,73392.0,8.75,8929,nan,0,1.15,0.0000
1743592742.9488442,NR5G-SA,CONNECT,TDD,CFE005085,-87,-4,15,20,0,0,0,0,0,0,100,0,-69,NR N78,24,83893.0,10.0,10207,nan,0,1.16,0.0000
1743592744.041239,NR5G-SA,CONNECT,TDD,CFE005085,-86,-4,17,20,0,0,0,0,0,0,100,0,-67,NR N78,23,83890.0,10.0,10207,nan,0,1.17,0.0000
1743592745.136235,NR5G-SA,CONNECT,TDD,CFE005085,-86,-5,17,20,0,0,0,0,0,0,100,0,-66,NR N78,23,83877.0,10.0,10205,nan,0,1.19,0.0000
1743592746.225014,NR5G-SA,CONNECT,TDD,CFE005085,-86,-4,18,20,0,0,0,0,0,0,100,0,-70,NR N78,24,83893.0,10.0,10207,nan,0,1.23,0.0000
1743592747.3159697,NR5G-SA,CONNECT,TDD,CFE005085,-85,-2,19,20,0,0,0,0,0,0,100,0,-71,NR N78,24,83875.0,10.0,10205,nan,0,1.29,0.0000
1743592748.388192,NR5G-SA,CONNECT,TDD,CFE005085,-85,-3,19,20,0,0,0,0,0,0,100,0,-68,NR N78,24,83896.0,10.0,10207,nan,0,1.36,0.0000
1743592749.4679856,NR5G-SA,CONNECT,TDD,CFE005085,-86,-3,18,20,0,0,0,0,0,0,100,0,-68,NR N78,24,83885.0,10.0,10206,nan,0,1.46,0.0000
1743592750.5519142,NR5G-SA,CONNECT,TDD,CFE005085,-86,-3,18,20,0,0,0,0,0,0,100,0,-69,NR N78,24,83888.0,10.0,10206,nan,0,1.59,0.0000
1743592751.6371458,NR5G-SA,CONNECT,TDD,CFE005085,-86,-2,19,20,0,0,0,0,0,0,100,0,-69,NR N78,23,83891.0,10.0,10207,nan,0,1.74,0.0000
1743592752.709669,NR5G-SA,CONNECT,TDD,CFE005085,-86,-3,18,20,0,0,0,0,0,0,100,0,-68,NR N78,23,73394.0,8.75,8930,nan,0,1.92,0.0000
1743592753.8001437,NR5G-SA,CONNECT,TDD,CFE005085,-86,-3,19,21,0,0,0,0,0,0,100,0,-71,NR N78,24,83882.0,10.0,10206,nan,0,2.14,0.0000
1743592754.8860395,NR5G-SA,CONNECT,TDD,CFE005085,-86,-3,19,21,0,0,0,0,0,0,100,0,-64,NR N78,24,83886.0,10.0,10206,nan,0,2.68,0.0000
1743592755.9814882,NR5G-SA,CONNECT,TDD,CFE005085,-86,-3,19,21,0,0,0,0,0,0,100,0,-69,NR N78,23,73400.0,8.75,8930,nan,0,3.01,0.0000
1743592757.0544784,NR5G-SA,CONNECT,TDD,CFE005085,-86,-3,18,21,0,0,0,0,0,0,100,0,-67,NR N78,23,73399.0,8.75,8929,nan,1,3.11,0.0000
1743592758.1457226,NR5G-SA,CONNECT,TDD,CFE005085,-86,-3,18,21,0,0,0,0,0,0,100,0,-68,NR N78,22,73405.0,8.75,8931,nan,0,3.11,0.0000
1743592759.2292244,NR5G-SA,CONNECT,TDD,CFE005085,-86,-3,18,21,0,0,0,0,0,0,100,0,-70,NR N78,22,83870.0,10.0,10204,nan,0,3.11,0.0000
1743592760.3031194,NR5G-SA,CONNECT,TDD,CFE005085,-86,-4,16,21,0,0,0,0,0,0,100,0,-67,NR N78,24,83888.0,10.0,10206,nan,0,3.11,0.0000
1743592761.3647778,NR5G-SA,CONNECT,TDD,CFE005085,-86,-4,13,21,0,0,0,0,0,0,100,0,-70,NR N78,24,83869.0,10.0,10204,nan,0,3.11,0.0000
1743592762.4566305,NR5G-SA,CONNECT,TDD,CFE005085,-87,-4,14,21,0,0,0,0,0,0,100,0,-70,NR N78,23,73400.0,8.75,8930,nan,0,3.11,0.0000
1743592763.5247188,NR5G-SA,CONNECT,TDD,CFE005085,-87,-3,16,21,0,0,0,0,0,0,100,0,-69,NR N78,23,83910.0,10.0,10209,nan,0,3.11,0.0000
1743592764.5962434,NR5G-SA,CONNECT,TDD,CFE005085,-87,-3,17,21,0,0,0,0,0,0,100,0,-70,NR N78,24,83883.0,10.0,10206,nan,0,3.11,0.0000
1743592765.6897051,NR5G-SA,CONNECT,TDD,CFE005085,-87,-3,18,21,0,0,0,0,0,0,100,0,-69,NR N78,24,83890.0,10.0,10207,nan,0,3.11,0.0000
1743592766.7832243,NR5G-SA,CONNECT,TDD,CFE005085,-87,-3,18,21,0,0,0,0,0,0,100,0,-65,NR N78,24,83876.0,10.0,10205,nan,0,3.11,0.0000
1743592767.862603,NR5G-SA,CONNECT,TDD,CFE005085,-86,-3,19,21,0,0,0,0,0,0,100,0,-69,NR N78,24,83875.0,10.0,10205,nan,0,3.11,0.0000
1743592768.955103,NR5G-SA,CONNECT,TDD,CFE005085,-86,-3,19,21,0,0,0,0,0,0,100,0,-71,NR N78,24,83879.0,10.0,10204,nan,1,3.11,0.0000
1743592770.0477457,NR5G-SA,CONNECT,TDD,CFE005085,-86,-3,19,21,0,0,0,0,0,0,100,0,-68,NR N78,24,83892.0,10.0,10207,nan,0,3.11,0.0000
1743592771.1387565,NR5G-SA,CONNECT,TDD,CFE005085,-86,-3,20,21,0,0,0,0,0,0,100,0,-69,NR N78,24,83875.0,10.0,10205,nan,0,3.11,0.0000
1743592772.2151656,NR5G-SA,CONNECT,TDD,CFE005085,-86,-2,20,21,0,0,0,0,0,0,100,0,-71,NR N78,24,94386.0,11.2,11484,nan,0,3.11,0.0000
1743592773.306762,NR5G-SA,CONNECT,TDD,CFE005085,-86,-2,20,21,0,0,0,0,0,0,100,0,-70,NR N78,24,83888.0,10.0,10206,nan,0,3.11,0.0000
1743592774.3952723,NR5G-SA,CONNECT,TDD,CFE005085,-85,-3,20,21,0,0,0,0,0,0,100,0,-64,NR N78,25,83889.0,10.0,10206,nan,0,3.11,0.0000
1743592775.481737,NR5G-SA,CONNECT,TDD,CFE005085,-85,-3,20,21,0,0,0,0,0,0,100,0,-71,NR N78,25,94374.0,11.2,11482,nan,0,3.11,0.0000
1743592776.570168,NR5G-SA,CONNECT,TDD,CFE005085,-85,-3,17,21,0,0,0,0,0,0,100,0,-68,NR N78,24,83880.0,10.0,10204,nan,1,3.11,0.0000
1743592777.6620975,NR5G-SA,CONNECT,TDD,CFE005085,-86,-3,16,21,0,0,0,0,0,0,100,0,-68,NR N78,24,62921.0,7.5,7655,nan,0,3.11,0.0000
1743592778.7599611,NR5G-SA,CONNECT,TDD,CFE005085,-87,-4,15,21,0,0,0,0,0,0,100,0,-70,NR N78,24,83884.0,10.0,10206,nan,0,3.11,0.0000
1743592779.8527188,NR5G-SA,CONNECT,TDD,CFE005085,-87,-3,17,21,0,0,0,0,0,0,100,0,-70,NR N78,24,83868.0,10.0,10204,nan,0,3.11,0.0000
1743592780.9310198,NR5G-SA,CONNECT,TDD,CFE005085,-87,-4,17,21,0,0,0,0,0,0,100,0,-65,NR N78,24,94089.0,11.2,11446,nan,1,3.11,0.0000
1743592782.0240366,NR5G-SA,CONNECT,TDD,CFE005085,-87,-4,18,21,0,0,0,0,0,0,100,0,-66,NR N78,24,84157.0,10.0,10239,nan,0,3.11,0.0000
1743592783.1181846,NR5G-SA,CONNECT,TDD,CFE005085,-87,-4,18,21,0,0,0,0,0,0,100,0,-70,NR N78,24,73388.0,8.75,8929,nan,0,3.11,0.0000
1743592784.2533178,NR5G-SA,CONNECT,TDD,CFE005085,-86,-3,19,20,0,0,0,0,0,0,100,0,-70,NR N78,24,83869.0,10.0,10204,nan,0,3.11,0.0000
1743592785.3931265,NR5G-SA,CONNECT,TDD,CFE005085,-85,-3,20,20,0,0,0,0,0,0,100,0,-70,NR N78,24,73427.0,8.75,8934,nan,0,3.11,0.0000
1743592786.4856038,NR5G-SA,CONNECT,TDD,CFE005085,-85,-3,19,20,0,0,0,0,0,0,100,0,-69,NR N78,23,73378.0,8.75,8926,nan,1,3.11,0.0000
1743592787.5775213,NR5G-SA,CONNECT,TDD,CFE005085,-85,-3,20,20,0,0,0,0,0,0,100,0,-67,NR N78,23,83892.0,10.0,10207,nan,0,3.11,0.0000
1743592788.6492093,NR5G-SA,CONNECT,TDD,CFE005085,-85,-2,20,20,0,0,0,0,0,0,100,0,-69,NR N78,23,73418.0,8.75,8933,nan,0,3.11,0.0000
1743592789.7394288,NR5G-SA,CONNECT,TDD,CFE005085,-86,-4,19,20,0,0,0,0,0,0,100,0,-70,NR N78,23,83871.0,10.0,10204,nan,0,3.11,0.0000
1743592790.830366,NR5G-SA,CONNECT,TDD,CFE005085,-86,-3,19,20,0,0,0,0,0,0,100,0,-70,NR N78,23,73398.0,8.75,8930,nan,0,3.11,0.0000
1743592791.9182415,NR5G-SA,CONNECT,TDD,CFE005085,-87,-4,17,20,0,0,0,0,0,0,100,0,-68,NR N78,24,83892.0,10.0,10207,nan,0,3.11,0.0000
1743592793.01091,NR5G-SA,CONNECT,TDD,CFE005085,-87,-3,18,20,0,0,0,0,0,0,100,0,-71,NR N78,24,83874.0,10.0,10205,nan,0,3.11,0.0000
1743592794.0857923,NR5G-SA,CONNECT,TDD,CFE005085,-87,-4,17,21,0,0,0,0,0,0,100,0,-71,NR N78,24,83873.0,10.0,10205,nan,0,3.11,0.0000
1743592795.1757455,NR5G-SA,CONNECT,TDD,CFE005085,-87,-3,18,21,0,0,0,0,0,0,100,0,-72,NR N78,24,83893.0,10.0,10207,nan,0,3.11,0.0000
1743592796.2679017,NR5G-SA,CONNECT,TDD,CFE005085,-87,-3,18,21,0,0,0,0,0,0,100,0,-71,NR N78,24,94382.0,11.2,11483,nan,0,3.11,0.0000
1743592797.3614564,NR5G-SA,CONNECT,TDD,CFE005085,-87,-4,18,21,0,0,0,0,0,0,100,0,-62,NR N78,24,73390.0,8.75,8929,nan,0,3.11,0.0000
1743592798.4537559,NR5G-SA,CONNECT,TDD,CFE005085,-87,-4,18,21,0,0,0,0,0,0,100,0,-68,NR N78,24,94396.0,11.2,11483,nan,1,3.11,0.0000
1743592799.547436,NR5G-SA,CONNECT,TDD,CFE005085,-87,-3,18,21,0,0,0,0,0,0,100,0,-70,NR N78,24,83877.0,10.0,10205,nan,0,3.11,0.0000
1743592800.648459,NR5G-SA,CONNECT,TDD,CFE005085,-87,-4,18,21,0,0,0,0,0,0,100,0,-67,NR N78,24,83876.0,10.0,10205,nan,0,3.11,0.0000
1743592801.7468612,NR5G-SA,CONNECT,TDD,CFE005085,-87,-5,18,21,0,0,0,0,0,0,100,0,-66,NR N78,25,83907.0,10.0,10209,nan,0,3.11,0.0000
1743592802.8366768,NR5G-SA,CONNECT,TDD,CFE005085,-87,-4,18,21,0,0,0,0,0,0,100,0,-71,NR N78,25,73388.0,8.75,8929,nan,0,3.11,0.0000
1743592803.9280615,NR5G-SA,CONNECT,TDD,CFE005085,-87,-3,18,21,0,0,0,0,0,0,100,0,-71,NR N78,22,62919.0,7.5,7655,nan,0,3.11,0.0000
1743592805.0138469,NR5G-SA,CONNECT,TDD,CFE005085,-87,-3,18,21,0,0,0,0,0,0,100,0,-71,NR N78,22,62908.0,7.5,7654,nan,0,3.11,0.0000
1743592806.1040275,NR5G-SA,CONNECT,TDD,CFE005085,-87,-4,18,21,0,0,0,0,0,0,100,0,-66,NR N78,21,83903.0,10.0,10207,nan,1,3.11,0.0000
1743592807.201461,NR5G-SA,CONNECT,TDD,CFE005085,-87,-4,18,21,0,0,0,0,0,0,100,0,-71,NR N78,21,83884.0,10.0,10206,nan,0,3.11,0.0000
1743592808.246697,NR5G-SA,CONNECT,TDD,CFE005085,-87,-4,18,21,0,0,0,0,0,0,100,0,-71,NR N78,24,73393.0,8.75,8929,nan,0,3.11,0.0000
1743592809.3306808,NR5G-SA,CONNECT,TDD,CFE005085,-87,-3,18,21,0,0,0,0,0,0,100,0,-68,NR N78,24,83890.0,10.0,10207,nan,0,3.11,0.0000
1743592810.4096386,NR5G-SA,CONNECT,TDD,CFE005085,-86,-3,19,21,0,0,0,0,0,0,100,0,-70,NR N78,24,83890.0,10.0,10207,nan,0,3.11,0.0000
1743592811.5071626,NR5G-SA,CONNECT,TDD,CFE005085,-86,-3,19,21,0,0,0,0,0,0,100,0,-72,NR N78,24,94361.0,11.2,11481,nan,0,3.11,0.0000
1743592812.602593,NR5G-SA,CONNECT,TDD,CFE005085,-86,-3,19,20,0,0,0,0,0,0,100,0,-71,NR N78,25,73389.0,8.75,8929,nan,0,3.11,0.0000
1743592813.7466667,NR5G-SA,CONNECT,TDD,CFE005085,-85,-3,20,20,0,0,0,0,0,0,100,0,-67,NR N78,23,83904.0,10.0,10208,nan,0,3.11,0.0000
1743592814.8806412,NR5G-SA,CONNECT,TDD,CFE005085,-85,-4,20,20,0,0,0,0,0,0,100,0,-69,NR N78,23,73396.0,8.75,8930,nan,0,3.11,0.0000
1743592815.9523945,NR5G-SA,CONNECT,TDD,CFE005085,-85,-3,20,20,0,0,0,0,0,0,100,0,-68,NR N78,24,83885.0,10.0,10206,nan,0,3.11,0.0000
1743592817.0523336,NR5G-SA,CONNECT,TDD,CFE005085,-85,-3,20,20,0,0,0,0,0,0,100,0,-69,NR N78,24,83891.0,10.0,10207,nan,0,3.11,0.0000
1743592818.143957,NR5G-SA,CONNECT,TDD,CFE005085,-86,-3,19,21,0,0,0,0,0,0,100,0,-69,NR N78,23,73397.0,8.75,8930,nan,0,3.11,0.0000
1743592819.2394545,NR5G-SA,CONNECT,TDD,CFE005085,-86,-3,19,21,0,0,0,0,0,0,100,0,-70,NR N78,23,83869.0,10.0,10204,nan,0,3.11,0.0000
1743592820.339948,NR5G-SA,CONNECT,TDD,CFE005085,-86,-3,19,21,0,0,0,0,0,0,100,0,-70,NR N78,24,83894.0,10.0,10207,nan,0,3.11,0.0000
1743592821.4349077,NR5G-SA,CONNECT,TDD,CFE005085,-86,-4,19,21,0,0,0,0,0,0,100,0,-65,NR N78,24,73410.0,8.75,8932,nan,0,3.11,0.0000
1743592822.5347464,NR5G-SA,CONNECT,TDD,CFE005085,-86,-3,19,21,0,0,0,0,0,0,100,0,-70,NR N78,23,73385.0,8.75,8929,nan,0,3.11,0.0000
1743592823.6300287,NR5G-SA,CONNECT,TDD,CFE005085,-86,-3,19,21,0,0,0,0,0,0,100,0,-72,NR N78,23,73418.0,8.75,8933,nan,0,3.11,0.0000
1743592824.724711,NR5G-SA,CONNECT,TDD,CFE005085,-87,-3,19,21,0,0,0,0,0,0,100,0,-71,NR N78,23,83888.0,10.0,10206,nan,0,3.11,0.0000
1743592825.8186102,NR5G-SA,CONNECT,TDD,CFE005085,-87,-4,19,21,0,0,0,0,0,0,100,0,-68,NR N78,23,73399.0,8.75,8929,nan,1,3.11,0.0000
1743592826.9140027,NR5G-SA,CONNECT,TDD,CFE005085,-87,-4,18,21,0,0,0,0,0,0,100,0,-66,NR N78,23,83879.0,10.0,10205,nan,0,3.11,0.0000
1743592828.0015028,NR5G-SA,CONNECT,TDD,CFE005085,-87,-3,19,20,0,0,0,0,0,0,100,0,-72,NR N78,24,73398.0,8.75,8929,nan,1,3.11,0.0000
1743592829.0962026,NR5G-SA,CONNECT,TDD,CFE005085,-87,-3,18,20,0,0,0,0,0,0,100,0,-68,NR N78,24,83888.0,10.0,10206,nan,0,3.11,0.0000
1743592830.2206495,NR5G-SA,CONNECT,TDD,CFE005085,-87,-2,18,20,0,0,0,0,0,0,100,0,-70,NR N78,23,73395.0,8.75,8930,nan,0,3.11,0.0000
1743592831.321698,NR5G-SA,CONNECT,TDD,CFE005085,-87,-2,18,20,0,0,0,0,0,0,100,0,-72,NR N78,23,83861.0,10.0,10203,nan,0,3.11,0.0000
1743592832.3869174,NR5G-SA,CONNECT,TDD,CFE005085,-87,-3,18,21,0,0,0,0,0,0,100,0,-70,NR N78,23,73423.0,8.75,8933,nan,0,3.11,0.0000
1743592833.5186095,NR5G-SA,CONNECT,TDD,CFE005085,-87,-3,18,21,0,0,0,0,0,0,100,0,-72,NR N78,23,73387.0,8.75,8929,nan,0,3.11,0.0000
1743592834.6556222,NR5G-SA,CONNECT,TDD,CFE005085,-87,-2,19,21,0,0,0,0,0,0,100,0,-71,NR N78,23,83909.0,10.0,10209,nan,0,3.11,0.0000
1743592835.7824209,NR5G-SA,CONNECT,TDD,CFE005085,-87,-3,19,21,0,0,0,0,0,0,100,0,-67,NR N78,22,73382.0,8.75,8928,nan,0,3.11,0.0000
1743592836.9137268,NR5G-SA,CONNECT,TDD,CFE005085,-86,-3,19,21,0,0,0,0,0,0,100,0,-72,NR N78,22,83886.0,10.0,10206,nan,0,3.11,0.0000
1743592838.0565958,NR5G-SA,CONNECT,TDD,CFE005085,-87,-3,19,21,0,0,0,0,0,0,100,0,-70,NR N78,24,73405.0,8.75,8931,nan,0,3.11,0.0000
1743592839.1813304,NR5G-SA,CONNECT,TDD,CFE005085,-86,-2,19,21,0,0,0,0,0,0,100,0,-72,NR N78,24,83902.0,10.0,10208,nan,0,3.11,0.0000
1743592840.2744966,NR5G-SA,CONNECT,TDD,CFE005085,-86,-3,19,21,0,0,0,0,0,0,100,0,-70,NR N78,24,83813.0,10.0,10197,nan,0,3.11,0.0000
1743592841.354862,NR5G-SA,CONNECT,TDD,CFE005085,-86,-2,19,21,0,0,0,0,0,0,100,0,-70,NR N78,24,73467.0,8.75,8938,nan,0,3.11,0.0000
1743592842.4831815,NR5G-SA,CONNECT,TDD,CFE005085,-87,-2,19,21,0,0,0,0,0,0,100,0,-72,NR N78,23,73395.0,8.75,8930,nan,0,3.11,0.0000
1743592843.5810304,NR5G-SA,CONNECT,TDD,CFE005085,-87,-2,18,21,0,0,0,0,0,0,100,0,-71,NR N78,22,73398.0,8.75,8930,nan,0,3.11,0.0000
1743592844.679136,NR5G-SA,CONNECT,TDD,CFE005085,-87,-4,18,21,0,0,0,0,0,0,100,0,-72,NR N78,22,73405.0,8.75,8931,nan,0,3.11,0.0000
1743592845.7751586,NR5G-SA,CONNECT,TDD,CFE005085,-87,-3,18,21,0,0,0,0,0,0,100,0,-66,NR N78,24,83868.0,10.0,10204,nan,0,3.11,0.0000
1743592846.8749406,NR5G-SA,CONNECT,TDD,CFE005085,-85,-3,20,21,0,0,0,0,0,0,100,0,-68,NR N78,24,83886.0,10.0,10206,nan,0,3.11,0.0000
1743592847.9710128,NR5G-SA,CONNECT,TDD,CFE005085,-84,-3,21,21,0,0,0,0,0,0,100,0,-68,NR N78,24,83865.0,10.0,10204,nan,0,3.11,0.0000
1743592953.0468533,NR5G-SA,NOCONN,TDD,CFE005085,-96,-11,14,0,0,0,0,0,0,0,100,1,-70,NR N78,0,nan,nan,nan,nan,nan,nan,nan
1743592954.1367803,NR5G-SA,CONNECT,TDD,CFE005085,-96,-11,14,0,0,0,0,0,0,0,100,0,-70,NR N78,0,nan,nan,nan,nan,nan,nan,nan
1743592955.2239416,NR5G-SA,CONNECT,TDD,CFE005085,-94,-10,13,20,0,0,0,0,0,0,100,0,-65,NR N78,23,66789.0,7.96,8126,nan,0,500.0,0.0000
1743592956.3102198,NR5G-SA,CONNECT,TDD,CFE005085,-89,-8,12,20,0,0,0,0,0,0,100,0,-69,NR N78,23,81055.0,9.66,9862,nan,0,1.37,0.0000
1743592957.4236567,NR5G-SA,CONNECT,TDD,CFE005085,-87,-6,12,20,0,0,0,0,0,0,100,0,-66,NR N78,23,73393.0,8.75,8929,nan,0,1.82,0.0000
1743592958.5260992,NR5G-SA,CONNECT,TDD,CFE005085,-86,-6,13,20,0,0,0,0,0,0,100,0,-64,NR N78,23,62925.0,7.5,7656,nan,0,2.17,0.0000
1743592959.612632,NR5G-SA,CONNECT,TDD,CFE005085,-86,-5,13,21,0,0,0,0,0,0,100,0,-70,NR N78,25,73392.0,8.75,8928,nan,1,2.24,0.0000
1743592960.6841087,NR5G-SA,CONNECT,TDD,CFE005085,-86,-5,13,21,0,0,0,0,0,0,100,0,-65,NR N78,25,83889.0,10.0,10206,nan,0,2.24,0.0000
1743592961.7748682,NR5G-SA,CONNECT,TDD,CFE005085,-86,-5,12,21,0,0,0,0,0,0,100,0,-68,NR N78,24,83885.0,10.0,10206,nan,0,2.25,0.0000
1743592962.8627503,NR5G-SA,CONNECT,TDD,CFE005085,-86,-5,11,21,0,0,0,0,0,0,100,0,-67,NR N78,24,83889.0,10.0,10206,nan,0,2.26,0.0000
1743592964.003654,NR5G-SA,CONNECT,TDD,CFE005085,-86,-5,11,21,0,0,0,0,0,0,100,0,-69,NR N78,24,83891.0,10.0,10207,nan,0,2.29,0.0000
1743592965.0983338,NR5G-SA,CONNECT,TDD,CFE005085,-86,-5,11,21,0,0,0,0,0,0,100,0,-65,NR N78,24,83881.0,10.0,10206,nan,0,2.33,0.0000
1743592966.2083805,NR5G-SA,CONNECT,TDD,CFE005085,-86,-5,12,21,0,0,0,0,0,0,100,0,-69,NR N78,24,83872.0,10.0,10204,nan,0,2.39,0.0000
1743592967.3358684,NR5G-SA,CONNECT,TDD,CFE005085,-86,-5,12,21,0,0,0,0,0,0,100,0,-68,NR N78,24,73382.0,8.75,8928,nan,0,2.57,0.0000
1743592968.4348974,NR5G-SA,CONNECT,TDD,CFE005085,-86,-5,13,21,0,0,0,0,0,0,100,0,-67,NR N78,24,83914.0,10.0,10210,nan,0,2.69,0.0000
1743592969.5525382,NR5G-SA,CONNECT,TDD,CFE005085,-86,-5,12,21,0,0,0,0,0,0,100,0,-70,NR N78,24,62918.0,7.5,7655,nan,0,2.86,0.0000
1743592970.6541011,NR5G-SA,CONNECT,TDD,CFE005085,-86,-5,14,21,0,0,0,0,0,0,100,0,-68,NR N78,24,83863.0,10.0,10202,nan,1,2.89,0.0000
1743592971.7758362,NR5G-SA,CONNECT,TDD,CFE005085,-86,-4,14,21,0,0,0,0,0,0,100,0,-68,NR N78,25,83900.0,10.0,10206,nan,1,2.89,0.0000
1743592972.8797388,NR5G-SA,CONNECT,TDD,CFE005085,-86,-4,12,21,0,0,0,0,0,0,100,0,-68,NR N78,25,83881.0,10.0,10206,nan,0,2.89,0.0000
1743592973.9786305,NR5G-SA,CONNECT,TDD,CFE005085,-86,-4,14,21,0,0,0,0,0,0,100,0,-69,NR N78,24,83891.0,10.0,10207,nan,0,2.89,0.0000
1743592975.115372,NR5G-SA,CONNECT,TDD,CFE005085,-86,-4,15,21,0,0,0,0,0,0,100,0,-67,NR N78,24,83872.0,10.0,10203,nan,1,2.9,0.0000
1743592976.257667,NR5G-SA,CONNECT,TDD,CFE005085,-86,-4,15,21,0,0,0,0,0,0,100,0,-68,NR N78,24,94381.0,11.2,11483,nan,0,2.91,0.0000
1743592977.3878853,NR5G-SA,CONNECT,TDD,CFE005085,-86,-4,16,21,0,0,0,0,0,0,100,0,-68,NR N78,24,52420.0,6.25,6378,nan,0,2.92,0.0000
1743592978.4734106,NR5G-SA,CONNECT,TDD,CFE005085,-86,-5,13,21,0,0,0,0,0,0,100,0,-68,NR N78,24,73404.0,8.75,8931,nan,0,2.94,0.0000
1743592979.567678,NR5G-SA,CONNECT,TDD,CFE005085,-86,-4,15,20,0,0,0,0,0,0,100,0,-69,NR N78,24,83902.0,10.0,10208,nan,0,2.97,0.0000
1743592980.661998,NR5G-SA,CONNECT,TDD,CFE005085,-86,-4,13,20,0,0,0,0,0,0,100,0,-68,NR N78,24,73394.0,8.75,8927,nan,2,2.98,0.0000
1743592981.7568514,NR5G-SA,CONNECT,TDD,CFE005085,-86,-4,14,21,0,0,0,0,0,0,100,0,-68,NR N78,24,83894.0,10.0,10207,nan,0,2.98,0.0000
1743592982.8475149,NR5G-SA,CONNECT,TDD,CFE005085,-85,-5,13,21,0,0,0,0,0,0,100,0,-67,NR N78,24,83880.0,10.0,10203,nan,2,2.99,0.0000
1743592983.9319122,NR5G-SA,CONNECT,TDD,CFE005085,-85,-5,12,21,0,0,0,0,0,0,100,0,-66,NR N78,24,83886.0,10.0,10206,nan,0,2.99,0.0000
1743592984.9977038,NR5G-SA,CONNECT,TDD,CFE005085,-85,-5,11,21,0,0,0,0,0,0,100,0,-67,NR N78,24,83895.0,10.0,10207,nan,0,2.99,0.0000
1743592986.0882695,NR5G-SA,CONNECT,TDD,CFE005085,-85,-5,11,21,0,0,0,0,0,0,100,0,-65,NR N78,24,73393.0,8.75,8927,nan,2,2.99,0.0000
1743592987.1796484,NR5G-SA,CONNECT,TDD,CFE005085,-85,-4,11,21,0,0,0,0,0,0,100,0,-67,NR N78,24,83881.0,10.0,10206,nan,0,3.0,0.0000
1743592988.2628605,NR5G-SA,CONNECT,TDD,CFE005085,-86,-6,11,21,0,0,0,0,0,0,100,0,-62,NR N78,24,83881.0,10.0,10206,nan,0,3.0,0.0000
1743592989.3304882,NR5G-SA,CONNECT,TDD,CFE005085,-86,-5,12,21,0,0,0,0,0,0,100,0,-69,NR N78,24,83906.0,10.0,10209,nan,0,3.0,0.0000
1743592990.4031286,NR5G-SA,CONNECT,TDD,CFE005085,-86,-5,11,21,0,0,0,0,0,0,100,0,-64,NR N78,24,73393.0,8.75,8929,nan,0,3.0,0.0000
1743592991.533583,NR5G-SA,CONNECT,TDD,CFE005085,-86,-5,12,21,0,0,0,0,0,0,100,0,-67,NR N78,24,83895.0,10.0,10207,nan,0,3.0,0.0000
1743592992.5942142,NR5G-SA,CONNECT,TDD,CFE005085,-86,-5,13,21,0,0,0,0,0,0,100,0,-70,NR N78,24,83890.0,10.0,10207,nan,0,3.0,0.0000
1743592993.6744945,NR5G-SA,CONNECT,TDD,CFE005085,-86,-5,12,21,0,0,0,0,0,0,100,0,-62,NR N78,24,73398.0,8.75,8930,nan,0,3.0,0.0000
1743592994.7196903,NR5G-SA,CONNECT,TDD,CFE005085,-86,-5,12,21,0,0,0,0,0,0,100,0,-69,NR N78,24,83886.0,10.0,10206,nan,0,3.0,0.0000
1743592995.8243399,NR5G-SA,CONNECT,TDD,CFE005085,-86,-6,15,21,0,0,0,0,0,0,100,0,-68,NR N78,24,83875.0,10.0,10205,nan,0,3.0,0.0000
1743592996.921228,NR5G-SA,CONNECT,TDD,CFE005085,-85,-4,18,21,0,0,0,0,0,0,100,0,-69,NR N78,24,83888.0,10.0,10206,nan,0,3.0,0.0000
1743592998.012238,NR5G-SA,CONNECT,TDD,CFE005085,-86,-3,19,21,0,0,0,0,0,0,100,0,-70,NR N78,25,83882.0,10.0,10206,nan,0,3.0,0.0000
1743592999.114225,NR5G-SA,CONNECT,TDD,CFE005085,-86,-4,18,21,0,0,0,0,0,0,100,0,-68,NR N78,24,83900.0,10.0,10208,nan,0,3.0,0.0000
1743593000.1808453,NR5G-SA,CONNECT,TDD,CFE005085,-86,-4,17,21,0,0,0,0,0,0,100,0,-69,NR N78,24,83880.0,10.0,10205,nan,0,3.0,0.0000
1743593001.2640026,NR5G-SA,CONNECT,TDD,CFE005085,-86,-4,17,21,0,0,0,0,0,0,100,0,-65,NR N78,24,73384.0,8.75,8928,nan,0,3.0,0.0000
1743593002.3206356,NR5G-SA,CONNECT,TDD,CFE005085,-86,-5,15,21,0,0,0,0,0,0,100,0,-67,NR N78,24,83889.0,10.0,10206,nan,0,3.0,0.0000
1743593003.3956008,NR5G-SA,CONNECT,TDD,CFE005085,-86,-5,16,21,0,0,0,0,0,0,100,0,-63,NR N78,25,94394.0,11.2,11485,nan,0,3.0,0.0000
1743593004.4748962,NR5G-SA,CONNECT,TDD,CFE005085,-86,-6,14,21,0,0,0,0,0,0,100,0,-68,NR N78,25,83875.0,10.0,10205,nan,0,3.0,0.0000
1743593005.5190144,NR5G-SA,CONNECT,TDD,CFE005085,-86,-5,16,21,0,0,0,0,0,0,100,0,-65,NR N78,25,73395.0,8.75,8930,nan,0,3.0,0.0000
1743593006.5575485,NR5G-SA,CONNECT,TDD,CFE005085,-86,-5,16,21,0,0,0,0,0,0,100,0,-68,NR N78,25,83894.0,10.0,10207,nan,0,3.0,0.0000
1743593007.6383688,NR5G-SA,CONNECT,TDD,CFE005085,-86,-5,14,21,0,0,0,0,0,0,100,0,-69,NR N78,24,83874.0,10.0,10205,nan,0,3.0,0.0000
1743593008.6726809,NR5G-SA,CONNECT,TDD,CFE005085,-86,-5,13,21,0,0,0,0,0,0,100,0,-67,NR N78,24,83889.0,10.0,10206,nan,0,3.0,0.0000
1743593009.7282648,NR5G-SA,CONNECT,TDD,CFE005085,-86,-5,15,20,0,0,0,0,0,0,100,0,-68,NR N78,24,83894.0,10.0,10207,nan,0,3.0,0.0000
1743593010.774101,NR5G-SA,CONNECT,TDD,CFE005085,-86,-4,15,20,0,0,0,0,0,0,100,0,-69,NR N78,24,94305.0,11.2,11474,nan,0,3.0,0.0000
1743593011.8450465,NR5G-SA,CONNECT,TDD,CFE005085,-86,-5,14,21,0,0,0,0,0,0,100,0,-69,NR N78,25,83950.0,10.0,10214,nan,0,3.0,0.0000
1743593012.9209492,NR5G-SA,CONNECT,TDD,CFE005085,-86,-4,15,21,0,0,0,0,0,0,100,0,-69,NR N78,25,83881.0,10.0,10206,nan,0,3.0,0.0000
1743593014.0125697,NR5G-SA,CONNECT,TDD,CFE005085,-86,-4,15,21,0,0,0,0,0,0,100,0,-68,NR N78,25,94373.0,11.2,11482,nan,0,3.0,0.0000
1743593015.0454838,NR5G-SA,CONNECT,TDD,CFE005085,-86,-4,13,21,0,0,0,0,0,0,100,0,-70,NR N78,24,83876.0,10.0,10205,nan,0,3.0,0.0000
1743593016.10233,NR5G-SA,CONNECT,TDD,CFE005085,-86,-4,16,21,0,0,0,0,0,0,100,0,-68,NR N78,24,83892.0,10.0,10207,nan,0,3.0,0.0000
1743593017.1571636,NR5G-SA,CONNECT,TDD,CFE005085,-86,-5,12,21,0,0,0,0,0,0,100,0,-67,NR N78,25,83877.0,10.0,10205,nan,0,3.0,0.0000
1743593018.2291987,NR5G-SA,CONNECT,TDD,CFE005085,-86,-6,12,21,0,0,0,0,0,0,100,0,-64,NR N78,25,94383.0,11.2,11483,nan,0,3.0,0.0000
1743593019.3006048,NR5G-SA,CONNECT,TDD,CFE005085,-86,-5,13,21,0,0,0,0,0,0,100,0,-68,NR N78,24,83885.0,10.0,10206,nan,0,3.0,0.0000
1743593020.4264586,NR5G-SA,CONNECT,TDD,CFE005085,-86,-6,12,21,0,0,0,0,0,0,100,0,-68,NR N78,24,83876.0,10.0,10205,nan,0,3.0,0.0000
1743593021.4714754,NR5G-SA,CONNECT,TDD,CFE005085,-85,-5,11,21,0,0,0,0,0,0,100,0,-67,NR N78,24,94163.0,11.2,11456,nan,0,3.0,0.0000
1743593022.5302978,NR5G-SA,CONNECT,TDD,CFE005085,-85,-5,11,21,0,0,0,0,0,0,100,0,-66,NR N78,24,84084.0,10.0,10230,nan,0,3.0,0.0000
1743593023.6341796,NR5G-SA,CONNECT,TDD,CFE005085,-85,-5,11,20,0,0,0,0,0,0,100,0,-68,NR N78,24,83884.0,10.0,10206,nan,0,3.0,0.0000
1743593024.6868453,NR5G-SA,CONNECT,TDD,CFE005085,-86,-5,11,20,0,0,0,0,0,0,100,0,-67,NR N78,24,73395.0,8.75,8930,nan,0,3.0,0.0000
1743593025.7509573,NR5G-SA,CONNECT,TDD,CFE005085,-85,-5,12,20,0,0,0,0,0,0,100,0,-66,NR N78,24,83889.0,10.0,10206,nan,0,3.0,0.0000
1743593026.812795,NR5G-SA,CONNECT,TDD,CFE005085,-84,-5,14,20,0,0,0,0,0,0,100,0,-60,NR N78,24,83889.0,10.0,10206,nan,0,3.0,0.0000
1743593027.889433,NR5G-SA,CONNECT,TDD,CFE005085,-84,-5,13,20,0,0,0,0,0,0,100,0,-67,NR N78,24,73400.0,8.75,8930,nan,0,3.0,0.0000
1743593028.9831693,NR5G-SA,CONNECT,TDD,CFE005085,-84,-5,13,20,0,0,0,0,0,0,100,0,-68,NR N78,24,83863.0,10.0,10203,nan,0,3.0,0.0000
1743593030.0374136,NR5G-SA,CONNECT,TDD,CFE005085,-84,-4,12,20,0,0,0,0,0,0,100,0,-68,NR N78,24,83902.0,10.0,10208,nan,0,3.0,0.0000
1743593031.0901918,NR5G-SA,CONNECT,TDD,CFE005085,-84,-5,12,21,0,0,0,0,0,0,100,0,-63,NR N78,25,83891.0,10.0,10207,nan,0,3.0,0.0000
1743593032.189781,NR5G-SA,CONNECT,TDD,CFE005085,-85,-5,12,21,0,0,0,0,0,0,100,0,-63,NR N78,25,94380.0,11.2,11483,nan,0,3.0,0.0000
1743593033.248342,NR5G-SA,CONNECT,TDD,CFE005085,-85,-5,12,21,0,0,0,0,0,0,100,0,-66,NR N78,25,83881.0,10.0,10206,nan,0,3.0,0.0000
1743593034.321,NR5G-SA,CONNECT,TDD,CFE005085,-85,-5,12,21,0,0,0,0,0,0,100,0,-67,NR N78,25,83900.0,10.0,10208,nan,0,3.0,0.0000
1743593035.3731756,NR5G-SA,CONNECT,TDD,CFE005085,-84,-5,12,21,0,0,0,0,0,0,100,0,-65,NR N78,24,73392.0,8.75,8929,nan,0,3.0,0.0000
1743593036.4185627,NR5G-SA,CONNECT,TDD,CFE005085,-84,-5,12,21,0,0,0,0,0,0,100,0,-65,NR N78,24,83895.0,10.0,10207,nan,0,3.0,0.0000
1743593037.4575605,NR5G-SA,CONNECT,TDD,CFE005085,-83,-4,12,21,0,0,0,0,0,0,100,0,-67,NR N78,24,83889.0,10.0,10206,nan,0,3.0,0.0000
1743593038.5469437,NR5G-SA,CONNECT,TDD,CFE005085,-85,-5,12,21,0,0,0,0,0,0,100,0,-68,NR N78,24,83885.0,10.0,10206,nan,0,3.0,0.0000
1743593039.6392972,NR5G-SA,CONNECT,TDD,CFE005085,-85,-5,11,21,0,0,0,0,0,0,100,0,-68,NR N78,24,94360.0,11.2,11480,nan,0,3.0,0.0000
1743593040.7457254,NR5G-SA,CONNECT,TDD,CFE005085,-85,-5,12,21,0,0,0,0,0,0,100,0,-68,NR N78,24,83898.0,10.0,10208,nan,0,3.0,0.0000
1743593041.8486247,NR5G-SA,CONNECT,TDD,CFE005085,-85,-4,11,21,0,0,0,0,0,0,100,0,-68,NR N78,25,83877.0,10.0,10205,nan,0,3.0,0.0000
1743593042.9117777,NR5G-SA,CONNECT,TDD,CFE005085,-85,-5,12,21,0,0,0,0,0,0,100,0,-63,NR N78,25,83890.0,10.0,10207,nan,0,3.0,0.0000
1743593043.9691422,NR5G-SA,CONNECT,TDD,CFE005085,-85,-4,12,20,0,0,0,0,0,0,100,0,-68,NR N78,24,83893.0,10.0,10207,nan,0,3.0,0.0000
1743593045.067925,NR5G-SA,CONNECT,TDD,CFE005085,-84,-4,12,20,0,0,0,0,0,0,100,0,-66,NR N78,25,83885.0,10.0,10206,nan,0,3.0,0.0000
1743593046.17139,NR5G-SA,CONNECT,TDD,CFE005085,-85,-4,12,21,0,0,0,0,0,0,100,0,-67,NR N78,25,83867.0,10.0,10204,nan,0,3.0,0.0000
1743593047.2279081,NR5G-SA,CONNECT,TDD,CFE005085,-85,-4,11,20,0,0,0,0,0,0,100,0,-66,NR N78,24,83900.0,10.0,10208,nan,0,3.0,0.0000
1743593048.3421817,NR5G-SA,CONNECT,TDD,CFE005085,-85,-6,11,20,0,0,0,0,0,0,100,0,-67,NR N78,24,83886.0,10.0,10206,nan,0,3.0,0.0000
1743593049.4467278,NR5G-SA,CONNECT,TDD,CFE005085,-85,-6,11,21,0,0,0,0,0,0,100,0,-65,NR N78,24,83888.0,10.0,10206,nan,0,3.0,0.0000
1743593050.5215974,NR5G-SA,CONNECT,TDD,CFE005085,-85,-5,11,21,0,0,0,0,0,0,100,0,-68,NR N78,24,83868.0,10.0,10204,nan,0,3.0,0.0000
1743593051.5818663,NR5G-SA,CONNECT,TDD,CFE005085,-84,-5,12,20,0,0,0,0,0,0,100,0,-65,NR N78,24,83893.0,10.0,10207,nan,0,3.0,0.0000
1743593052.6278372,NR5G-SA,CONNECT,TDD,CFE005085,-84,-5,12,20,0,0,0,0,0,0,100,0,-68,NR N78,24,73401.0,8.75,8930,nan,0,3.0,0.0000
1743593053.6901429,NR5G-SA,CONNECT,TDD,CFE005085,-84,-5,12,20,0,0,0,0,0,0,100,0,-65,NR N78,23,83897.0,10.0,10207,nan,0,3.0,0.0000
1743593054.7683613,NR5G-SA,CONNECT,TDD,CFE005085,-85,-5,12,20,0,0,0,0,0,0,100,0,-66,NR N78,23,83887.0,10.0,10206,nan,0,3.0,0.0000
1743593055.8735433,NR5G-SA,CONNECT,TDD,CFE005085,-85,-5,12,20,0,0,0,0,0,0,100,0,-64,NR N78,23,73388.0,8.75,8929,nan,0,3.0,0.0000
1743593056.9684098,NR5G-SA,CONNECT,TDD,CFE005085,-85,-5,11,20,0,0,0,0,0,0,100,0,-64,NR N78,23,83888.0,10.0,10206,nan,0,3.0,0.0000
1743593058.0073624,NR5G-SA,CONNECT,TDD,CFE005085,-85,-6,11,20,0,0,0,0,0,0,100,0,-67,NR N78,23,73394.0,8.75,8930,nan,0,3.0,0.0000
1743593059.079794,NR5G-SA,CONNECT,TDD,CFE005085,-86,-6,11,20,0,0,0,0,0,0,100,0,-66,NR N78,23,83906.0,10.0,10209,nan,0,3.0,0.0000
1743593060.1595004,NR5G-SA,CONNECT,TDD,CFE005085,-85,-5,11,20,0,0,0,0,0,0,100,0,-69,NR N78,23,73384.0,8.75,8928,nan,0,3.0,0.0000
1743593061.1999056,NR5G-SA,CONNECT,TDD,CFE005085,-86,-5,11,20,0,0,0,0,0,0,100,0,-67,NR N78,24,83903.0,10.0,10208,nan,0,3.0,0.0000
1743593062.288022,NR5G-SA,CONNECT,TDD,CFE005085,-86,-4,15,20,0,0,0,0,0,0,100,0,-69,NR N78,24,83898.0,10.0,10208,nan,0,3.0,0.0000
1743593063.35473,NR5G-SA,CONNECT,TDD,CFE005085,-86,-5,14,20,0,0,0,0,0,0,100,0,-66,NR N78,24,83870.0,10.0,10204,nan,0,3.0,0.0000
1743593064.4084692,NR5G-SA,CONNECT,TDD,CFE005085,-86,-5,13,20,0,0,0,0,0,0,100,0,-69,NR N78,24,83900.0,10.0,10208,nan,0,3.0,0.0000
1743593065.4995909,NR5G-SA,CONNECT,TDD,CFE005085,-86,-5,12,21,0,0,0,0,0,0,100,0,-70,NR N78,24,83879.0,10.0,10205,nan,0,3.0,0.0000
1743593066.5716686,NR5G-SA,CONNECT,TDD,CFE005085,-86,-4,13,21,0,0,0,0,0,0,100,0,-67,NR N78,24,94380.0,11.2,11483,nan,0,3.0,0.0000
1743593067.6136336,NR5G-SA,CONNECT,TDD,CFE005085,-86,-4,17,21,0,0,0,0,0,0,100,0,-68,NR N78,25,94370.0,11.2,11482,nan,0,3.0,0.0000
1743593068.6961777,NR5G-SA,CONNECT,TDD,CFE005085,-86,-3,18,21,0,0,0,0,0,0,100,0,-71,NR N78,25,83877.0,10.0,10205,nan,0,3.0,0.0000
1743593069.7906518,NR5G-SA,CONNECT,TDD,CFE005085,-86,-3,18,21,0,0,0,0,0,0,100,0,-69,NR N78,25,94392.0,11.2,11484,nan,0,3.0,0.0000
1743593070.8392148,NR5G-SA,CONNECT,TDD,CFE005085,-86,-4,18,21,0,0,0,0,0,0,100,0,-62,NR N78,25,83869.0,10.0,10204,nan,0,3.0,0.0000
1743593071.9465816,NR5G-SA,CONNECT,TDD,CFE005085,-86,-3,19,21,0,0,0,0,0,0,100,0,-70,NR N78,25,83896.0,10.0,10207,nan,0,3.0,0.0000
1743593073.0121567,NR5G-SA,CONNECT,TDD,CFE005085,-86,-4,18,21,0,0,0,0,0,0,100,0,-67,NR N78,25,94362.0,11.2,11481,nan,0,3.0,0.0000
1743593074.0803664,NR5G-SA,CONNECT,TDD,CFE005085,-86,-5,16,21,0,0,0,0,0,0,100,0,-67,NR N78,25,83896.0,10.0,10207,nan,0,3.0,0.0000
1743593075.152132,NR5G-SA,CONNECT,TDD,CFE005085,-86,-5,15,21,0,0,0,0,0,0,100,0,-69,NR N78,25,83886.0,10.0,10206,nan,0,3.0,0.0000
1743593076.240885,NR5G-SA,CONNECT,TDD,CFE005085,-86,-6,14,21,0,0,0,0,0,0,100,0,-63,NR N78,25,94374.0,11.2,11482,nan,0,3.0,0.0000
1743593077.3038442,NR5G-SA,CONNECT,TDD,CFE005085,-86,-7,14,21,0,0,0,0,0,0,100,0,-64,NR N78,25,94372.0,11.2,11482,nan,0,3.0,0.0000
1743593078.3633182,NR5G-SA,CONNECT,TDD,CFE005085,-86,-6,13,21,0,0,0,0,0,0,100,0,-69,NR N78,25,83882.0,10.0,10206,nan,0,3.0,0.0000
1743593079.433727,NR5G-SA,CONNECT,TDD,CFE005085,-87,-4,16,21,0,0,0,0,0,0,100,0,-69,NR N78,25,94384.0,11.2,11483,nan,0,3.0,0.0000
1743593080.4912937,NR5G-SA,CONNECT,TDD,CFE005085,-86,-4,17,21,0,0,0,0,0,0,100,0,-70,NR N78,25,83879.0,10.0,10205,nan,0,3.0,0.0000
1743593081.5648396,NR5G-SA,CONNECT,TDD,CFE005085,-87,-4,18,21,0,0,0,0,0,0,100,0,-67,NR N78,25,94371.0,11.2,11482,nan,0,3.0,0.0000
1743593082.6606789,NR5G-SA,CONNECT,TDD,CFE005085,-87,-3,19,21,0,0,0,0,0,0,100,0,-70,NR N78,25,83889.0,10.0,10206,nan,0,3.0,0.0000
1743593083.7069356,NR5G-SA,CONNECT,TDD,CFE005085,-87,-4,18,21,0,0,0,0,0,0,100,0,-68,NR N78,25,83886.0,10.0,10206,nan,0,3.0,0.0000
1743593084.7983541,NR5G-SA,CONNECT,TDD,CFE005085,-86,-4,18,21,0,0,0,0,0,0,100,0,-69,NR N78,25,83883.0,10.0,10206,nan,0,3.0,0.0000
1743593085.8344052,NR5G-SA,CONNECT,TDD,CFE005085,-86,-4,18,21,0,0,0,0,0,0,100,0,-69,NR N78,25,83891.0,10.0,10207,nan,0,3.0,0.0000
1743593086.9045095,NR5G-SA,CONNECT,TDD,CFE005085,-87,-3,19,21,0,0,0,0,0,0,100,0,-70,NR N78,25,83881.0,10.0,10206,nan,0,3.0,0.0000
1743593088.0043886,NR5G-SA,CONNECT,TDD,CFE005085,-86,-3,18,21,0,0,0,0,0,0,100,0,-70,NR N78,25,83892.0,10.0,10207,nan,0,3.0,0.0000
1743593089.0840168,NR5G-SA,CONNECT,TDD,CFE005085,-86,-3,19,20,0,0,0,0,0,0,100,0,-69,NR N78,25,94316.0,11.2,11475,nan,0,3.0,0.0000
1743593090.1370146,NR5G-SA,CONNECT,TDD,CFE005085,-86,-3,19,20,0,0,0,0,0,0,100,0,-69,NR N78,25,83940.0,10.0,10213,nan,0,3.0,0.0000
1743593091.2306223,NR5G-SA,CONNECT,TDD,CFE005085,-86,-4,18,21,0,0,0,0,0,0,100,0,-66,NR N78,24,83874.0,10.0,10205,nan,0,3.0,0.0000
1743593092.2649927,NR5G-SA,CONNECT,TDD,CFE005085,-86,-4,18,21,0,0,0,0,0,0,100,0,-69,NR N78,24,94375.0,11.2,11482,nan,0,3.0,0.0000
1743593093.3448892,NR5G-SA,CONNECT,TDD,CFE005085,-86,-3,19,21,0,0,0,0,0,0,100,0,-69,NR N78,25,83882.0,10.0,10206,nan,0,3.0,0.0000
1743593094.4254818,NR5G-SA,CONNECT,TDD,CFE005085,-86,-3,18,21,0,0,0,0,0,0,100,0,-68,NR N78,25,94202.0,11.2,11461,nan,0,3.0,0.0000
1743593095.4881828,NR5G-SA,CONNECT,TDD,CFE005085,-86,-3,18,20,0,0,0,0,0,0,100,0,-65,NR N78,25,84046.0,10.0,10226,nan,0,3.0,0.0000
1743593096.5713341,NR5G-SA,CONNECT,TDD,CFE005085,-86,-3,19,20,0,0,0,0,0,0,100,0,-69,NR N78,25,83883.0,10.0,10206,nan,0,3.0,0.0000
1743593097.6659005,NR5G-SA,CONNECT,TDD,CFE005085,-86,-4,18,20,0,0,0,0,0,0,100,0,-69,NR N78,24,73409.0,8.75,8931,nan,0,3.0,0.0000
1743593098.7175643,NR5G-SA,CONNECT,TDD,CFE005085,-86,-4,19,20,0,0,0,0,0,0,100,0,-68,NR N78,24,83888.0,10.0,10206,nan,0,3.0,0.0000
1743593099.798393,NR5G-SA,CONNECT,TDD,CFE005085,-86,-3,19,20,0,0,0,0,0,0,100,0,-69,NR N78,24,83888.0,10.0,10206,nan,0,3.0,0.0000
1743593100.8706625,NR5G-SA,CONNECT,TDD,CFE005085,-86,-3,19,20,0,0,0,0,0,0,100,0,-68,NR N78,24,73381.0,8.75,8928,nan,0,3.0,0.0000
1743593101.9299047,NR5G-SA,CONNECT,TDD,CFE005085,-86,-3,18,20,0,0,0,0,0,0,100,0,-68,NR N78,24,83891.0,10.0,10207,nan,0,3.0,0.0000
1743593102.9821541,NR5G-SA,CONNECT,TDD,CFE005085,-86,-3,18,20,0,0,0,0,0,0,100,0,-71,NR N78,24,94378.0,11.2,11483,nan,0,3.0,0.0000
1743593104.0532749,NR5G-SA,CONNECT,TDD,CFE005085,-86,-3,19,21,0,0,0,0,0,0,100,0,-69,NR N78,25,83882.0,10.0,10206,nan,0,3.0,0.0000
1743593105.1019342,NR5G-SA,CONNECT,TDD,CFE005085,-86,-3,19,21,0,0,0,0,0,0,100,0,-66,NR N78,25,83900.0,10.0,10208,nan,0,3.0,0.0000
1743593106.2067869,NR5G-SA,CONNECT,TDD,CFE005085,-86,-3,18,21,0,0,0,0,0,0,100,0,-70,NR N78,25,83879.0,10.0,10205,nan,0,3.0,0.0000
1743593107.3138678,NR5G-SA,CONNECT,TDD,CFE005085,-86,-3,16,21,0,0,0,0,0,0,100,0,-69,NR N78,24,83890.0,10.0,10207,nan,0,3.0,0.0000
1743593108.377271,NR5G-SA,CONNECT,TDD,CFE005085,-86,-4,15,21,0,0,0,0,0,0,100,0,-69,NR N78,24,83869.0,10.0,10204,nan,0,3.0,0.0000
1743593109.4344082,NR5G-SA,CONNECT,TDD,CFE005085,-87,-4,15,21,0,0,0,0,0,0,100,0,-66,NR N78,24,83890.0,10.0,10207,nan,0,3.0,0.0000
1743593110.5274794,NR5G-SA,CONNECT,TDD,CFE005085,-87,-5,17,21,0,0,0,0,0,0,100,0,-66,NR N78,24,83894.0,10.0,10207,nan,0,3.0,0.0000
1743593111.5741236,NR5G-SA,CONNECT,TDD,CFE005085,-87,-5,15,21,0,0,0,0,0,0,100,0,-68,NR N78,24,83866.0,10.0,10204,nan,0,3.0,0.0000
1743593112.6501703,NR5G-SA,CONNECT,TDD,CFE005085,-87,-5,14,21,0,0,0,0,0,0,100,0,-66,NR N78,24,83904.0,10.0,10208,nan,0,3.0,0.0000
1743593113.7376113,NR5G-SA,CONNECT,TDD,CFE005085,-86,-4,16,21,0,0,0,0,0,0,100,0,-70,NR N78,25,94350.0,11.2,11479,nan,0,3.0,0.0000
1743593114.8081162,NR5G-SA,CONNECT,TDD,CFE005085,-86,-4,18,21,0,0,0,0,0,0,100,0,-69,NR N78,25,83909.0,10.0,10209,nan,0,3.0,0.0000
1743593115.897716,NR5G-SA,CONNECT,TDD,CFE005085,-86,-4,16,21,0,0,0,0,0,0,100,0,-68,NR N78,25,83868.0,10.0,10204,nan,0,3.0,0.0000
1743593116.9713202,NR5G-SA,CONNECT,TDD,CFE005085,-86,-4,14,21,0,0,0,0,0,0,100,0,-69,NR N78,25,83881.0,10.0,10206,nan,0,3.0,0.0000
1743593118.0266454,NR5G-SA,CONNECT,TDD,CFE005085,-86,-4,12,21,0,0,0,0,0,0,100,0,-63,NR N78,24,94384.0,11.2,11483,nan,0,3.0,0.0000
1743593119.1039948,NR5G-SA,CONNECT,TDD,CFE005085,-86,-5,12,21,0,0,0,0,0,0,100,0,-65,NR N78,25,83891.0,10.0,10207,nan,0,3.0,0.0000
1743593120.152415,NR5G-SA,CONNECT,TDD,CFE005085,-86,-5,11,21,0,0,0,0,0,0,100,0,-65,NR N78,25,83887.0,10.0,10206,nan,0,3.0,0.0000
1743593121.2134683,NR5G-SA,CONNECT,TDD,CFE005085,-86,-5,11,21,0,0,0,0,0,0,100,0,-66,NR N78,24,83883.0,10.0,10206,nan,0,3.0,0.0000
1743593122.27755,NR5G-SA,CONNECT,TDD,CFE005085,-86,-5,11,21,0,0,0,0,0,0,100,0,-68,NR N78,24,94377.0,11.2,11483,nan,0,3.0,0.0000
1743593123.3557744,NR5G-SA,CONNECT,TDD,CFE005085,-85,-4,11,21,0,0,0,0,0,0,100,0,-69,NR N78,25,83884.0,10.0,10206,nan,0,3.0,0.0000
1743593124.3937116,NR5G-SA,CONNECT,TDD,CFE005085,-86,-4,13,21,0,0,0,0,0,0,100,0,-69,NR N78,25,83863.0,10.0,10203,nan,0,3.0,0.0000
1743593125.443067,NR5G-SA,CONNECT,TDD,CFE005085,-86,-4,13,21,0,0,0,0,0,0,100,0,-70,NR N78,25,83911.0,10.0,10209,nan,0,3.0,0.0000
1743593126.528212,NR5G-SA,CONNECT,TDD,CFE005085,-86,-5,13,21,0,0,0,0,0,0,100,0,-69,NR N78,25,83890.0,10.0,10207,nan,0,3.0,0.0000
1743593127.6228492,NR5G-SA,CONNECT,TDD,CFE005085,-87,-5,13,21,0,0,0,0,0,0,100,0,-69,NR N78,24,83864.0,10.0,10203,nan,0,3.0,0.0000
1743593128.6795013,NR5G-SA,CONNECT,TDD,CFE005085,-87,-5,15,21,0,0,0,0,0,0,100,0,-63,NR N78,24,94382.0,11.2,11483,nan,0,3.0,0.0000
1743593129.7421842,NR5G-SA,CONNECT,TDD,CFE005085,-87,-5,14,21,0,0,0,0,0,0,100,0,-69,NR N78,25,83899.0,10.0,10208,nan,0,3.0,0.0000
1743593130.8372035,NR5G-SA,CONNECT,TDD,CFE005085,-87,-6,13,21,0,0,0,0,0,0,100,0,-70,NR N78,25,83859.0,10.0,10203,nan,0,3.0,0.0000
1743593131.8942144,NR5G-SA,CONNECT,TDD,CFE005085,-87,-4,15,21,0,0,0,0,0,0,100,0,-68,NR N78,25,94406.0,11.2,11486,nan,0,3.0,0.0000
1743593132.9661307,NR5G-SA,CONNECT,TDD,CFE005085,-87,-4,16,21,0,0,0,0,0,0,100,0,-69,NR N78,25,83873.0,10.0,10205,nan,0,3.0,0.0000
1743593134.030343,NR5G-SA,CONNECT,TDD,CFE005085,-87,-4,17,21,0,0,0,0,0,0,100,0,-70,NR N78,25,83885.0,10.0,10206,nan,0,3.0,0.0000
1743593135.109962,NR5G-SA,CONNECT,TDD,CFE005085,-87,-4,16,21,0,0,0,0,0,0,100,0,-68,NR N78,25,94374.0,11.2,11482,nan,0,3.0,0.0000
1743593136.2111535,NR5G-SA,CONNECT,TDD,CFE005085,-87,-4,17,21,0,0,0,0,0,0,100,0,-68,NR N78,25,83883.0,10.0,10206,nan,0,3.0,0.0000
1743593137.297072,NR5G-SA,CONNECT,TDD,CFE005085,-87,-4,18,21,0,0,0,0,0,0,100,0,-65,NR N78,25,83877.0,10.0,10205,nan,0,3.0,0.0000
1743593138.3696682,NR5G-SA,CONNECT,TDD,CFE005085,-87,-4,18,21,0,0,0,0,0,0,100,0,-69,NR N78,25,94372.0,11.2,11482,nan,0,3.0,0.0000
1743593139.4413645,NR5G-SA,CONNECT,TDD,CFE005085,-87,-5,16,21,0,0,0,0,0,0,100,0,-69,NR N78,25,83888.0,10.0,10206,nan,0,3.0,0.0000
1743593140.516831,NR5G-SA,CONNECT,TDD,CFE005085,-87,-3,17,21,0,0,0,0,0,0,100,0,-70,NR N78,25,83879.0,10.0,10205,nan,0,3.0,0.0000
1743593141.631338,NR5G-SA,CONNECT,TDD,CFE005085,-87,-3,16,20,0,0,0,0,0,0,100,0,-70,NR N78,24,83893.0,10.0,10207,nan,0,3.0,0.0000
1743593142.6711388,NR5G-SA,CONNECT,TDD,CFE005085,-87,-5,17,20,0,0,0,0,0,0,100,0,-70,NR N78,24,83880.0,10.0,10205,nan,0,3.0,0.0000
1743593143.7290187,NR5G-SA,CONNECT,TDD,CFE005085,-87,-4,18,20,0,0,0,0,0,0,100,0,-69,NR N78,24,83893.0,10.0,10207,nan,0,3.0,0.0000
1743593144.8227975,NR5G-SA,CONNECT,TDD,CFE005085,-86,-5,18,20,0,0,0,0,0,0,100,0,-69,NR N78,24,83887.0,10.0,10206,nan,0,3.0,0.0000
1743593145.9233987,NR5G-SA,CONNECT,TDD,CFE005085,-86,-4,19,20,0,0,0,0,0,0,100,0,-66,NR N78,24,83886.0,10.0,10206,nan,0,3.0,0.0000
1743593146.9987876,NR5G-SA,CONNECT,TDD,CFE005085,-86,-3,19,20,0,0,0,0,0,0,100,0,-67,NR N78,24,94381.0,11.2,11483,nan,0,3.0,0.0000
1743593148.0647163,NR5G-SA,CONNECT,TDD,CFE005085,-86,-3,19,21,0,0,0,0,0,0,100,0,-71,NR N78,25,83883.0,10.0,10206,nan,0,3.0,0.0000
1743593149.1527073,NR5G-SA,CONNECT,TDD,CFE005085,-86,-3,19,21,0,0,0,0,0,0,100,0,-65,NR N78,25,83880.0,10.0,10205,nan,0,3.0,0.0000
1743593150.2431529,NR5G-SA,CONNECT,TDD,CFE005085,-86,-4,18,21,0,0,0,0,0,0,100,0,-70,NR N78,25,94375.0,11.2,11482,nan,0,3.0,0.0000
1743593151.31396,NR5G-SA,CONNECT,TDD,CFE005085,-87,-4,17,21,0,0,0,0,0,0,100,0,-70,NR N78,25,83910.0,10.0,10209,nan,0,3.0,0.0000
1743593152.4200141,NR5G-SA,CONNECT,TDD,CFE005085,-87,-4,17,21,0,0,0,0,0,0,100,0,-66,NR N78,25,83877.0,10.0,10205,nan,0,3.0,0.0000
1743593153.4753516,NR5G-SA,CONNECT,TDD,CFE005085,-86,-4,18,21,0,0,0,0,0,0,100,0,-69,NR N78,25,94379.0,11.2,11483,nan,0,3.0,0.0000
1743593154.5178285,NR5G-SA,CONNECT,TDD,CFE005085,-86,-3,19,21,0,0,0,0,0,0,100,0,-65,NR N78,25,83878.0,10.0,10205,nan,0,3.0,0.0000
1743593155.6019423,NR5G-SA,CONNECT,TDD,CFE005085,-86,-3,19,21,0,0,0,0,0,0,100,0,-69,NR N78,25,83892.0,10.0,10207,nan,0,3.0,0.0000
1743593156.675699,NR5G-SA,CONNECT,TDD,CFE005085,-86,-3,19,21,0,0,0,0,0,0,100,0,-66,NR N78,25,83880.0,10.0,10205,nan,0,3.0,0.0000
1743593157.734883,NR5G-SA,CONNECT,TDD,CFE005085,-86,-3,19,20,0,0,0,0,0,0,100,0,-70,NR N78,25,83895.0,10.0,10207,nan,0,3.0,0.0000
1743593158.775613,NR5G-SA,CONNECT,TDD,CFE005085,-86,-3,19,20,0,0,0,0,0,0,100,0,-67,NR N78,25,94363.0,11.2,11481,nan,0,3.0,0.0000
1743593159.8568985,NR5G-SA,CONNECT,TDD,CFE005085,-86,-4,19,21,0,0,0,0,0,0,100,0,-69,NR N78,25,83893.0,10.0,10207,nan,0,3.0,0.0000
1743593160.9346209,NR5G-SA,CONNECT,TDD,CFE005085,-86,-3,19,21,0,0,0,0,0,0,100,0,-67,NR N78,25,83882.0,10.0,10206,nan,0,3.0,0.0000
1743593161.9821274,NR5G-SA,CONNECT,TDD,CFE005085,-86,-3,19,21,0,0,0,0,0,0,100,0,-70,NR N78,25,83878.0,10.0,10205,nan,0,3.0,0.0000
1743593163.0521798,NR5G-SA,CONNECT,TDD,CFE005085,-86,-4,19,21,0,0,0,0,0,0,100,0,-70,NR N78,25,94394.0,11.2,11485,nan,0,3.0,0.0000
1743593164.1160963,NR5G-SA,CONNECT,TDD,CFE005085,-87,-4,17,21,0,0,0,0,0,0,100,0,-66,NR N78,25,83874.0,10.0,10205,nan,0,3.0,0.0000
1743593165.2124057,NR5G-SA,CONNECT,TDD,CFE005085,-86,-4,16,21,0,0,0,0,0,0,100,0,-69,NR N78,24,83897.0,10.0,10207,nan,0,3.0,0.0000
1743593166.279312,NR5G-SA,CONNECT,TDD,CFE005085,-86,-4,18,21,0,0,0,0,0,0,100,0,-70,NR N78,24,83886.0,10.0,10206,nan,0,3.0,0.0000
1743593167.376412,NR5G-SA,CONNECT,TDD,CFE005085,-86,-3,19,21,0,0,0,0,0,0,100,0,-68,NR N78,24,83874.0,10.0,10205,nan,0,3.0,0.0000
1743593168.4326868,NR5G-SA,CONNECT,TDD,CFE005085,-86,-3,19,21,0,0,0,0,0,0,100,0,-65,NR N78,24,83891.0,10.0,10207,nan,0,3.0,0.0000
1743593169.5382566,NR5G-SA,CONNECT,TDD,CFE005085,-86,-4,18,21,0,0,0,0,0,0,100,0,-71,NR N78,24,83898.0,10.0,10208,nan,0,3.0,0.0000
1743593170.5791612,NR5G-SA,CONNECT,TDD,CFE005085,-86,-3,18,21,0,0,0,0,0,0,100,0,-71,NR N78,24,73389.0,8.75,8929,nan,0,3.0,0.0000
1743593171.6369886,NR5G-SA,CONNECT,TDD,CFE005085,-87,-3,18,20,0,0,0,0,0,0,100,0,-67,NR N78,24,83897.0,10.0,10207,nan,0,3.0,0.0000
1743593172.6728811,NR5G-SA,CONNECT,TDD,CFE005085,-87,-4,17,20,0,0,0,0,0,0,100,0,-67,NR N78,24,83876.0,10.0,10205,nan,0,3.0,0.0000
1743593173.7240162,NR5G-SA,CONNECT,TDD,CFE005085,-87,-5,17,20,0,0,0,0,0,0,100,0,-67,NR N78,24,83897.0,10.0,10207,nan,0,3.0,0.0000
1743593174.781436,NR5G-SA,CONNECT,TDD,CFE005085,-87,-4,16,20,0,0,0,0,0,0,100,0,-68,NR N78,24,83880.0,10.0,10205,nan,0,3.0,0.0000
1743593175.8300178,NR5G-SA,CONNECT,TDD,CFE005085,-87,-4,17,21,0,0,0,0,0,0,100,0,-70,NR N78,24,83877.0,10.0,10205,nan,0,3.0,0.0000
1743593176.8736827,NR5G-SA,CONNECT,TDD,CFE005085,-87,-4,17,21,0,0,0,0,0,0,100,0,-69,NR N78,24,73403.0,8.75,8931,nan,0,3.0,0.0000
1743593177.9580524,NR5G-SA,CONNECT,TDD,CFE005085,-87,-4,15,20,0,0,0,0,0,0,100,0,-69,NR N78,23,83873.0,10.0,10205,nan,0,3.0,0.0000
1743593179.0048256,NR5G-SA,CONNECT,TDD,CFE005085,-86,-4,14,20,0,0,0,0,0,0,100,0,-70,NR N78,23,83908.0,10.0,10209,nan,0,3.0,0.0000
1743593180.0919228,NR5G-SA,CONNECT,TDD,CFE005085,-87,-3,17,21,0,0,0,0,0,0,100,0,-70,NR N78,24,73393.0,8.75,8928,nan,1,3.0,0.0000
1743593181.1326902,NR5G-SA,CONNECT,TDD,CFE005085,-87,-3,16,21,0,0,0,0,0,0,100,0,-70,NR N78,24,83123.0,10.0,10113,nan,0,3.0,0.0000
1743593182.2132058,NR5G-SA,CONNECT,TDD,CFE005085,-87,-4,14,21,0,0,0,0,0,0,100,0,-70,NR N78,24,94733.0,11.2,11526,nan,0,3.0,0.0000
1743593183.2950728,NR5G-SA,CONNECT,TDD,CFE005085,-87,-4,14,20,0,0,0,0,0,0,100,0,-69,NR N78,24,83886.0,10.0,10206,nan,0,3.0,0.0000
1743593184.3399827,NR5G-SA,CONNECT,TDD,CFE005085,-87,-4,13,20,0,0,0,0,0,0,100,0,-67,NR N78,24,83886.0,10.0,10206,nan,0,3.0,0.0000
1743593185.40442,NR5G-SA,CONNECT,TDD,CFE005085,-86,-4,15,21,0,0,0,0,0,0,100,0,-67,NR N78,24,83737.0,10.0,10188,nan,0,3.0,0.0000
1743593186.5037577,NR5G-SA,CONNECT,TDD,CFE005085,-86,-3,16,21,0,0,0,0,0,0,100,0,-70,NR N78,24,84045.0,10.0,10225,nan,0,3.0,0.0000
1743593187.5910184,NR5G-SA,CONNECT,TDD,CFE005085,-87,-4,15,21,0,0,0,0,0,0,100,0,-69,NR N78,25,83873.0,10.0,10205,nan,0,3.0,0.0000
1743593188.6668043,NR5G-SA,CONNECT,TDD,CFE005085,-87,-4,15,21,0,0,0,0,0,0,100,0,-69,NR N78,25,83881.0,10.0,10206,nan,0,3.0,0.0000
1743593189.7615654,NR5G-SA,CONNECT,TDD,CFE005085,-87,-4,14,21,0,0,0,0,0,0,100,0,-69,NR N78,24,83889.0,10.0,10206,nan,0,3.0,0.0000
1743593190.8329403,NR5G-SA,CONNECT,TDD,CFE005085,-87,-4,14,21,0,0,0,0,0,0,100,0,-67,NR N78,24,83885.0,10.0,10206,nan,0,3.0,0.0000
1743593191.8994887,NR5G-SA,CONNECT,TDD,CFE005085,-86,-3,18,20,0,0,0,0,0,0,100,0,-71,NR N78,24,83888.0,10.0,10206,nan,0,3.0,0.0000
1743593192.9495287,NR5G-SA,CONNECT,TDD,CFE005085,-86,-2,19,20,0,0,0,0,0,0,100,0,-71,NR N78,24,83889.0,10.0,10206,nan,0,3.0,0.0000
1743593194.0212202,NR5G-SA,CONNECT,TDD,CFE005085,-86,-3,20,20,0,0,0,0,0,0,100,0,-70,NR N78,24,83782.0,10.0,10193,nan,0,3.0,0.0000
1743593195.1290069,NR5G-SA,CONNECT,TDD,CFE005085,-86,-3,20,21,0,0,0,0,0,0,100,0,-71,NR N78,24,73472.0,8.75,8939,nan,0,3.0,0.0000
1743593196.1738367,NR5G-SA,CONNECT,TDD,CFE005085,-86,-2,20,21,0,0,0,0,0,0,100,0,-66,NR N78,24,83885.0,10.0,10206,nan,0,3.0,0.0000
1743593197.2583475,NR5G-SA,CONNECT,TDD,CFE005085,-86,-2,20,21,0,0,0,0,0,0,100,0,-70,NR N78,25,94410.0,11.2,11487,nan,0,3.0,0.0000
1743593198.3325129,NR5G-SA,CONNECT,TDD,CFE005085,-86,-2,20,21,0,0,0,0,0,0,100,0,-72,NR N78,25,83877.0,10.0,10205,nan,0,3.0,0.0000
1743593199.3948064,NR5G-SA,CONNECT,TDD,CFE005085,-86,-3,20,20,0,0,0,0,0,0,100,0,-70,NR N78,24,73401.0,8.75,8930,nan,0,3.0,0.0000
1743593200.4502497,NR5G-SA,CONNECT,TDD,CFE005085,-86,-3,20,20,0,0,0,0,0,0,100,0,-69,NR N78,24,83872.0,10.0,10204,nan,0,3.0,0.0000
1743593201.5586348,NR5G-SA,CONNECT,TDD,CFE005085,-86,-2,20,20,0,0,0,0,0,0,100,0,-70,NR N78,24,83909.0,10.0,10209,nan,0,3.0,0.0000
1743593202.6513526,NR5G-SA,CONNECT,TDD,CFE005085,-86,-3,20,20,0,0,0,0,0,0,100,0,-70,NR N78,24,83867.0,10.0,10204,nan,0,3.0,0.0000
1743593203.709541,NR5G-SA,CONNECT,TDD,CFE005085,-86,-3,20,20,0,0,0,0,0,0,100,0,-70,NR N78,24,83905.0,10.0,10208,nan,0,3.0,0.0000
1743593204.783255,NR5G-SA,CONNECT,TDD,CFE005085,-86,-3,20,20,0,0,0,0,0,0,100,0,-70,NR N78,24,83881.0,10.0,10206,nan,0,3.0,0.0000
1743593205.879273,NR5G-SA,CONNECT,TDD,CFE005085,-86,-3,20,21,0,0,0,0,0,0,100,0,-71,NR N78,24,83889.0,10.0,10206,nan,0,3.0,0.0000
1743593206.9678092,NR5G-SA,CONNECT,TDD,CFE005085,-86,-3,20,21,0,0,0,0,0,0,100,0,-71,NR N78,24,83893.0,10.0,10207,nan,0,3.0,0.0000
1743593208.0551107,NR5G-SA,CONNECT,TDD,CFE005085,-86,-3,20,21,0,0,0,0,0,0,100,0,-69,NR N78,24,83876.0,10.0,10205,nan,0,3.0,0.0000
1743593209.1045866,NR5G-SA,CONNECT,TDD,CFE005085,-86,-3,20,21,0,0,0,0,0,0,100,0,-66,NR N78,24,83887.0,10.0,10206,nan,0,3.0,0.0000
1743593210.219002,NR5G-SA,CONNECT,TDD,CFE005085,-86,-2,20,21,0,0,0,0,0,0,100,0,-71,NR N78,24,83890.0,10.0,10207,nan,0,3.0,0.0000
1743593211.3024547,NR5G-SA,CONNECT,TDD,CFE005085,-86,-3,20,20,0,0,0,0,0,0,100,0,-71,NR N78,24,83893.0,10.0,10207,nan,0,3.0,0.0000
1743593212.3941505,NR5G-SA,CONNECT,TDD,CFE005085,-86,-3,19,20,0,0,0,0,0,0,100,0,-70,NR N78,24,83878.0,10.0,10205,nan,0,3.0,0.0000
1743593213.4561098,NR5G-SA,CONNECT,TDD,CFE005085,-86,-3,20,21,0,0,0,0,0,0,100,0,-67,NR N78,24,83637.0,10.0,10176,nan,0,3.0,0.0000
1743593214.5149577,NR5G-SA,CONNECT,TDD,CFE005085,-86,-3,20,21,0,0,0,0,0,0,100,0,-69,NR N78,24,73611.0,8.75,8956,nan,0,3.0,0.0000
1743593215.605656,NR5G-SA,CONNECT,TDD,CFE005085,-86,-3,20,21,0,0,0,0,0,0,100,0,-70,NR N78,24,83893.0,10.0,10207,nan,0,3.0,0.0000
1743593216.6589973,NR5G-SA,CONNECT,TDD,CFE005085,-86,-3,20,21,0,0,0,0,0,0,100,0,-67,NR N78,24,83883.0,10.0,10206,nan,0,3.0,0.0000
1743593217.7442517,NR5G-SA,CONNECT,TDD,CFE005085,-86,-2,20,20,0,0,0,0,0,0,100,0,-70,NR N78,24,83896.0,10.0,10207,nan,0,3.0,0.0000
1743593218.8253036,NR5G-SA,CONNECT,TDD,CFE005085,-86,-2,20,20,0,0,0,0,0,0,100,0,-70,NR N78,24,83875.0,10.0,10205,nan,0,3.0,0.0000
1743593219.8851497,NR5G-SA,CONNECT,TDD,CFE005085,-86,-3,20,20,0,0,0,0,0,0,100,0,-62,NR N78,24,83895.0,10.0,10207,nan,0,3.0,0.0000
1743593220.9695237,NR5G-SA,CONNECT,TDD,CFE005085,-86,-2,20,20,0,0,0,0,0,0,100,0,-71,NR N78,24,83880.0,10.0,10205,nan,0,3.0,0.0000
1743593222.0927603,NR5G-SA,CONNECT,TDD,CFE005085,-87,-4,18,20,0,0,0,0,0,0,100,0,-65,NR N78,24,73406.0,8.75,8930,nan,1,2.18,0.0000
1743593223.2138023,NR5G-SA,CONNECT,TDD,CFE005085,-87,-5,17,20,0,0,0,0,0,0,100,0,-69,NR N78,24,73393.0,8.75,8929,nan,0,2.36,0.0000
1743593224.3225193,NR5G-SA,CONNECT,TDD,CFE005085,-87,-4,17,20,0,0,0,0,0,0,100,0,-69,NR N78,24,83886.0,10.0,10205,nan,1,1.83,0.0000
1743593225.4427369,NR5G-SA,CONNECT,TDD,CFE005085,-87,-3,16,21,0,0,0,0,0,0,100,0,-70,NR N78,24,94388.0,11.2,11484,nan,0,1.98,0.0000
1743593226.5458815,NR5G-SA,CONNECT,TDD,CFE005085,-87,-3,17,21,0,0,0,0,0,0,100,0,-69,NR N78,24,83875.0,10.0,10205,nan,0,2.11,0.0000
1743593227.6471114,NR5G-SA,CONNECT,TDD,CFE005085,-87,-3,18,20,0,0,0,0,0,0,100,0,-70,NR N78,24,73381.0,8.75,8928,nan,0,2.2,0.0000
1743593228.9001148,NR5G-SA,CONNECT,TDD,CFE005085,-87,-3,19,20,0,0,0,0,0,0,100,0,-69,NR N78,24,83887.0,10.0,10206,nan,0,2.29,0.0000
1743593229.9636285,NR5G-SA,CONNECT,TDD,CFE005085,-87,-2,19,20,0,0,0,0,0,0,100,0,-71,NR N78,23,73421.0,8.75,8933,nan,0,2.34,0.0000
1743593231.0555289,NR5G-SA,CONNECT,TDD,CFE005085,-87,-2,17,20,0,0,0,0,0,0,100,0,-70,NR N78,24,83891.0,10.0,10207,nan,0,2.38,0.0000
1743593232.1122944,NR5G-SA,CONNECT,TDD,CFE005085,-87,-2,16,20,0,0,0,0,0,0,100,0,-69,NR N78,24,83888.0,10.0,10206,nan,0,2.41,0.0000
1743593233.1947827,NR5G-SA,CONNECT,TDD,CFE005085,-87,-2,16,20,0,0,0,0,0,0,100,0,-69,NR N78,24,83877.0,10.0,10205,nan,0,2.42,0.0000
1743593234.261317,NR5G-SA,CONNECT,TDD,CFE005085,-86,-4,18,20,0,0,0,0,0,0,100,0,-69,NR N78,24,83896.0,10.0,10207,nan,0,2.43,0.0000
1743593235.3931088,NR5G-SA,CONNECT,TDD,CFE005085,-86,-3,19,20,0,0,0,0,0,0,100,0,-70,NR N78,24,83887.0,10.0,10206,nan,0,2.43,0.0000
1743593236.4777915,NR5G-SA,CONNECT,TDD,CFE005085,-87,-3,19,20,0,0,0,0,0,0,100,0,-66,NR N78,24,83849.0,10.0,10202,nan,0,2.43,0.0000
1743593237.5888455,NR5G-SA,CONNECT,TDD,CFE005085,-87,-4,15,20,0,0,0,0,0,0,100,0,-68,NR N78,24,83920.0,10.0,10210,nan,0,2.44,0.0000
1743593238.7150092,NR5G-SA,CONNECT,TDD,CFE005085,-87,-3,18,20,0,0,0,0,0,0,100,0,-67,NR N78,24,83888.0,10.0,10206,nan,0,2.45,0.0000
1743593239.8473816,NR5G-SA,CONNECT,TDD,CFE005085,-86,-5,14,21,0,0,0,0,0,0,100,0,-69,NR N78,25,83885.0,10.0,10206,nan,0,2.48,0.0000
1743593240.956073,NR5G-SA,CONNECT,TDD,CFE005085,-86,-5,13,21,0,0,0,0,0,0,100,0,-67,NR N78,25,94376.0,11.2,11482,nan,0,2.52,0.0000
1743593242.054268,NR5G-SA,CONNECT,TDD,CFE005085,-86,-4,13,20,0,0,0,0,0,0,100,0,-69,NR N78,25,83885.0,10.0,10206,nan,0,2.57,0.0000
1743593243.1175733,NR5G-SA,CONNECT,TDD,CFE005085,-86,-4,13,21,0,0,0,0,0,0,100,0,-69,NR N78,25,83884.0,10.0,10206,nan,0,2.65,0.0000
1743593244.2219326,NR5G-SA,CONNECT,TDD,CFE005085,-86,-4,14,21,0,0,0,0,0,0,100,0,-68,NR N78,25,94366.0,11.2,11481,nan,0,2.74,0.0000
1743593245.303472,NR5G-SA,CONNECT,TDD,CFE005085,-86,-3,17,21,0,0,0,0,0,0,100,0,-70,NR N78,25,83868.0,10.0,10204,nan,0,3.02,0.0000
1743593246.387876,NR5G-SA,CONNECT,TDD,CFE005085,-86,-3,17,21,0,0,0,0,0,0,100,0,-69,NR N78,25,94387.0,11.2,11484,nan,0,3.04,0.0000
1743593247.4761455,NR5G-SA,CONNECT,TDD,CFE005085,-86,-3,18,21,0,0,0,0,0,0,100,0,-69,NR N78,25,83888.0,10.0,10205,nan,1,2.13,0.0000
1743593248.580927,NR5G-SA,CONNECT,TDD,CFE005085,-86,-3,18,21,0,0,0,0,0,0,100,0,-70,NR N78,25,83888.0,10.0,10206,nan,0,2.31,0.0000
1743593249.6401637,NR5G-SA,CONNECT,TDD,CFE005085,-86,-3,17,21,0,0,0,0,0,0,100,0,-67,NR N78,24,83886.0,10.0,10206,nan,0,2.49,0.0000
1743593250.7301261,NR5G-SA,CONNECT,TDD,CFE005085,-86,-3,18,21,0,0,0,0,0,0,100,0,-70,NR N78,24,83882.0,10.0,10206,nan,0,2.63,0.0000
1743593251.833319,NR5G-SA,CONNECT,TDD,CFE005085,-86,-3,19,21,0,0,0,0,0,0,100,0,-71,NR N78,25,94367.0,11.2,11481,nan,0,2.75,0.0000
1743593252.9409442,NR5G-SA,CONNECT,TDD,CFE005085,-86,-4,18,21,0,0,0,0,0,0,100,0,-63,NR N78,25,83882.0,10.0,10206,nan,0,2.84,0.0000
1743593254.0008342,NR5G-SA,CONNECT,TDD,CFE005085,-86,-4,16,21,0,0,0,0,0,0,100,0,-64,NR N78,25,94379.0,11.2,11483,nan,0,2.91,0.0000
1743593255.07378,NR5G-SA,CONNECT,TDD,CFE005085,-86,-5,14,21,0,0,0,0,0,0,100,0,-69,NR N78,25,83887.0,10.0,10206,nan,0,2.97,0.0000
1743593256.170544,NR5G-SA,CONNECT,TDD,CFE005085,-86,-5,14,21,0,0,0,0,0,0,100,0,-65,NR N78,25,83884.0,10.0,10206,nan,0,3.0,0.0000
1743593257.242997,NR5G-SA,CONNECT,TDD,CFE005085,-86,-5,15,21,0,0,0,0,0,0,100,0,-68,NR N78,25,94382.0,11.2,11483,nan,0,3.01,0.0000
1743593258.3040633,NR5G-SA,CONNECT,TDD,CFE005085,-86,-5,15,21,0,0,0,0,0,0,100,0,-62,NR N78,25,94390.0,11.2,11484,nan,0,3.01,0.0000
1743593259.365524,NR5G-SA,CONNECT,TDD,CFE005085,-86,-4,17,21,0,0,0,0,0,0,100,0,-70,NR N78,25,83882.0,10.0,10206,nan,0,3.01,0.0000
1743593260.437511,NR5G-SA,CONNECT,TDD,CFE005085,-87,-4,17,21,0,0,0,0,0,0,100,0,-66,NR N78,25,83876.0,10.0,10205,nan,0,3.01,0.0000
1743593261.5261168,NR5G-SA,CONNECT,TDD,CFE005085,-86,-3,18,21,0,0,0,0,0,0,100,0,-70,NR N78,25,83898.0,10.0,10206,nan,1,2.11,0.0000
1743593262.64161,NR5G-SA,CONNECT,TDD,CFE005085,-86,-2,19,21,0,0,0,0,0,0,100,0,-68,NR N78,25,94373.0,11.2,11482,nan,0,2.23,0.0000
1743593263.7704468,NR5G-SA,CONNECT,TDD,CFE005085,-86,-3,19,21,0,0,0,0,0,0,100,0,-67,NR N78,25,83801.0,10.0,10196,nan,0,2.33,0.0000
1743593264.893845,NR5G-SA,CONNECT,TDD,CFE005085,-86,-3,19,21,0,0,0,0,0,0,100,0,-70,NR N78,25,94467.0,11.2,11493,nan,0,2.41,0.0000
1743593265.99295,NR5G-SA,CONNECT,TDD,CFE005085,-86,-3,18,21,0,0,0,0,0,0,100,0,-68,NR N78,25,83881.0,10.0,10206,nan,0,2.46,0.0000
1743593267.0967345,NR5G-SA,CONNECT,TDD,CFE005085,-86,-3,18,20,0,0,0,0,0,0,100,0,-69,NR N78,24,83889.0,10.0,10206,nan,0,2.51,0.0000
1743593268.211573,NR5G-SA,CONNECT,TDD,CFE005085,-86,-3,19,20,0,0,0,0,0,0,100,0,-65,NR N78,24,83888.0,10.0,10206,nan,0,2.53,0.0000
1743593269.3684773,NR5G-SA,CONNECT,TDD,CFE005085,-86,-3,19,20,0,0,0,0,0,0,100,0,-70,NR N78,24,84308.0,10.0,10257,nan,0,2.56,0.0000
1743593270.9947343,NR5G-SA,CONNECT,TDD,CFE005085,-86,-4,17,20,0,0,0,0,0,0,100,0,-70,NR N78,24,62898.0,7.5,7651,nan,1,477.0,0.0000
1743593272.0753171,NR5G-SA,CONNECT,TDD,CFE005085,-86,-4,16,20,0,0,0,0,0,0,100,0,-66,NR N78,24,104880.0,12.5,12760,nan,0,1.95,0.0000
1743593273.1884515,NR5G-SA,CONNECT,TDD,CFE005085,-86,-3,18,20,0,0,0,0,0,0,100,0,-70,NR N78,24,83867.0,10.0,10204,nan,0,2.1,0.0000
1743593274.288557,NR5G-SA,CONNECT,TDD,CFE005085,-86,-3,18,20,0,0,0,0,0,0,100,0,-66,NR N78,24,83889.0,10.0,10206,nan,0,2.33,0.0000
1743593275.417684,NR5G-SA,CONNECT,TDD,CFE005085,-86,-4,18,21,0,0,0,0,0,0,100,0,-67,NR N78,24,83891.0,10.0,10207,nan,0,2.41,0.0000
1743593276.5576496,NR5G-SA,CONNECT,TDD,CFE005085,-86,-5,19,21,0,0,0,0,0,0,100,0,-68,NR N78,24,83870.0,10.0,10204,nan,0,2.47,0.0000
1743593277.6430545,NR5G-SA,CONNECT,TDD,CFE005085,-86,-4,19,21,0,0,0,0,0,0,100,0,-69,NR N78,25,94395.0,11.2,11485,nan,0,2.51,0.0000
1743593278.7273974,NR5G-SA,CONNECT,TDD,CFE005085,-86,-3,19,21,0,0,0,0,0,0,100,0,-70,NR N78,25,83880.0,10.0,10205,nan,0,2.53,0.0000
1743593279.8618078,NR5G-SA,CONNECT,TDD,CFE005085,-86,-3,19,21,0,0,0,0,0,0,100,0,-70,NR N78,25,83878.0,10.0,10205,nan,0,2.55,0.0000
1743593280.9364,NR5G-SA,CONNECT,TDD,CFE005085,-86,-2,19,21,0,0,0,0,0,0,100,0,-71,NR N78,25,94386.0,11.2,11484,nan,0,2.56,0.0000
1743593281.9950707,NR5G-SA,CONNECT,TDD,CFE005085,-85,-2,20,21,0,0,0,0,0,0,100,0,-69,NR N78,25,83873.0,10.0,10205,nan,0,2.56,0.0000
1743593283.1297193,NR5G-SA,CONNECT,TDD,CFE005085,-85,-2,20,21,0,0,0,0,0,0,100,0,-71,NR N78,25,93739.0,11.2,11405,nan,0,2.56,0.0000
1743593284.2318983,NR5G-SA,CONNECT,TDD,CFE005085,-86,-3,20,21,0,0,0,0,0,0,100,0,-69,NR N78,25,84447.0,10.0,10274,nan,0,2.56,0.0000
1743593285.3339672,NR5G-SA,CONNECT,TDD,CFE005085,-86,-3,19,20,0,0,0,0,0,0,100,0,-71,NR N78,25,83882.0,10.0,10206,nan,0,2.58,0.0000
1743593286.424815,NR5G-SA,CONNECT,TDD,CFE005085,-86,-3,19,20,0,0,0,0,0,0,100,0,-69,NR N78,25,83886.0,10.0,10206,nan,0,2.6,0.0000
1743593287.5576525,NR5G-SA,CONNECT,TDD,CFE005085,-86,-3,19,20,0,0,0,0,0,0,100,0,-71,NR N78,24,83880.0,10.0,10205,nan,0,2.64,0.0000
1743593288.6309757,NR5G-SA,CONNECT,TDD,CFE005085,-86,-3,19,20,0,0,0,0,0,0,100,0,-70,NR N78,24,83895.0,10.0,10207,nan,0,2.69,0.0000
1743593289.7082193,NR5G-SA,CONNECT,TDD,CFE005085,-86,-3,19,20,0,0,0,0,0,0,100,0,-67,NR N78,24,83874.0,10.0,10205,nan,0,2.77,0.0000
1743593290.7947567,NR5G-SA,CONNECT,TDD,CFE005085,-86,-3,19,20,0,0,0,0,0,0,100,0,-70,NR N78,24,83889.0,10.0,10206,nan,0,2.86,0.0000
1743593291.8437572,NR5G-SA,CONNECT,TDD,CFE005085,-86,-2,19,20,0,0,0,0,0,0,100,0,-68,NR N78,24,83891.0,10.0,10207,nan,0,2.98,0.0000
1743593292.9143717,NR5G-SA,CONNECT,TDD,CFE005085,-87,-3,19,20,0,0,0,0,0,0,100,0,-70,NR N78,24,83879.0,10.0,10205,nan,0,3.04,0.0000
1743593293.989324,NR5G-SA,CONNECT,TDD,CFE005085,-87,-3,18,21,0,0,0,0,0,0,100,0,-68,NR N78,24,83891.0,10.0,10207,nan,0,3.04,0.0000
1743593295.078654,NR5G-SA,CONNECT,TDD,CFE005085,-87,-3,18,21,0,0,0,0,0,0,100,0,-68,NR N78,24,83884.0,10.0,10206,nan,0,3.04,0.0000
1743593296.1972048,NR5G-SA,CONNECT,TDD,CFE005085,-87,-3,19,21,0,0,0,0,0,0,100,0,-66,NR N78,24,83889.0,10.0,10206,nan,0,3.04,0.0000
1743593297.296976,NR5G-SA,CONNECT,TDD,CFE005085,-86,-3,19,21,0,0,0,0,0,0,100,0,-69,NR N78,25,94375.0,11.2,11482,nan,0,3.04,0.0000
1743593298.3775322,NR5G-SA,CONNECT,TDD,CFE005085,-86,-3,19,21,0,0,0,0,0,0,100,0,-70,NR N78,25,83892.0,10.0,10207,nan,0,3.04,0.0000
1743593299.4856637,NR5G-SA,CONNECT,TDD,CFE005085,-86,-3,19,20,0,0,0,0,0,0,100,0,-68,NR N78,24,83882.0,10.0,10206,nan,0,3.04,0.0000
1743593300.5737298,NR5G-SA,CONNECT,TDD,CFE005085,-87,-3,19,20,0,0,0,0,0,0,100,0,-69,NR N78,24,83896.0,10.0,10207,nan,0,3.04,0.0000
1743593301.632661,NR5G-SA,CONNECT,TDD,CFE005085,-87,-3,19,20,0,0,0,0,0,0,100,0,-71,NR N78,24,83879.0,10.0,10205,nan,0,3.04,0.0000
1743593302.6952028,NR5G-SA,CONNECT,TDD,CFE005085,-87,-3,16,20,0,0,0,0,0,0,100,0,-70,NR N78,24,83876.0,10.0,10205,nan,0,3.04,0.0000
1743593303.777618,NR5G-SA,CONNECT,TDD,CFE005085,-87,-4,14,21,0,0,0,0,0,0,100,0,-67,NR N78,24,83875.0,10.0,10205,nan,0,3.04,0.0000
1743593304.8321953,NR5G-SA,CONNECT,TDD,CFE005085,-87,-4,16,21,0,0,0,0,0,0,100,0,-70,NR N78,24,83909.0,10.0,10209,nan,0,3.04,0.0000
1743593305.923874,NR5G-SA,CONNECT,TDD,CFE005085,-86,-4,16,21,0,0,0,0,0,0,100,0,-70,NR N78,24,83888.0,10.0,10206,nan,0,3.04,0.0000
1743593306.9952583,NR5G-SA,CONNECT,TDD,CFE005085,-86,-4,13,21,0,0,0,0,0,0,100,0,-69,NR N78,24,83885.0,10.0,10206,nan,0,3.04,0.0000
1743593308.066257,NR5G-SA,CONNECT,TDD,CFE005085,-86,-4,13,21,0,0,0,0,0,0,100,0,-70,NR N78,24,83886.0,10.0,10206,nan,0,3.04,0.0000
1743593309.135103,NR5G-SA,CONNECT,TDD,CFE005085,-86,-4,13,21,0,0,0,0,0,0,100,0,-67,NR N78,25,83880.0,10.0,10205,nan,0,3.04,0.0000
1743593310.18084,NR5G-SA,CONNECT,TDD,CFE005085,-86,-4,13,21,0,0,0,0,0,0,100,0,-70,NR N78,25,83876.0,10.0,10205,nan,0,3.04,0.0000
1743593311.258809,NR5G-SA,CONNECT,TDD,CFE005085,-86,-3,17,21,0,0,0,0,0,0,100,0,-70,NR N78,24,94372.0,11.2,11482,nan,0,3.04,0.0000
1743593312.3418293,NR5G-SA,CONNECT,TDD,CFE005085,-86,-3,18,21,0,0,0,0,0,0,100,0,-69,NR N78,24,83877.0,10.0,10205,nan,0,3.04,0.0000
1743593313.4402137,NR5G-SA,CONNECT,TDD,CFE005085,-86,-4,15,21,0,0,0,0,0,0,100,0,-67,NR N78,25,83892.0,10.0,10207,nan,0,3.04,0.0000
1743593314.5166817,NR5G-SA,CONNECT,TDD,CFE005085,-86,-5,13,21,0,0,0,0,0,0,100,0,-65,NR N78,25,94391.0,11.2,11484,nan,0,3.04,0.0000
1743593315.5898666,NR5G-SA,CONNECT,TDD,CFE005085,-87,-5,12,21,0,0,0,0,0,0,100,0,-69,NR N78,24,83886.0,10.0,10206,nan,0,3.04,0.0000
1743593316.6268518,NR5G-SA,CONNECT,TDD,CFE005085,-87,-5,11,21,0,0,0,0,0,0,100,0,-68,NR N78,24,83868.0,10.0,10204,nan,0,3.04,0.0000
1743593317.719121,NR5G-SA,CONNECT,TDD,CFE005085,-87,-6,10,21,0,0,0,0,0,0,100,0,-69,NR N78,24,83887.0,10.0,10206,nan,0,3.04,0.0000
1743593318.776251,NR5G-SA,CONNECT,TDD,CFE005085,-86,-5,12,21,0,0,0,0,0,0,100,0,-68,NR N78,24,83900.0,10.0,10208,nan,0,3.04,0.0000
1743593319.8784127,NR5G-SA,CONNECT,TDD,CFE005085,-86,-4,15,21,0,0,0,0,0,0,100,0,-68,NR N78,24,83879.0,10.0,10205,nan,0,3.04,0.0000
1743593320.9709697,NR5G-SA,CONNECT,TDD,CFE005085,-86,-3,17,21,0,0,0,0,0,0,100,0,-66,NR N78,24,94364.0,11.2,11481,nan,0,3.04,0.0000
1743593322.0308278,NR5G-SA,CONNECT,TDD,CFE005085,-86,-2,19,21,0,0,0,0,0,0,100,0,-70,NR N78,25,94362.0,11.2,11481,nan,0,3.04,0.0000
1743593323.0852466,NR5G-SA,CONNECT,TDD,CFE005085,-86,-3,19,21,0,0,0,0,0,0,100,0,-65,NR N78,25,83899.0,10.0,10208,nan,0,3.04,0.0000
1743593324.1661134,NR5G-SA,CONNECT,TDD,CFE005085,-86,-5,18,21,0,0,0,0,0,0,100,0,-66,NR N78,25,94356.0,11.2,11480,nan,0,3.04,0.0000
1743593325.224061,NR5G-SA,CONNECT,TDD,CFE005085,-86,-4,14,21,0,0,0,0,0,0,100,0,-69,NR N78,25,83900.0,10.0,10208,nan,0,3.04,0.0000
1743593326.2765682,NR5G-SA,CONNECT,TDD,CFE005085,-87,-5,12,21,0,0,0,0,0,0,100,0,-59,NR N78,25,94384.0,11.2,11483,nan,0,3.04,0.0000
1743593327.3288648,NR5G-SA,CONNECT,TDD,CFE005085,-87,-5,11,21,0,0,0,0,0,0,100,0,-67,NR N78,25,83886.0,10.0,10206,nan,0,3.04,0.0000
1743593328.3977156,NR5G-SA,CONNECT,TDD,CFE005085,-87,-5,10,21,0,0,0,0,0,0,100,0,-67,NR N78,25,94372.0,11.2,11482,nan,0,3.04,0.0000
1743593329.4671187,NR5G-SA,CONNECT,TDD,CFE005085,-87,-5,10,21,0,0,0,0,0,0,100,0,-68,NR N78,25,83878.0,10.0,10205,nan,0,3.04,0.0000
1743593330.5559454,NR5G-SA,CONNECT,TDD,CFE005085,-87,-5,10,21,0,0,0,0,0,0,100,0,-68,NR N78,25,83877.0,10.0,10205,nan,0,3.04,0.0000
1743593331.6439214,NR5G-SA,CONNECT,TDD,CFE005085,-87,-5,10,21,0,0,0,0,0,0,100,0,-70,NR N78,25,94391.0,11.2,11484,nan,0,3.04,0.0000
1743593332.7269552,NR5G-SA,CONNECT,TDD,CFE005085,-87,-4,13,21,0,0,0,0,0,0,100,0,-69,NR N78,25,83889.0,10.0,10206,nan,0,3.04,0.0000
1743593333.8016663,NR5G-SA,CONNECT,TDD,CFE005085,-87,-4,14,21,0,0,0,0,0,0,100,0,-69,NR N78,25,83871.0,10.0,10204,nan,0,3.04,0.0000
1743593334.8643353,NR5G-SA,CONNECT,TDD,CFE005085,-87,-4,14,21,0,0,0,0,0,0,100,0,-70,NR N78,25,94377.0,11.2,11483,nan,0,3.04,0.0000
1743593335.9423451,NR5G-SA,CONNECT,TDD,CFE005085,-86,-4,13,21,0,0,0,0,0,0,100,0,-67,NR N78,25,83889.0,10.0,10206,nan,0,3.04,0.0000
1743593337.0505927,NR5G-SA,CONNECT,TDD,CFE005085,-86,-5,12,21,0,0,0,0,0,0,100,0,-69,NR N78,24,83877.0,10.0,10205,nan,0,3.04,0.0000
1743593338.1370397,NR5G-SA,CONNECT,TDD,CFE005085,-86,-5,11,21,0,0,0,0,0,0,100,0,-70,NR N78,24,94395.0,11.2,11485,nan,0,3.04,0.0000
1743593339.2163775,NR5G-SA,CONNECT,TDD,CFE005085,-86,-5,12,21,0,0,0,0,0,0,100,0,-69,NR N78,25,83871.0,10.0,10204,nan,0,3.04,0.0000
1743593340.3038294,NR5G-SA,CONNECT,TDD,CFE005085,-86,-4,16,21,0,0,0,0,0,0,100,0,-67,NR N78,25,94374.0,11.2,11482,nan,0,3.04,0.0000
1743593341.3743317,NR5G-SA,CONNECT,TDD,CFE005085,-86,-3,18,21,0,0,0,0,0,0,100,0,-69,NR N78,25,83735.0,10.0,10188,nan,0,3.04,0.0000
1743593342.4538033,NR5G-SA,CONNECT,TDD,CFE005085,-86,-3,18,21,0,0,0,0,0,0,100,0,-68,NR N78,25,84040.0,10.0,10225,nan,0,3.04,0.0000
1743593343.5523043,NR5G-SA,CONNECT,TDD,CFE005085,-86,-2,19,21,0,0,0,0,0,0,100,0,-70,NR N78,25,94372.0,11.2,11482,nan,0,3.04,0.0000
1743593344.6562,NR5G-SA,CONNECT,TDD,CFE005085,-86,-4,19,21,0,0,0,0,0,0,100,0,-65,NR N78,25,83888.0,10.0,10206,nan,0,3.04,0.0000
1743593345.6978405,NR5G-SA,CONNECT,TDD,CFE005085,-86,-3,19,21,0,0,0,0,0,0,100,0,-69,NR N78,25,83881.0,10.0,10206,nan,0,3.04,0.0000
1743593346.760404,NR5G-SA,CONNECT,TDD,CFE005085,-86,-3,19,21,0,0,0,0,0,0,100,0,-67,NR N78,25,94361.0,11.2,11481,nan,0,3.04,0.0000
1743593347.843293,NR5G-SA,CONNECT,TDD,CFE005085,-86,-4,16,21,0,0,0,0,0,0,100,0,-67,NR N78,25,83890.0,10.0,10207,nan,0,3.04,0.0000
1743593348.9313552,NR5G-SA,CONNECT,TDD,CFE005085,-87,-5,13,21,0,0,0,0,0,0,100,0,-67,NR N78,25,83894.0,10.0,10207,nan,0,3.04,0.0000
1743593350.0181885,NR5G-SA,CONNECT,TDD,CFE005085,-87,-5,12,21,0,0,0,0,0,0,100,0,-69,NR N78,25,83872.0,10.0,10204,nan,0,3.04,0.0000
1743593351.1251452,NR5G-SA,CONNECT,TDD,CFE005085,-87,-5,11,21,0,0,0,0,0,0,100,0,-69,NR N78,25,94377.0,11.2,11483,nan,0,3.04,0.0000
1743593352.236427,NR5G-SA,CONNECT,TDD,CFE005085,-86,-5,11,21,0,0,0,0,0,0,100,0,-67,NR N78,25,83892.0,10.0,10207,nan,0,3.04,0.0000
1743593353.302401,NR5G-SA,CONNECT,TDD,CFE005085,-87,-5,11,21,0,0,0,0,0,0,100,0,-68,NR N78,24,83886.0,10.0,10206,nan,0,3.04,0.0000
1743593354.4108303,NR5G-SA,CONNECT,TDD,CFE005085,-87,-6,11,21,0,0,0,0,0,0,100,0,-65,NR N78,24,94367.0,11.2,11481,nan,0,3.04,0.0000
1743593355.481192,NR5G-SA,CONNECT,TDD,CFE005085,-87,-5,12,21,0,0,0,0,0,0,100,0,-70,NR N78,25,83893.0,10.0,10207,nan,0,3.04,0.0000
1743593356.5481853,NR5G-SA,CONNECT,TDD,CFE005085,-87,-4,14,21,0,0,0,0,0,0,100,0,-68,NR N78,25,83875.0,10.0,10205,nan,0,3.04,0.0000
1743593357.6416075,NR5G-SA,CONNECT,TDD,CFE005085,-87,-3,17,21,0,0,0,0,0,0,100,0,-70,NR N78,25,94392.0,11.2,11484,nan,0,3.04,0.0000
1743593358.7052994,NR5G-SA,CONNECT,TDD,CFE005085,-87,-4,17,21,0,0,0,0,0,0,100,0,-69,NR N78,25,83881.0,10.0,10204,nan,1,2.17,0.0000
1743593359.84931,NR5G-SA,CONNECT,TDD,CFE005085,-86,-4,18,20,0,0,0,0,0,0,100,0,-68,NR N78,24,83872.0,10.0,10204,nan,0,2.36,0.0000
1743593360.9377055,NR5G-SA,CONNECT,TDD,CFE005085,-86,-4,18,20,0,0,0,0,0,0,100,0,-69,NR N78,24,83896.0,10.0,10207,nan,0,2.53,0.0000
1743593361.997191,NR5G-SA,CONNECT,TDD,CFE005085,-87,-3,19,21,0,0,0,0,0,0,100,0,-70,NR N78,24,73396.0,8.75,8930,nan,0,2.67,0.0000
1743593363.0941868,NR5G-SA,CONNECT,TDD,CFE005085,-87,-2,19,21,0,0,0,0,0,0,100,0,-67,NR N78,25,83881.0,10.0,10206,nan,0,2.78,0.0000
1743593364.1468973,NR5G-SA,CONNECT,TDD,CFE005085,-87,-3,19,21,0,0,0,0,0,0,100,0,-68,NR N78,25,83893.0,10.0,10207,nan,0,2.86,0.0000
1743593365.2215495,NR5G-SA,CONNECT,TDD,CFE005085,-87,-3,19,21,0,0,0,0,0,0,100,0,-67,NR N78,24,83880.0,10.0,10205,nan,0,2.93,0.0000
1743593366.298719,NR5G-SA,CONNECT,TDD,CFE005085,-86,-3,19,21,0,0,0,0,0,0,100,0,-70,NR N78,24,94460.0,11.2,11493,nan,0,3.01,0.0000
1743593367.3378062,NR5G-SA,CONNECT,TDD,CFE005085,-86,-3,19,21,0,0,0,0,0,0,100,0,-71,NR N78,25,83788.0,10.0,10194,nan,0,3.01,0.0000
1743593368.4223368,NR5G-SA,CONNECT,TDD,CFE005085,-86,-3,17,21,0,0,0,0,0,0,100,0,-69,NR N78,25,94462.0,11.2,11493,nan,0,3.01,0.0000
1743593369.4822993,NR5G-SA,CONNECT,TDD,CFE005085,-87,-4,16,21,0,0,0,0,0,0,100,0,-69,NR N78,25,83900.0,10.0,10208,nan,0,3.01,0.0000
1743593370.530333,NR5G-SA,CONNECT,TDD,CFE005085,-87,-4,13,21,0,0,0,0,0,0,100,0,-67,NR N78,25,83701.0,10.0,10184,nan,0,3.01,0.0000
1743593371.623071,NR5G-SA,CONNECT,TDD,CFE005085,-87,-4,15,21,0,0,0,0,0,0,100,0,-70,NR N78,24,73557.0,8.75,8949,nan,0,3.01,0.0000
1743593372.689068,NR5G-SA,CONNECT,TDD,CFE005085,-87,-4,16,21,0,0,0,0,0,0,100,0,-71,NR N78,24,83896.0,10.0,10207,nan,0,3.01,0.0000
1743593373.7993872,NR5G-SA,CONNECT,TDD,CFE005085,-87,-4,15,21,0,0,0,0,0,0,100,0,-68,NR N78,24,83877.0,10.0,10205,nan,0,3.01,0.0000
1743593374.8821583,NR5G-SA,CONNECT,TDD,CFE005085,-87,-4,15,21,0,0,0,0,0,0,100,0,-71,NR N78,24,73408.0,8.75,8931,nan,0,3.01,0.0000
1743593375.9351385,NR5G-SA,CONNECT,TDD,CFE005085,-88,-4,14,20,0,0,0,0,0,0,100,0,-70,NR N78,24,83835.0,10.0,10200,nan,0,3.01,0.0000
1743593376.9936666,NR5G-SA,CONNECT,TDD,CFE005085,-87,-5,12,20,0,0,0,0,0,0,100,0,-70,NR N78,24,83465.0,10.0,10155,nan,0,3.01,0.0000
1743593378.056739,NR5G-SA,CONNECT,TDD,CFE005085,-87,-5,13,20,0,0,0,0,0,0,100,0,-71,NR N78,23,73809.0,8.75,8980,nan,0,3.01,0.0000
1743593379.124846,NR5G-SA,CONNECT,TDD,CFE005085,-87,-3,17,21,0,0,0,0,0,0,100,0,-70,NR N78,23,73400.0,8.75,8930,nan,0,3.01,0.0000
1743593380.1706865,NR5G-SA,CONNECT,TDD,CFE005085,-86,-4,16,21,0,0,0,0,0,0,100,0,-68,NR N78,23,83892.0,10.0,10207,nan,0,3.01,0.0000
1743593381.228701,NR5G-SA,CONNECT,TDD,CFE005085,-87,-4,15,21,0,0,0,0,0,0,100,0,-71,NR N78,24,83895.0,10.0,10207,nan,0,3.01,0.0000
1743593382.294249,NR5G-SA,CONNECT,TDD,CFE005085,-86,-5,16,21,0,0,0,0,0,0,100,0,-67,NR N78,24,94318.0,11.2,11475,nan,0,3.01,0.0000
1743593383.3805609,NR5G-SA,CONNECT,TDD,CFE005085,-86,-5,16,21,0,0,0,0,0,0,100,0,-68,NR N78,25,83940.0,10.0,10213,nan,0,3.01,0.0000
1743593384.4488986,NR5G-SA,CONNECT,TDD,CFE005085,-86,-4,15,21,0,0,0,0,0,0,100,0,-68,NR N78,25,83889.0,10.0,10206,nan,0,3.01,0.0000
1743593385.4852269,NR5G-SA,CONNECT,TDD,CFE005085,-86,-4,13,21,0,0,0,0,0,0,100,0,-71,NR N78,24,83883.0,10.0,10206,nan,0,3.01,0.0000
1743593386.5983891,NR5G-SA,CONNECT,TDD,CFE005085,-86,-4,13,21,0,0,0,0,0,0,100,0,-65,NR N78,24,94383.0,11.2,11483,nan,0,3.01,0.0000
1743593387.706372,NR5G-SA,CONNECT,TDD,CFE005085,-85,-4,15,20,0,0,0,0,0,0,100,0,-69,NR N78,24,73401.0,8.75,8930,nan,0,3.01,0.0000
1743593388.7803063,NR5G-SA,CONNECT,TDD,CFE005085,-84,-3,17,20,0,0,0,0,0,0,100,0,-65,NR N78,24,83874.0,10.0,10205,nan,0,3.01,0.0000
1743593389.830272,NR5G-SA,CONNECT,TDD,CFE005085,-85,-4,16,20,0,0,0,0,0,0,100,0,-67,NR N78,24,81576.0,10.0,9925,nan,0,3.01,0.0000
1743593390.8739405,NR5G-SA,CONNECT,TDD,CFE005085,-84,-4,14,20,0,0,0,0,0,0,100,0,-68,NR N78,24,86330.0,10.0,10503,nan,0,3.01,0.0000
1743593391.9300406,NR5G-SA,CONNECT,TDD,CFE005085,-85,-4,13,20,0,0,0,0,0,0,100,0,-69,NR N78,23,83867.0,10.0,10204,nan,0,3.01,0.0000
1743593393.0114427,NR5G-SA,CONNECT,TDD,CFE005085,-85,-3,13,20,0,0,0,0,0,0,100,0,-68,NR N78,23,73412.0,8.75,8932,nan,0,3.01,0.0000
1743593394.0915334,NR5G-SA,CONNECT,TDD,CFE005085,-85,-4,12,20,0,0,0,0,0,0,100,0,-70,NR N78,24,94112.0,11.2,11450,nan,0,3.01,0.0000
1743593395.1851797,NR5G-SA,CONNECT,TDD,CFE005085,-86,-4,12,20,0,0,0,0,0,0,100,0,-70,NR N78,24,73514.0,8.75,8944,nan,0,3.01,0.0000
1743593396.2761185,NR5G-SA,CONNECT,TDD,CFE005085,-85,-4,12,20,0,0,0,0,0,0,100,0,-68,NR N78,24,83871.0,10.0,10204,nan,0,3.01,0.0000
1743593397.3809483,NR5G-SA,CONNECT,TDD,CFE005085,-85,-4,12,21,0,0,0,0,0,0,100,0,-69,NR N78,24,83899.0,10.0,10208,nan,0,3.01,0.0000
1743593398.4448931,NR5G-SA,CONNECT,TDD,CFE005085,-85,-5,12,21,0,0,0,0,0,0,100,0,-64,NR N78,24,83878.0,10.0,10205,nan,0,3.01,0.0000
1743593399.5309286,NR5G-SA,CONNECT,TDD,CFE005085,-84,-4,12,21,0,0,0,0,0,0,100,0,-66,NR N78,24,94369.0,11.2,11482,nan,0,3.01,0.0000
1743593400.577894,NR5G-SA,CONNECT,TDD,CFE005085,-84,-4,13,21,0,0,0,0,0,0,100,0,-68,NR N78,24,83873.0,10.0,10205,nan,0,3.01,0.0000
1743593401.687025,NR5G-SA,CONNECT,TDD,CFE005085,-84,-4,13,21,0,0,0,0,0,0,100,0,-68,NR N78,25,83901.0,10.0,10208,nan,0,3.01,0.0000
1743593402.7316072,NR5G-SA,CONNECT,TDD,CFE005085,-84,-5,13,21,0,0,0,0,0,0,100,0,-67,NR N78,25,94384.0,11.2,11483,nan,0,3.01,0.0000
1743593403.7975612,NR5G-SA,CONNECT,TDD,CFE005085,-84,-4,13,21,0,0,0,0,0,0,100,0,-69,NR N78,25,83888.0,10.0,10206,nan,0,3.01,0.0000
1743593404.8623986,NR5G-SA,CONNECT,TDD,CFE005085,-84,-3,13,21,0,0,0,0,0,0,100,0,-68,NR N78,25,83883.0,10.0,10206,nan,0,3.01,0.0000
1743593405.9388905,NR5G-SA,CONNECT,TDD,CFE005085,-84,-3,13,20,0,0,0,0,0,0,100,0,-69,NR N78,25,83882.0,10.0,10206,nan,0,3.01,0.0000
1743593407.0080595,NR5G-SA,CONNECT,TDD,CFE005085,-85,-3,12,20,0,0,0,0,0,0,100,0,-68,NR N78,25,94380.0,11.2,11483,nan,0,3.01,0.0000
1743593408.0797484,NR5G-SA,CONNECT,TDD,CFE005085,-85,-4,12,20,0,0,0,0,0,0,100,0,-67,NR N78,25,83866.0,10.0,10204,nan,0,3.01,0.0000
1743593409.16124,NR5G-SA,CONNECT,TDD,CFE005085,-85,-4,12,20,0,0,0,0,0,0,100,0,-66,NR N78,24,83832.0,10.0,10200,nan,0,3.01,0.0000
1743593410.22243,NR5G-SA,CONNECT,TDD,CFE005085,-85,-4,12,20,0,0,0,0,0,0,100,0,-67,NR N78,24,83956.0,10.0,10215,nan,0,3.01,0.0000
1743593411.284381,NR5G-SA,CONNECT,TDD,CFE005085,-85,-4,12,20,0,0,0,0,0,0,100,0,-69,NR N78,24,73391.0,8.75,8929,nan,0,3.01,0.0000
1743593412.3750515,NR5G-SA,CONNECT,TDD,CFE005085,-85,-4,12,20,0,0,0,0,0,0,100,0,-69,NR N78,24,83838.0,10.0,10200,nan,0,3.01,0.0000
1743593413.41525,NR5G-SA,CONNECT,TDD,CFE005085,-86,-5,12,20,0,0,0,0,0,0,100,0,-69,NR N78,23,83941.0,10.0,10213,nan,0,3.01,0.0000
1743593414.469203,NR5G-SA,CONNECT,TDD,CFE005085,-86,-5,12,20,0,0,0,0,0,0,100,0,-70,NR N78,23,83883.0,10.0,10206,nan,0,3.01,0.0000
1743593415.5251653,NR5G-SA,CONNECT,TDD,CFE005085,-86,-4,12,21,0,0,0,0,0,0,100,0,-69,NR N78,24,83892.0,10.0,10207,nan,0,3.01,0.0000
1743593416.6202374,NR5G-SA,CONNECT,TDD,CFE005085,-86,-5,13,21,0,0,0,0,0,0,100,0,-65,NR N78,24,83878.0,10.0,10205,nan,0,3.01,0.0000
1743593417.70684,NR5G-SA,CONNECT,TDD,CFE005085,-85,-6,13,21,0,0,0,0,0,0,100,0,-68,NR N78,25,83889.0,10.0,10206,nan,0,3.01,0.0000
1743593418.8188572,NR5G-SA,CONNECT,TDD,CFE005085,-85,-5,12,21,0,0,0,0,0,0,100,0,-66,NR N78,25,83871.0,10.0,10204,nan,0,3.01,0.0000
1743593419.908127,NR5G-SA,CONNECT,TDD,CFE005085,-86,-5,12,21,0,0,0,0,0,0,100,0,-68,NR N78,24,83903.0,10.0,10208,nan,0,3.01,0.0000
1743593420.9651275,NR5G-SA,CONNECT,TDD,CFE005085,-86,-4,14,21,0,0,0,0,0,0,100,0,-69,NR N78,24,83852.0,10.0,10202,nan,0,3.01,0.0000
1743593422.0180173,NR5G-SA,CONNECT,TDD,CFE005085,-85,-4,14,20,0,0,0,0,0,0,100,0,-68,NR N78,24,83909.0,10.0,10209,nan,0,3.01,0.0000
1743593423.1079385,NR5G-SA,CONNECT,TDD,CFE005085,-86,-4,15,20,0,0,0,0,0,0,100,0,-69,NR N78,23,83896.0,10.0,10207,nan,0,3.01,0.0000
1743593424.176287,NR5G-SA,CONNECT,TDD,CFE005085,-86,-3,17,20,0,0,0,0,0,0,100,0,-70,NR N78,23,83896.0,10.0,10207,nan,0,3.01,0.0000
1743593425.2382941,NR5G-SA,CONNECT,TDD,CFE005085,-86,-4,19,21,0,0,0,0,0,0,100,0,-70,NR N78,23,73396.0,8.75,8930,nan,0,3.01,0.0000
1743593426.3253334,NR5G-SA,CONNECT,TDD,CFE005085,-86,-3,20,21,0,0,0,0,0,0,100,0,-70,NR N78,23,83899.0,10.0,10208,nan,0,3.01,0.0000
1743593427.405937,NR5G-SA,CONNECT,TDD,CFE005085,-86,-2,21,21,0,0,0,0,0,0,100,0,-71,NR N78,24,83904.0,10.0,10208,nan,0,3.01,0.0000
1743593428.5124192,NR5G-SA,CONNECT,TDD,CFE005085,-86,-2,20,21,0,0,0,0,0,0,100,0,-70,NR N78,24,83887.0,10.0,10206,nan,0,3.01,0.0000
1743593429.5657613,NR5G-SA,CONNECT,TDD,CFE005085,-86,-2,20,21,0,0,0,0,0,0,100,0,-69,NR N78,24,94096.0,11.2,11448,nan,0,3.01,0.0000
1743593430.6610086,NR5G-SA,CONNECT,TDD,CFE005085,-87,-3,16,21,0,0,0,0,0,0,100,0,-69,NR N78,24,84126.0,10.0,10235,nan,0,3.01,0.0000
1743593431.7679253,NR5G-SA,CONNECT,TDD,CFE005085,-86,-5,13,21,0,0,0,0,0,0,100,0,-65,NR N78,25,83775.0,10.0,10193,nan,0,3.01,0.0000
1743593432.8404975,NR5G-SA,CONNECT,TDD,CFE005085,-86,-5,13,21,0,0,0,0,0,0,100,0,-69,NR N78,25,84012.0,10.0,10221,nan,0,3.01,0.0000
1743593433.899194,NR5G-SA,CONNECT,TDD,CFE005085,-86,-6,13,21,0,0,0,0,0,0,100,0,-64,NR N78,24,83881.0,10.0,10206,nan,0,3.01,0.0000
1743593434.9639673,NR5G-SA,CONNECT,TDD,CFE005085,-86,-5,12,21,0,0,0,0,0,0,100,0,-67,NR N78,24,83890.0,10.0,10207,nan,0,3.01,0.0000
1743593436.06697,NR5G-SA,CONNECT,TDD,CFE005085,-86,-5,13,21,0,0,0,0,0,0,100,0,-69,NR N78,25,83873.0,10.0,10205,nan,0,3.01,0.0000
1743593437.1477773,NR5G-SA,CONNECT,TDD,CFE005085,-86,-6,12,21,0,0,0,0,0,0,100,0,-65,NR N78,25,83895.0,10.0,10207,nan,0,3.01,0.0000
1743593438.250082,NR5G-SA,CONNECT,TDD,CFE005085,-86,-6,12,21,0,0,0,0,0,0,100,0,-68,NR N78,25,83886.0,10.0,10206,nan,0,3.01,0.0000
1743593439.3256323,NR5G-SA,CONNECT,TDD,CFE005085,-86,-6,12,21,0,0,0,0,0,0,100,0,-70,NR N78,24,83889.0,10.0,10206,nan,0,3.01,0.0000
1743593440.3723283,NR5G-SA,CONNECT,TDD,CFE005085,-86,-5,13,21,0,0,0,0,0,0,100,0,-71,NR N78,24,83891.0,10.0,10207,nan,0,3.01,0.0000
1743593441.43626,NR5G-SA,CONNECT,TDD,CFE005085,-86,-6,12,21,0,0,0,0,0,0,100,0,-62,NR N78,25,83864.0,10.0,10203,nan,0,3.01,0.0000
1743593442.5447931,NR5G-SA,CONNECT,TDD,CFE005085,-86,-7,12,21,0,0,0,0,0,0,100,0,-67,NR N78,25,94390.0,11.2,11484,nan,0,3.01,0.0000
1743593443.6153636,NR5G-SA,CONNECT,TDD,CFE005085,-87,-5,12,21,0,0,0,0,0,0,100,0,-70,NR N78,25,83886.0,10.0,10206,nan,0,3.01,0.0000
1743593444.6588042,NR5G-SA,CONNECT,TDD,CFE005085,-87,-5,13,21,0,0,0,0,0,0,100,0,-70,NR N78,25,94369.0,11.2,11482,nan,0,3.01,0.0000
1743593445.7363782,NR5G-SA,CONNECT,TDD,CFE005085,-87,-4,13,21,0,0,0,0,0,0,100,0,-70,NR N78,25,83883.0,10.0,10206,nan,0,3.01,0.0000
1743593446.7906091,NR5G-SA,CONNECT,TDD,CFE005085,-87,-4,14,21,0,0,0,0,0,0,100,0,-70,NR N78,25,94185.0,11.2,11459,nan,0,3.01,0.0000
1743593447.8449216,NR5G-SA,CONNECT,TDD,CFE005085,-87,-4,17,21,0,0,0,0,0,0,100,0,-69,NR N78,25,84069.0,10.0,10228,nan,0,3.01,0.0000
1743593448.9144516,NR5G-SA,CONNECT,TDD,CFE005085,-88,-4,15,21,0,0,0,0,0,0,100,0,-69,NR N78,25,83866.0,10.0,10204,nan,0,3.01,0.0000
1743593449.9850545,NR5G-SA,CONNECT,TDD,CFE005085,-88,-4,14,21,0,0,0,0,0,0,100,0,-69,NR N78,24,83883.0,10.0,10206,nan,0,3.01,0.0000
1743593451.0419016,NR5G-SA,CONNECT,TDD,CFE005085,-87,-3,17,21,0,0,0,0,0,0,100,0,-71,NR N78,25,94401.0,11.2,11485,nan,0,3.01,0.0000
1743593452.1268222,NR5G-SA,CONNECT,TDD,CFE005085,-87,-2,19,21,0,0,0,0,0,0,100,0,-71,NR N78,25,83874.0,10.0,10205,nan,0,3.01,0.0000
1743593453.201039,NR5G-SA,CONNECT,TDD,CFE005085,-87,-2,19,20,0,0,0,0,0,0,100,0,-71,NR N78,25,94385.0,11.2,11484,nan,0,3.01,0.0000
1743593454.2795584,NR5G-SA,CONNECT,TDD,CFE005085,-87,-2,19,20,0,0,0,0,0,0,100,0,-71,NR N78,25,94369.0,11.2,11482,nan,0,3.01,0.0000
1743593455.3583498,NR5G-SA,CONNECT,TDD,CFE005085,-86,-2,19,21,0,0,0,0,0,0,100,0,-71,NR N78,25,83882.0,10.0,10206,nan,0,3.01,0.0000
1743593456.442072,NR5G-SA,CONNECT,TDD,CFE005085,-86,-3,19,21,0,0,0,0,0,0,100,0,-70,NR N78,25,83869.0,10.0,10204,nan,0,3.01,0.0000
1743593457.5500348,NR5G-SA,CONNECT,TDD,CFE005085,-86,-4,19,21,0,0,0,0,0,0,100,0,-71,NR N78,25,94411.0,11.2,11487,nan,0,3.01,0.0000
1743593458.6177597,NR5G-SA,CONNECT,TDD,CFE005085,-87,-3,19,21,0,0,0,0,0,0,100,0,-70,NR N78,25,83869.0,10.0,10204,nan,0,3.01,0.0000
1743593459.6768165,NR5G-SA,CONNECT,TDD,CFE005085,-87,-3,19,21,0,0,0,0,0,0,100,0,-67,NR N78,25,94395.0,11.2,11485,nan,0,3.01,0.0000
1743593460.7220845,NR5G-SA,CONNECT,TDD,CFE005085,-87,-3,19,21,0,0,0,0,0,0,100,0,-70,NR N78,25,83870.0,10.0,10204,nan,0,3.01,0.0000
1743593461.8132594,NR5G-SA,CONNECT,TDD,CFE005085,-87,-4,18,21,0,0,0,0,0,0,100,0,-65,NR N78,25,94383.0,11.2,11483,nan,0,3.01,0.0000
1743593462.8638132,NR5G-SA,CONNECT,TDD,CFE005085,-87,-3,18,21,0,0,0,0,0,0,100,0,-71,NR N78,25,83880.0,10.0,10205,nan,0,3.01,0.0000
1743593463.938805,NR5G-SA,CONNECT,TDD,CFE005085,-88,-3,18,21,0,0,0,0,0,0,100,0,-71,NR N78,25,94372.0,11.2,11482,nan,0,3.01,0.0000
1743593464.980688,NR5G-SA,CONNECT,TDD,CFE005085,-88,-2,18,21,0,0,0,0,0,0,100,0,-70,NR N78,25,83889.0,10.0,10206,nan,0,3.01,0.0000
1743593466.0365622,NR5G-SA,CONNECT,TDD,CFE005085,-88,-2,18,21,0,0,0,0,0,0,100,0,-65,NR N78,25,83886.0,10.0,10206,nan,0,3.01,0.0000
1743593467.143706,NR5G-SA,CONNECT,TDD,CFE005085,-88,-3,18,21,0,0,0,0,0,0,100,0,-71,NR N78,25,94364.0,11.2,11481,nan,0,3.01,0.0000
1743593468.2002883,NR5G-SA,CONNECT,TDD,CFE005085,-88,-2,18,21,0,0,0,0,0,0,100,0,-71,NR N78,25,83883.0,10.0,10206,nan,0,3.01,0.0000
1743593469.2598073,NR5G-SA,CONNECT,TDD,CFE005085,-88,-3,17,21,0,0,0,0,0,0,100,0,-66,NR N78,25,94379.0,11.2,11483,nan,0,3.01,0.0000
1743593470.318246,NR5G-SA,CONNECT,TDD,CFE005085,-88,-4,14,21,0,0,0,0,0,0,100,0,-70,NR N78,25,94381.0,11.2,11483,nan,0,3.01,0.0000
1743593471.3807473,NR5G-SA,CONNECT,TDD,CFE005085,-87,-5,12,21,0,0,0,0,0,0,100,0,-62,NR N78,25,83880.0,10.0,10205,nan,0,3.01,0.0000
1743593472.474545,NR5G-SA,CONNECT,TDD,CFE005085,-87,-5,11,21,0,0,0,0,0,0,100,0,-70,NR N78,25,73387.0,8.75,8929,nan,0,3.01,0.0000
1743593473.5609455,NR5G-SA,CONNECT,TDD,CFE005085,-87,-5,13,21,0,0,0,0,0,0,100,0,-64,NR N78,24,94225.0,11.2,11464,nan,0,3.01,0.0000
1743593474.6498399,NR5G-SA,CONNECT,TDD,CFE005085,-86,-4,12,21,0,0,0,0,0,0,100,0,-68,NR N78,24,83808.0,10.0,10197,nan,0,3.01,0.0000
1743593475.7187471,NR5G-SA,CONNECT,TDD,CFE005085,-86,-4,13,21,0,0,0,0,0,0,100,0,-68,NR N78,25,84107.0,10.0,10233,nan,0,3.01,0.0000
1743593476.794209,NR5G-SA,CONNECT,TDD,CFE005085,-86,-4,14,21,0,0,0,0,0,0,100,0,-67,NR N78,25,83877.0,10.0,10205,nan,0,3.01,0.0000
1743593477.864486,NR5G-SA,CONNECT,TDD,CFE005085,-86,-4,14,21,0,0,0,0,0,0,100,0,-68,NR N78,25,94377.0,11.2,11483,nan,0,3.01,0.0000
1743593478.934671,NR5G-SA,CONNECT,TDD,CFE005085,-86,-4,15,21,0,0,0,0,0,0,100,0,-69,NR N78,25,94376.0,11.2,11482,nan,0,3.01,0.0000
1743593479.9869654,NR5G-SA,CONNECT,TDD,CFE005085,-86,-4,14,21,0,0,0,0,0,0,100,0,-67,NR N78,25,83779.0,10.0,10193,nan,0,3.01,0.0000
1743593481.1127338,NR5G-SA,CONNECT,TDD,CFE005085,-86,-4,13,21,0,0,0,0,0,0,100,0,-70,NR N78,25,94468.0,11.2,11494,nan,0,3.01,0.0000
1743593482.1648486,NR5G-SA,CONNECT,TDD,CFE005085,-86,-5,13,21,0,0,0,0,0,0,100,0,-70,NR N78,25,83903.0,10.0,10207,nan,1,2.12,0.0000
1743593483.2705913,NR5G-SA,CONNECT,TDD,CFE005085,-86,-5,13,21,0,0,0,0,0,0,100,0,-63,NR N78,25,83898.0,10.0,10208,nan,0,2.34,0.0000
1743593484.402854,NR5G-SA,CONNECT,TDD,CFE005085,-86,-5,13,21,0,0,0,0,0,0,100,0,-69,NR N78,25,94369.0,11.2,11482,nan,0,2.41,0.0000
1743593485.504217,NR5G-SA,CONNECT,TDD,CFE005085,-86,-4,13,21,0,0,0,0,0,0,100,0,-68,NR N78,26,83886.0,10.0,10206,nan,0,2.47,0.0000
1743593486.6063802,NR5G-SA,CONNECT,TDD,CFE005085,-85,-4,12,21,0,0,0,0,0,0,100,0,-69,NR N78,26,94387.0,11.2,11484,nan,0,2.51,0.0000
1743593487.692765,NR5G-SA,CONNECT,TDD,CFE005085,-85,-3,12,21,0,0,0,0,0,0,100,0,-65,NR N78,25,94369.0,11.2,11482,nan,0,2.54,0.0000
1743593488.793984,NR5G-SA,CONNECT,TDD,CFE005085,-85,-4,12,21,0,0,0,0,0,0,100,0,-69,NR N78,25,83880.0,10.0,10205,nan,0,2.55,0.0000
1743593489.8848536,NR5G-SA,CONNECT,TDD,CFE005085,-85,-4,12,21,0,0,0,0,0,0,100,0,-65,NR N78,25,83886.0,10.0,10206,nan,0,2.56,0.0000
1743593490.9906254,NR5G-SA,CONNECT,TDD,CFE005085,-86,-4,13,21,0,0,0,0,0,0,100,0,-69,NR N78,25,94358.0,11.2,11480,nan,0,2.56,0.0000
1743593492.0885005,NR5G-SA,CONNECT,TDD,CFE005085,-86,-5,12,21,0,0,0,0,0,0,100,0,-67,NR N78,25,94375.0,11.2,11482,nan,0,2.56,0.0000
1743593493.2001703,NR5G-SA,CONNECT,TDD,CFE005085,-86,-5,12,21,0,0,0,0,0,0,100,0,-69,NR N78,25,83892.0,10.0,10207,nan,0,2.56,0.0000
1743593494.2733266,NR5G-SA,CONNECT,TDD,CFE005085,-86,-4,13,21,0,0,0,0,0,0,100,0,-67,NR N78,25,94399.0,11.2,11485,nan,0,2.58,0.0000
1743593495.3825676,NR5G-SA,CONNECT,TDD,CFE005085,-86,-5,13,21,0,0,0,0,0,0,100,0,-67,NR N78,25,94363.0,11.2,11481,nan,0,2.61,0.0000
1743593496.4856772,NR5G-SA,CONNECT,TDD,CFE005085,-86,-4,12,21,0,0,0,0,0,0,100,0,-67,NR N78,25,83863.0,10.0,10203,nan,0,2.64,0.0000
1743593497.554081,NR5G-SA,CONNECT,TDD,CFE005085,-85,-4,12,21,0,0,0,0,0,0,100,0,-69,NR N78,25,83912.0,10.0,10209,nan,0,2.7,0.0000
1743593498.6339831,NR5G-SA,CONNECT,TDD,CFE005085,-85,-4,12,21,0,0,0,0,0,0,100,0,-69,NR N78,25,83858.0,10.0,10203,nan,0,2.77,0.0000
1743593499.726394,NR5G-SA,CONNECT,TDD,CFE005085,-85,-4,12,21,0,0,0,0,0,0,100,0,-68,NR N78,25,94405.0,11.2,11486,nan,0,2.87,0.0000
1743593500.792347,NR5G-SA,CONNECT,TDD,CFE005085,-85,-4,12,21,0,0,0,0,0,0,100,0,-69,NR N78,25,83889.0,10.0,10206,nan,0,3.0,0.0000
1743593501.8817632,NR5G-SA,CONNECT,TDD,CFE005085,-85,-5,12,21,0,0,0,0,0,0,100,0,-67,NR N78,25,94359.0,11.2,11480,nan,0,3.04,0.0000
1743593502.9770124,NR5G-SA,CONNECT,TDD,CFE005085,-86,-5,12,21,0,0,0,0,0,0,100,0,-67,NR N78,25,83889.0,10.0,10206,nan,0,3.04,0.0000
1743593504.0541592,NR5G-SA,CONNECT,TDD,CFE005085,-86,-5,13,21,0,0,0,0,0,0,100,0,-60,NR N78,26,94374.0,11.2,11482,nan,0,3.04,0.0000
1743593505.137658,NR5G-SA,CONNECT,TDD,CFE005085,-86,-5,13,21,0,0,0,0,0,0,100,0,-67,NR N78,25,83643.0,10.0,10177,nan,0,3.04,0.0000
1743593506.2535279,NR5G-SA,CONNECT,TDD,CFE005085,-86,-4,13,21,0,0,0,0,0,0,100,0,-68,NR N78,25,91741.0,11.2,11162,nan,0,3.04,0.0000
1743593507.3966916,NR5G-SA,CONNECT,TDD,CFE005085,-86,-4,12,20,0,0,0,0,0,0,100,0,-70,NR N78,24,75563.0,8.75,9192,nan,1,2.18,0.0000
1743593508.5074062,NR5G-SA,CONNECT,TDD,CFE005085,-86,-4,12,20,0,0,0,0,0,0,100,0,-70,NR N78,24,83860.0,10.0,10203,nan,0,2.37,0.0000
1743593509.5828874,NR5G-SA,CONNECT,TDD,CFE005085,-86,-4,13,21,0,0,0,0,0,0,100,0,-70,NR N78,24,94417.0,11.2,11487,nan,0,2.54,0.0000
1743593510.6906176,NR5G-SA,CONNECT,TDD,CFE005085,-86,-4,13,21,0,0,0,0,0,0,100,0,-69,NR N78,24,83881.0,10.0,10206,nan,0,2.68,0.0000
1743593511.8054662,NR5G-SA,CONNECT,TDD,CFE005085,-86,-5,13,20,0,0,0,0,0,0,100,0,-64,NR N78,25,83883.0,10.0,10206,nan,0,2.78,0.0000
1743593512.8874967,NR5G-SA,CONNECT,TDD,CFE005085,-86,-5,13,20,0,0,0,0,0,0,100,0,-69,NR N78,25,83883.0,10.0,10206,nan,0,2.87,0.0000
1743593513.9546728,NR5G-SA,CONNECT,TDD,CFE005085,-86,-4,13,20,0,0,0,0,0,0,100,0,-69,NR N78,24,83895.0,10.0,10207,nan,0,2.94,0.0000
1743593515.048668,NR5G-SA,CONNECT,TDD,CFE005085,-86,-4,12,20,0,0,0,0,0,0,100,0,-65,NR N78,24,83887.0,10.0,10206,nan,0,2.98,0.0000
1743593516.1385968,NR5G-SA,CONNECT,TDD,CFE005085,-85,-4,12,21,0,0,0,0,0,0,100,0,-68,NR N78,25,83862.0,10.0,10203,nan,0,3.01,0.0000
1743593517.2168086,NR5G-SA,CONNECT,TDD,CFE005085,-85,-4,12,21,0,0,0,0,0,0,100,0,-69,NR N78,25,83901.0,10.0,10208,nan,0,3.01,0.0000
1743593518.3068266,NR5G-SA,CONNECT,TDD,CFE005085,-85,-4,12,21,0,0,0,0,0,0,100,0,-69,NR N78,25,83929.0,10.0,10211,nan,0,3.01,0.0000
1743593519.3747692,NR5G-SA,CONNECT,TDD,CFE005085,-85,-4,12,20,0,0,0,0,0,0,100,0,-69,NR N78,24,83753.0,10.0,10190,nan,0,3.01,0.0000
1743593520.4336329,NR5G-SA,CONNECT,TDD,CFE005085,-86,-4,13,20,0,0,0,0,0,0,100,0,-68,NR N78,24,73527.0,8.75,8946,nan,0,3.01,0.0000
1743593521.463274,NR5G-SA,CONNECT,TDD,CFE005085,-86,-4,13,20,0,0,0,0,0,0,100,0,-68,NR N78,24,83897.0,10.0,10207,nan,0,3.01,0.0000
1743593522.5488331,NR5G-SA,CONNECT,TDD,CFE005085,-85,-4,13,20,0,0,0,0,0,0,100,0,-68,NR N78,24,83882.0,10.0,10206,nan,0,3.01,0.0000
1743593523.6567025,NR5G-SA,CONNECT,TDD,CFE005085,-85,-4,13,20,0,0,0,0,0,0,100,0,-65,NR N78,24,83883.0,10.0,10206,nan,0,3.01,0.0000
1743593524.7327309,NR5G-SA,CONNECT,TDD,CFE005085,-84,-4,13,20,0,0,0,0,0,0,100,0,-69,NR N78,24,83882.0,10.0,10206,nan,0,3.01,0.0000
1743593525.7934177,NR5G-SA,CONNECT,TDD,CFE005085,-85,-4,14,21,0,0,0,0,0,0,100,0,-70,NR N78,24,83894.0,10.0,10207,nan,0,3.01,0.0000
1743593526.893152,NR5G-SA,CONNECT,TDD,CFE005085,-85,-4,14,21,0,0,0,0,0,0,100,0,-69,NR N78,24,94379.0,11.2,11483,nan,0,3.01,0.0000
1743593527.981268,NR5G-SA,CONNECT,TDD,CFE005085,-85,-4,13,21,0,0,0,0,0,0,100,0,-62,NR N78,25,83881.0,10.0,10206,nan,0,3.01,0.0000
1743593529.0603807,NR5G-SA,CONNECT,TDD,CFE005085,-84,-3,13,21,0,0,0,0,0,0,100,0,-68,NR N78,25,83886.0,10.0,10206,nan,0,3.01,0.0000
1743593530.15151,NR5G-SA,CONNECT,TDD,CFE005085,-85,-3,13,20,0,0,0,0,0,0,100,0,-68,NR N78,25,73394.0,8.75,8930,nan,0,3.01,0.0000
1743593531.2680144,NR5G-SA,CONNECT,TDD,CFE005085,-85,-3,14,21,0,0,0,0,0,0,100,0,-68,NR N78,25,83850.0,10.0,10202,nan,0,3.01,0.0000
1743593532.359111,NR5G-SA,CONNECT,TDD,CFE005085,-85,-4,14,21,0,0,0,0,0,0,100,0,-64,NR N78,25,83912.0,10.0,10209,nan,0,3.01,0.0000
1743593533.4588249,NR5G-SA,CONNECT,TDD,CFE005085,-84,-4,13,21,0,0,0,0,0,0,100,0,-69,NR N78,25,83888.0,10.0,10206,nan,0,3.01,0.0000
1743593534.5374687,NR5G-SA,CONNECT,TDD,CFE005085,-84,-4,13,21,0,0,0,0,0,0,100,0,-66,NR N78,25,94372.0,11.2,11482,nan,0,3.01,0.0000
1743593535.6093957,NR5G-SA,CONNECT,TDD,CFE005085,-85,-4,13,21,0,0,0,0,0,0,100,0,-68,NR N78,25,83883.0,10.0,10206,nan,0,3.01,0.0000
1743593536.6867352,NR5G-SA,CONNECT,TDD,CFE005085,-85,-4,14,21,0,0,0,0,0,0,100,0,-63,NR N78,25,94387.0,11.2,11484,nan,0,3.01,0.0000
1743593537.7896948,NR5G-SA,CONNECT,TDD,CFE005085,-85,-5,13,21,0,0,0,0,0,0,100,0,-68,NR N78,25,83861.0,10.0,10203,nan,0,3.01,0.0000
1743593538.8603177,NR5G-SA,CONNECT,TDD,CFE005085,-85,-4,12,21,0,0,0,0,0,0,100,0,-69,NR N78,25,83809.0,10.0,10197,nan,0,3.01,0.0000
1743593539.9199317,NR5G-SA,CONNECT,TDD,CFE005085,-85,-5,12,21,0,0,0,0,0,0,100,0,-64,NR N78,24,83976.0,10.0,10217,nan,0,3.01,0.0000
1743593540.991098,NR5G-SA,CONNECT,TDD,CFE005085,-85,-6,12,21,0,0,0,0,0,0,100,0,-64,NR N78,24,94373.0,11.2,11482,nan,0,3.01,0.0000
1743593542.05505,NR5G-SA,CONNECT,TDD,CFE005085,-86,-6,13,21,0,0,0,0,0,0,100,0,-69,NR N78,25,94388.0,11.2,11484,nan,0,3.01,0.0000
1743593543.1250875,NR5G-SA,CONNECT,TDD,CFE005085,-86,-5,14,21,0,0,0,0,0,0,100,0,-65,NR N78,25,83786.0,10.0,10194,nan,0,3.01,0.0000
1743593544.1958978,NR5G-SA,CONNECT,TDD,CFE005085,-85,-4,13,21,0,0,0,0,0,0,100,0,-68,NR N78,25,83969.0,10.0,10216,nan,0,3.01,0.0000
1743593545.2572231,NR5G-SA,CONNECT,TDD,CFE005085,-85,-4,13,21,0,0,0,0,0,0,100,0,-67,NR N78,25,94372.0,11.2,11482,nan,0,3.01,0.0000
1743593546.312732,NR5G-SA,CONNECT,TDD,CFE005085,-85,-4,13,21,0,0,0,0,0,0,100,0,-67,NR N78,25,83853.0,10.0,10202,nan,0,3.01,0.0000
1743593547.3988938,NR5G-SA,CONNECT,TDD,CFE005085,-85,-5,14,21,0,0,0,0,0,0,100,0,-66,NR N78,26,94430.0,11.2,11489,nan,0,3.01,0.0000
1743593548.452936,NR5G-SA,CONNECT,TDD,CFE005085,-85,-5,13,21,0,0,0,0,0,0,100,0,-69,NR N78,26,83860.0,10.0,10203,nan,0,3.01,0.0000
1743593549.5822463,NR5G-SA,CONNECT,TDD,CFE005085,-85,-4,12,21,0,0,0,0,0,0,100,0,-67,NR N78,25,94395.0,11.2,11485,nan,0,3.01,0.0000
1743593550.702412,NR5G-SA,CONNECT,TDD,CFE005085,-85,-4,12,21,0,0,0,0,0,0,100,0,-64,NR N78,25,83657.0,10.0,10178,nan,0,3.01,0.0000
1743593551.787928,NR5G-SA,CONNECT,TDD,CFE005085,-85,-5,12,21,0,0,0,0,0,0,100,0,-68,NR N78,25,84079.0,10.0,10230,nan,0,3.01,0.0000
1743593552.8354478,NR5G-SA,CONNECT,TDD,CFE005085,-85,-5,13,21,0,0,0,0,0,0,100,0,-68,NR N78,25,83719.0,10.0,10186,nan,0,3.01,0.0000
1743593553.8877225,NR5G-SA,CONNECT,TDD,CFE005085,-85,-4,13,20,0,0,0,0,0,0,100,0,-69,NR N78,25,73568.0,8.75,8951,nan,0,3.01,0.0000
1743593554.9526858,NR5G-SA,CONNECT,TDD,CFE005085,-85,-4,12,20,0,0,0,0,0,0,100,0,-67,NR N78,25,83899.0,10.0,10208,nan,0,3.01,0.0000
1743593556.0440323,NR5G-SA,CONNECT,TDD,CFE005085,-84,-3,13,21,0,0,0,0,0,0,100,0,-69,NR N78,24,83882.0,10.0,10206,nan,0,3.01,0.0000
1743593557.1358867,NR5G-SA,CONNECT,TDD,CFE005085,-85,-3,13,21,0,0,0,0,0,0,100,0,-68,NR N78,25,94235.0,11.2,11465,nan,0,3.01,0.0000
1743593558.202109,NR5G-SA,CONNECT,TDD,CFE005085,-86,-4,15,21,0,0,0,0,0,0,100,0,-63,NR N78,25,84015.0,10.0,10222,nan,0,3.01,0.0000
1743593559.2820227,NR5G-SA,CONNECT,TDD,CFE005085,-86,-5,16,21,0,0,0,0,0,0,100,0,-64,NR N78,25,83907.0,10.0,10209,nan,0,3.01,0.0000
1743593560.3721535,NR5G-SA,CONNECT,TDD,CFE005085,-86,-5,15,21,0,0,0,0,0,0,100,0,-68,NR N78,25,94354.0,11.2,11480,nan,0,3.01,0.0000
1743593561.454024,NR5G-SA,CONNECT,TDD,CFE005085,-85,-4,14,21,0,0,0,0,0,0,100,0,-64,NR N78,25,83887.0,10.0,10206,nan,0,3.01,0.0000
1743593562.5408936,NR5G-SA,CONNECT,TDD,CFE005085,-85,-4,14,21,0,0,0,0,0,0,100,0,-70,NR N78,25,83893.0,10.0,10207,nan,0,3.01,0.0000
1743593563.5906234,NR5G-SA,CONNECT,TDD,CFE005085,-85,-5,15,20,0,0,0,0,0,0,100,0,-65,NR N78,25,73400.0,8.75,8930,nan,0,3.01,0.0000
1743593564.6425395,NR5G-SA,CONNECT,TDD,CFE005085,-85,-5,14,20,0,0,0,0,0,0,100,0,-66,NR N78,25,83890.0,10.0,10207,nan,0,3.01,0.0000
1743593565.744047,NR5G-SA,CONNECT,TDD,CFE005085,-85,-4,13,21,0,0,0,0,0,0,100,0,-70,NR N78,25,83878.0,10.0,10205,nan,0,3.01,0.0000
1743593566.8017974,NR5G-SA,CONNECT,TDD,CFE005085,-85,-4,13,21,0,0,0,0,0,0,100,0,-67,NR N78,25,83893.0,10.0,10207,nan,0,3.01,0.0000
1743593567.8790293,NR5G-SA,CONNECT,TDD,CFE005085,-85,-4,13,21,0,0,0,0,0,0,100,0,-69,NR N78,25,94359.0,11.2,11480,nan,0,3.01,0.0000
1743593568.964914,NR5G-SA,CONNECT,TDD,CFE005085,-85,-3,13,21,0,0,0,0,0,0,100,0,-67,NR N78,25,83899.0,10.0,10208,nan,0,3.01,0.0000
1743593570.060807,NR5G-SA,CONNECT,TDD,CFE005085,-85,-4,13,21,0,0,0,0,0,0,100,0,-68,NR N78,24,83865.0,10.0,10204,nan,0,3.01,0.0000
1743593571.1287835,NR5G-SA,CONNECT,TDD,CFE005085,-85,-3,14,21,0,0,0,0,0,0,100,0,-69,NR N78,25,94382.0,11.2,11483,nan,0,3.01,0.0000
1743593572.2159767,NR5G-SA,CONNECT,TDD,CFE005085,-87,-4,12,21,0,0,0,0,0,0,100,0,-70,NR N78,25,83872.0,10.0,10204,nan,0,3.01,0.0000
1743593573.2780218,NR5G-SA,CONNECT,TDD,CFE005085,-89,-6,9,21,0,0,0,0,0,0,100,0,-68,NR N78,21,62920.0,7.5,7655,nan,0,3.01,0.0000
1743593574.3402014,NR5G-SA,CONNECT,TDD,CFE005085,-90,-6,8,21,0,0,0,0,0,0,100,0,-72,NR N78,21,73387.0,8.75,8929,nan,0,3.01,0.0000
1743593575.4349535,NR5G-SA,CONNECT,TDD,CFE005085,-91,-6,7,21,0,0,0,0,0,0,100,0,-72,NR N78,22,73384.0,8.75,8928,nan,0,3.01,0.0000
1743593576.5061808,NR5G-SA,CONNECT,TDD,CFE005085,-91,-7,7,21,0,0,0,0,0,0,100,0,-70,NR N78,22,62936.0,7.5,7657,nan,0,3.01,0.0000
1743593577.5671217,NR5G-SA,CONNECT,TDD,CFE005085,-91,-6,7,21,0,0,0,0,0,0,100,0,-72,NR N78,22,73401.0,8.75,8929,nan,1,2.12,0.0000
1743593578.6704574,NR5G-SA,CONNECT,TDD,CFE005085,-91,-6,7,21,0,0,0,0,0,0,100,0,-72,NR N78,22,73253.0,8.75,8912,nan,0,2.24,0.0000
1743593579.7580197,NR5G-SA,CONNECT,TDD,CFE005085,-90,-5,7,20,0,0,0,0,0,0,100,0,-72,NR N78,21,63038.0,7.5,7670,nan,0,2.34,0.0000
1743593580.841724,NR5G-SA,CONNECT,TDD,CFE005085,-90,-5,8,20,0,0,0,0,0,0,100,0,-67,NR N78,21,62916.0,7.5,7655,nan,0,2.41,0.0000
1743593581.9717932,NR5G-SA,CONNECT,TDD,CFE005085,-90,-6,8,21,0,0,0,0,0,0,100,0,-71,NR N78,21,62916.0,7.5,7655,nan,0,2.47,0.0000
1743593583.0407107,NR5G-SA,CONNECT,TDD,CFE005085,-92,-7,6,21,0,0,0,0,0,0,100,0,-73,NR N78,21,73400.0,8.75,8930,nan,0,2.51,0.0000
1743593584.1717665,NR5G-SA,CONNECT,TDD,CFE005085,-93,-8,6,21,0,0,0,0,0,0,100,0,-69,NR N78,21,62915.0,7.5,7655,nan,0,2.54,0.0000
1743593585.3079524,NR5G-SA,CONNECT,TDD,CFE005085,-94,-8,6,21,0,0,0,0,0,0,100,0,-73,NR N78,22,73418.0,8.75,8933,nan,0,2.56,0.0000
1743593586.353679,NR5G-SA,CONNECT,TDD,CFE005085,-94,-8,6,21,0,0,0,0,0,0,100,0,-70,NR N78,22,73400.0,8.75,8930,nan,0,2.56,0.0000
1743593587.455365,NR5G-SA,CONNECT,TDD,CFE005085,-93,-7,6,21,0,0,0,0,0,0,100,0,-73,NR N78,21,62911.0,7.5,7654,nan,0,2.56,0.0000
1743593588.5528698,NR5G-SA,CONNECT,TDD,CFE005085,-91,-6,7,21,0,0,0,0,0,0,100,0,-67,NR N78,21,73411.0,8.75,8932,nan,0,2.56,0.0000
1743593589.6669414,NR5G-SA,CONNECT,TDD,CFE005085,-90,-5,8,21,0,0,0,0,0,0,100,0,-71,NR N78,21,62911.0,7.5,7654,nan,0,2.57,0.0000
1743593590.8092475,NR5G-SA,CONNECT,TDD,CFE005085,-89,-5,9,21,0,0,0,0,0,0,100,0,-69,NR N78,21,62899.0,7.5,7653,nan,0,2.58,0.0000
1743593591.926311,NR5G-SA,CONNECT,TDD,CFE005085,-89,-5,9,21,0,0,0,0,0,0,100,0,-70,NR N78,21,73419.0,8.75,8933,nan,0,2.61,0.0000
1743593593.002085,NR5G-SA,CONNECT,TDD,CFE005085,-89,-5,9,21,0,0,0,0,0,0,100,0,-69,NR N78,21,62909.0,7.5,7654,nan,0,2.64,0.0000
1743593594.057539,NR5G-SA,CONNECT,TDD,CFE005085,-89,-5,9,21,0,0,0,0,0,0,100,0,-71,NR N78,21,73405.0,8.75,8931,nan,0,2.7,0.0000
1743593595.149638,NR5G-SA,CONNECT,TDD,CFE005085,-90,-6,8,21,0,0,0,0,0,0,100,0,-70,NR N78,20,62911.0,7.5,7654,nan,0,2.77,0.0000
1743593596.209736,NR5G-SA,CONNECT,TDD,CFE005085,-89,-6,8,21,0,0,0,0,0,0,100,0,-67,NR N78,20,62925.0,7.5,7656,nan,0,2.87,0.0000
1743593597.3231678,NR5G-SA,CONNECT,TDD,CFE005085,-89,-6,9,21,0,0,0,0,0,0,100,0,-72,NR N78,21,73409.0,8.75,8931,nan,0,3.05,0.0000
1743593598.3936725,NR5G-SA,CONNECT,TDD,CFE005085,-90,-6,8,21,0,0,0,0,0,0,100,0,-72,NR N78,21,62910.0,7.5,7654,nan,0,3.05,0.0000
1743593599.4370003,NR5G-SA,CONNECT,TDD,CFE005085,-91,-7,7,21,0,0,0,0,0,0,100,0,-72,NR N78,20,62911.0,7.5,7654,nan,0,3.05,0.0000
1743593600.4858112,NR5G-SA,CONNECT,TDD,CFE005085,-91,-6,7,21,0,0,0,0,0,0,100,0,-72,NR N78,20,62907.0,7.5,7654,nan,0,3.05,0.0000
1743593601.565877,NR5G-SA,CONNECT,TDD,CFE005085,-91,-6,7,21,0,0,0,0,0,0,100,0,-72,NR N78,20,62919.0,7.5,7655,nan,0,3.05,0.0000
1743593602.620683,NR5G-SA,CONNECT,TDD,CFE005085,-91,-6,7,21,0,0,0,0,0,0,100,0,-73,NR N78,20,62899.0,7.5,7653,nan,0,3.05,0.0000
1743593603.7452226,NR5G-SA,CONNECT,TDD,CFE005085,-91,-6,7,21,0,0,0,0,0,0,100,0,-72,NR N78,20,62929.0,7.5,7656,nan,0,3.05,0.0000
1743593604.854525,NR5G-SA,CONNECT,TDD,CFE005085,-91,-6,7,21,0,0,0,0,0,0,100,0,-72,NR N78,20,73417.0,8.75,8932,nan,0,3.05,0.0000
1743593605.9199715,NR5G-SA,CONNECT,TDD,CFE005085,-91,-6,7,21,0,0,0,0,0,0,100,0,-72,NR N78,21,62907.0,7.5,7654,nan,0,3.05,0.0000
1743593607.0020618,NR5G-SA,CONNECT,TDD,CFE005085,-90,-5,8,21,0,0,0,0,0,0,100,0,-72,NR N78,21,62920.0,7.5,7655,nan,0,3.05,0.0000
1743593608.070744,NR5G-SA,CONNECT,TDD,CFE005085,-90,-5,8,21,0,0,0,0,0,0,100,0,-72,NR N78,20,62911.0,7.5,7654,nan,0,3.05,0.0000
1743593609.1728327,NR5G-SA,CONNECT,TDD,CFE005085,-91,-5,7,21,0,0,0,0,0,0,100,0,-72,NR N78,20,62555.0,7.5,7611,nan,0,3.05,0.0000
1743593610.234952,NR5G-SA,CONNECT,TDD,CFE005085,-89,-4,8,21,0,0,0,0,0,0,100,0,-71,NR N78,20,63266.0,7.5,7697,nan,0,3.05,0.0000
1743593611.3412387,NR5G-SA,CONNECT,TDD,CFE005085,-89,-4,9,21,0,0,0,0,0,0,100,0,-71,NR N78,20,62891.0,7.5,7652,nan,0,3.05,0.0000
1743593612.4432268,NR5G-SA,CONNECT,TDD,CFE005085,-89,-5,9,21,0,0,0,0,0,0,100,0,-71,NR N78,20,62941.0,7.5,7658,nan,0,3.05,0.0000
1743593613.4987636,NR5G-SA,CONNECT,TDD,CFE005085,-89,-5,9,21,0,0,0,0,0,0,100,0,-67,NR N78,21,73400.0,8.75,8929,nan,1,2.17,0.0000
1743593614.62979,NR5G-SA,CONNECT,TDD,CFE005085,-88,-4,9,21,0,0,0,0,0,0,100,0,-71,NR N78,21,62919.0,7.5,7655,nan,0,2.36,0.0000
1743593615.7526908,NR5G-SA,CONNECT,TDD,CFE005085,-88,-4,10,21,0,0,0,0,0,0,100,0,-71,NR N78,21,73406.0,8.75,8931,nan,0,2.54,0.0000
1743593616.859943,NR5G-SA,CONNECT,TDD,CFE005085,-88,-4,9,21,0,0,0,0,0,0,100,0,-71,NR N78,21,73405.0,8.75,8931,nan,0,2.67,0.0000
1743593617.9418957,NR5G-SA,CONNECT,TDD,CFE005085,-88,-4,9,21,0,0,0,0,0,0,100,0,-71,NR N78,21,62886.0,7.5,7651,nan,0,2.78,0.0000
1743593619.0406778,NR5G-SA,CONNECT,TDD,CFE005085,-89,-5,9,21,0,0,0,0,0,0,100,0,-70,NR N78,21,73424.0,8.75,8933,nan,0,2.87,0.0000
1743593620.0917082,NR5G-SA,CONNECT,TDD,CFE005085,-89,-5,9,21,0,0,0,0,0,0,100,0,-71,NR N78,22,62913.0,7.5,7654,nan,0,2.94,0.0000
1743593621.2259047,NR5G-SA,CONNECT,TDD,CFE005085,-89,-4,9,21,0,0,0,0,0,0,100,0,-71,NR N78,22,83411.0,10.0,10148,nan,0,2.99,0.0000
1743593622.2911797,NR5G-SA,CONNECT,TDD,CFE005085,-89,-5,9,21,0,0,0,0,0,0,100,0,-71,NR N78,22,73394.0,8.75,8930,nan,0,3.01,0.0000
1743593623.3505042,NR5G-SA,CONNECT,TDD,CFE005085,-89,-5,9,21,0,0,0,0,0,0,100,0,-71,NR N78,22,73398.0,8.75,8930,nan,0,3.01,0.0000
1743593624.4258993,NR5G-SA,CONNECT,TDD,CFE005085,-89,-5,9,21,0,0,0,0,0,0,100,0,-70,NR N78,22,73372.0,8.75,8927,nan,0,3.01,0.0000
1743593625.5241714,NR5G-SA,CONNECT,TDD,CFE005085,-89,-5,9,20,0,0,0,0,0,0,100,0,-71,NR N78,22,73426.0,8.75,8933,nan,0,3.01,0.0000
1743593626.635252,NR5G-SA,CONNECT,TDD,CFE005085,-89,-5,9,20,0,0,0,0,0,0,100,0,-71,NR N78,22,62927.0,7.5,7656,nan,0,3.01,0.0000
1743593627.7435257,NR5G-SA,CONNECT,TDD,CFE005085,-89,-5,9,20,0,0,0,0,0,0,100,0,-71,NR N78,21,62906.0,7.5,7654,nan,0,3.01,0.0000
1743593628.8369067,NR5G-SA,CONNECT,TDD,CFE005085,-88,-4,9,20,0,0,0,0,0,0,100,0,-70,NR N78,21,62904.0,7.5,7653,nan,0,3.01,0.0000
1743593629.960969,NR5G-SA,CONNECT,TDD,CFE005085,-89,-5,9,20,0,0,0,0,0,0,100,0,-70,NR N78,21,73383.0,8.75,8928,nan,0,3.01,0.0000
1743593631.0432603,NR5G-SA,CONNECT,TDD,CFE005085,-89,-5,9,20,0,0,0,0,0,0,100,0,-72,NR N78,21,62938.0,7.5,7657,nan,0,3.01,0.0000
1743593632.1428382,NR5G-SA,CONNECT,TDD,CFE005085,-89,-5,9,20,0,0,0,0,0,0,100,0,-70,NR N78,21,73407.0,8.75,8931,nan,0,3.01,0.0000
1743593633.2330053,NR5G-SA,CONNECT,TDD,CFE005085,-89,-5,9,20,0,0,0,0,0,0,100,0,-71,NR N78,21,62911.0,7.5,7654,nan,0,3.01,0.0000
1743593634.3165216,NR5G-SA,CONNECT,TDD,CFE005085,-88,-5,9,20,0,0,0,0,0,0,100,0,-68,NR N78,21,73394.0,8.75,8930,nan,0,3.01,0.0000
1743593635.4220884,NR5G-SA,CONNECT,TDD,CFE005085,-88,-4,10,20,0,0,0,0,0,0,100,0,-71,NR N78,21,73418.0,8.75,8933,nan,0,3.01,0.0000
1743593636.4751544,NR5G-SA,CONNECT,TDD,CFE005085,-89,-5,9,20,0,0,0,0,0,0,100,0,-71,NR N78,21,73396.0,8.75,8930,nan,0,3.01,0.0000
1743593637.5367794,NR5G-SA,CONNECT,TDD,CFE005085,-89,-4,9,20,0,0,0,0,0,0,100,0,-72,NR N78,21,62916.0,7.5,7655,nan,0,3.01,0.0000
1743593638.6570907,NR5G-SA,CONNECT,TDD,CFE005085,-90,-5,8,20,0,0,0,0,0,0,100,0,-72,NR N78,21,62901.0,7.5,7653,nan,0,3.01,0.0000
1743593639.754544,NR5G-SA,CONNECT,TDD,CFE005085,-90,-6,7,20,0,0,0,0,0,0,100,0,-72,NR N78,21,62921.0,7.5,7655,nan,0,3.01,0.0000
1743593640.7986898,NR5G-SA,CONNECT,TDD,CFE005085,-90,-6,8,20,0,0,0,0,0,0,100,0,-70,NR N78,21,73413.0,8.75,8932,nan,0,3.01,0.0000
1743593641.8612142,NR5G-SA,CONNECT,TDD,CFE005085,-90,-6,8,20,0,0,0,0,0,0,100,0,-72,NR N78,20,62910.0,7.5,7654,nan,0,3.01,0.0000
1743593642.983459,NR5G-SA,CONNECT,TDD,CFE005085,-91,-6,7,20,0,0,0,0,0,0,100,0,-72,NR N78,20,62906.0,7.5,7654,nan,0,3.01,0.0000
1743593644.0320034,NR5G-SA,CONNECT,TDD,CFE005085,-91,-6,7,21,0,0,0,0,0,0,100,0,-71,NR N78,21,73409.0,8.75,8931,nan,0,3.01,0.0000
1743593645.0851214,NR5G-SA,CONNECT,TDD,CFE005085,-90,-6,7,21,0,0,0,0,0,0,100,0,-72,NR N78,21,73394.0,8.75,8930,nan,0,3.01,0.0000
1743593646.1911323,NR5G-SA,CONNECT,TDD,CFE005085,-92,-8,6,21,0,0,0,0,0,0,100,0,-72,NR N78,22,73403.0,8.75,8931,nan,0,3.01,0.0000
1743593647.2463222,NR5G-SA,CONNECT,TDD,CFE005085,-93,-8,6,21,0,0,0,0,0,0,100,0,-72,NR N78,22,73398.0,8.75,8930,nan,0,3.01,0.0000
1743593648.365215,NR5G-SA,CONNECT,TDD,CFE005085,-93,-8,6,21,0,0,0,0,0,0,100,0,-72,NR N78,22,73393.0,8.75,8929,nan,0,3.01,0.0000
1743593649.4677997,NR5G-SA,CONNECT,TDD,CFE005085,-93,-8,5,21,0,0,0,0,0,0,100,0,-71,NR N78,21,62911.0,7.5,7654,nan,0,3.01,0.0000
1743593650.5778165,NR5G-SA,CONNECT,TDD,CFE005085,-93,-9,5,21,0,0,0,0,0,0,100,0,-73,NR N78,21,73406.0,8.75,8931,nan,0,3.01,0.0000
1743593651.6495492,NR5G-SA,CONNECT,TDD,CFE005085,-92,-7,6,21,0,0,0,0,0,0,100,0,-72,NR N78,21,73402.0,8.75,8931,nan,0,3.01,0.0000
1743593652.7334297,NR5G-SA,CONNECT,TDD,CFE005085,-92,-7,6,21,0,0,0,0,0,0,100,0,-70,NR N78,21,73403.0,8.75,8931,nan,0,3.01,0.0000
1743593653.803809,NR5G-SA,CONNECT,TDD,CFE005085,-92,-7,6,21,0,0,0,0,0,0,100,0,-72,NR N78,22,73406.0,8.75,8931,nan,0,3.01,0.0000
1743593654.881253,NR5G-SA,CONNECT,TDD,CFE005085,-92,-7,6,21,0,0,0,0,0,0,100,0,-69,NR N78,22,73398.0,8.75,8930,nan,0,3.01,0.0000
1743593655.931222,NR5G-SA,CONNECT,TDD,CFE005085,-92,-7,6,21,0,0,0,0,0,0,100,0,-72,NR N78,22,73392.0,8.75,8929,nan,0,3.01,0.0000
1743593656.9992857,NR5G-SA,CONNECT,TDD,CFE005085,-92,-7,6,21,0,0,0,0,0,0,100,0,-72,NR N78,22,73411.0,8.75,8932,nan,0,3.01,0.0000
1743593658.0794823,NR5G-SA,CONNECT,TDD,CFE005085,-92,-7,6,21,0,0,0,0,0,0,100,0,-72,NR N78,22,73401.0,8.75,8930,nan,0,3.01,0.0000
1743593659.1369486,NR5G-SA,CONNECT,TDD,CFE005085,-92,-7,6,21,0,0,0,0,0,0,100,0,-71,NR N78,22,73405.0,8.75,8931,nan,0,3.01,0.0000
1743593660.2403169,NR5G-SA,CONNECT,TDD,CFE005085,-92,-7,6,21,0,0,0,0,0,0,100,0,-73,NR N78,22,62916.0,7.5,7655,nan,0,3.01,0.0000
1743593661.3767629,NR5G-SA,CONNECT,TDD,CFE005085,-92,-7,6,21,0,0,0,0,0,0,100,0,-73,NR N78,21,73361.0,8.75,8926,nan,0,3.01,0.0000
1743593662.462584,NR5G-SA,CONNECT,TDD,CFE005085,-92,-6,7,21,0,0,0,0,0,0,100,0,-72,NR N78,21,62943.0,7.5,7658,nan,0,3.01,0.0000
1743593663.548499,NR5G-SA,CONNECT,TDD,CFE005085,-91,-6,7,21,0,0,0,0,0,0,100,0,-71,NR N78,21,73412.0,8.75,8932,nan,0,3.01,0.0000
1743593664.6161861,NR5G-SA,CONNECT,TDD,CFE005085,-91,-7,7,21,0,0,0,0,0,0,100,0,-72,NR N78,21,73401.0,8.75,8930,nan,0,3.01,0.0000
1743593665.6809387,NR5G-SA,CONNECT,TDD,CFE005085,-91,-7,7,21,0,0,0,0,0,0,100,0,-72,NR N78,22,62908.0,7.5,7654,nan,0,3.01,0.0000
1743593666.7750394,NR5G-SA,CONNECT,TDD,CFE005085,-91,-7,9,21,0,0,0,0,0,0,100,0,-72,NR N78,22,73400.0,8.75,8930,nan,0,3.01,0.0000
1743593667.8829906,NR5G-SA,CONNECT,TDD,CFE005085,-90,-6,11,21,0,0,0,0,0,0,100,0,-74,NR N78,21,73389.0,8.75,8929,nan,0,3.01,0.0000
1743593668.9476664,NR5G-SA,CONNECT,TDD,CFE005085,-90,-6,10,21,0,0,0,0,0,0,100,0,-70,NR N78,21,73418.0,8.75,8933,nan,0,3.01,0.0000
1743593670.0464842,NR5G-SA,CONNECT,TDD,CFE005085,-90,-6,9,20,0,0,0,0,0,0,100,0,-73,NR N78,22,73397.0,8.75,8929,nan,1,2.12,0.0000
1743593671.155363,NR5G-SA,CONNECT,TDD,CFE005085,-91,-5,11,20,0,0,0,0,0,0,100,0,-74,NR N78,21,62911.0,7.5,7654,nan,0,2.23,0.0000
1743593672.2511656,NR5G-SA,CONNECT,TDD,CFE005085,-90,-5,12,20,0,0,0,0,0,0,100,0,-74,NR N78,21,73503.0,8.75,8943,nan,0,2.41,0.0000
1743593673.3781953,NR5G-SA,CONNECT,TDD,CFE005085,-91,-6,11,20,0,0,0,0,0,0,100,0,-71,NR N78,21,62912.0,7.5,7654,nan,0,2.47,0.0000
1743593674.4753082,NR5G-SA,CONNECT,TDD,CFE005085,-91,-6,12,20,0,0,0,0,0,0,100,0,-69,NR N78,21,73407.0,8.75,8931,nan,0,2.51,0.0000
1743593675.5198553,NR5G-SA,CONNECT,TDD,CFE005085,-92,-6,11,20,0,0,0,0,0,0,100,0,-75,NR N78,21,62906.0,7.5,7654,nan,0,2.54,0.0000
1743593676.5867705,NR5G-SA,CONNECT,TDD,CFE005085,-92,-6,10,20,0,0,0,0,0,0,100,0,-73,NR N78,21,73405.0,8.75,8931,nan,0,2.55,0.0000
1743593677.6711419,NR5G-SA,CONNECT,TDD,CFE005085,-92,-6,10,20,0,0,0,0,0,0,100,0,-74,NR N78,22,73410.0,8.75,8932,nan,0,2.56,0.0000
1743593678.720806,NR5G-SA,CONNECT,TDD,CFE005085,-93,-7,10,20,0,0,0,0,0,0,100,0,-71,NR N78,22,73403.0,8.75,8931,nan,0,2.56,0.0000
1743593679.796317,NR5G-SA,CONNECT,TDD,CFE005085,-93,-6,9,20,0,0,0,0,0,0,100,0,-74,NR N78,22,73397.0,8.75,8930,nan,0,2.56,0.0000
1743593680.903881,NR5G-SA,CONNECT,TDD,CFE005085,-92,-6,10,20,0,0,0,0,0,0,100,0,-72,NR N78,22,62908.0,7.5,7654,nan,0,2.56,0.0000
1743593681.958665,NR5G-SA,CONNECT,TDD,CFE005085,-91,-5,12,20,0,0,0,0,0,0,100,0,-71,NR N78,21,73399.0,8.75,8930,nan,0,2.57,0.0000
1743593683.0505276,NR5G-SA,CONNECT,TDD,CFE005085,-91,-5,12,20,0,0,0,0,0,0,100,0,-74,NR N78,21,73401.0,8.75,8930,nan,0,2.58,0.0000
1743593684.1553345,NR5G-SA,CONNECT,TDD,CFE005085,-91,-5,12,20,0,0,0,0,0,0,100,0,-73,NR N78,22,73409.0,8.75,8931,nan,0,2.61,0.0000
1743593685.2291753,NR5G-SA,CONNECT,TDD,CFE005085,-91,-5,12,20,0,0,0,0,0,0,100,0,-72,NR N78,22,73205.0,8.75,8907,nan,0,2.64,0.0000
1743593686.3302047,NR5G-SA,CONNECT,TDD,CFE005085,-91,-5,12,20,0,0,0,0,0,0,100,0,-73,NR N78,22,73453.0,8.75,8937,nan,0,2.77,0.0000
1743593687.400748,NR5G-SA,CONNECT,TDD,CFE005085,-91,-5,12,20,0,0,0,0,0,0,100,0,-75,NR N78,21,62911.0,7.5,7654,nan,0,2.86,0.0000
1743593688.467295,NR5G-SA,CONNECT,TDD,CFE005085,-91,-6,12,20,0,0,0,0,0,0,100,0,-69,NR N78,21,62907.0,7.5,7654,nan,0,2.99,0.0000
1743593689.546968,NR5G-SA,CONNECT,TDD,CFE005085,-92,-6,11,20,0,0,0,0,0,0,100,0,-71,NR N78,21,73397.0,8.75,8930,nan,0,3.05,0.0000
1743593690.612244,NR5G-SA,CONNECT,TDD,CFE005085,-92,-7,11,20,0,0,0,0,0,0,100,0,-71,NR N78,21,73416.0,8.75,8932,nan,0,3.05,0.0000
1743593691.6618633,NR5G-SA,CONNECT,TDD,CFE005085,-92,-6,11,21,0,0,0,0,0,0,100,0,-73,NR N78,22,73398.0,8.75,8930,nan,0,3.05,0.0000
1743593692.7581055,NR5G-SA,CONNECT,TDD,CFE005085,-92,-6,11,21,0,0,0,0,0,0,100,0,-73,NR N78,22,73402.0,8.75,8931,nan,0,3.05,0.0000
1743593693.8656387,NR5G-SA,CONNECT,TDD,CFE005085,-92,-6,11,21,0,0,0,0,0,0,100,0,-74,NR N78,22,73399.0,8.75,8930,nan,0,3.05,0.0000
1743593694.9798882,NR5G-SA,CONNECT,TDD,CFE005085,-91,-6,11,21,0,0,0,0,0,0,100,0,-74,NR N78,22,73393.0,8.75,8929,nan,0,3.05,0.0000
1743593696.0842667,NR5G-SA,CONNECT,TDD,CFE005085,-91,-6,12,21,0,0,0,0,0,0,100,0,-68,NR N78,22,73400.0,8.75,8930,nan,0,3.05,0.0000
1743593697.159546,NR5G-SA,CONNECT,TDD,CFE005085,-91,-6,12,21,0,0,0,0,0,0,100,0,-68,NR N78,22,73393.0,8.75,8929,nan,0,3.05,0.0000
1743593698.2337494,NR5G-SA,CONNECT,TDD,CFE005085,-91,-6,12,21,0,0,0,0,0,0,100,0,-73,NR N78,22,73408.0,8.75,8931,nan,0,3.05,0.0000
1743593699.3273263,NR5G-SA,CONNECT,TDD,CFE005085,-91,-6,12,21,0,0,0,0,0,0,100,0,-74,NR N78,22,73406.0,8.75,8931,nan,0,3.05,0.0000
1743593700.3779545,NR5G-SA,CONNECT,TDD,CFE005085,-91,-5,12,21,0,0,0,0,0,0,100,0,-74,NR N78,22,73391.0,8.75,8929,nan,0,3.05,0.0000
1743593701.4946873,NR5G-SA,CONNECT,TDD,CFE005085,-91,-5,12,21,0,0,0,0,0,0,100,0,-74,NR N78,22,62916.0,7.5,7655,nan,0,3.05,0.0000
1743593702.5605145,NR5G-SA,CONNECT,TDD,CFE005085,-91,-6,11,21,0,0,0,0,0,0,100,0,-72,NR N78,22,73393.0,8.75,8929,nan,0,3.05,0.0000
1743593703.6460698,NR5G-SA,CONNECT,TDD,CFE005085,-91,-6,11,21,0,0,0,0,0,0,100,0,-73,NR N78,22,83902.0,10.0,10208,nan,0,3.05,0.0000
1743593704.751396,NR5G-SA,CONNECT,TDD,CFE005085,-91,-6,11,21,0,0,0,0,0,0,100,0,-69,NR N78,22,73400.0,8.75,8930,nan,0,3.05,0.0000
1743593705.8655744,NR5G-SA,CONNECT,TDD,CFE005085,-91,-5,11,21,0,0,0,0,0,0,100,0,-73,NR N78,22,73386.0,8.75,8929,nan,0,3.05,0.0000
1743593706.9151297,NR5G-SA,CONNECT,TDD,CFE005085,-91,-5,11,21,0,0,0,0,0,0,100,0,-72,NR N78,22,73400.0,8.75,8930,nan,0,3.05,0.0000
1743593707.9713993,NR5G-SA,CONNECT,TDD,CFE005085,-91,-5,11,21,0,0,0,0,0,0,100,0,-70,NR N78,22,73414.0,8.75,8932,nan,0,3.05,0.0000
1743593709.0268352,NR5G-SA,CONNECT,TDD,CFE005085,-91,-6,11,21,0,0,0,0,0,0,100,0,-73,NR N78,22,73390.0,8.75,8929,nan,0,3.05,0.0000
1743593710.1131415,NR5G-SA,CONNECT,TDD,CFE005085,-91,-7,9,21,0,0,0,0,0,0,100,0,-71,NR N78,22,73401.0,8.75,8930,nan,0,3.05,0.0000
1743593711.1743069,NR5G-SA,CONNECT,TDD,CFE005085,-91,-6,10,21,0,0,0,0,0,0,100,0,-74,NR N78,22,73411.0,8.75,8932,nan,0,3.05,0.0000
1743593712.250337,NR5G-SA,CONNECT,TDD,CFE005085,-91,-6,8,21,0,0,0,0,0,0,100,0,-70,NR N78,22,83875.0,10.0,10205,nan,0,3.05,0.0000
1743593713.351334,NR5G-SA,CONNECT,TDD,CFE005085,-90,-6,8,20,0,0,0,0,0,0,100,0,-69,NR N78,21,62912.0,7.5,7654,nan,0,2.35,0.0000
1743593714.4454374,NR5G-SA,CONNECT,TDD,CFE005085,-91,-6,7,20,0,0,0,0,0,0,100,0,-72,NR N78,21,62900.0,7.5,7653,nan,0,2.52,0.0000
1743593715.5612242,NR5G-SA,CONNECT,TDD,CFE005085,-91,-6,7,20,0,0,0,0,0,0,100,0,-73,NR N78,21,73400.0,8.75,8930,nan,0,2.66,0.0000
1743593716.629888,NR5G-SA,CONNECT,TDD,CFE005085,-91,-6,7,20,0,0,0,0,0,0,100,0,-71,NR N78,21,73418.0,8.75,8933,nan,0,2.77,0.0000
1743593717.7659898,NR5G-SA,CONNECT,TDD,CFE005085,-91,-6,7,20,0,0,0,0,0,0,100,0,-73,NR N78,22,73390.0,8.75,8929,nan,0,2.87,0.0000
1743593718.8729835,NR5G-SA,CONNECT,TDD,CFE005085,-92,-7,7,20,0,0,0,0,0,0,100,0,-73,NR N78,22,73407.0,8.75,8931,nan,0,2.94,0.0000
1743593720.007611,NR5G-SA,CONNECT,TDD,CFE005085,-92,-6,6,20,0,0,0,0,0,0,100,0,-72,NR N78,22,73386.0,8.75,8929,nan,0,2.98,0.0000
1743593721.0794063,NR5G-SA,CONNECT,TDD,CFE005085,-92,-6,6,20,0,0,0,0,0,0,100,0,-70,NR N78,22,73392.0,8.75,8929,nan,0,3.01,0.0000
1743593722.1758707,NR5G-SA,CONNECT,TDD,CFE005085,-92,-6,8,20,0,0,0,0,0,0,100,0,-71,NR N78,22,73261.0,8.75,8913,nan,0,3.01,0.0000
1743593723.2320428,NR5G-SA,CONNECT,TDD,CFE005085,-92,-7,8,20,0,0,0,0,0,0,100,0,-74,NR N78,22,63037.0,7.5,7670,nan,0,3.01,0.0000
1743593724.293246,NR5G-SA,CONNECT,TDD,CFE005085,-92,-6,8,20,0,0,0,0,0,0,100,0,-71,NR N78,22,63032.0,7.5,7669,nan,0,3.01,0.0000
1743593725.3831751,NR5G-SA,CONNECT,TDD,CFE005085,-92,-7,8,20,0,0,0,0,0,0,100,0,-73,NR N78,21,73405.0,8.75,8931,nan,0,3.01,0.0000
1743593726.4720037,NR5G-SA,CONNECT,TDD,CFE005085,-92,-7,7,20,0,0,0,0,0,0,100,0,-73,NR N78,21,62900.0,7.5,7653,nan,0,3.01,0.0000
1743593727.5688207,NR5G-SA,CONNECT,TDD,CFE005085,-92,-6,8,20,0,0,0,0,0,0,100,0,-72,NR N78,21,73412.0,8.75,8932,nan,0,3.01,0.0000
1743593728.67616,NR5G-SA,CONNECT,TDD,CFE005085,-92,-6,10,20,0,0,0,0,0,0,100,0,-74,NR N78,21,62924.0,7.5,7656,nan,0,3.01,0.0000
1743593729.7784963,NR5G-SA,CONNECT,TDD,CFE005085,-93,-6,10,20,0,0,0,0,0,0,100,0,-74,NR N78,21,62882.0,7.5,7651,nan,0,3.01,0.0000
1743593730.844823,NR5G-SA,CONNECT,TDD,CFE005085,-93,-6,9,20,0,0,0,0,0,0,100,0,-73,NR N78,21,73426.0,8.75,8933,nan,0,3.01,0.0000
1743593731.9272716,NR5G-SA,CONNECT,TDD,CFE005085,-93,-6,10,21,0,0,0,0,0,0,100,0,-74,NR N78,21,62694.0,7.5,7628,nan,0,3.01,0.0000
1743593733.0800433,NR5G-SA,CONNECT,TDD,CFE005085,-93,-7,7,21,0,0,0,0,0,0,100,0,-72,NR N78,21,73661.0,8.75,8962,nan,0,3.01,0.0000
1743593734.173815,NR5G-SA,CONNECT,TDD,CFE005085,-93,-7,8,21,0,0,0,0,0,0,100,0,-73,NR N78,22,73409.0,8.75,8931,nan,0,3.01,0.0000
1743593735.2238111,NR5G-SA,CONNECT,TDD,CFE005085,-92,-7,9,21,0,0,0,0,0,0,100,0,-73,NR N78,22,73353.0,8.75,8925,nan,0,3.01,0.0000
1743593736.279226,NR5G-SA,CONNECT,TDD,CFE005085,-93,-7,9,21,0,0,0,0,0,0,100,0,-73,NR N78,22,73425.0,8.75,8933,nan,0,3.01,0.0000
1743593737.3984418,NR5G-SA,CONNECT,TDD,CFE005085,-93,-7,9,20,0,0,0,0,0,0,100,0,-71,NR N78,22,62908.0,7.5,7654,nan,0,3.01,0.0000
1743593738.503688,NR5G-SA,CONNECT,TDD,CFE005085,-92,-7,9,20,0,0,0,0,0,0,100,0,-71,NR N78,22,83892.0,10.0,10207,nan,0,3.01,0.0000
1743593739.5726008,NR5G-SA,CONNECT,TDD,CFE005085,-92,-7,9,21,0,0,0,0,0,0,100,0,-74,NR N78,22,73392.0,8.75,8929,nan,0,3.01,0.0000
1743593740.6557639,NR5G-SA,CONNECT,TDD,CFE005085,-90,-5,12,21,0,0,0,0,0,0,100,0,-69,NR N78,22,73330.0,8.75,8922,nan,0,3.01,0.0000
1743593741.7181575,NR5G-SA,CONNECT,TDD,CFE005085,-90,-5,12,21,0,0,0,0,0,0,100,0,-72,NR N78,22,62980.0,7.5,7663,nan,0,3.01,0.0000
1743593742.8288798,NR5G-SA,CONNECT,TDD,CFE005085,-90,-5,13,21,0,0,0,0,0,0,100,0,-71,NR N78,22,73396.0,8.75,8930,nan,0,3.01,0.0000
1743593743.9294417,NR5G-SA,CONNECT,TDD,CFE005085,-89,-4,15,20,0,0,0,0,0,0,100,0,-73,NR N78,21,52433.0,6.25,6379,nan,0,3.01,0.0000
1743593745.0165246,NR5G-SA,CONNECT,TDD,CFE005085,-90,-6,13,20,0,0,0,0,0,0,100,0,-72,NR N78,21,73350.0,8.75,8924,nan,0,3.01,0.0000
1743593746.089416,NR5G-SA,CONNECT,TDD,CFE005085,-90,-5,14,21,0,0,0,0,0,0,100,0,-70,NR N78,21,73456.0,8.75,8937,nan,0,3.01,0.0000
1743593747.175069,NR5G-SA,CONNECT,TDD,CFE005085,-90,-6,14,21,0,0,0,0,0,0,100,0,-73,NR N78,22,73400.0,8.75,8930,nan,0,3.01,0.0000
1743593748.2296855,NR5G-SA,CONNECT,TDD,CFE005085,-91,-7,13,21,0,0,0,0,0,0,100,0,-71,NR N78,22,73412.0,8.75,8932,nan,0,3.01,0.0000
1743593749.2903907,NR5G-SA,CONNECT,TDD,CFE005085,-91,-5,12,21,0,0,0,0,0,0,100,0,-74,NR N78,22,73407.0,8.75,8931,nan,0,3.01,0.0000
1743593750.3586648,NR5G-SA,CONNECT,TDD,CFE005085,-91,-5,11,21,0,0,0,0,0,0,100,0,-70,NR N78,22,73405.0,8.75,8931,nan,0,3.01,0.0000
1743593751.4542072,NR5G-SA,CONNECT,TDD,CFE005085,-92,-7,11,21,0,0,0,0,0,0,100,0,-67,NR N78,22,62898.0,7.5,7653,nan,0,3.01,0.0000
1743593752.5487192,NR5G-SA,CONNECT,TDD,CFE005085,-92,-6,11,21,0,0,0,0,0,0,100,0,-72,NR N78,22,73410.0,8.75,8932,nan,0,3.01,0.0000
1743593753.6716368,NR5G-SA,CONNECT,TDD,CFE005085,-92,-6,11,21,0,0,0,0,0,0,100,0,-73,NR N78,22,83525.0,10.0,10162,nan,0,3.01,0.0000
1743593754.746294,NR5G-SA,CONNECT,TDD,CFE005085,-92,-5,10,21,0,0,0,0,0,0,100,0,-75,NR N78,22,63184.0,7.5,7687,nan,0,3.01,0.0000
1743593755.8092673,NR5G-SA,CONNECT,TDD,CFE005085,-93,-5,10,21,0,0,0,0,0,0,100,0,-74,NR N78,22,83862.0,10.0,10203,nan,0,3.01,0.0000
1743593756.9088197,NR5G-SA,CONNECT,TDD,CFE005085,-93,-6,10,21,0,0,0,0,0,0,100,0,-73,NR N78,22,73276.0,8.75,8915,nan,0,3.01,0.0000
1743593757.9496186,NR5G-SA,CONNECT,TDD,CFE005085,-93,-6,9,21,0,0,0,0,0,0,100,0,-73,NR N78,22,63048.0,7.5,7671,nan,0,3.01,0.0000
1743593759.0189693,NR5G-SA,CONNECT,TDD,CFE005085,-92,-6,11,21,0,0,0,0,0,0,100,0,-73,NR N78,22,73398.0,8.75,8930,nan,0,3.01,0.0000
1743593760.1051931,NR5G-SA,CONNECT,TDD,CFE005085,-93,-6,8,21,0,0,0,0,0,0,100,0,-77,NR N78,21,62916.0,7.5,7655,nan,0,3.01,0.0000
1743593761.181204,NR5G-SA,CONNECT,TDD,CFE005085,-92,-6,9,21,0,0,0,0,0,0,100,0,-69,NR N78,22,73391.0,8.75,8929,nan,0,3.01,0.0000
1743593762.2635365,NR5G-SA,CONNECT,TDD,CFE005085,-92,-5,10,20,0,0,0,0,0,0,100,0,-75,NR N78,22,73409.0,8.75,8931,nan,0,3.01,0.0000
1743593763.3223526,NR5G-SA,CONNECT,TDD,CFE005085,-93,-6,9,20,0,0,0,0,0,0,100,0,-71,NR N78,21,73405.0,8.75,8931,nan,0,3.01,0.0000
1743593764.3663108,NR5G-SA,CONNECT,TDD,CFE005085,-93,-8,8,20,0,0,0,0,0,0,100,0,-67,NR N78,21,52424.0,6.25,6378,nan,0,3.01,0.0000
1743593765.4175873,NR5G-SA,CONNECT,TDD,CFE005085,-93,-8,9,21,0,0,0,0,0,0,100,0,-73,NR N78,21,72755.0,8.75,8852,nan,0,3.01,0.0000
1743593766.5217874,NR5G-SA,CONNECT,TDD,CFE005085,-93,-8,8,21,0,0,0,0,0,0,100,0,-72,NR N78,21,63473.0,7.5,7723,nan,0,3.01,0.0000
1743593767.5694,NR5G-SA,CONNECT,TDD,CFE005085,-93,-8,9,21,0,0,0,0,0,0,100,0,-71,NR N78,21,73404.0,8.75,8931,nan,0,3.01,0.0000
1743593768.6173558,NR5G-SA,CONNECT,TDD,CFE005085,-93,-8,9,21,0,0,0,0,0,0,100,0,-74,NR N78,21,62915.0,7.5,7655,nan,0,3.01,0.0000
1743593769.6648302,NR5G-SA,CONNECT,TDD,CFE005085,-93,-7,9,21,0,0,0,0,0,0,100,0,-70,NR N78,21,73404.0,8.75,8931,nan,0,3.01,0.0000
1743593770.7696383,NR5G-SA,CONNECT,TDD,CFE005085,-94,-7,9,21,0,0,0,0,0,0,100,0,-73,NR N78,21,73407.0,8.75,8931,nan,0,3.01,0.0000
1743593771.8198907,NR5G-SA,CONNECT,TDD,CFE005085,-94,-8,10,21,0,0,0,0,0,0,100,0,-75,NR N78,22,73377.0,8.75,8928,nan,0,3.01,0.0000
1743593772.8818643,NR5G-SA,CONNECT,TDD,CFE005085,-94,-7,10,21,0,0,0,0,0,0,100,0,-74,NR N78,22,62934.0,7.5,7657,nan,0,3.01,0.0000
1743593773.9894803,NR5G-SA,CONNECT,TDD,CFE005085,-94,-7,10,21,0,0,0,0,0,0,100,0,-76,NR N78,22,73381.0,8.75,8928,nan,0,3.01,0.0000
1743593775.043877,NR5G-SA,CONNECT,TDD,CFE005085,-94,-7,10,21,0,0,0,0,0,0,100,0,-74,NR N78,22,73419.0,8.75,8933,nan,0,3.01,0.0000
1743593776.0970259,NR5G-SA,CONNECT,TDD,CFE005085,-94,-6,10,21,0,0,0,0,0,0,100,0,-75,NR N78,21,73395.0,8.75,8930,nan,0,3.01,0.0000
1743593777.1624546,NR5G-SA,CONNECT,TDD,CFE005085,-93,-7,10,21,0,0,0,0,0,0,100,0,-73,NR N78,22,62916.0,7.5,7655,nan,0,3.01,0.0000
1743593778.2762153,NR5G-SA,CONNECT,TDD,CFE005085,-94,-7,10,21,0,0,0,0,0,0,100,0,-74,NR N78,22,73396.0,8.75,8930,nan,0,3.01,0.0000
1743593779.3456135,NR5G-SA,CONNECT,TDD,CFE005085,-94,-7,9,21,0,0,0,0,0,0,100,0,-73,NR N78,21,73406.0,8.75,8931,nan,0,3.01,0.0000
1743593780.4332473,NR5G-SA,CONNECT,TDD,CFE005085,-94,-8,9,21,0,0,0,0,0,0,100,0,-72,NR N78,21,73400.0,8.75,8930,nan,0,3.01,0.0000
1743593781.4999442,NR5G-SA,CONNECT,TDD,CFE005085,-93,-7,10,21,0,0,0,0,0,0,100,0,-71,NR N78,22,73402.0,8.75,8931,nan,0,3.01,0.0000
1743593782.5555224,NR5G-SA,CONNECT,TDD,CFE005085,-91,-6,12,21,0,0,0,0,0,0,100,0,-70,NR N78,22,73402.0,8.75,8931,nan,0,3.01,0.0000
1743593783.6089761,NR5G-SA,CONNECT,TDD,CFE005085,-93,-7,10,21,0,0,0,0,0,0,100,0,-75,NR N78,22,73386.0,8.75,8929,nan,0,3.01,0.0000
1743593784.672368,NR5G-SA,CONNECT,TDD,CFE005085,-94,-8,7,21,0,0,0,0,0,0,100,0,-70,NR N78,22,73405.0,8.75,8931,nan,0,3.01,0.0000
1743593785.7332997,NR5G-SA,CONNECT,TDD,CFE005085,-95,-10,5,21,0,0,0,0,0,0,100,0,-72,NR N78,22,62917.0,7.5,7655,nan,0,3.01,0.0000
1743593786.8260138,NR5G-SA,CONNECT,TDD,CFE005085,-95,-9,7,21,0,0,0,0,0,0,100,0,-74,NR N78,22,73406.0,8.75,8931,nan,0,3.01,0.0000
1743593787.9152763,NR5G-SA,CONNECT,TDD,CFE005085,-95,-9,6,21,0,0,0,0,0,0,100,0,-73,NR N78,22,73395.0,8.75,8930,nan,0,3.01,0.0000
1743593788.9585505,NR5G-SA,CONNECT,TDD,CFE005085,-96,-9,6,21,0,0,0,0,0,0,100,0,-75,NR N78,22,62910.0,7.5,7654,nan,0,3.01,0.0000
1743593789.9988644,NR5G-SA,CONNECT,TDD,CFE005085,-96,-10,7,21,0,0,0,0,0,0,100,0,-72,NR N78,21,73408.0,8.75,8931,nan,0,3.01,0.0000
1743593791.0543818,NR5G-SA,CONNECT,TDD,CFE005085,-95,-9,5,21,0,0,0,0,0,0,100,0,-73,NR N78,21,73393.0,8.75,8929,nan,0,3.01,0.0000
1743593792.1546056,NR5G-SA,CONNECT,TDD,CFE005085,-95,-9,5,21,0,0,0,0,0,0,100,0,-73,NR N78,22,73412.0,8.75,8932,nan,0,3.01,0.0000
1743593793.2172306,NR5G-SA,CONNECT,TDD,CFE005085,-95,-9,5,21,0,0,0,0,0,0,100,0,-71,NR N78,21,62915.0,7.5,7655,nan,0,3.01,0.0000
1743593794.2885702,NR5G-SA,CONNECT,TDD,CFE005085,-95,-9,5,21,0,0,0,0,0,0,100,0,-73,NR N78,21,73410.0,8.75,8930,nan,1,2.16,0.0000
1743593795.3839395,NR5G-SA,CONNECT,TDD,CFE005085,-96,-9,5,21,0,0,0,0,0,0,100,0,-76,NR N78,21,73403.0,8.75,8931,nan,0,2.27,0.0000
1743593796.4667008,NR5G-SA,CONNECT,TDD,CFE005085,-95,-9,5,21,0,0,0,0,0,0,100,0,-73,NR N78,21,62903.0,7.5,7653,nan,0,2.36,0.0000
1743593797.5879896,NR5G-SA,CONNECT,TDD,CFE005085,-94,-8,5,21,0,0,0,0,0,0,100,0,-73,NR N78,20,62920.0,7.5,7655,nan,0,2.43,0.0000
1743593798.6976647,NR5G-SA,CONNECT,TDD,CFE005085,-94,-8,5,21,0,0,0,0,0,0,100,0,-73,NR N78,20,73397.0,8.75,8930,nan,0,2.48,0.0000
1743593799.8100636,NR5G-SA,CONNECT,TDD,CFE005085,-94,-9,4,21,0,0,0,0,0,0,100,0,-71,NR N78,22,62919.0,7.5,7655,nan,0,2.52,0.0000
1743593800.888445,NR5G-SA,CONNECT,TDD,CFE005085,-94,-9,4,21,0,0,0,0,0,0,100,0,-72,NR N78,22,73379.0,8.75,8928,nan,0,2.54,0.0000
1743593801.9562256,NR5G-SA,CONNECT,TDD,CFE005085,-95,-9,4,21,0,0,0,0,0,0,100,0,-73,NR N78,22,73424.0,8.75,8933,nan,0,2.55,0.0000
1743593803.0702717,NR5G-SA,CONNECT,TDD,CFE005085,-94,-9,4,21,0,0,0,0,0,0,100,0,-72,NR N78,22,73398.0,8.75,8930,nan,0,2.56,0.0000
1743593804.1664836,NR5G-SA,CONNECT,TDD,CFE005085,-94,-9,4,21,0,0,0,0,0,0,100,0,-72,NR N78,22,62922.0,7.5,7654,nan,1,1.79,0.0000
1743593805.2054183,NR5G-SA,CONNECT,TDD,CFE005085,-95,-9,4,21,0,0,0,0,0,0,100,0,-73,NR N78,21,73391.0,8.75,8929,nan,0,1.95,0.0000
1743593806.2881625,NR5G-SA,CONNECT,TDD,CFE005085,-95,-9,4,20,0,0,0,0,0,0,100,0,-73,NR N78,21,62921.0,7.5,7655,nan,0,2.22,0.0000
1743593807.3700113,NR5G-SA,CONNECT,TDD,CFE005085,-94,-9,5,20,0,0,0,0,0,0,100,0,-71,NR N78,20,62908.0,7.5,7654,nan,0,2.33,0.0000
1743593808.505306,NR5G-SA,CONNECT,TDD,CFE005085,-95,-9,4,20,0,0,0,0,0,0,100,0,-72,NR N78,20,62908.0,7.5,7654,nan,0,2.41,0.0000
1743593809.5975924,NR5G-SA,CONNECT,TDD,CFE005085,-94,-9,4,20,0,0,0,0,0,0,100,0,-67,NR N78,21,62916.0,7.5,7655,nan,0,2.47,0.0000
1743593810.6886528,NR5G-SA,CONNECT,TDD,CFE005085,-94,-9,6,20,0,0,0,0,0,0,100,0,-73,NR N78,21,73413.0,8.75,8932,nan,0,2.51,0.0000
1743593811.7928433,NR5G-SA,CONNECT,TDD,CFE005085,-91,-6,11,20,0,0,0,0,0,0,100,0,-72,NR N78,21,62900.0,7.5,7653,nan,0,2.53,0.0000
1743593812.9076216,NR5G-SA,CONNECT,TDD,CFE005085,-90,-4,14,20,0,0,0,0,0,0,100,0,-72,NR N78,21,73410.0,8.75,8932,nan,0,2.55,0.0000
1743593814.0035264,NR5G-SA,CONNECT,TDD,CFE005085,-90,-5,14,20,0,0,0,0,0,0,100,0,-74,NR N78,21,62921.0,7.5,7655,nan,0,2.56,0.0000
1743593815.0921934,NR5G-SA,CONNECT,TDD,CFE005085,-91,-5,12,20,0,0,0,0,0,0,100,0,-75,NR N78,21,62905.0,7.5,7653,nan,0,2.56,0.0000
1743593816.1615007,NR5G-SA,CONNECT,TDD,CFE005085,-91,-5,13,20,0,0,0,0,0,0,100,0,-69,NR N78,21,73405.0,8.75,8931,nan,0,2.56,0.0000
1743593817.2944615,NR5G-SA,CONNECT,TDD,CFE005085,-89,-4,14,21,0,0,0,0,0,0,100,0,-71,NR N78,22,73400.0,8.75,8930,nan,0,2.57,0.0000
1743593818.3669858,NR5G-SA,CONNECT,TDD,CFE005085,-89,-3,14,21,0,0,0,0,0,0,100,0,-72,NR N78,22,73397.0,8.75,8930,nan,0,2.58,0.0000
1743593819.4687214,NR5G-SA,CONNECT,TDD,CFE005085,-90,-4,14,21,0,0,0,0,0,0,100,0,-75,NR N78,22,73383.0,8.75,8928,nan,0,2.6,0.0000
1743593820.5357363,NR5G-SA,CONNECT,TDD,CFE005085,-92,-5,12,21,0,0,0,0,0,0,100,0,-74,NR N78,22,73423.0,8.75,8933,nan,0,2.64,0.0000
1743593821.6410668,NR5G-SA,CONNECT,TDD,CFE005085,-93,-7,11,20,0,0,0,0,0,0,100,0,-72,NR N78,22,62917.0,7.5,7655,nan,0,2.69,0.0000
1743593822.7266903,NR5G-SA,CONNECT,TDD,CFE005085,-93,-8,9,20,0,0,0,0,0,0,100,0,-71,NR N78,22,73393.0,8.75,8929,nan,0,2.77,0.0000
1743593823.8566403,NR5G-SA,CONNECT,TDD,CFE005085,-94,-8,8,20,0,0,0,0,0,0,100,0,-71,NR N78,21,62905.0,7.5,7653,nan,0,2.86,0.0000
1743593824.9004273,NR5G-SA,CONNECT,TDD,CFE005085,-94,-9,6,20,0,0,0,0,0,0,100,0,-72,NR N78,21,73418.0,8.75,8933,nan,0,2.98,0.0000
1743593825.9976218,NR5G-SA,CONNECT,TDD,CFE005085,-93,-8,6,20,0,0,0,0,0,0,100,0,-69,NR N78,21,62906.0,7.5,7654,nan,0,3.05,0.0000
1743593827.099647,NR5G-SA,CONNECT,TDD,CFE005085,-93,-8,6,20,0,0,0,0,0,0,100,0,-71,NR N78,21,62912.0,7.5,7653,nan,1,2.19,0.0000
1743593828.1790469,NR5G-SA,CONNECT,TDD,CFE005085,-93,-8,6,20,0,0,0,0,0,0,100,0,-68,NR N78,21,73419.0,8.75,8933,nan,0,2.38,0.0000
1743593829.2985287,NR5G-SA,CONNECT,TDD,CFE005085,-93,-7,7,21,0,0,0,0,0,0,100,0,-73,NR N78,21,73405.0,8.75,8931,nan,0,2.68,0.0000
1743593830.4147599,NR5G-SA,CONNECT,TDD,CFE005085,-93,-7,8,21,0,0,0,0,0,0,100,0,-73,NR N78,21,73401.0,8.75,8930,nan,0,2.79,0.0000
1743593831.4748108,NR5G-SA,CONNECT,TDD,CFE005085,-93,-7,7,21,0,0,0,0,0,0,100,0,-75,NR N78,22,73379.0,8.75,8928,nan,0,2.88,0.0000
1743593832.551415,NR5G-SA,CONNECT,TDD,CFE005085,-94,-7,6,21,0,0,0,0,0,0,100,0,-72,NR N78,22,73402.0,8.75,8931,nan,0,2.94,0.0000
1743593833.6407204,NR5G-SA,CONNECT,TDD,CFE005085,-94,-8,6,21,0,0,0,0,0,0,100,0,-73,NR N78,22,83868.0,10.0,10204,nan,0,2.98,0.0000
1743593834.6934633,NR5G-SA,CONNECT,TDD,CFE005085,-94,-8,7,21,0,0,0,0,0,0,100,0,-72,NR N78,22,62930.0,7.5,7656,nan,0,3.01,0.0000
1743593835.7735465,NR5G-SA,CONNECT,TDD,CFE005085,-94,-8,6,21,0,0,0,0,0,0,100,0,-71,NR N78,22,73418.0,8.75,8933,nan,0,3.01,0.0000
1743593836.8802137,NR5G-SA,CONNECT,TDD,CFE005085,-93,-8,5,21,0,0,0,0,0,0,100,0,-73,NR N78,22,73405.0,8.75,8931,nan,0,3.01,0.0000
1743593837.9602334,NR5G-SA,CONNECT,TDD,CFE005085,-93,-8,5,20,0,0,0,0,0,0,100,0,-71,NR N78,22,62903.0,7.5,7653,nan,0,3.01,0.0000
1743593839.024489,NR5G-SA,CONNECT,TDD,CFE005085,-92,-8,6,20,0,0,0,0,0,0,100,0,-72,NR N78,22,73408.0,8.75,8931,nan,0,3.01,0.0000
1743593840.1095455,NR5G-SA,CONNECT,TDD,CFE005085,-92,-7,6,20,0,0,0,0,0,0,100,0,-66,NR N78,21,62913.0,7.5,7654,nan,0,3.01,0.0000
1743593841.1890776,NR5G-SA,CONNECT,TDD,CFE005085,-92,-8,6,20,0,0,0,0,0,0,100,0,-68,NR N78,21,73402.0,8.75,8931,nan,0,3.01,0.0000
1743593842.3017743,NR5G-SA,CONNECT,TDD,CFE005085,-92,-9,5,20,0,0,0,0,0,0,100,0,-65,NR N78,21,73409.0,8.75,8931,nan,0,3.01,0.0000
1743593843.3756945,NR5G-SA,CONNECT,TDD,CFE005085,-92,-8,8,20,0,0,0,0,0,0,100,0,-71,NR N78,21,62897.0,7.5,7652,nan,0,3.01,0.0000
1743593844.467613,NR5G-SA,CONNECT,TDD,CFE005085,-90,-7,12,20,0,0,0,0,0,0,100,0,-72,NR N78,21,62905.0,7.5,7653,nan,0,3.01,0.0000
1743593845.551455,NR5G-SA,CONNECT,TDD,CFE005085,-89,-5,15,21,0,0,0,0,0,0,100,0,-67,NR N78,22,83921.0,10.0,10210,nan,0,3.01,0.0000
1743593846.650179,NR5G-SA,CONNECT,TDD,CFE005085,-89,-5,14,21,0,0,0,0,0,0,100,0,-66,NR N78,22,73388.0,8.75,8929,nan,0,3.01,0.0000
1743593847.6987052,NR5G-SA,CONNECT,TDD,CFE005085,-89,-5,14,21,0,0,0,0,0,0,100,0,-70,NR N78,22,62903.0,7.5,7653,nan,0,3.01,0.0000
1743593848.8227317,NR5G-SA,CONNECT,TDD,CFE005085,-89,-4,16,21,0,0,0,0,0,0,100,0,-71,NR N78,22,73405.0,8.75,8931,nan,0,3.01,0.0000
1743593849.8796697,NR5G-SA,CONNECT,TDD,CFE005085,-90,-5,14,21,0,0,0,0,0,0,100,0,-72,NR N78,22,73417.0,8.75,8932,nan,0,3.01,0.0000
1743593850.9372816,NR5G-SA,CONNECT,TDD,CFE005085,-90,-5,13,21,0,0,0,0,0,0,100,0,-73,NR N78,22,62895.0,7.5,7652,nan,0,3.01,0.0000
1743593852.0099058,NR5G-SA,CONNECT,TDD,CFE005085,-90,-5,14,21,0,0,0,0,0,0,100,0,-73,NR N78,21,73406.0,8.75,8931,nan,0,3.01,0.0000
1743593853.113159,NR5G-SA,CONNECT,TDD,CFE005085,-89,-5,16,21,0,0,0,0,0,0,100,0,-73,NR N78,21,73343.0,8.75,8923,nan,0,3.01,0.0000
1743593854.1956327,NR5G-SA,CONNECT,TDD,CFE005085,-90,-5,14,21,0,0,0,0,0,0,100,0,-71,NR N78,23,83968.0,10.0,10216,nan,0,3.01,0.0000
1743593855.2570353,NR5G-SA,CONNECT,TDD,CFE005085,-90,-5,13,21,0,0,0,0,0,0,100,0,-69,NR N78,23,73387.0,8.75,8929,nan,0,3.01,0.0000
1743593856.3449953,NR5G-SA,CONNECT,TDD,CFE005085,-89,-3,15,21,0,0,0,0,0,0,100,0,-72,NR N78,23,73408.0,8.75,8931,nan,0,3.01,0.0000
1743593857.4568377,NR5G-SA,CONNECT,TDD,CFE005085,-89,-5,13,21,0,0,0,0,0,0,100,0,-68,NR N78,22,73395.0,8.75,8930,nan,0,3.01,0.0000
1743593858.5698044,NR5G-SA,CONNECT,TDD,CFE005085,-90,-6,12,21,0,0,0,0,0,0,100,0,-72,NR N78,22,73391.0,8.75,8929,nan,0,3.01,0.0000
1743593859.6759799,NR5G-SA,CONNECT,TDD,CFE005085,-91,-5,11,21,0,0,0,0,0,0,100,0,-70,NR N78,23,73396.0,8.75,8930,nan,0,3.01,0.0000
1743593860.7518773,NR5G-SA,CONNECT,TDD,CFE005085,-90,-5,12,21,0,0,0,0,0,0,100,0,-73,NR N78,23,73415.0,8.75,8932,nan,0,3.01,0.0000
1743593861.855978,NR5G-SA,CONNECT,TDD,CFE005085,-90,-5,12,21,0,0,0,0,0,0,100,0,-72,NR N78,22,83462.0,10.0,10155,nan,0,3.01,0.0000
1743593862.9321167,NR5G-SA,CONNECT,TDD,CFE005085,-91,-5,11,21,0,0,0,0,0,0,100,0,-74,NR N78,22,73768.0,8.75,8975,nan,0,3.01,0.0000
1743593864.0059545,NR5G-SA,CONNECT,TDD,CFE005085,-91,-5,11,20,0,0,0,0,0,0,100,0,-71,NR N78,23,73398.0,8.75,8930,nan,0,3.01,0.0000
1743593865.0807326,NR5G-SA,CONNECT,TDD,CFE005085,-91,-5,11,20,0,0,0,0,0,0,100,0,-69,NR N78,23,72153.0,8.75,8779,nan,0,3.01,0.0000
1743593866.1295369,NR5G-SA,CONNECT,TDD,CFE005085,-90,-6,12,20,0,0,0,0,0,0,100,0,-72,NR N78,22,74707.0,8.75,9089,nan,0,3.01,0.0000
1743593867.2270207,NR5G-SA,CONNECT,TDD,CFE005085,-90,-6,12,20,0,0,0,0,0,0,100,0,-74,NR N78,22,73381.0,8.75,8928,nan,0,3.01,0.0000
1743593868.3437698,NR5G-SA,CONNECT,TDD,CFE005085,-91,-7,9,20,0,0,0,0,0,0,100,0,-71,NR N78,22,62923.0,7.5,7656,nan,0,3.01,0.0000
1743593869.4382694,NR5G-SA,CONNECT,TDD,CFE005085,-91,-7,8,20,0,0,0,0,0,0,100,0,-72,NR N78,21,62915.0,7.5,7655,nan,0,3.01,0.0000
1743593870.5764718,NR5G-SA,CONNECT,TDD,CFE005085,-91,-8,7,20,0,0,0,0,0,0,100,0,-72,NR N78,21,62915.0,7.5,7655,nan,0,3.01,0.0000
1743593871.6223335,NR5G-SA,CONNECT,TDD,CFE005085,-92,-7,9,20,0,0,0,0,0,0,100,0,-70,NR N78,20,62907.0,7.5,7654,nan,0,3.01,0.0000
1743593872.7033427,NR5G-SA,CONNECT,TDD,CFE005085,-92,-7,9,20,0,0,0,0,0,0,100,0,-71,NR N78,20,73399.0,8.75,8930,nan,0,3.01,0.0000
1743593873.7551074,NR5G-SA,CONNECT,TDD,CFE005085,-92,-7,10,20,0,0,0,0,0,0,100,0,-71,NR N78,20,62933.0,7.5,7657,nan,0,3.01,0.0000
1743593874.8330348,NR5G-SA,CONNECT,TDD,CFE005085,-93,-7,9,20,0,0,0,0,0,0,100,0,-74,NR N78,20,62887.0,7.5,7651,nan,0,3.01,0.0000
1743593875.908883,NR5G-SA,CONNECT,TDD,CFE005085,-93,-7,9,20,0,0,0,0,0,0,100,0,-70,NR N78,20,62928.0,7.5,7656,nan,0,3.01,0.0000
1743593877.0194385,NR5G-SA,CONNECT,TDD,CFE005085,-93,-7,9,20,0,0,0,0,0,0,100,0,-70,NR N78,20,62923.0,7.5,7656,nan,0,3.01,0.0000
1743593878.068622,NR5G-SA,CONNECT,TDD,CFE005085,-93,-7,8,20,0,0,0,0,0,0,100,0,-72,NR N78,20,62836.0,7.5,7645,nan,0,3.01,0.0000
1743593879.1412199,NR5G-SA,CONNECT,TDD,CFE005085,-92,-7,9,20,0,0,0,0,0,0,100,0,-68,NR N78,21,62985.0,7.5,7663,nan,0,3.01,0.0000
1743593880.2571318,NR5G-SA,CONNECT,TDD,CFE005085,-93,-7,8,20,0,0,0,0,0,0,100,0,-72,NR N78,21,62912.0,7.5,7654,nan,0,3.01,0.0000
1743593881.3032954,NR5G-SA,CONNECT,TDD,CFE005085,-93,-7,9,20,0,0,0,0,0,0,100,0,-72,NR N78,20,73434.0,8.75,8934,nan,0,3.01,0.0000
1743593882.375072,NR5G-SA,CONNECT,TDD,CFE005085,-93,-7,9,20,0,0,0,0,0,0,100,0,-72,NR N78,20,62795.0,7.5,7640,nan,0,3.01,0.0000
1743593883.4295835,NR5G-SA,CONNECT,TDD,CFE005085,-93,-8,9,20,0,0,0,0,0,0,100,0,-74,NR N78,21,63023.0,7.5,7668,nan,0,3.01,0.0000
1743593884.493497,NR5G-SA,CONNECT,TDD,CFE005085,-93,-8,9,20,0,0,0,0,0,0,100,0,-72,NR N78,21,60993.0,7.5,7421,nan,0,3.01,0.0000
1743593885.598937,NR5G-SA,CONNECT,TDD,CFE005085,-93,-7,10,20,0,0,0,0,0,0,100,0,-71,NR N78,20,64968.0,7.5,7904,nan,0,3.01,0.0000
1743593886.7383158,NR5G-SA,CONNECT,TDD,CFE005085,-93,-7,10,20,0,0,0,0,0,0,100,0,-72,NR N78,20,62900.0,7.5,7653,nan,0,3.01,0.0000
1743593887.8335743,NR5G-SA,CONNECT,TDD,CFE005085,-93,-6,10,21,0,0,0,0,0,0,100,0,-74,NR N78,21,73409.0,8.75,8931,nan,0,3.01,0.0000
1743593888.8922021,NR5G-SA,CONNECT,TDD,CFE005085,-93,-6,10,21,0,0,0,0,0,0,100,0,-73,NR N78,21,73403.0,8.75,8931,nan,0,3.01,0.0000
1743593889.978262,NR5G-SA,CONNECT,TDD,CFE005085,-92,-6,10,21,0,0,0,0,0,0,100,0,-74,NR N78,21,73404.0,8.75,8931,nan,0,3.01,0.0000
1743593891.0246522,NR5G-SA,CONNECT,TDD,CFE005085,-92,-6,10,21,0,0,0,0,0,0,100,0,-70,NR N78,21,62906.0,7.5,7654,nan,0,3.01,0.0000
1743593892.076737,NR5G-SA,CONNECT,TDD,CFE005085,-92,-7,11,21,0,0,0,0,0,0,100,0,-70,NR N78,21,73143.0,8.75,8899,nan,0,3.01,0.0000
1743593893.1480143,NR5G-SA,CONNECT,TDD,CFE005085,-92,-6,11,21,0,0,0,0,0,0,100,0,-74,NR N78,21,62298.0,7.5,7580,nan,0,3.01,0.0000
1743593894.2501936,NR5G-SA,CONNECT,TDD,CFE005085,-92,-7,10,21,0,0,0,0,0,0,100,0,-71,NR N78,22,74374.0,8.75,9049,nan,0,3.01,0.0000
1743593895.3334692,NR5G-SA,CONNECT,TDD,CFE005085,-92,-7,10,20,0,0,0,0,0,0,100,0,-73,NR N78,22,62879.0,7.5,7650,nan,0,2.24,0.0000
1743593896.422803,NR5G-SA,CONNECT,TDD,CFE005085,-92,-7,10,20,0,0,0,0,0,0,100,0,-72,NR N78,22,62951.0,7.5,7659,nan,0,2.34,0.0000
1743593897.497986,NR5G-SA,CONNECT,TDD,CFE005085,-93,-7,10,20,0,0,0,0,0,0,100,0,-73,NR N78,21,73354.0,8.75,8925,nan,0,2.42,0.0000
1743593898.6279054,NR5G-SA,CONNECT,TDD,CFE005085,-93,-7,10,20,0,0,0,0,0,0,100,0,-74,NR N78,21,62936.0,7.5,7657,nan,0,2.47,0.0000
1743593899.722951,NR5G-SA,CONNECT,TDD,CFE005085,-93,-7,8,20,0,0,0,0,0,0,100,0,-71,NR N78,21,62910.0,7.5,7654,nan,0,2.51,0.0000
1743593900.8119593,NR5G-SA,CONNECT,TDD,CFE005085,-93,-7,9,20,0,0,0,0,0,0,100,0,-75,NR N78,21,73404.0,8.75,8931,nan,0,2.54,0.0000
1743593901.9685519,NR5G-SA,CONNECT,TDD,CFE005085,-93,-7,9,20,0,0,0,0,0,0,100,0,-72,NR N78,21,73423.0,8.75,8933,nan,0,2.55,0.0000
1743593903.100277,NR5G-SA,CONNECT,TDD,CFE005085,-93,-7,9,20,0,0,0,0,0,0,100,0,-73,NR N78,21,62904.0,7.5,7653,nan,0,2.56,0.0000
1743593904.228007,NR5G-SA,CONNECT,TDD,CFE005085,-93,-8,9,20,0,0,0,0,0,0,100,0,-73,NR N78,21,73397.0,8.75,8930,nan,0,2.56,0.0000
1743593905.3162003,NR5G-SA,CONNECT,TDD,CFE005085,-93,-8,9,20,0,0,0,0,0,0,100,0,-69,NR N78,21,62897.0,7.5,7652,nan,0,2.56,0.0000
1743593906.4017992,NR5G-SA,CONNECT,TDD,CFE005085,-93,-9,9,20,0,0,0,0,0,0,100,0,-72,NR N78,21,73422.0,8.75,8933,nan,0,2.57,0.0000
1743593907.49563,NR5G-SA,CONNECT,TDD,CFE005085,-94,-8,9,20,0,0,0,0,0,0,100,0,-69,NR N78,21,62921.0,7.5,7655,nan,0,2.58,0.0000
1743593908.5915053,NR5G-SA,CONNECT,TDD,CFE005085,-94,-7,9,20,0,0,0,0,0,0,100,0,-75,NR N78,21,62897.0,7.5,7652,nan,0,2.61,0.0000
1743593909.6889305,NR5G-SA,CONNECT,TDD,CFE005085,-93,-7,10,21,0,0,0,0,0,0,100,0,-72,NR N78,21,73418.0,8.75,8933,nan,0,2.65,0.0000
1743593910.7633476,NR5G-SA,CONNECT,TDD,CFE005085,-93,-7,10,21,0,0,0,0,0,0,100,0,-74,NR N78,21,73387.0,8.75,8929,nan,0,2.7,0.0000
1743593911.8689826,NR5G-SA,CONNECT,TDD,CFE005085,-93,-7,10,21,0,0,0,0,0,0,100,0,-72,NR N78,22,73410.0,8.75,8932,nan,0,2.78,0.0000
1743593912.924281,NR5G-SA,CONNECT,TDD,CFE005085,-93,-6,10,21,0,0,0,0,0,0,100,0,-74,NR N78,22,73400.0,8.75,8930,nan,0,2.88,0.0000
1743593914.034257,NR5G-SA,CONNECT,TDD,CFE005085,-93,-6,10,21,0,0,0,0,0,0,100,0,-70,NR N78,22,73396.0,8.75,8930,nan,0,3.0,0.0000
1743593915.1190681,NR5G-SA,CONNECT,TDD,CFE005085,-93,-8,10,21,0,0,0,0,0,0,100,0,-72,NR N78,22,73373.0,8.75,8927,nan,0,3.06,0.0000
1743593916.2196283,NR5G-SA,CONNECT,TDD,CFE005085,-93,-8,10,21,0,0,0,0,0,0,100,0,-74,NR N78,22,73418.0,8.75,8933,nan,0,3.06,0.0000
1743593917.3187573,NR5G-SA,CONNECT,TDD,CFE005085,-93,-7,10,21,0,0,0,0,0,0,100,0,-71,NR N78,22,73392.0,8.75,8929,nan,0,3.06,0.0000
1743593918.3988152,NR5G-SA,CONNECT,TDD,CFE005085,-93,-7,10,21,0,0,0,0,0,0,100,0,-72,NR N78,22,73387.0,8.75,8929,nan,0,3.06,0.0000
1743593919.5031059,NR5G-SA,CONNECT,TDD,CFE005085,-93,-7,10,21,0,0,0,0,0,0,100,0,-74,NR N78,22,62886.0,7.5,7651,nan,0,3.06,0.0000
1743593920.555523,NR5G-SA,CONNECT,TDD,CFE005085,-93,-7,10,21,0,0,0,0,0,0,100,0,-74,NR N78,22,73439.0,8.75,8935,nan,0,3.06,0.0000
1743593921.623762,NR5G-SA,CONNECT,TDD,CFE005085,-93,-6,10,21,0,0,0,0,0,0,100,0,-74,NR N78,21,73414.0,8.75,8932,nan,0,3.06,0.0000
1743593922.7210338,NR5G-SA,CONNECT,TDD,CFE005085,-91,-6,12,21,0,0,0,0,0,0,100,0,-68,NR N78,21,73381.0,8.75,8928,nan,0,3.06,0.0000
1743593923.8113003,NR5G-SA,CONNECT,TDD,CFE005085,-91,-6,12,21,0,0,0,0,0,0,100,0,-72,NR N78,23,83908.0,10.0,10209,nan,0,3.06,0.0000
1743593924.9021614,NR5G-SA,CONNECT,TDD,CFE005085,-91,-5,11,21,0,0,0,0,0,0,100,0,-72,NR N78,23,73393.0,8.75,8929,nan,0,3.06,0.0000
1743593925.9639885,NR5G-SA,CONNECT,TDD,CFE005085,-91,-6,11,21,0,0,0,0,0,0,100,0,-67,NR N78,22,73379.0,8.75,8928,nan,0,3.06,0.0000
1743593927.0865695,NR5G-SA,CONNECT,TDD,CFE005085,-90,-6,12,21,0,0,0,0,0,0,100,0,-70,NR N78,22,73428.0,8.75,8932,nan,1,2.22,0.0000
1743593928.199064,NR5G-SA,CONNECT,TDD,CFE005085,-90,-6,9,21,0,0,0,0,0,0,100,0,-69,NR N78,22,73402.0,8.75,8931,nan,0,2.4,0.0000
1743593929.29355,NR5G-SA,CONNECT,TDD,CFE005085,-90,-5,10,21,0,0,0,0,0,0,100,0,-72,NR N78,21,62924.0,7.5,7656,nan,0,2.69,0.0000
1743593930.3989801,NR5G-SA,CONNECT,TDD,CFE005085,-89,-5,12,21,0,0,0,0,0,0,100,0,-69,NR N78,21,62885.0,7.5,7650,nan,1,2.77,0.0000
1743593931.4596105,NR5G-SA,CONNECT,TDD,CFE005085,-90,-6,12,21,0,0,0,0,0,0,100,0,-73,NR N78,22,83920.0,10.0,10209,nan,1,2.77,0.0000
1743593932.526247,NR5G-SA,CONNECT,TDD,CFE005085,-91,-6,12,21,0,0,0,0,0,0,100,0,-73,NR N78,22,62900.0,7.5,7651,nan,1,2.77,0.0000
1743593933.5822437,NR5G-SA,CONNECT,TDD,CFE005085,-91,-5,12,21,0,0,0,0,0,0,100,0,-71,NR N78,22,62575.0,7.5,7612,nan,1,2.77,0.0000
1743593934.6561573,NR5G-SA,CONNECT,TDD,CFE005085,-91,-6,12,21,0,0,0,0,0,0,100,0,-72,NR N78,22,73807.0,8.75,8980,nan,0,2.77,0.0000
1743593935.7494087,NR5G-SA,CONNECT,TDD,CFE005085,-92,-6,11,21,0,0,0,0,0,0,100,0,-75,NR N78,21,73319.0,8.75,8920,nan,0,2.77,0.0000
1743593936.8286133,NR5G-SA,CONNECT,TDD,CFE005085,-92,-6,12,21,0,0,0,0,0,0,100,0,-74,NR N78,21,62985.0,7.5,7663,nan,0,2.78,0.0000
1743593937.9460564,NR5G-SA,CONNECT,TDD,CFE005085,-92,-6,11,20,0,0,0,0,0,0,100,0,-74,NR N78,21,62916.0,7.5,7655,nan,0,2.8,0.0000
1743593938.9971151,NR5G-SA,CONNECT,TDD,CFE005085,-92,-5,11,20,0,0,0,0,0,0,100,0,-74,NR N78,21,73373.0,8.75,8927,nan,0,2.83,0.0000
1743593940.0470374,NR5G-SA,CONNECT,TDD,CFE005085,-92,-5,11,20,0,0,0,0,0,0,100,0,-75,NR N78,21,62941.0,7.5,7658,nan,0,2.87,0.0000
1743593941.1299944,NR5G-SA,CONNECT,TDD,CFE005085,-91,-6,12,20,0,0,0,0,0,0,100,0,-72,NR N78,21,62916.0,7.5,7653,nan,1,2.89,0.0000
1743593942.2056277,NR5G-SA,CONNECT,TDD,CFE005085,-91,-5,13,21,0,0,0,0,0,0,100,0,-73,NR N78,20,62921.0,7.5,7655,nan,0,2.9,0.0000
1743593943.3100529,NR5G-SA,CONNECT,TDD,CFE005085,-91,-5,13,21,0,0,0,0,0,0,100,0,-74,NR N78,21,73382.0,8.75,8928,nan,0,2.91,0.0000
1743593944.3727214,NR5G-SA,CONNECT,TDD,CFE005085,-91,-5,12,21,0,0,0,0,0,0,100,0,-73,NR N78,21,62929.0,7.5,7654,nan,2,2.92,0.0000
1743593945.4270284,NR5G-SA,CONNECT,TDD,CFE005085,-90,-5,13,21,0,0,0,0,0,0,100,0,-73,NR N78,22,83735.0,10.0,10188,nan,0,2.92,0.0000
1743593946.5328681,NR5G-SA,CONNECT,TDD,CFE005085,-90,-5,13,21,0,0,0,0,0,0,100,0,-72,NR N78,22,63022.0,7.5,7668,nan,0,2.92,0.0000
1743593947.6319222,NR5G-SA,CONNECT,TDD,CFE005085,-90,-5,13,21,0,0,0,0,0,0,100,0,-73,NR N78,22,83892.0,10.0,10205,nan,1,2.93,0.0000
1743593948.6913874,NR5G-SA,CONNECT,TDD,CFE005085,-90,-5,13,21,0,0,0,0,0,0,100,0,-70,NR N78,22,83886.0,10.0,10206,nan,0,2.93,0.0000
1743593949.8016427,NR5G-SA,CONNECT,TDD,CFE005085,-89,-4,15,21,0,0,0,0,0,0,100,0,-69,NR N78,23,83891.0,10.0,10207,nan,0,2.94,0.0000
1743593950.902683,NR5G-SA,CONNECT,TDD,CFE005085,-89,-5,15,21,0,0,0,0,0,0,100,0,-68,NR N78,23,73402.0,8.75,8931,nan,0,2.95,0.0000
1743593951.9715724,NR5G-SA,CONNECT,TDD,CFE005085,-89,-4,14,21,0,0,0,0,0,0,100,0,-71,NR N78,23,83878.0,10.0,10205,nan,0,2.98,0.0000
1743594172.8700025,LTE,CONNECT,FDD,4169B36,-67,-5,30,0,-67,-5,1,-67,-5,1,5,1,-43,LTE BAND 3,21,nan,nan,nan,nan,nan,nan,nan
1743594174.0174675,LTE,CONNECT,FDD,4169B36,-67,-5,30,9,-67,-5,1,-67,-5,1,5,0,-42,LTE BAND 3,23,nan,nan,nan,nan,nan,nan,nan
1743594175.1201456,LTE,CONNECT,FDD,4169B36,-67,-5,30,9,-67,-5,1,-67,-5,1,5,0,-42,LTE BAND 3,23,39264.0,4.68,4777,nan,0,350.0,0.0000
1743594176.2444596,LTE,CONNECT,FDD,4169B36,-67,-5,30,9,-67,-5,1,-67,-5,1,5,0,-42,LTE BAND 3,23,46662.0,5.57,5677,nan,0,856.0,0.0000
1743594177.4446526,LTE,CONNECT,FDD,4169B36,-67,-5,30,9,-67,-5,1,-67,-5,1,5,0,-42,LTE BAND 3,23,54535.0,6.49,6635,nan,0,1.09,0.0000
1743594178.5294383,LTE,CONNECT,FDD,4169B36,-67,-5,30,9,-67,-5,1,-67,-5,1,5,0,-42,LTE BAND 3,23,41934.0,5.0,5102,nan,0,1.35,0.0000
1743594179.72326,LTE,CONNECT,FDD,4169B36,-67,-5,30,8,-67,-5,1,-67,-5,1,5,0,-43,LTE BAND 3,23,52440.0,6.25,6380,nan,0,1.35,0.0000
1743594180.9505954,LTE,CONNECT,FDD,4169B36,-67,-5,30,8,-67,-5,1,-67,-5,1,5,0,-42,LTE BAND 3,23,41942.0,5.0,5103,nan,0,1.35,0.0000
1743594182.156829,LTE,CONNECT,FDD,4169B36,-67,-5,30,8,-67,-5,1,-67,-5,1,5,0,-43,LTE BAND 3,23,41937.0,5.0,5102,nan,0,1.35,0.0000
1743594183.3629067,LTE,CONNECT,FDD,4169B36,-67,-5,30,8,-67,-5,1,-67,-5,1,5,0,-43,LTE BAND 3,23,41946.0,5.0,5103,nan,0,1.35,0.0000
1743594184.5693877,LTE,CONNECT,FDD,4169B36,-67,-5,30,8,-67,-5,1,-67,-5,1,5,0,-42,LTE BAND 3,23,41936.0,5.0,5102,nan,0,1.35,0.0000
1743594185.7747514,LTE,CONNECT,FDD,4169B36,-67,-5,30,8,-67,-5,1,-67,-5,1,5,0,-42,LTE BAND 3,23,41933.0,5.0,5102,nan,0,1.35,0.0000
1743594186.9098468,LTE,CONNECT,FDD,4169B36,-67,-5,30,8,-67,-5,1,-67,-5,1,5,0,-43,LTE BAND 3,23,52451.0,6.25,6382,nan,0,1.35,0.0000
1743594188.0479226,LTE,CONNECT,FDD,4169B36,-67,-5,30,8,-67,-5,1,-67,-5,1,5,0,-42,LTE BAND 3,23,41946.0,5.0,5103,nan,0,1.35,0.0000
1743594189.1873887,LTE,CONNECT,FDD,4169B36,-67,-5,30,8,-67,-5,1,-67,-5,1,5,0,-43,LTE BAND 3,23,41931.0,5.0,5102,nan,0,1.35,0.0000
1743594190.3609984,LTE,CONNECT,FDD,4169B36,-67,-5,28,8,-67,-5,1,-67,-5,1,5,0,-42,LTE BAND 3,23,41948.0,5.0,5104,nan,0,1.35,0.0000
1743594191.498022,LTE,CONNECT,FDD,4169B36,-67,-5,30,8,-67,-5,1,-67,-5,1,5,0,-42,LTE BAND 3,23,41944.0,5.0,5103,nan,0,1.35,0.0000
1743594192.6355124,LTE,CONNECT,FDD,4169B36,-67,-6,30,8,-67,-6,1,-67,-6,1,5,0,-42,LTE BAND 3,23,41943.0,5.0,5103,nan,0,1.35,0.0000
1743594193.773097,LTE,CONNECT,FDD,4169B36,-67,-5,30,8,-67,-5,1,-67,-5,1,5,0,-42,LTE BAND 3,23,41924.0,5.0,5101,nan,0,1.35,0.0000
1743594194.926127,LTE,CONNECT,FDD,4169B36,-67,-5,29,8,-67,-5,1,-67,-5,1,5,0,-42,LTE BAND 3,23,18246.0,2.5,2220,nan,0,1.35,0.0000
1743594196.4916043,LTE,CONNECT,FDD,4169B36,-67,-5,30,8,-67,-5,1,-67,-5,1,5,0,-43,LTE BAND 3,23,49309.0,5.0,5996,nan,2,1008.0,0.0000
1743594197.626573,LTE,CONNECT,FDD,4169B36,-67,-5,30,8,-67,-5,1,-67,-5,1,5,0,-42,LTE BAND 3,23,41939.0,5.0,5103,nan,0,1.09,0.0000
1743594198.762356,LTE,CONNECT,FDD,4169B36,-67,-5,30,8,-67,-5,1,-67,-5,1,5,0,-42,LTE BAND 3,23,41943.0,5.0,5103,nan,0,1.18,0.0000
1743594199.90219,LTE,CONNECT,FDD,4169B36,-67,-5,30,8,-67,-5,1,-67,-5,1,5,0,-43,LTE BAND 3,23,41950.0,5.0,5104,nan,0,1.24,0.0000
1743594201.0296185,LTE,CONNECT,FDD,4169B36,-67,-5,30,8,-67,-5,1,-67,-5,1,5,0,-42,LTE BAND 3,23,41942.0,5.0,5103,nan,0,1.28,0.0000
1743594202.1567576,LTE,CONNECT,FDD,4169B36,-67,-5,30,8,-67,-5,1,-67,-5,1,5,0,-43,LTE BAND 3,23,41940.0,5.0,5103,nan,0,1.33,0.0000
1743594203.2800407,LTE,CONNECT,FDD,4169B36,-67,-5,30,8,-67,-6,1,-67,-6,1,5,0,-41,LTE BAND 3,23,41941.0,5.0,5103,nan,0,1.34,0.0000
1743594204.4161468,LTE,CONNECT,FDD,4169B36,-67,-5,30,8,-67,-5,1,-67,-5,1,5,0,-43,LTE BAND 3,23,41935.0,5.0,5102,nan,0,1.35,0.0000
1743594205.5568256,LTE,CONNECT,FDD,4169B36,-67,-5,30,8,-67,-5,1,-67,-5,1,5,0,-42,LTE BAND 3,23,41950.0,5.0,5104,nan,0,1.35,0.0000
1743594206.692879,LTE,CONNECT,FDD,4169B36,-67,-5,29,8,-67,-5,1,-67,-5,1,5,0,-42,LTE BAND 3,23,41940.0,5.0,5103,nan,0,1.35,0.0000
1743594207.8325307,LTE,CONNECT,FDD,4169B36,-67,-5,29,8,-67,-5,1,-67,-5,1,5,0,-41,LTE BAND 3,23,41944.0,5.0,5103,nan,0,1.35,0.0000
1743594208.9508362,LTE,CONNECT,FDD,4169B36,-67,-5,29,5,-67,-5,1,-67,-5,1,5,0,-42,LTE BAND 3,23,41941.0,5.0,5103,nan,0,1.36,0.0000
1743594210.0792003,LTE,CONNECT,FDD,4169B36,-67,-5,30,8,-67,-5,1,-67,-5,1,5,0,-42,LTE BAND 3,23,31395.0,3.75,3820,nan,0,1.38,0.0000
1743594211.2054694,LTE,CONNECT,FDD,4169B36,-67,-5,30,8,-67,-5,1,-67,-5,1,5,0,-43,LTE BAND 3,23,42017.0,5.0,5112,nan,0,1.46,0.0000
1743594212.3516855,LTE,CONNECT,FDD,4169B36,-67,-5,30,8,-67,-5,1,-67,-5,1,5,0,-43,LTE BAND 3,23,41944.0,5.0,5103,nan,0,1.53,0.0000
1743594213.4781115,LTE,CONNECT,FDD,4169B36,-67,-5,30,8,-67,-5,1,-67,-5,1,5,0,-43,LTE BAND 3,23,41946.0,5.0,5103,nan,0,1.62,0.0000
1743594214.5667412,LTE,CONNECT,FDD,4169B36,-67,-5,30,9,-67,-5,1,-67,-5,1,5,0,-42,LTE BAND 3,23,41938.0,5.0,5102,nan,0,1.73,0.0000
1743594215.6831346,LTE,CONNECT,FDD,4169B36,-67,-5,29,9,-67,-5,1,-67,-5,1,5,0,-42,LTE BAND 3,23,41942.0,5.0,5103,nan,0,1.86,0.0000
1743594216.8142507,LTE,CONNECT,FDD,4169B36,-67,-5,30,9,-67,-5,1,-67,-5,1,5,0,-42,LTE BAND 3,23,41951.0,5.0,5030,nan,52,1.35,0.0000
1743594217.9380543,LTE,CONNECT,FDD,4169B36,-67,-5,29,9,-67,-5,1,-67,-5,1,5,0,-43,LTE BAND 3,23,41941.0,5.0,5103,nan,0,1.48,0.0000
1743594219.0031877,LTE,CONNECT,FDD,4169B36,-67,-5,30,9,-67,-5,1,-67,-5,1,5,0,-43,LTE BAND 3,23,41948.0,5.0,5104,nan,0,1.6,0.0000
1743594220.1419516,LTE,CONNECT,FDD,4169B36,-67,-5,30,9,-67,-5,1,-67,-5,1,5,0,-43,LTE BAND 3,23,52440.0,6.25,6380,nan,0,1.7,0.0000
1743594221.276203,LTE,CONNECT,FDD,4169B36,-66,-5,30,9,-66,-5,1,-66,-5,1,5,0,-42,LTE BAND 3,23,41935.0,5.0,5102,nan,0,1.82,0.0000
1743594222.4042075,LTE,CONNECT,FDD,4169B36,-66,-5,30,9,-66,-5,1,-66,-5,1,5,0,-42,LTE BAND 3,23,41951.0,5.0,5103,nan,1,1.6,0.0000
1743594223.521988,LTE,CONNECT,FDD,4169B36,-67,-5,29,9,-67,-5,1,-67,-5,1,5,0,-42,LTE BAND 3,23,41933.0,5.0,5100,nan,1,1.33,0.0000
1743594224.6762066,LTE,CONNECT,FDD,4169B36,-67,-5,29,9,-67,-5,1,-67,-5,1,5,0,-43,LTE BAND 3,23,41951.0,5.0,5104,nan,0,1.41,0.0000
1743594225.7938614,LTE,CONNECT,FDD,4169B36,-67,-5,30,9,-67,-5,1,-67,-5,1,5,0,-42,LTE BAND 3,23,41940.0,5.0,5103,nan,0,1.47,0.0000
1743594226.8817768,LTE,CONNECT,FDD,4169B36,-67,-5,30,9,-67,-5,1,-67,-5,1,5,0,-42,LTE BAND 3,23,52434.0,6.25,6379,nan,0,1.52,0.0000
1743594227.9948149,LTE,CONNECT,FDD,4169B36,-67,-5,29,9,-67,-5,1,-67,-5,1,5,0,-42,LTE BAND 3,23,41947.0,5.0,5104,nan,0,1.55,0.0000
1743594229.1268115,LTE,CONNECT,FDD,4169B36,-67,-5,30,9,-67,-5,1,-67,-5,1,5,0,-42,LTE BAND 3,23,41943.0,5.0,5103,nan,0,1.56,0.0000
1743594230.2243645,LTE,CONNECT,FDD,4169B36,-66,-5,30,9,-66,-5,1,-66,-5,1,5,0,-42,LTE BAND 3,23,41951.0,5.0,5104,nan,0,1.57,0.0000
1743594231.3310025,LTE,CONNECT,FDD,4169B36,-67,-5,29,9,-67,-5,1,-67,-5,1,5,0,-42,LTE BAND 3,23,41922.0,5.0,5101,nan,0,1.57,0.0000
1743594232.4597754,LTE,CONNECT,FDD,4169B36,-67,-5,30,9,-67,-5,1,-67,-5,1,5,0,-43,LTE BAND 3,23,41952.0,5.0,5104,nan,0,1.58,0.0000
1743594233.5930228,LTE,CONNECT,FDD,4169B36,-67,-8,28,9,-67,-7,1,-67,-7,1,5,0,-41,LTE BAND 3,23,41946.0,5.0,5103,nan,0,1.58,0.0000
1743594234.7454708,LTE,CONNECT,FDD,4169B36,-67,-5,30,9,-67,-5,1,-67,-5,1,5,0,-43,LTE BAND 3,23,41946.0,5.0,5103,nan,0,1.59,0.0000
1743594235.8754652,LTE,CONNECT,FDD,4169B36,-67,-5,30,9,-67,-5,1,-67,-5,1,5,0,-43,LTE BAND 3,23,41941.0,5.0,5103,nan,0,1.61,0.0000
1743594237.0181627,LTE,CONNECT,FDD,4169B36,-67,-5,29,9,-67,-5,1,-67,-5,1,5,0,-42,LTE BAND 3,23,41936.0,5.0,5102,nan,0,1.65,0.0000
1743594238.1455104,LTE,CONNECT,FDD,4169B36,-67,-5,28,9,-67,-6,1,-67,-6,1,5,0,-40,LTE BAND 3,23,41955.0,5.0,5105,nan,0,1.77,0.0000
1743594239.274222,LTE,CONNECT,FDD,4169B36,-67,-5,29,9,-67,-5,1,-67,-5,1,5,0,-42,LTE BAND 3,23,41938.0,5.0,5102,nan,0,1.86,0.0000
1743594240.3946998,LTE,CONNECT,FDD,4169B36,-67,-5,29,9,-67,-5,1,-67,-5,1,5,0,-42,LTE BAND 3,23,41944.0,5.0,5052,nan,36,1.34,0.0000
1743594241.5342686,LTE,CONNECT,FDD,4169B36,-67,-5,30,9,-67,-5,1,-67,-5,1,5,0,-42,LTE BAND 3,23,41926.0,5.0,5101,nan,0,1.47,0.0000
1743594242.625871,LTE,CONNECT,FDD,4169B36,-67,-5,30,9,-67,-5,1,-67,-5,1,5,0,-42,LTE BAND 3,23,41959.0,5.0,5105,nan,0,1.59,0.0000
1743594243.745365,LTE,CONNECT,FDD,4169B36,-67,-5,30,9,-67,-5,1,-67,-5,1,5,0,-42,LTE BAND 3,23,41955.0,5.0,5105,nan,0,1.68,0.0000
1743594244.890291,LTE,CONNECT,FDD,4169B36,-67,-5,29,9,-67,-5,1,-67,-5,1,5,0,-42,LTE BAND 3,23,41942.0,5.0,5103,nan,0,1.75,0.0000
1743594246.0291088,LTE,CONNECT,FDD,4169B36,-66,-5,29,9,-66,-5,1,-66,-5,1,5,0,-42,LTE BAND 3,23,41944.0,5.0,5103,nan,0,1.81,0.0000
1743594247.1646113,LTE,CONNECT,FDD,4169B36,-67,-5,29,9,-67,-5,1,-67,-5,1,5,0,-42,LTE BAND 3,23,41938.0,5.0,5102,nan,0,1.36,0.0000
1743594248.2971644,LTE,CONNECT,FDD,4169B36,-67,-5,29,9,-67,-5,1,-67,-5,1,5,0,-43,LTE BAND 3,23,41945.0,5.0,5103,nan,0,1.43,0.0000
1743594249.4361632,LTE,CONNECT,FDD,4169B36,-67,-5,30,9,-67,-5,1,-67,-5,1,5,0,-42,LTE BAND 3,23,41933.0,5.0,5102,nan,0,1.48,0.0000
1743594250.5780191,LTE,CONNECT,FDD,4169B36,-67,-5,30,9,-67,-5,1,-67,-5,1,5,0,-42,LTE BAND 3,23,41923.0,5.0,5101,nan,0,1.52,0.0000
1743594251.6901686,LTE,CONNECT,FDD,4169B36,-67,-5,29,9,-67,-5,1,-67,-5,1,5,0,-42,LTE BAND 3,23,52475.0,6.25,6384,nan,0,1.54,0.0000
1743594252.8190858,LTE,CONNECT,FDD,4169B36,-67,-5,29,9,-67,-5,1,-67,-5,1,5,0,-42,LTE BAND 3,23,41939.0,5.0,5103,nan,0,1.55,0.0000
1743594253.9059842,LTE,CONNECT,FDD,4169B36,-67,-6,29,9,-67,-6,1,-67,-6,1,5,0,-41,LTE BAND 3,23,41946.0,5.0,5103,nan,0,1.56,0.0000
1743594255.0411482,LTE,CONNECT,FDD,4169B36,-67,-5,30,9,-67,-5,1,-67,-5,1,5,0,-43,LTE BAND 3,23,41942.0,5.0,5103,nan,0,1.56,0.0000
1743594256.174881,LTE,CONNECT,FDD,4169B36,-67,-5,30,9,-67,-5,1,-67,-5,1,5,0,-43,LTE BAND 3,23,41954.0,5.0,5104,nan,0,1.56,0.0000
1743594257.3149638,LTE,CONNECT,FDD,4169B36,-67,-5,30,9,-67,-5,1,-67,-5,1,5,0,-42,LTE BAND 3,23,41939.0,5.0,5103,nan,0,1.57,0.0000
1743594258.4371512,LTE,CONNECT,FDD,4169B36,-67,-5,29,9,-67,-5,1,-67,-5,1,5,0,-43,LTE BAND 3,23,41949.0,5.0,5104,nan,0,1.58,0.0000
1743594259.513373,LTE,CONNECT,FDD,4169B36,-67,-5,29,9,-67,-5,1,-67,-5,1,5,0,-43,LTE BAND 3,23,41936.0,5.0,5102,nan,0,1.61,0.0000
1743594260.6430337,LTE,CONNECT,FDD,4169B36,-67,-5,29,9,-67,-5,1,-67,-5,1,5,0,-43,LTE BAND 3,23,52445.0,6.25,6381,nan,0,1.66,0.0000
1743594261.7765167,LTE,CONNECT,FDD,4169B36,-67,-6,29,8,-67,-6,1,-67,-6,1,5,0,-43,LTE BAND 3,23,41938.0,5.0,5102,nan,0,1.72,0.0000
1743594262.8981676,LTE,CONNECT,FDD,4169B36,-67,-5,29,9,-67,-5,1,-67,-5,1,5,0,-43,LTE BAND 3,23,41941.0,5.0,5103,nan,0,1.8,0.0000
1743594264.0320191,LTE,CONNECT,FDD,4169B36,-67,-6,29,9,-67,-6,1,-67,-6,1,5,0,-43,LTE BAND 3,23,41937.0,5.0,5092,nan,7,1.78,0.0000
1743594265.148263,LTE,CONNECT,FDD,4169B36,-68,-6,29,10,-68,-6,1,-68,-6,1,5,0,-43,LTE BAND 3,23,52432.0,6.25,6379,nan,0,1.51,0.0000
1743594266.272566,LTE,CONNECT,FDD,4169B36,-67,-5,29,9,-67,-5,1,-67,-5,1,5,0,-43,LTE BAND 3,23,41946.0,5.0,5103,nan,0,1.63,0.0000
1743594267.4071224,LTE,CONNECT,FDD,4169B36,-68,-5,28,10,-68,-5,1,-68,-5,1,5,0,-45,LTE BAND 3,23,41945.0,5.0,5103,nan,0,1.71,0.0000
1743594268.5624108,LTE,CONNECT,FDD,4169B36,-66,-5,29,8,-66,-5,1,-66,-5,1,5,0,-42,LTE BAND 3,23,41915.0,5.0,5100,nan,0,1.78,0.0000
1743594269.6949487,LTE,CONNECT,FDD,4169B36,-66,-5,30,8,-66,-5,1,-66,-5,1,5,0,-42,LTE BAND 3,23,41964.0,5.0,5106,nan,0,1.83,0.0000
1743594270.8136954,LTE,CONNECT,FDD,4169B36,-66,-5,30,8,-66,-5,1,-66,-5,1,5,0,-42,LTE BAND 3,23,31460.0,3.75,3819,nan,6,1.29,0.0000
1743594271.9446735,LTE,CONNECT,FDD,4169B36,-66,-5,29,8,-66,-5,1,-66,-5,1,5,0,-42,LTE BAND 3,23,52427.0,6.25,6379,nan,0,1.36,0.0000
1743594273.023512,LTE,CONNECT,FDD,4169B36,-67,-5,29,11,-67,-5,1,-67,-5,1,5,0,-43,LTE BAND 3,23,41944.0,5.0,5103,nan,0,1.43,0.0000
1743594274.1477876,LTE,CONNECT,FDD,4169B36,-66,-5,29,10,-66,-5,1,-66,-5,1,5,0,-42,LTE BAND 3,23,41951.0,5.0,5104,nan,0,1.53,0.0000
1743594275.3008301,LTE,CONNECT,FDD,4169B36,-66,-5,29,10,-66,-5,1,-66,-5,1,5,0,-42,LTE BAND 3,23,41942.0,5.0,5103,nan,0,1.55,0.0000
1743594276.4337964,LTE,CONNECT,FDD,4169B36,-66,-5,30,9,-66,-5,1,-66,-5,1,5,0,-42,LTE BAND 3,23,41935.0,5.0,5102,nan,0,1.56,0.0000
1743594277.5519228,LTE,CONNECT,FDD,4169B36,-66,-5,30,10,-66,-5,1,-66,-5,1,5,0,-41,LTE BAND 3,23,41943.0,5.0,5103,nan,0,1.57,0.0000
1743594278.6960545,LTE,CONNECT,FDD,4169B36,-66,-5,30,10,-66,-5,1,-66,-5,1,5,0,-41,LTE BAND 3,23,41945.0,5.0,5103,nan,0,1.57,0.0000
1743594279.8117511,LTE,CONNECT,FDD,4169B36,-65,-5,30,8,-65,-5,1,-65,-5,1,5,0,-41,LTE BAND 3,23,41945.0,5.0,5103,nan,0,1.57,0.0000
1743594280.9292784,LTE,CONNECT,FDD,4169B36,-66,-5,30,10,-66,-5,1,-66,-5,1,5,0,-39,LTE BAND 3,23,41929.0,5.0,5101,nan,0,1.57,0.0000
1743594282.0781949,LTE,CONNECT,FDD,4169B36,-66,-5,31,9,-66,-5,1,-66,-5,1,5,0,-42,LTE BAND 3,23,31447.0,3.75,3826,nan,0,1.58,0.0000
1743594283.207136,LTE,CONNECT,FDD,4169B36,-65,-5,30,9,-65,-5,1,-65,-5,1,5,0,-41,LTE BAND 3,23,41935.0,5.0,5102,nan,0,1.62,0.0000
1743594284.334169,LTE,CONNECT,FDD,4169B36,-66,-5,30,10,-66,-5,1,-66,-5,1,5,0,-41,LTE BAND 3,23,41942.0,5.0,5103,nan,0,1.66,0.0000
1743594285.4681907,LTE,CONNECT,FDD,4169B36,-65,-6,31,9,-65,-6,1,-65,-6,1,5,0,-41,LTE BAND 3,23,41943.0,5.0,5103,nan,0,1.72,0.0000
1743594286.6018755,LTE,CONNECT,FDD,4169B36,-65,-5,30,9,-65,-5,1,-65,-5,1,5,0,-41,LTE BAND 3,23,41947.0,5.0,5104,nan,0,1.8,0.0000
1743594287.70259,LTE,CONNECT,FDD,4169B36,-65,-5,30,9,-65,-5,1,-65,-5,1,5,0,-41,LTE BAND 3,23,31452.0,3.75,3802,nan,17,1.41,0.0000
1743594288.8330986,LTE,CONNECT,FDD,4169B36,-65,-5,30,9,-65,-5,1,-65,-5,1,5,0,-41,LTE BAND 3,23,52434.0,6.25,6354,nan,18,1.37,0.0000
1743594289.9776244,LTE,CONNECT,FDD,4169B36,-65,-5,31,9,-65,-5,1,-65,-5,1,5,0,-41,LTE BAND 3,23,41955.0,5.0,5105,nan,0,1.5,0.0000
1743594291.1102061,LTE,CONNECT,FDD,4169B36,-65,-8,28,9,-65,-8,1,-65,-8,1,5,0,-36,LTE BAND 3,23,31447.0,3.75,3826,nan,0,1.61,0.0000
1743594292.1850672,LTE,CONNECT,FDD,4169B36,-65,-6,30,9,-65,-6,1,-65,-6,1,5,0,-40,LTE BAND 3,23,41951.0,5.0,5104,nan,0,1.76,0.0000
1743594293.3111207,LTE,CONNECT,FDD,4169B36,-65,-5,30,9,-65,-5,1,-65,-5,1,5,0,-41,LTE BAND 3,23,41934.0,5.0,5102,nan,0,1.8,0.0000
1743594294.4440255,LTE,CONNECT,FDD,4169B36,-65,-5,31,9,-65,-5,1,-65,-5,1,5,0,-41,LTE BAND 3,23,41953.0,5.0,5100,nan,3,1.61,0.0000
1743594295.583245,LTE,CONNECT,FDD,4169B36,-65,-6,30,9,-65,-5,1,-65,-5,1,5,0,-41,LTE BAND 3,23,41941.0,5.0,5103,nan,0,1.34,0.0000
1743594296.7048423,LTE,CONNECT,FDD,4169B36,-65,-5,30,9,-65,-5,1,-65,-5,1,5,0,-41,LTE BAND 3,23,41934.0,5.0,5102,nan,0,1.41,0.0000
1743594297.848717,LTE,CONNECT,FDD,4169B36,-65,-5,30,9,-65,-5,1,-65,-5,1,5,0,-41,LTE BAND 3,23,41945.0,5.0,5103,nan,0,1.47,0.0000
1743594299.0033908,LTE,CONNECT,FDD,4169B36,-65,-5,30,9,-65,-5,1,-65,-5,1,5,0,-41,LTE BAND 3,23,41946.0,5.0,5103,nan,0,1.51,0.0000
1743594300.075488,LTE,CONNECT,FDD,4169B36,-65,-5,30,9,-65,-5,1,-65,-5,1,5,0,-41,LTE BAND 3,23,41946.0,5.0,5103,nan,0,1.53,0.0000
1743594301.1901562,LTE,CONNECT,FDD,4169B36,-65,-5,31,9,-65,-5,1,-65,-5,1,5,0,-41,LTE BAND 3,23,41934.0,5.0,5102,nan,0,1.16,0.0000
1743594302.3304265,LTE,CONNECT,FDD,4169B36,-65,-5,31,9,-65,-5,1,-65,-5,1,5,0,-41,LTE BAND 3,23,41942.0,5.0,5103,nan,0,1.21,0.0000
1743594303.4663618,LTE,CONNECT,FDD,4169B36,-65,-5,31,9,-65,-5,1,-65,-5,1,5,0,-41,LTE BAND 3,23,41952.0,5.0,5104,nan,0,1.26,0.0000
1743594304.597756,LTE,CONNECT,FDD,4169B36,-65,-5,31,9,-65,-5,1,-65,-5,1,5,0,-40,LTE BAND 3,23,31452.0,3.75,3827,nan,0,1.28,0.0000
1743594305.699107,LTE,CONNECT,FDD,4169B36,-65,-5,30,9,-65,-5,1,-65,-5,1,5,0,-40,LTE BAND 3,23,41945.0,5.0,5103,nan,0,1.3,0.0000
1743594306.8318474,LTE,CONNECT,FDD,4169B36,-65,-5,30,9,-65,-5,1,-65,-5,1,5,0,-41,LTE BAND 3,23,41945.0,5.0,5103,nan,0,1.31,0.0000
1743594307.965077,LTE,CONNECT,FDD,4169B36,-65,-5,30,9,-65,-5,1,-65,-5,1,5,0,-41,LTE BAND 3,23,31449.0,3.75,3826,nan,0,1.31,0.0000
1743594309.0958722,LTE,CONNECT,FDD,4169B36,-65,-6,30,9,-65,-6,1,-65,-6,1,5,0,-41,LTE BAND 3,23,41922.0,5.0,5101,nan,0,1.31,0.0000
1743594310.2375298,LTE,CONNECT,FDD,4169B36,-65,-5,30,9,-65,-5,1,-65,-5,1,5,0,-41,LTE BAND 3,23,41931.0,5.0,5102,nan,0,1.32,0.0000
1743594311.373601,LTE,CONNECT,FDD,4169B36,-65,-5,31,9,-65,-5,1,-65,-5,1,5,0,-41,LTE BAND 3,23,31463.0,3.75,3828,nan,0,1.33,0.0000
1743594312.5107105,LTE,CONNECT,FDD,4169B36,-65,-5,31,9,-65,-5,1,-65,-5,1,5,0,-41,LTE BAND 3,23,41938.0,5.0,5102,nan,0,1.35,0.0000
1743594313.643379,LTE,CONNECT,FDD,4169B36,-65,-5,30,9,-65,-5,1,-65,-5,1,5,0,-41,LTE BAND 3,23,41955.0,5.0,5105,nan,0,1.39,0.0000
1743594314.7741776,LTE,CONNECT,FDD,4169B36,-65,-5,31,8,-65,-5,1,-65,-5,1,5,0,-39,LTE BAND 3,23,41942.0,5.0,5103,nan,0,1.44,0.0000
1743594315.905791,LTE,CONNECT,FDD,4169B36,-65,-5,30,9,-65,-5,1,-65,-5,1,5,0,-41,LTE BAND 3,23,41947.0,5.0,5104,nan,0,1.51,0.0000
1743594317.0521235,LTE,CONNECT,FDD,4169B36,-65,-5,30,9,-65,-5,1,-65,-5,1,5,0,-41,LTE BAND 3,23,41933.0,5.0,5102,nan,0,1.61,0.0000
1743594318.1885214,LTE,CONNECT,FDD,4169B36,-65,-5,31,9,-65,-5,1,-65,-5,1,5,0,-41,LTE BAND 3,23,31438.0,3.75,3825,nan,0,1.87,0.0000
1743594319.3231907,LTE,CONNECT,FDD,4169B36,-65,-5,30,9,-65,-5,1,-65,-5,1,5,0,-41,LTE BAND 3,23,41955.0,5.0,5069,nan,25,1.36,0.0000
1743594320.458714,LTE,CONNECT,FDD,4169B36,-65,-5,30,7,-65,-5,1,-65,-5,1,5,0,-41,LTE BAND 3,23,41957.0,5.0,5105,nan,0,1.49,0.0000
1743594321.5951424,LTE,CONNECT,FDD,4169B36,-65,-5,30,9,-65,-5,1,-65,-5,1,5,0,-41,LTE BAND 3,23,41944.0,5.0,5103,nan,0,1.6,0.0000
1743594322.715119,LTE,CONNECT,FDD,4169B36,-66,-5,30,9,-66,-5,1,-66,-5,1,5,0,-41,LTE BAND 3,23,41939.0,5.0,5103,nan,0,1.69,0.0000
1743594323.8591409,LTE,CONNECT,FDD,4169B36,-66,-5,29,10,-66,-5,1,-66,-5,1,5,0,-41,LTE BAND 3,23,31422.0,3.75,3823,nan,0,1.76,0.0000
1743594324.9460104,LTE,CONNECT,FDD,4169B36,-66,-5,30,10,-66,-5,1,-66,-5,1,5,0,-41,LTE BAND 3,23,41990.0,5.0,5109,nan,0,1.81,0.0000
1743594326.0645988,LTE,CONNECT,FDD,4169B36,-66,-5,30,10,-66,-5,1,-66,-5,1,5,0,-42,LTE BAND 3,23,41942.0,5.0,5099,nan,3,1.28,0.0000
1743594327.1794097,LTE,CONNECT,FDD,4169B36,-66,-5,30,10,-66,-5,1,-66,-5,1,5,0,-41,LTE BAND 3,23,41933.0,5.0,5102,nan,0,1.43,0.0000
1743594328.293315,LTE,CONNECT,FDD,4169B36,-66,-6,29,10,-66,-6,1,-66,-6,1,5,0,-40,LTE BAND 3,23,41952.0,5.0,5104,nan,0,1.48,0.0000
1743594329.380085,LTE,CONNECT,FDD,4169B36,-66,-6,30,10,-66,-6,1,-66,-6,1,5,0,-40,LTE BAND 3,23,41932.0,5.0,5102,nan,0,1.51,0.0000
1743594330.535843,LTE,CONNECT,FDD,4169B36,-66,-5,30,10,-66,-5,1,-66,-5,1,5,0,-42,LTE BAND 3,23,41961.0,5.0,5105,nan,0,1.53,0.0000
1743594331.6664453,LTE,CONNECT,FDD,4169B36,-66,-5,30,10,-66,-5,1,-66,-5,1,5,0,-41,LTE BAND 3,23,41940.0,5.0,5103,nan,0,1.55,0.0000
1743594332.7978132,LTE,CONNECT,FDD,4169B36,-66,-5,30,10,-66,-5,1,-66,-5,1,5,0,-41,LTE BAND 3,23,41937.0,5.0,5102,nan,0,1.55,0.0000
1743594333.9394412,LTE,CONNECT,FDD,4169B36,-66,-5,29,10,-66,-5,1,-66,-5,1,5,0,-41,LTE BAND 3,23,52441.0,6.25,6380,nan,0,1.55,0.0000
1743594335.0915632,LTE,CONNECT,FDD,4169B36,-66,-5,30,10,-66,-5,1,-66,-5,1,5,0,-41,LTE BAND 3,23,41858.0,5.0,5093,nan,0,1.55,0.0000
1743594336.2467477,LTE,CONNECT,FDD,4169B36,-66,-5,30,10,-66,-5,1,-66,-5,1,5,0,-42,LTE BAND 3,23,31453.0,3.75,3827,nan,0,1.56,0.0000
1743594337.398406,LTE,CONNECT,FDD,4169B36,-66,-5,30,9,-66,-5,1,-66,-5,1,5,0,-41,LTE BAND 3,23,41939.0,5.0,5103,nan,0,1.58,0.0000
1743594338.526315,LTE,CONNECT,FDD,4169B36,-66,-5,30,10,-66,-5,1,-66,-5,1,5,0,-42,LTE BAND 3,23,41952.0,5.0,5104,nan,0,1.61,0.0000
1743594339.6795087,LTE,CONNECT,FDD,4169B36,-66,-5,30,10,-66,-5,1,-66,-5,1,5,0,-41,LTE BAND 3,23,41944.0,5.0,5103,nan,0,1.66,0.0000
1743594340.7498477,LTE,CONNECT,FDD,4169B36,-66,-5,30,10,-66,-5,1,-66,-5,1,5,0,-42,LTE BAND 3,23,41945.0,5.0,5103,nan,0,1.72,0.0000
1743594341.8638666,LTE,CONNECT,FDD,4169B36,-66,-5,30,10,-66,-5,1,-66,-5,1,5,0,-41,LTE BAND 3,23,41937.0,5.0,5102,nan,0,1.8,0.0000
1743594342.9289408,LTE,CONNECT,FDD,4169B36,-66,-5,30,10,-66,-5,1,-66,-5,1,5,0,-41,LTE BAND 3,23,31453.0,3.75,3795,nan,22,1.58,0.0000
1743594344.0596178,LTE,CONNECT,FDD,4169B36,-66,-5,30,10,-66,-5,1,-66,-5,1,5,0,-42,LTE BAND 3,23,52432.0,6.25,6376,nan,2,1.4,0.0000
1743594345.1843345,LTE,CONNECT,FDD,4169B36,-66,-5,30,10,-66,-5,1,-66,-5,1,5,0,-42,LTE BAND 3,23,41947.0,5.0,5104,nan,0,1.64,0.0000
1743594346.312565,LTE,CONNECT,FDD,4169B36,-66,-7,29,9,-66,-7,1,-66,-7,1,5,0,-38,LTE BAND 3,23,41948.0,5.0,5104,nan,0,1.72,0.0000
1743594347.4475818,LTE,CONNECT,FDD,4169B36,-66,-5,31,10,-66,-5,1,-66,-5,1,5,0,-42,LTE BAND 3,23,31444.0,3.75,3826,nan,0,1.78,0.0000
1743594348.5815303,LTE,CONNECT,FDD,4169B36,-66,-5,30,10,-66,-5,1,-66,-5,1,5,0,-42,LTE BAND 3,23,41948.0,5.0,5104,nan,0,1.83,0.0000
1743594349.7101178,LTE,CONNECT,FDD,4169B36,-66,-5,30,10,-66,-5,1,-66,-5,1,5,0,-42,LTE BAND 3,23,31454.0,3.75,3787,nan,28,1.3,0.0000
1743594350.8571508,LTE,CONNECT,FDD,4169B36,-66,-5,30,10,-66,-5,1,-66,-5,1,5,0,-43,LTE BAND 3,23,62932.0,7.5,7657,nan,0,1.36,0.0000
1743594351.987957,LTE,CONNECT,FDD,4169B36,-65,-5,30,9,-65,-5,1,-65,-5,1,5,0,-41,LTE BAND 3,23,41942.0,5.0,5103,nan,0,1.43,0.0000
1743594353.0831294,LTE,CONNECT,FDD,4169B36,-65,-5,29,9,-65,-5,1,-65,-5,1,5,0,-41,LTE BAND 3,23,41950.0,5.0,5104,nan,0,1.49,0.0000
1743594354.2081013,LTE,CONNECT,FDD,4169B36,-66,-5,29,10,-66,-5,1,-66,-5,1,5,0,-41,LTE BAND 3,23,41947.0,5.0,5104,nan,0,1.55,0.0000
1743594355.3551219,LTE,CONNECT,FDD,4169B36,-66,-5,29,10,-66,-5,1,-66,-5,1,5,0,-42,LTE BAND 3,23,41943.0,5.0,5103,nan,0,1.56,0.0000
1743594356.511596,LTE,CONNECT,FDD,4169B36,-68,-4,28,10,-68,-4,1,-68,-4,1,5,0,-46,LTE BAND 3,23,41934.0,5.0,5102,nan,0,1.57,0.0000
1743594357.6400664,LTE,CONNECT,FDD,4169B36,-68,-4,26,13,-68,-4,1,-68,-4,1,5,0,-45,LTE BAND 3,23,41955.0,5.0,5105,nan,0,1.57,0.0000
1743594358.7858706,LTE,CONNECT,FDD,4169B36,-69,-5,28,12,-69,-5,1,-69,-5,1,5,0,-44,LTE BAND 3,23,41940.0,5.0,5103,nan,0,1.57,0.0000
1743594359.9235795,LTE,CONNECT,FDD,4169B36,-69,-4,27,13,-69,-4,1,-69,-4,1,5,0,-45,LTE BAND 3,23,41940.0,5.0,5103,nan,0,1.58,0.0000
1743594361.0263593,LTE,CONNECT,FDD,4169B36,-68,-5,28,11,-68,-5,1,-68,-5,1,5,0,-43,LTE BAND 3,23,41945.0,5.0,5103,nan,0,1.58,0.0000
1743594362.1557033,LTE,CONNECT,FDD,4169B36,-65,-6,30,9,-65,-6,1,-65,-6,1,5,0,-39,LTE BAND 3,23,41941.0,5.0,5103,nan,0,1.62,0.0000
1743594363.2842152,LTE,CONNECT,FDD,4169B36,-65,-6,30,9,-65,-6,1,-65,-6,1,5,0,-41,LTE BAND 3,23,41949.0,5.0,5104,nan,0,1.66,0.0000
1743594364.432251,LTE,CONNECT,FDD,4169B36,-65,-5,29,9,-65,-5,1,-65,-5,1,5,0,-41,LTE BAND 3,23,31449.0,3.75,3826,nan,0,1.71,0.0000
1743594365.5881262,LTE,CONNECT,FDD,4169B36,-66,-5,29,10,-66,-5,1,-66,-5,1,5,0,-42,LTE BAND 3,23,41954.0,5.0,5104,nan,0,1.79,0.0000
1743594366.7246642,LTE,CONNECT,FDD,4169B36,-66,-4,30,10,-66,-4,1,-66,-4,1,5,0,-41,LTE BAND 3,23,31447.0,3.75,3789,nan,26,1.61,0.0000
1743594367.86131,LTE,CONNECT,FDD,4169B36,-66,-5,29,10,-66,-5,1,-66,-5,1,5,0,-42,LTE BAND 3,23,41944.0,5.0,5089,nan,10,1.38,0.0000
1743594368.9966328,LTE,CONNECT,FDD,4169B36,-65,-5,30,9,-65,-5,1,-65,-5,1,5,0,-41,LTE BAND 3,23,40495.0,5.0,4927,nan,0,1.51,0.0000
1743594370.1218297,LTE,CONNECT,FDD,4169B36,-65,-5,30,9,-65,-5,1,-65,-5,1,5,0,-41,LTE BAND 3,23,43508.0,5.0,5293,nan,0,1.61,0.0000
1743594371.2611513,LTE,CONNECT,FDD,4169B36,-66,-4,30,10,-66,-4,1,-66,-4,1,5,0,-42,LTE BAND 3,23,41943.0,5.0,5103,nan,0,1.76,0.0000
1743594372.387371,LTE,CONNECT,FDD,4169B36,-66,-5,30,10,-66,-5,1,-66,-5,1,5,0,-42,LTE BAND 3,23,41944.0,5.0,5103,nan,0,1.8,0.0000
1743594373.4569535,LTE,CONNECT,FDD,4169B36,-66,-5,30,10,-66,-5,1,-66,-5,1,5,0,-42,LTE BAND 3,23,31454.0,3.75,3823,nan,3,1.3,0.0000
1743594374.6047506,LTE,CONNECT,FDD,4169B36,-65,-4,30,9,-65,-5,1,-65,-5,1,5,0,-41,LTE BAND 3,23,41946.0,5.0,5103,nan,0,1.37,0.0000
1743594375.7590692,LTE,CONNECT,FDD,4169B36,-65,-6,30,9,-65,-6,1,-65,-6,1,5,0,-38,LTE BAND 3,23,31453.0,3.75,3827,nan,0,1.43,0.0000
1743594376.8943095,LTE,CONNECT,FDD,4169B36,-65,-5,30,9,-65,-5,1,-65,-5,1,5,0,-41,LTE BAND 3,23,41954.0,5.0,5104,nan,0,1.48,0.0000
1743594378.032156,LTE,CONNECT,FDD,4169B36,-65,-5,30,9,-65,-5,1,-65,-5,1,5,0,-39,LTE BAND 3,23,41940.0,5.0,5103,nan,0,1.51,0.0000
1743594379.1687918,LTE,CONNECT,FDD,4169B36,-65,-4,30,9,-65,-4,1,-65,-4,1,5,0,-41,LTE BAND 3,23,41945.0,5.0,5103,nan,0,1.53,0.0000
1743594380.3051171,LTE,CONNECT,FDD,4169B36,-65,-4,30,9,-65,-4,1,-65,-4,1,5,0,-41,LTE BAND 3,23,41934.0,5.0,5102,nan,0,1.54,0.0000
1743594381.4476588,LTE,CONNECT,FDD,4169B36,-65,-4,30,9,-65,-4,1,-65,-4,1,5,0,-41,LTE BAND 3,23,41948.0,5.0,5104,nan,0,1.54,0.0000
1743594382.6051776,LTE,CONNECT,FDD,4169B36,-65,-5,30,9,-65,-5,1,-65,-5,1,5,0,-41,LTE BAND 3,23,41938.0,5.0,5102,nan,0,1.54,0.0000
1743594383.7416935,LTE,CONNECT,FDD,4169B36,-65,-5,28,8,-65,-5,1,-65,-5,1,5,0,-40,LTE BAND 3,23,41955.0,5.0,5105,nan,0,1.54,0.0000
1743594384.8966465,LTE,CONNECT,FDD,4169B36,-65,-5,29,9,-65,-5,1,-65,-5,1,5,0,-40,LTE BAND 3,23,41942.0,5.0,5103,nan,0,1.56,0.0000
1743594386.0299814,LTE,CONNECT,FDD,4169B36,-66,-5,29,9,-66,-5,1,-66,-5,1,5,0,-42,LTE BAND 3,23,41930.0,5.0,5101,nan,0,1.58,0.0000
1743594387.1657467,LTE,CONNECT,FDD,4169B36,-66,-5,29,9,-66,-5,1,-66,-5,1,5,0,-41,LTE BAND 3,23,31438.0,3.75,3825,nan,0,1.66,0.0000
1743594388.2981875,LTE,CONNECT,FDD,4169B36,-66,-5,30,10,-66,-4,1,-66,-4,1,5,0,-42,LTE BAND 3,23,41971.0,5.0,5106,nan,0,1.73,0.0000
1743594389.3529441,LTE,CONNECT,FDD,4169B36,-66,-5,30,10,-66,-5,1,-66,-5,1,5,0,-42,LTE BAND 3,23,41945.0,5.0,5103,nan,0,1.83,0.0000
1743594390.4892833,LTE,CONNECT,FDD,4169B36,-65,-5,30,9,-65,-5,1,-65,-5,1,5,0,-40,LTE BAND 3,23,31457.0,3.75,3807,nan,14,1.31,0.0000
1743594391.6263814,LTE,CONNECT,FDD,4169B36,-64,-5,31,8,-64,-5,1,-64,-5,1,5,0,-40,LTE BAND 3,23,52437.0,6.25,6380,nan,0,1.42,0.0000
1743594392.7644963,LTE,CONNECT,FDD,4169B36,-64,-5,31,8,-64,-5,1,-64,-5,1,5,0,-40,LTE BAND 3,23,31451.0,3.75,3827,nan,0,1.54,0.0000
1743594393.8992767,LTE,CONNECT,FDD,4169B36,-64,-5,29,8,-64,-5,1,-64,-5,1,5,0,-39,LTE BAND 3,23,41949.0,5.0,5104,nan,0,1.65,0.0000
1743594395.0362575,LTE,CONNECT,FDD,4169B36,-64,-5,30,8,-64,-5,1,-64,-5,1,5,0,-40,LTE BAND 3,23,41940.0,5.0,5103,nan,0,1.72,0.0000
1743594396.2080598,LTE,CONNECT,FDD,4169B36,-64,-8,28,8,-64,-8,1,-64,-8,1,5,0,-37,LTE BAND 3,23,41942.0,5.0,5103,nan,0,1.81,0.0000
1743594397.3247006,LTE,CONNECT,FDD,4169B36,-64,-4,31,8,-64,-4,1,-64,-4,1,5,0,-40,LTE BAND 3,23,31457.0,3.75,3810,nan,12,1.28,0.0000
1743594398.4550478,LTE,CONNECT,FDD,4169B36,-64,-5,31,8,-64,-5,1,-64,-5,1,5,0,-40,LTE BAND 3,23,41939.0,5.0,5103,nan,0,1.35,0.0000
1743594399.5544097,LTE,CONNECT,FDD,4169B36,-64,-5,30,8,-64,-5,1,-64,-5,1,5,0,-40,LTE BAND 3,23,41948.0,5.0,5104,nan,0,1.42,0.0000
1743594400.6838696,LTE,CONNECT,FDD,4169B36,-64,-5,28,8,-64,-5,1,-64,-5,1,5,0,-39,LTE BAND 3,23,41942.0,5.0,5103,nan,0,1.47,0.0000
1743594401.8012407,LTE,CONNECT,FDD,4169B36,-64,-5,31,8,-64,-5,1,-64,-5,1,5,0,-40,LTE BAND 3,23,41948.0,5.0,5104,nan,0,1.51,0.0000
1743594402.909636,LTE,CONNECT,FDD,4169B36,-64,-4,30,8,-64,-4,1,-64,-4,1,5,0,-40,LTE BAND 3,23,41941.0,5.0,5103,nan,0,1.53,0.0000
1743594404.0542965,LTE,CONNECT,FDD,4169B36,-64,-4,30,8,-64,-4,1,-64,-4,1,5,0,-41,LTE BAND 3,23,41939.0,5.0,5103,nan,0,1.54,0.0000
1743594405.1645262,LTE,CONNECT,FDD,4169B36,-64,-4,30,8,-64,-4,1,-64,-4,1,5,0,-40,LTE BAND 3,23,41925.0,5.0,5101,nan,0,1.55,0.0000
1743594406.2786536,LTE,CONNECT,FDD,4169B36,-64,-4,31,8,-64,-4,1,-64,-4,1,5,0,-40,LTE BAND 3,23,41950.0,5.0,5104,nan,0,1.55,0.0000
1743594407.4123995,LTE,CONNECT,FDD,4169B36,-64,-4,31,8,-64,-4,1,-64,-4,1,5,0,-40,LTE BAND 3,23,41948.0,5.0,5104,nan,0,1.55,0.0000
1743594408.5412152,LTE,CONNECT,FDD,4169B36,-64,-4,31,8,-64,-4,1,-64,-4,1,5,0,-41,LTE BAND 3,23,41950.0,5.0,5104,nan,0,1.56,0.0000
1743594409.6522663,LTE,CONNECT,FDD,4169B36,-64,-5,30,8,-64,-5,1,-64,-5,1,5,0,-40,LTE BAND 3,23,41937.0,5.0,5102,nan,0,1.58,0.0000
1743594410.7571118,LTE,CONNECT,FDD,4169B36,-64,-4,30,8,-64,-4,1,-64,-4,1,5,0,-40,LTE BAND 3,23,41953.0,5.0,5104,nan,0,1.61,0.0000
1743594411.8823938,LTE,CONNECT,FDD,4169B36,-64,-5,30,8,-64,-5,1,-64,-5,1,5,0,-41,LTE BAND 3,23,41937.0,5.0,5102,nan,0,1.65,0.0000
1743594412.9923432,LTE,CONNECT,FDD,4169B36,-64,-5,30,8,-64,-5,1,-64,-5,1,5,0,-39,LTE BAND 3,23,31456.0,3.75,3827,nan,0,1.71,0.0000
1743594414.0832686,LTE,CONNECT,FDD,4169B36,-64,-4,30,8,-64,-5,1,-64,-5,1,5,0,-40,LTE BAND 3,23,41947.0,5.0,5104,nan,0,1.79,0.0000
1743594415.2127504,LTE,CONNECT,FDD,4169B36,-64,-4,31,7,-64,-4,1,-64,-4,1,5,0,-40,LTE BAND 3,23,52444.0,6.25,6378,nan,2,1.38,0.0000
1743594416.339244,LTE,CONNECT,FDD,4169B36,-64,-4,31,8,-64,-4,1,-64,-4,1,5,0,-40,LTE BAND 3,23,41948.0,5.0,5104,nan,0,1.51,0.0000
1743594417.4738908,LTE,CONNECT,FDD,4169B36,-65,-6,30,8,-65,-6,1,-65,-6,1,5,0,-40,LTE BAND 3,23,31446.0,3.75,3826,nan,0,1.62,0.0000
1743594418.6314614,LTE,CONNECT,FDD,4169B36,-64,-4,31,8,-64,-4,1,-64,-4,1,5,0,-41,LTE BAND 3,23,41957.0,5.0,5105,nan,0,1.7,0.0000
1743594419.771422,LTE,CONNECT,FDD,4169B36,-64,-5,31,8,-64,-5,1,-64,-5,1,5,0,-41,LTE BAND 3,23,41940.0,5.0,5103,nan,0,1.77,0.0000
1743594420.904033,LTE,CONNECT,FDD,4169B36,-65,-5,30,6,-65,-5,1,-65,-5,1,5,0,-41,LTE BAND 3,23,41943.0,5.0,5103,nan,0,1.81,0.0000
1743594421.9832494,LTE,CONNECT,FDD,4169B36,-66,-5,28,10,-66,-5,1,-66,-5,1,5,0,-41,LTE BAND 3,23,31456.0,3.75,3813,nan,10,1.28,0.0000
1743594423.1313257,LTE,CONNECT,FDD,4169B36,-65,-5,30,9,-65,-5,1,-65,-5,1,5,0,-42,LTE BAND 3,23,41940.0,5.0,5103,nan,0,1.35,0.0000
1743594424.2606554,LTE,CONNECT,FDD,4169B36,-65,-5,30,10,-65,-5,1,-65,-5,1,5,0,-42,LTE BAND 3,23,41949.0,5.0,5104,nan,0,1.48,0.0000
1743594425.3949509,LTE,CONNECT,FDD,4169B36,-65,-4,30,9,-65,-4,1,-65,-4,1,5,0,-41,LTE BAND 3,23,41937.0,5.0,5102,nan,0,1.51,0.0000
1743594426.531848,LTE,CONNECT,FDD,4169B36,-65,-6,30,8,-65,-6,1,-65,-6,1,5,0,-41,LTE BAND 3,23,41960.0,5.0,5105,nan,0,1.54,0.0000
1743594427.669762,LTE,CONNECT,FDD,4169B36,-65,-5,30,9,-65,-5,1,-65,-5,1,5,0,-41,LTE BAND 3,23,31454.0,3.75,3827,nan,0,1.55,0.0000
1743594428.8031745,LTE,CONNECT,FDD,4169B36,-65,-4,30,9,-65,-4,1,-65,-4,1,5,0,-41,LTE BAND 3,23,41936.0,5.0,5102,nan,0,1.56,0.0000
1743594429.878867,LTE,CONNECT,FDD,4169B36,-65,-5,30,6,-65,-5,1,-65,-5,1,5,0,-41,LTE BAND 3,23,41950.0,5.0,5104,nan,0,1.56,0.0000
1743594431.01179,LTE,CONNECT,FDD,4169B36,-65,-4,30,9,-65,-6,1,-65,-6,1,5,0,-39,LTE BAND 3,23,31459.0,3.75,3828,nan,0,1.56,0.0000
1743594432.1370304,LTE,CONNECT,FDD,4169B36,-65,-4,30,10,-65,-4,1,-65,-4,1,5,0,-41,LTE BAND 3,23,41905.0,5.0,5098,nan,0,1.56,0.0000
1743594433.2727203,LTE,CONNECT,FDD,4169B36,-65,-5,29,10,-65,-5,1,-65,-5,1,5,0,-41,LTE BAND 3,23,41941.0,5.0,5103,nan,0,1.58,0.0000
1743594434.3917325,LTE,CONNECT,FDD,4169B36,-66,-5,32,12,-66,-5,1,-78,-13,-5,5,0,-41,LTE BAND 3,23,31450.0,3.75,3826,nan,0,1.61,0.0000
1743594435.512227,LTE,CONNECT,FDD,4169B36,-75,-7,25,22,-75,-7,1,-75,-7,1,5,0,-59,LTE BAND 3,23,41955.0,5.0,5105,nan,0,1.65,0.0000
1743594436.6414855,LTE,CONNECT,FDD,4169B36,-75,-8,25,22,-75,-8,1,-75,-8,1,5,0,-59,LTE BAND 3,23,41943.0,5.0,5103,nan,0,1.71,0.0000
1743594437.7415695,LTE,CONNECT,FDD,4169B36,-75,-7,25,22,-75,-7,1,-75,-7,1,5,0,-58,LTE BAND 3,23,41927.0,5.0,5101,nan,0,1.8,0.0000
1743594438.854927,LTE,CONNECT,FDD,4169B36,-75,-7,25,22,-75,-7,1,-75,-7,1,5,0,-58,LTE BAND 3,23,41963.0,5.0,5096,nan,7,1.61,0.0000
1743594439.9706419,LTE,CONNECT,FDD,4169B36,-75,-7,25,21,-75,-7,1,-75,-7,1,5,0,-58,LTE BAND 3,23,52406.0,6.25,6318,nan,41,1.39,0.0000
1743594441.102866,LTE,CONNECT,FDD,4169B36,-76,-7,26,19,-76,-7,1,-76,-7,1,5,0,-58,LTE BAND 3,23,41948.0,5.0,5104,nan,0,1.52,0.0000
1743594442.2169998,LTE,CONNECT,FDD,4169B36,-76,-7,25,18,-76,-7,1,-76,-7,1,5,0,-58,LTE BAND 3,23,52450.0,6.25,6381,nan,0,1.71,0.0000
1743594443.345291,LTE,CONNECT,FDD,4169B36,-68,-5,31,8,-68,-5,1,-68,-5,1,5,0,-41,LTE BAND 3,23,41908.0,5.0,5099,nan,0,1.77,0.0000
1743594444.5038772,LTE,CONNECT,FDD,4169B36,-68,-5,27,8,-68,-5,1,-68,-5,1,5,0,-44,LTE BAND 3,23,41964.0,5.0,5106,nan,0,1.82,0.0000
1743594445.6304579,LTE,CONNECT,FDD,4169B36,-68,-5,28,9,-68,-5,1,-68,-5,1,5,0,-43,LTE BAND 3,23,41947.0,5.0,5104,nan,0,1.85,0.0000
1743594446.710489,LTE,CONNECT,FDD,4169B36,-68,-6,27,9,-68,-6,1,-68,-6,1,5,0,-44,LTE BAND 3,23,41951.0,5.0,5056,nan,34,1.31,0.0000
1743594447.8622928,LTE,CONNECT,FDD,4169B36,-68,-5,27,9,-68,-5,1,-68,-5,1,5,0,-44,LTE BAND 3,23,41942.0,5.0,5103,nan,0,1.39,0.0000
1743594448.997856,LTE,CONNECT,FDD,4169B36,-68,-5,27,9,-68,-5,1,-68,-5,1,5,0,-44,LTE BAND 3,23,41944.0,5.0,5103,nan,0,1.46,0.0000
1743594450.1163104,LTE,CONNECT,FDD,4169B36,-67,-4,30,9,-67,-4,1,-67,-4,1,5,0,-43,LTE BAND 3,23,41945.0,5.0,5103,nan,0,1.51,0.0000
1743594451.2496266,LTE,CONNECT,FDD,4169B36,-71,-4,26,12,-71,-4,1,-71,-4,1,5,0,-47,LTE BAND 3,23,41962.0,5.0,5105,nan,0,1.56,0.0000
1743594452.3643296,LTE,CONNECT,FDD,4169B36,-70,-4,26,11,-70,-4,1,-70,-4,1,5,0,-45,LTE BAND 3,23,41902.0,5.0,5098,nan,0,1.57,0.0000
1743594453.4991348,LTE,CONNECT,FDD,4169B36,-70,-4,26,11,-70,-4,1,-70,-4,1,5,0,-47,LTE BAND 3,23,41981.0,5.0,5108,nan,0,1.58,0.0000
1743594454.6357834,LTE,CONNECT,FDD,4169B36,-70,-5,26,10,-70,-5,1,-70,-5,1,5,0,-46,LTE BAND 3,23,52437.0,6.25,6380,nan,0,1.58,0.0000
1743594455.7736716,LTE,CONNECT,FDD,4169B36,-70,-4,26,11,-70,-4,1,-70,-4,1,5,0,-47,LTE BAND 3,23,41943.0,5.0,5103,nan,0,1.58,0.0000
1743594456.900469,LTE,CONNECT,FDD,4169B36,-71,-4,26,12,-71,-4,1,-71,-4,1,5,0,-47,LTE BAND 3,23,41934.0,5.0,5102,nan,0,1.58,0.0000
1743594458.0360174,LTE,CONNECT,FDD,4169B36,-71,-4,26,12,-71,-4,1,-71,-4,1,5,0,-47,LTE BAND 3,23,41951.0,5.0,5104,nan,0,1.59,0.0000
1743594459.1695611,LTE,CONNECT,FDD,4169B36,-71,-5,26,12,-71,-5,1,-71,-5,1,5,0,-47,LTE BAND 3,23,41943.0,5.0,5103,nan,0,1.64,0.0000
1743594460.3008518,LTE,CONNECT,FDD,4169B36,-71,-4,26,12,-71,-4,1,-71,-4,1,5,0,-48,LTE BAND 3,23,52445.0,6.25,6381,nan,0,1.68,0.0000
1743594461.4190092,LTE,CONNECT,FDD,4169B36,-71,-5,22,12,-71,-6,1,-71,-6,1,5,0,-51,LTE BAND 3,23,41938.0,5.0,5102,nan,0,1.75,0.0000
1743594462.5682616,LTE,CONNECT,FDD,4169B36,-73,-5,22,17,-73,-5,1,-73,-5,1,5,0,-52,LTE BAND 3,23,41940.0,5.0,5103,nan,0,1.83,0.0000
1743594463.6891837,LTE,CONNECT,FDD,4169B36,-73,-5,21,16,-73,-5,1,-73,-5,1,5,0,-49,LTE BAND 3,23,31459.0,3.75,3779,nan,34,1.32,0.0000
1743594464.8151674,LTE,CONNECT,FDD,4169B36,-71,-7,26,11,-71,-7,1,-71,-7,1,5,0,-48,LTE BAND 3,23,52417.0,6.25,6377,nan,0,1.43,0.0000
1743594465.9366548,LTE,CONNECT,FDD,4169B36,-68,-5,29,9,-68,-5,1,-68,-5,1,5,0,-42,LTE BAND 3,23,52432.0,6.25,6379,nan,0,1.55,0.0000
1743594467.065119,LTE,CONNECT,FDD,4169B36,-67,-5,28,9,-68,-5,1,-68,-5,1,5,0,-43,LTE BAND 3,23,41950.0,5.0,5104,nan,0,1.65,0.0000
1743594468.1842031,LTE,CONNECT,FDD,4169B36,-71,-4,20,16,-71,-4,1,-71,-4,1,5,0,-55,LTE BAND 3,23,41929.0,5.0,5101,nan,0,1.79,0.0000
1743594469.2799757,LTE,CONNECT,FDD,4169B36,-75,-6,23,15,-75,-6,1,-75,-6,1,5,0,-50,LTE BAND 3,23,41946.0,5.0,5103,nan,0,1.83,0.0000
1743594470.3707495,LTE,CONNECT,FDD,4169B36,-73,-5,25,17,-72,-5,1,-72,-5,1,5,0,-46,LTE BAND 3,23,31463.0,3.75,3790,nan,27,1.29,0.0000
1743594471.4383314,LTE,CONNECT,FDD,4169B36,-74,-6,20,15,-74,-6,1,-74,-6,1,5,0,-54,LTE BAND 3,23,41935.0,5.0,5102,nan,0,1.37,0.0000
1743594472.5542057,LTE,CONNECT,FDD,4169B36,-78,-7,20,15,-78,-7,1,-78,-7,1,5,0,-53,LTE BAND 3,23,52446.0,6.25,6381,nan,0,1.44,0.0000
1743594473.6725101,LTE,CONNECT,FDD,4169B36,-78,-6,22,15,-78,-6,1,-78,-6,1,5,0,-53,LTE BAND 3,23,41946.0,5.0,5103,nan,0,1.49,0.0000
1743594474.8023047,LTE,CONNECT,FDD,4169B36,-77,-6,22,13,-77,-6,1,-77,-6,1,5,0,-53,LTE BAND 3,23,41941.0,5.0,5103,nan,0,1.52,0.0000
1743594475.931985,LTE,CONNECT,FDD,4169B36,-77,-6,21,13,-77,-6,1,-77,-6,1,5,0,-52,LTE BAND 3,23,52430.0,6.25,6379,nan,0,1.55,0.0000
1743594477.0727456,LTE,CONNECT,FDD,4169B36,-77,-6,22,12,-77,-6,1,-77,-6,1,5,0,-52,LTE BAND 3,23,41933.0,5.0,5102,nan,0,1.56,0.0000
1743594478.2107682,LTE,CONNECT,FDD,4169B36,-77,-6,22,12,-77,-6,1,-77,-6,1,5,0,-52,LTE BAND 3,23,52452.0,6.25,6382,nan,0,1.56,0.0000
1743594479.34356,LTE,CONNECT,FDD,4169B36,-76,-6,20,12,-76,-6,1,-76,-6,1,5,0,-52,LTE BAND 3,23,41934.0,5.0,5102,nan,0,1.56,0.0000
1743594480.4582293,LTE,CONNECT,FDD,4169B36,-79,-7,20,12,-79,-7,1,-79,-7,1,5,0,-55,LTE BAND 3,23,41941.0,5.0,5103,nan,0,1.57,0.0000
1743594481.6791837,LTE,CONNECT,FDD,4169B36,-69,-5,27,6,-69,-5,1,-69,-5,1,5,0,-45,LTE BAND 3,23,41943.0,5.0,5103,nan,0,1.57,0.0000
1743594482.8921204,LTE,CONNECT,FDD,4169B36,-69,-5,28,10,-69,-5,1,-69,-5,1,5,0,-44,LTE BAND 3,23,31459.0,3.75,3828,nan,0,1.59,0.0000
1743594484.0479949,LTE,CONNECT,FDD,4169B36,-69,-5,28,10,-69,-5,1,-69,-5,1,5,0,-45,LTE BAND 3,23,41916.0,5.0,5100,nan,0,1.62,0.0000
1743594485.1739573,LTE,CONNECT,FDD,4169B36,-69,-4,27,10,-69,-4,1,-69,-4,1,5,0,-45,LTE BAND 3,23,41941.0,5.0,5103,nan,0,1.73,0.0000
1743594486.3216193,LTE,CONNECT,FDD,4169B36,-69,-5,27,10,-69,-5,1,-69,-5,1,5,0,-44,LTE BAND 3,23,41940.0,5.0,5103,nan,0,1.81,0.0000
1743594487.450765,LTE,CONNECT,FDD,4169B36,-70,-5,23,12,-70,-5,1,-70,-5,1,5,0,-48,LTE BAND 3,23,31462.0,3.75,3777,nan,36,1.53,0.0000
1743594488.5750358,LTE,CONNECT,FDD,4169B36,-72,-7,23,19,-72,-7,1,-84,-14,0,5,0,-54,LTE BAND 3,23,41936.0,5.0,5102,nan,0,1.41,0.0000
1743594489.7069683,LTE,CONNECT,FDD,4169B36,-74,-4,25,17,-74,-4,1,-74,-4,1,5,0,-53,LTE BAND 3,23,52418.0,6.25,6378,nan,0,1.54,0.0000
1743594490.809289,LTE,CONNECT,FDD,4169B36,-74,-6,29,14,-74,-6,1,-74,-6,1,5,0,-48,LTE BAND 3,23,41950.0,5.0,5104,nan,0,1.65,0.0000
1743594491.960264,LTE,CONNECT,FDD,4169B36,-72,-6,27,10,-72,-6,1,-72,-6,1,5,0,-47,LTE BAND 3,23,41940.0,5.0,5103,nan,0,1.73,0.0000
1743594493.0772147,LTE,CONNECT,FDD,4169B36,-72,-5,26,10,-72,-5,1,-72,-5,1,5,0,-47,LTE BAND 3,23,41951.0,5.0,5104,nan,0,1.79,0.0000
1743594494.2036595,LTE,CONNECT,FDD,4169B36,-73,-7,26,10,-73,-7,1,-73,-7,1,5,0,-47,LTE BAND 3,23,41944.0,5.0,5095,nan,6,1.3,0.0000
1743594495.3431816,LTE,CONNECT,FDD,4169B36,-73,-6,27,11,-73,-6,1,-73,-6,1,5,0,-48,LTE BAND 3,23,41927.0,5.0,5101,nan,0,1.38,0.0000
1743594496.479942,LTE,CONNECT,FDD,4169B36,-73,-6,26,11,-73,-5,1,-73,-5,1,5,0,-48,LTE BAND 3,23,41955.0,5.0,5105,nan,0,1.45,0.0000
1743594497.6035542,LTE,CONNECT,FDD,4169B36,-73,-6,26,11,-73,-6,1,-73,-6,1,5,0,-46,LTE BAND 3,23,41937.0,5.0,5102,nan,0,1.5,0.0000
1743594498.7392259,LTE,CONNECT,FDD,4169B36,-72,-5,26,10,-72,-5,1,-72,-5,1,5,0,-48,LTE BAND 3,23,41950.0,5.0,5104,nan,0,1.53,0.0000
1743594499.8733654,LTE,CONNECT,FDD,4169B36,-72,-5,27,10,-72,-5,1,-72,-5,1,5,0,-48,LTE BAND 3,23,41942.0,5.0,5103,nan,0,1.55,0.0000
1743594500.9878492,LTE,CONNECT,FDD,4169B36,-73,-5,26,10,-73,-5,1,-73,-5,1,5,0,-48,LTE BAND 3,23,41957.0,5.0,5105,nan,0,1.56,0.0000
1743594502.1572764,LTE,CONNECT,FDD,4169B36,-72,-5,26,11,-72,-5,1,-72,-5,1,5,0,-47,LTE BAND 3,23,41929.0,5.0,5101,nan,0,1.57,0.0000
1743594503.2949662,LTE,CONNECT,FDD,4169B36,-72,-5,26,10,-72,-5,1,-72,-5,1,5,0,-47,LTE BAND 3,23,41941.0,5.0,5103,nan,0,1.57,0.0000
1743594504.449123,LTE,CONNECT,FDD,4169B36,-72,-5,27,10,-72,-6,1,-72,-6,1,5,0,-46,LTE BAND 3,23,41950.0,5.0,5104,nan,0,1.57,0.0000
1743594505.590425,LTE,CONNECT,FDD,4169B36,-72,-5,26,10,-73,-5,1,-73,-5,1,5,0,-48,LTE BAND 3,23,41946.0,5.0,5103,nan,0,1.58,0.0000
1743594506.7062163,LTE,CONNECT,FDD,4169B36,-72,-7,26,10,-72,-7,1,-72,-7,1,5,0,-48,LTE BAND 3,23,41944.0,5.0,5103,nan,0,1.6,0.0000
1743594507.809352,LTE,CONNECT,FDD,4169B36,-72,-6,26,10,-72,-6,1,-72,-6,1,5,0,-48,LTE BAND 3,23,41939.0,5.0,5103,nan,0,1.63,0.0000
1743594508.937476,LTE,CONNECT,FDD,4169B36,-72,-6,26,11,-72,-6,1,-72,-6,1,5,0,-47,LTE BAND 3,23,41950.0,5.0,5104,nan,0,1.67,0.0000
1743594510.094623,LTE,CONNECT,FDD,4169B36,-72,-5,27,10,-72,-5,1,-72,-5,1,5,0,-47,LTE BAND 3,23,41941.0,5.0,5103,nan,0,1.74,0.0000
1743594511.1699772,LTE,CONNECT,FDD,4169B36,-72,-5,26,10,-72,-5,1,-72,-5,1,5,0,-48,LTE BAND 3,23,41946.0,5.0,5099,nan,3,1.32,0.0000
1743594512.3034022,LTE,CONNECT,FDD,4169B36,-72,-5,27,10,-72,-5,1,-72,-5,1,5,0,-48,LTE BAND 3,23,41944.0,5.0,5103,nan,0,1.45,0.0000
1743594513.426729,LTE,CONNECT,FDD,4169B36,-72,-5,26,10,-72,-5,1,-72,-5,1,5,0,-45,LTE BAND 3,23,41940.0,5.0,5103,nan,0,1.57,0.0000
1743594514.5578787,LTE,CONNECT,FDD,4169B36,-72,-6,25,10,-72,-6,1,-72,-6,1,5,0,-46,LTE BAND 3,23,41951.0,5.0,5104,nan,0,1.66,0.0000
1743594515.6934743,LTE,CONNECT,FDD,4169B36,-71,-5,26,10,-71,-5,1,-71,-5,1,5,0,-47,LTE BAND 3,23,41942.0,5.0,5103,nan,0,1.73,0.0000
1743594516.8290932,LTE,CONNECT,FDD,4169B36,-71,-5,26,10,-71,-5,1,-71,-5,1,5,0,-47,LTE BAND 3,23,41938.0,5.0,5102,nan,0,1.78,0.0000
1743594517.9668944,LTE,CONNECT,FDD,4169B36,-71,-5,26,10,-71,-5,1,-71,-5,1,5,0,-47,LTE BAND 3,23,31454.0,3.75,3827,nan,0,1.83,0.0000
1743594520.0838702,LTE,CONNECT,FDD,4169B36,-71,-5,25,10,-71,-5,1,-71,-5,1,5,0,-46,LTE BAND 3,23,20976.0,2.5,2531,nan,15,1.29,0.0000
1743594521.1766922,LTE,CONNECT,FDD,4169B36,-70,-5,25,9,-70,-5,1,-70,-5,1,5,0,-45,LTE BAND 3,23,41941.0,5.0,5103,nan,0,1.0,0.0000
1743594522.3083377,LTE,CONNECT,FDD,4169B36,-69,-5,25,9,-69,-5,1,-69,-5,1,5,0,-45,LTE BAND 3,23,41945.0,5.0,5103,nan,0,1.04,0.0000
1743594523.4418886,LTE,CONNECT,FDD,4169B36,-69,-5,25,9,-69,-5,1,-69,-5,1,5,0,-45,LTE BAND 3,23,41939.0,5.0,5103,nan,0,1.07,0.0000
1743594524.593045,LTE,CONNECT,FDD,4169B36,-69,-5,25,8,-69,-5,1,-69,-5,1,5,0,-45,LTE BAND 3,23,41947.0,5.0,5104,nan,0,1.09,0.0000
1743594525.731397,LTE,CONNECT,FDD,4169B36,-69,-5,25,8,-69,-5,1,-69,-5,1,5,0,-45,LTE BAND 3,23,41943.0,5.0,5103,nan,0,1.09,0.0000
1743594526.8731384,LTE,CONNECT,FDD,4169B36,-69,-5,25,8,-69,-5,1,-69,-5,1,5,0,-45,LTE BAND 3,23,41941.0,5.0,5103,nan,0,1.09,0.0000
1743594528.0093126,LTE,CONNECT,FDD,4169B36,-69,-5,26,8,-69,-5,1,-69,-5,1,5,0,-45,LTE BAND 3,23,30772.0,3.75,3744,nan,0,1.09,0.0000
1743594529.139345,LTE,CONNECT,FDD,4169B36,-69,-5,26,8,-69,-5,1,-69,-5,1,5,0,-45,LTE BAND 3,23,42888.0,5.0,5218,nan,0,1.1,0.0000
1743594530.2597456,LTE,CONNECT,FDD,4169B36,-69,-5,25,8,-69,-5,1,-69,-5,1,5,0,-45,LTE BAND 3,23,31264.0,3.75,3804,nan,0,1.11,0.0000
1743594531.3726711,LTE,CONNECT,FDD,4169B36,-69,-6,25,8,-69,-6,1,-69,-6,1,5,0,-44,LTE BAND 3,23,42199.0,5.0,5134,nan,0,1.14,0.0000
1743594532.497876,LTE,CONNECT,FDD,4169B36,-69,-5,25,8,-69,-5,1,-69,-5,1,5,0,-45,LTE BAND 3,23,41833.0,5.0,5090,nan,0,1.18,0.0000
1743594533.6322029,LTE,CONNECT,FDD,4169B36,-69,-6,24,8,-69,-6,1,-69,-6,1,5,0,-42,LTE BAND 3,23,42056.0,5.0,5117,nan,0,1.23,0.0000
1743594534.7632298,LTE,CONNECT,FDD,4169B36,-69,-5,25,8,-69,-5,1,-69,-5,1,5,0,-45,LTE BAND 3,23,41947.0,5.0,5104,nan,0,1.31,0.0000
1743594535.8366983,LTE,CONNECT,FDD,4169B36,-69,-5,25,8,-69,-5,1,-69,-5,1,5,0,-45,LTE BAND 3,23,41943.0,5.0,5103,nan,0,1.4,0.0000
1743594536.974772,LTE,CONNECT,FDD,4169B36,-69,-5,26,8,-69,-5,1,-69,-5,1,5,0,-45,LTE BAND 3,23,41939.0,5.0,5103,nan,0,1.52,0.0000
1743594538.098547,LTE,CONNECT,FDD,4169B36,-70,-5,25,9,-70,-5,1,-70,-5,1,5,0,-45,LTE BAND 3,23,41882.0,5.0,5096,nan,0,1.67,0.0000
1743594539.200788,LTE,CONNECT,FDD,4169B36,-70,-5,25,9,-70,-5,1,-70,-5,1,5,0,-45,LTE BAND 3,23,41957.0,5.0,5035,nan,49,1.34,0.0000
1743594540.3229547,LTE,CONNECT,FDD,4169B36,-70,-5,25,9,-70,-5,1,-70,-5,1,5,0,-45,LTE BAND 3,23,31452.0,3.75,3827,nan,0,1.47,0.0000
1743594541.4321647,LTE,CONNECT,FDD,4169B36,-70,-5,25,9,-70,-5,1,-70,-5,1,5,0,-45,LTE BAND 3,23,52448.0,6.25,6381,nan,0,1.59,0.0000
1743594542.5655046,LTE,CONNECT,FDD,4169B36,-70,-5,25,9,-70,-5,1,-70,-5,1,5,0,-46,LTE BAND 3,23,41943.0,5.0,5103,nan,0,1.69,0.0000
1743594543.686486,LTE,CONNECT,FDD,4169B36,-70,-6,25,9,-70,-6,1,-70,-6,1,5,0,-44,LTE BAND 3,23,41942.0,5.0,5103,nan,0,1.76,0.0000
1743594544.7502632,LTE,CONNECT,FDD,4169B36,-70,-5,25,9,-70,-5,1,-70,-5,1,5,0,-46,LTE BAND 3,23,31442.0,3.75,3825,nan,0,1.82,0.0000
1743594545.874171,LTE,CONNECT,FDD,4169B36,-70,-5,25,9,-70,-5,1,-70,-5,1,5,0,-45,LTE BAND 3,23,41964.0,5.0,5093,nan,9,1.29,0.0000
1743594546.9753208,LTE,CONNECT,FDD,4169B36,-70,-5,25,9,-70,-5,1,-70,-5,1,5,0,-45,LTE BAND 3,23,41936.0,5.0,5102,nan,0,1.35,0.0000
1743594548.1019049,LTE,CONNECT,FDD,4169B36,-70,-5,26,9,-70,-5,1,-70,-5,1,5,0,-45,LTE BAND 3,23,41930.0,5.0,5101,nan,0,1.43,0.0000
1743594549.2249026,LTE,CONNECT,FDD,4169B36,-70,-6,25,9,-70,-5,1,-70,-5,1,5,0,-46,LTE BAND 3,23,41943.0,5.0,5103,nan,0,1.52,0.0000
1743594550.3435583,LTE,CONNECT,FDD,4169B36,-70,-5,25,8,-70,-5,1,-70,-5,1,5,0,-45,LTE BAND 3,23,41944.0,5.0,5103,nan,0,1.55,0.0000
1743594551.4680443,LTE,CONNECT,FDD,4169B36,-70,-5,25,8,-70,-5,1,-70,-5,1,5,0,-45,LTE BAND 3,23,41944.0,5.0,5103,nan,0,1.56,0.0000
1743594552.5531502,LTE,CONNECT,FDD,4169B36,-70,-7,25,7,-70,-7,1,-70,-7,1,5,0,-44,LTE BAND 3,23,41942.0,5.0,5103,nan,0,1.57,0.0000
1743594553.683411,LTE,CONNECT,FDD,4169B36,-70,-5,26,9,-70,-5,1,-70,-5,1,5,0,-46,LTE BAND 3,23,31449.0,3.75,3826,nan,0,1.57,0.0000
1743594554.8112588,LTE,CONNECT,FDD,4169B36,-70,-5,26,9,-70,-5,1,-70,-5,1,5,0,-45,LTE BAND 3,23,41954.0,5.0,5104,nan,0,1.57,0.0000
1743594555.9457905,LTE,CONNECT,FDD,4169B36,-70,-8,25,8,-70,-9,1,-70,-9,1,5,0,-41,LTE BAND 3,23,41937.0,5.0,5102,nan,0,1.57,0.0000
1743594557.0672035,LTE,CONNECT,FDD,4169B36,-70,-5,25,9,-70,-5,1,-70,-5,1,5,0,-45,LTE BAND 3,23,41951.0,5.0,5104,nan,0,1.58,0.0000
1743594558.2158787,LTE,CONNECT,FDD,4169B36,-70,-5,26,9,-70,-5,1,-70,-5,1,5,0,-46,LTE BAND 3,23,41944.0,5.0,5103,nan,0,1.62,0.0000
1743594559.3258185,LTE,CONNECT,FDD,4169B36,-70,-5,25,9,-70,-5,1,-70,-5,1,5,0,-46,LTE BAND 3,23,41937.0,5.0,5102,nan,0,1.66,0.0000
1743594560.4534142,LTE,CONNECT,FDD,4169B36,-70,-5,25,9,-70,-5,1,-70,-5,1,5,0,-46,LTE BAND 3,23,41946.0,5.0,5103,nan,0,1.71,0.0000
1743594561.602055,LTE,CONNECT,FDD,4169B36,-70,-5,25,9,-70,-5,1,-70,-5,1,5,0,-45,LTE BAND 3,23,41940.0,5.0,5103,nan,0,1.79,0.0000
1743594562.732026,LTE,CONNECT,FDD,4169B36,-70,-5,25,7,-70,-5,1,-70,-5,1,5,0,-45,LTE BAND 3,23,31456.0,3.75,3809,nan,13,1.29,0.0000
1743594563.8621054,LTE,CONNECT,FDD,4169B36,-70,-5,26,9,-70,-5,1,-70,-5,1,5,0,-45,LTE BAND 3,23,41940.0,5.0,5103,nan,0,1.38,0.0000
1743594564.9918277,LTE,CONNECT,FDD,4169B36,-70,-5,25,9,-70,-5,1,-70,-5,1,5,0,-45,LTE BAND 3,23,41873.0,5.0,5095,nan,0,1.51,0.0000
1743594566.1303327,LTE,CONNECT,FDD,4169B36,-70,-6,26,9,-70,-6,1,-70,-6,1,5,0,-45,LTE BAND 3,23,42008.0,5.0,5111,nan,0,1.61,0.0000
1743594567.2339654,LTE,CONNECT,FDD,4169B36,-70,-5,25,9,-70,-5,1,-70,-5,1,5,0,-46,LTE BAND 3,23,41939.0,5.0,5103,nan,0,1.75,0.0000
1743594568.3642316,LTE,CONNECT,FDD,4169B36,-70,-5,25,9,-70,-5,1,-70,-5,1,5,0,-45,LTE BAND 3,23,41951.0,5.0,5104,nan,0,1.79,0.0000
1743594569.480951,LTE,CONNECT,FDD,4169B36,-70,-5,25,9,-70,-5,1,-70,-5,1,5,0,-45,LTE BAND 3,23,41943.0,5.0,5103,nan,0,1.82,0.0000
1743594570.607172,LTE,CONNECT,FDD,4169B36,-70,-5,25,7,-70,-5,1,-70,-5,1,5,0,-45,LTE BAND 3,23,41940.0,5.0,5084,nan,13,1.53,0.0000
1743594571.728766,LTE,CONNECT,FDD,4169B36,-69,-5,25,8,-69,-5,1,-69,-5,1,5,0,-45,LTE BAND 3,23,52435.0,6.25,6380,nan,0,1.34,0.0000
1743594572.8240788,LTE,CONNECT,FDD,4169B36,-70,-5,26,9,-70,-5,1,-70,-5,1,5,0,-45,LTE BAND 3,23,41926.0,5.0,5101,nan,0,1.42,0.0000
1743594573.9524784,LTE,CONNECT,FDD,4169B36,-70,-5,25,8,-70,-5,1,-70,-5,1,5,0,-45,LTE BAND 3,23,31468.0,3.75,3829,nan,0,1.47,0.0000
1743594575.0867786,LTE,CONNECT,FDD,4169B36,-70,-5,25,9,-70,-5,1,-70,-5,1,5,0,-45,LTE BAND 3,23,41927.0,5.0,5101,nan,0,1.51,0.0000
1743594576.2290397,LTE,CONNECT,FDD,4169B36,-70,-5,26,9,-70,-5,1,-70,-5,1,5,0,-45,LTE BAND 3,23,41936.0,5.0,5102,nan,0,1.55,0.0000
1743594577.3732243,LTE,CONNECT,FDD,4169B36,-70,-5,26,9,-70,-5,1,-70,-5,1,5,0,-45,LTE BAND 3,23,41947.0,5.0,5104,nan,0,1.56,0.0000
1743594578.5284657,LTE,CONNECT,FDD,4169B36,-70,-5,25,9,-70,-5,1,-70,-5,1,5,0,-45,LTE BAND 3,23,52437.0,6.25,6380,nan,0,1.56,0.0000
1743594579.6679642,LTE,CONNECT,FDD,4169B36,-70,-5,25,9,-70,-5,1,-70,-5,1,5,0,-46,LTE BAND 3,23,41938.0,5.0,5102,nan,0,1.56,0.0000
1743594580.8044267,LTE,CONNECT,FDD,4169B36,-70,-5,25,9,-70,-5,1,-70,-5,1,5,0,-46,LTE BAND 3,23,41943.0,5.0,5103,nan,0,1.56,0.0000
1743594581.9121609,LTE,CONNECT,FDD,4169B36,-70,-5,25,9,-70,-5,1,-70,-5,1,5,0,-45,LTE BAND 3,23,41948.0,5.0,5104,nan,0,1.57,0.0000
1743594583.0408444,LTE,CONNECT,FDD,4169B36,-70,-5,25,9,-70,-5,1,-70,-5,1,5,0,-45,LTE BAND 3,23,41945.0,5.0,5103,nan,0,1.58,0.0000
1743594584.1269956,LTE,CONNECT,FDD,4169B36,-70,-5,26,9,-70,-5,1,-70,-5,1,5,0,-45,LTE BAND 3,23,41937.0,5.0,5102,nan,0,1.61,0.0000
1743594585.2603493,LTE,CONNECT,FDD,4169B36,-70,-5,25,9,-70,-5,1,-70,-5,1,5,0,-45,LTE BAND 3,23,41941.0,5.0,5103,nan,0,1.7,0.0000
1743594586.3719194,LTE,CONNECT,FDD,4169B36,-70,-5,25,9,-70,-5,1,-70,-5,1,5,0,-45,LTE BAND 3,23,41947.0,5.0,5104,nan,0,1.78,0.0000
1743594587.4968386,LTE,CONNECT,FDD,4169B36,-70,-5,25,9,-70,-5,1,-70,-5,1,5,0,-45,LTE BAND 3,23,41934.0,5.0,5102,nan,0,1.88,0.0000
1743594588.6260922,LTE,CONNECT,FDD,4169B36,-70,-5,25,9,-70,-5,1,-70,-5,1,5,0,-46,LTE BAND 3,23,41947.0,5.0,5055,nan,34,1.36,0.0000
1743594589.767856,LTE,CONNECT,FDD,4169B36,-70,-5,25,9,-70,-5,1,-70,-5,1,5,0,-45,LTE BAND 3,23,41931.0,5.0,5102,nan,0,1.49,0.0000
1743594590.9186466,LTE,CONNECT,FDD,4169B36,-70,-5,26,7,-70,-5,1,-70,-5,1,5,0,-45,LTE BAND 3,23,41951.0,5.0,5104,nan,0,1.61,0.0000
1743594592.0541785,LTE,CONNECT,FDD,4169B36,-69,-5,25,6,-69,-5,1,-69,-5,1,5,0,-45,LTE BAND 3,23,41935.0,5.0,5102,nan,0,1.7,0.0000
1743594593.1814811,LTE,CONNECT,FDD,4169B36,-70,-5,25,9,-70,-5,1,-70,-5,1,5,0,-45,LTE BAND 3,23,41943.0,5.0,5103,nan,0,1.82,0.0000
1743594594.3194034,LTE,CONNECT,FDD,4169B36,-70,-5,26,9,-70,-5,1,-70,-5,1,5,0,-45,LTE BAND 3,23,41938.0,5.0,5102,nan,0,1.86,0.0000
1743594595.4560976,LTE,CONNECT,FDD,4169B36,-70,-6,25,8,-70,-6,1,-70,-6,1,5,0,-46,LTE BAND 3,23,31451.0,3.75,3765,nan,43,1.31,0.0000
1743594596.5895188,LTE,CONNECT,FDD,4169B36,-70,-5,25,9,-70,-5,1,-70,-5,1,5,0,-46,LTE BAND 3,23,52445.0,6.25,6381,nan,0,1.38,0.0000
1743594597.7279825,LTE,CONNECT,FDD,4169B36,-70,-5,25,9,-70,-5,1,-70,-5,1,5,0,-46,LTE BAND 3,23,41938.0,5.0,5102,nan,0,1.45,0.0000
1743594598.864789,LTE,CONNECT,FDD,4169B36,-70,-5,25,9,-70,-5,1,-70,-5,1,5,0,-46,LTE BAND 3,23,41946.0,5.0,5103,nan,0,1.5,0.0000
1743594600.0177562,LTE,CONNECT,FDD,4169B36,-70,-5,25,9,-70,-5,1,-70,-5,1,5,0,-46,LTE BAND 3,23,41946.0,5.0,5103,nan,0,1.54,0.0000
1743594601.118841,LTE,CONNECT,FDD,4169B36,-70,-5,25,9,-70,-5,1,-70,-5,1,5,0,-46,LTE BAND 3,23,41946.0,5.0,5103,nan,0,1.56,0.0000
1743594602.2549882,LTE,CONNECT,FDD,4169B36,-70,-5,26,9,-70,-5,1,-70,-5,1,5,0,-45,LTE BAND 3,23,41937.0,5.0,5102,nan,0,1.58,0.0000
1743594603.369879,LTE,CONNECT,FDD,4169B36,-69,-5,26,8,-69,-5,1,-69,-5,1,5,0,-45,LTE BAND 3,23,41918.0,5.0,5100,nan,0,1.58,0.0000
1743594604.4871829,LTE,CONNECT,FDD,4169B36,-69,-5,26,8,-69,-5,1,-69,-5,1,5,0,-45,LTE BAND 3,23,41972.0,5.0,5107,nan,0,1.58,0.0000
1743594605.6232584,LTE,CONNECT,FDD,4169B36,-70,-5,25,10,-70,-5,1,-70,-5,1,5,0,-45,LTE BAND 3,23,41946.0,5.0,5103,nan,0,1.59,0.0000
1743594606.7613635,LTE,CONNECT,FDD,4169B36,-70,-6,26,12,-70,-7,1,-70,-7,1,5,0,-43,LTE BAND 3,23,41937.0,5.0,5102,nan,0,1.59,0.0000
1743594607.8907273,LTE,CONNECT,FDD,4169B36,-69,-5,26,11,-69,-5,1,-69,-5,1,5,0,-45,LTE BAND 3,23,41949.0,5.0,5104,nan,0,1.61,0.0000
1743594608.969436,LTE,CONNECT,FDD,4169B36,-70,-5,25,12,-70,-5,1,-70,-5,1,5,0,-44,LTE BAND 3,23,41944.0,5.0,5103,nan,0,1.64,0.0000
1743594610.086821,LTE,CONNECT,FDD,4169B36,-69,-7,25,11,-69,-7,1,-69,-7,1,5,0,-43,LTE BAND 3,23,52438.0,6.25,6380,nan,0,1.68,0.0000
1743594611.2273781,LTE,CONNECT,FDD,4169B36,-70,-5,26,12,-70,-5,1,-70,-5,1,5,0,-46,LTE BAND 3,23,41948.0,5.0,5104,nan,0,1.81,0.0000
1743594612.3243146,LTE,CONNECT,FDD,4169B36,-70,-5,25,11,-70,-5,1,-70,-5,1,5,0,-46,LTE BAND 3,23,41929.0,5.0,5086,nan,11,1.65,0.0000
1743594613.4635851,LTE,CONNECT,FDD,4169B36,-70,-5,25,10,-70,-5,1,-70,-5,1,5,0,-44,LTE BAND 3,23,52441.0,6.25,6348,nan,23,1.39,0.0000
1743594614.5923607,LTE,CONNECT,FDD,4169B36,-70,-5,25,9,-70,-5,1,-70,-5,1,5,0,-44,LTE BAND 3,23,41951.0,5.0,5104,nan,0,1.53,0.0000
1743594615.7291589,LTE,CONNECT,FDD,4169B36,-70,-6,24,9,-70,-6,1,-70,-6,1,5,0,-43,LTE BAND 3,23,31445.0,3.75,3826,nan,0,1.63,0.0000
1743594616.8491523,LTE,CONNECT,FDD,4169B36,-70,-5,25,9,-70,-5,1,-70,-5,1,5,0,-45,LTE BAND 3,23,41950.0,5.0,5104,nan,0,1.72,0.0000
1743594617.94944,LTE,CONNECT,FDD,4169B36,-70,-5,26,10,-70,-5,1,-70,-5,1,5,0,-45,LTE BAND 3,23,41941.0,5.0,5103,nan,0,1.79,0.0000
1743594619.0663736,LTE,CONNECT,FDD,4169B36,-69,-5,26,9,-69,-5,1,-69,-5,1,5,0,-45,LTE BAND 3,23,52444.0,6.25,6381,nan,0,1.84,0.0000
1743594620.1839209,LTE,CONNECT,FDD,4169B36,-70,-5,25,10,-70,-5,1,-70,-5,1,5,0,-45,LTE BAND 3,23,52442.0,6.25,6380,nan,0,1.36,0.0000
1743594621.31383,LTE,CONNECT,FDD,4169B36,-70,-5,26,10,-70,-5,1,-70,-5,1,5,0,-45,LTE BAND 3,23,41943.0,5.0,5103,nan,0,1.44,0.0000
1743594622.445151,LTE,CONNECT,FDD,4169B36,-69,-5,26,10,-69,-5,1,-69,-5,1,5,0,-45,LTE BAND 3,23,41937.0,5.0,5102,nan,0,1.49,0.0000
1743594623.5609152,LTE,CONNECT,FDD,4169B36,-70,-5,26,10,-70,-5,1,-70,-5,1,5,0,-45,LTE BAND 3,23,41942.0,5.0,5103,nan,0,1.53,0.0000
1743594624.6273751,LTE,CONNECT,FDD,4169B36,-69,-5,25,9,-69,-5,1,-69,-5,1,5,0,-45,LTE BAND 3,23,41939.0,5.0,5103,nan,0,1.56,0.0000
1743594625.7516608,LTE,CONNECT,FDD,4169B36,-69,-5,26,9,-69,-5,1,-69,-5,1,5,0,-45,LTE BAND 3,23,52446.0,6.25,6381,nan,0,1.57,0.0000
1743594626.8887706,LTE,CONNECT,FDD,4169B36,-70,-5,25,10,-70,-5,1,-70,-5,1,5,0,-45,LTE BAND 3,23,41938.0,5.0,5102,nan,0,1.58,0.0000
1743594627.9803884,LTE,CONNECT,FDD,4169B36,-69,-5,25,9,-69,-5,1,-69,-5,1,5,0,-45,LTE BAND 3,23,41945.0,5.0,5103,nan,0,1.58,0.0000
1743594629.1220949,LTE,CONNECT,FDD,4169B36,-69,-5,25,9,-69,-5,1,-69,-5,1,5,0,-45,LTE BAND 3,23,41937.0,5.0,5102,nan,0,1.58,0.0000
1743594630.2516973,LTE,CONNECT,FDD,4169B36,-69,-5,25,9,-69,-5,1,-69,-5,1,5,0,-45,LTE BAND 3,23,41944.0,5.0,5103,nan,0,1.59,0.0000
1743594631.386849,LTE,CONNECT,FDD,4169B36,-69,-5,25,9,-69,-5,1,-69,-5,1,5,0,-45,LTE BAND 3,23,41942.0,5.0,5103,nan,0,1.6,0.0000
1743594632.520846,LTE,CONNECT,FDD,4169B36,-69,-5,25,9,-69,-5,1,-69,-5,1,5,0,-45,LTE BAND 3,23,31453.0,3.75,3827,nan,0,1.63,0.0000
1743594633.6488647,LTE,CONNECT,FDD,4169B36,-69,-4,25,9,-69,-4,1,-69,-4,1,5,0,-45,LTE BAND 3,23,41945.0,5.0,5103,nan,0,1.67,0.0000
1743594634.7636204,LTE,CONNECT,FDD,4169B36,-69,-4,26,9,-69,-4,1,-69,-4,1,5,0,-45,LTE BAND 3,23,52442.0,6.25,6380,nan,0,1.72,0.0000
1743594635.8839529,LTE,CONNECT,FDD,4169B36,-69,-5,26,9,-69,-5,1,-69,-5,1,5,0,-44,LTE BAND 3,23,41937.0,5.0,5102,nan,0,1.8,0.0000
1743594636.9909525,LTE,CONNECT,FDD,4169B36,-69,-5,26,9,-69,-5,1,-69,-5,1,5,0,-45,LTE BAND 3,23,31450.0,3.75,3806,nan,14,1.67,0.0000
1743594638.0782766,LTE,CONNECT,FDD,4169B36,-70,-5,26,10,-70,-5,1,-70,-5,1,5,0,-46,LTE BAND 3,23,52445.0,6.25,6354,nan,19,1.38,0.0000
1743594639.2048776,LTE,CONNECT,FDD,4169B36,-69,-4,26,9,-69,-4,1,-69,-4,1,5,0,-45,LTE BAND 3,23,41952.0,5.0,5104,nan,0,1.62,0.0000
1743594640.3336794,LTE,CONNECT,FDD,4169B36,-70,-5,25,10,-70,-5,1,-70,-5,1,5,0,-46,LTE BAND 3,23,41938.0,5.0,5102,nan,0,1.71,0.0000
1743594641.4687138,LTE,CONNECT,FDD,4169B36,-70,-5,25,10,-70,-5,1,-70,-5,1,5,0,-46,LTE BAND 3,23,41938.0,5.0,5102,nan,0,1.77,0.0000
1743594642.6141477,LTE,CONNECT,FDD,4169B36,-69,-6,25,9,-69,-6,1,-69,-6,1,5,0,-43,LTE BAND 3,23,41945.0,5.0,5103,nan,0,1.82,0.0000
1743594643.7186077,LTE,CONNECT,FDD,4169B36,-69,-4,26,9,-69,-4,1,-69,-4,1,5,0,-44,LTE BAND 3,23,31451.0,3.75,3795,nan,22,1.31,0.0000
1743594644.8540297,LTE,CONNECT,FDD,4169B36,-69,-5,26,9,-69,-5,1,-69,-5,1,5,0,-45,LTE BAND 3,23,52446.0,6.25,6381,nan,0,1.34,0.0000
1743594645.9903147,LTE,CONNECT,FDD,4169B36,-69,-5,25,9,-69,-5,1,-69,-5,1,5,0,-44,LTE BAND 3,23,41925.0,5.0,5101,nan,0,1.42,0.0000
1743594647.116103,LTE,CONNECT,FDD,4169B36,-69,-4,26,9,-69,-4,1,-69,-4,1,5,0,-45,LTE BAND 3,23,41961.0,5.0,5105,nan,0,1.48,0.0000
1743594648.2592385,LTE,CONNECT,FDD,4169B36,-69,-4,26,9,-69,-4,1,-69,-4,1,5,0,-45,LTE BAND 3,23,41942.0,5.0,5103,nan,0,1.54,0.0000
1743594649.4006464,LTE,CONNECT,FDD,4169B36,-69,-5,26,9,-69,-5,1,-69,-5,1,5,0,-45,LTE BAND 3,23,41939.0,5.0,5103,nan,0,1.56,0.0000
1743594650.533105,LTE,CONNECT,FDD,4169B36,-69,-4,25,9,-69,-4,1,-69,-4,1,5,0,-45,LTE BAND 3,23,41945.0,5.0,5103,nan,0,1.56,0.0000
1743594651.7129889,LTE,CONNECT,FDD,4169B36,-69,-5,26,9,-69,-5,1,-69,-5,1,5,0,-45,LTE BAND 3,23,41945.0,5.0,5103,nan,0,1.57,0.0000
1743594652.8473995,LTE,CONNECT,FDD,4169B36,-69,-5,26,9,-68,-5,1,-68,-5,1,5,0,-44,LTE BAND 3,23,41946.0,5.0,5103,nan,0,1.57,0.0000
1743594653.956077,LTE,CONNECT,FDD,4169B36,-69,-5,26,9,-69,-5,1,-69,-5,1,5,0,-45,LTE BAND 3,23,41937.0,5.0,5102,nan,0,1.57,0.0000
1743594655.1041477,LTE,CONNECT,FDD,4169B36,-69,-5,26,9,-69,-5,1,-69,-5,1,5,0,-45,LTE BAND 3,23,41935.0,5.0,5102,nan,0,1.57,0.0000
1743594656.2305412,LTE,CONNECT,FDD,4169B36,-69,-5,26,9,-69,-5,1,-69,-5,1,5,0,-44,LTE BAND 3,23,41960.0,5.0,5105,nan,0,1.61,0.0000
1743594657.347523,LTE,CONNECT,FDD,4169B36,-69,-5,26,9,-69,-5,1,-69,-5,1,5,0,-45,LTE BAND 3,23,41942.0,5.0,5103,nan,0,1.65,0.0000
1743594658.4347227,LTE,CONNECT,FDD,4169B36,-69,-5,25,9,-69,-5,1,-69,-5,1,5,0,-45,LTE BAND 3,23,41942.0,5.0,5103,nan,0,1.7,0.0000
1743594659.5779335,LTE,CONNECT,FDD,4169B36,-69,-5,25,9,-69,-5,1,-69,-5,1,5,0,-45,LTE BAND 3,23,41937.0,5.0,5102,nan,0,1.78,0.0000
1743594660.6936872,LTE,CONNECT,FDD,4169B36,-69,-5,26,9,-69,-5,1,-69,-5,1,5,0,-44,LTE BAND 3,23,31453.0,3.75,3785,nan,29,1.64,0.0000
1743594661.8378563,LTE,CONNECT,FDD,4169B36,-69,-4,25,9,-69,-4,1,-69,-4,1,5,0,-45,LTE BAND 3,23,52452.0,6.25,6382,nan,0,1.38,0.0000
1743594662.9741704,LTE,CONNECT,FDD,4169B36,-69,-5,25,9,-69,-5,1,-69,-5,1,5,0,-45,LTE BAND 3,23,41943.0,5.0,5103,nan,0,1.51,0.0000
1743594664.1074245,LTE,CONNECT,FDD,4169B36,-69,-5,26,9,-69,-5,1,-69,-5,1,5,0,-45,LTE BAND 3,23,41936.0,5.0,5102,nan,0,1.62,0.0000
1743594665.1796334,LTE,CONNECT,FDD,4169B36,-69,-5,25,9,-69,-5,1,-69,-5,1,5,0,-45,LTE BAND 3,23,41939.0,5.0,5103,nan,0,1.76,0.0000
1743594666.3298967,LTE,CONNECT,FDD,4169B36,-69,-5,25,9,-69,-5,1,-69,-5,1,5,0,-45,LTE BAND 3,23,41956.0,5.0,5105,nan,0,1.8,0.0000
1743594667.4587705,LTE,CONNECT,FDD,4169B36,-69,-5,25,9,-69,-5,1,-69,-5,1,5,0,-44,LTE BAND 3,23,41936.0,5.0,5102,nan,0,1.83,0.0000
1743594668.5913732,LTE,CONNECT,FDD,4169B36,-69,-5,25,9,-69,-5,1,-69,-5,1,5,0,-45,LTE BAND 3,23,41948.0,5.0,5098,nan,4,1.29,0.0000
1743594669.7346725,LTE,CONNECT,FDD,4169B36,-69,-5,25,9,-69,-5,1,-69,-5,1,5,0,-45,LTE BAND 3,23,41943.0,5.0,5103,nan,0,1.36,0.0000
1743594670.8640149,LTE,CONNECT,FDD,4169B36,-69,-5,26,9,-69,-5,1,-69,-5,1,5,0,-45,LTE BAND 3,23,41949.0,5.0,5104,nan,0,1.43,0.0000
1743594671.998951,LTE,CONNECT,FDD,4169B36,-69,-5,26,9,-69,-4,1,-69,-4,1,5,0,-45,LTE BAND 3,23,41937.0,5.0,5102,nan,0,1.49,0.0000
1743594673.135902,LTE,CONNECT,FDD,4169B36,-69,-4,25,9,-69,-4,1,-69,-4,1,5,0,-45,LTE BAND 3,23,31446.0,3.75,3826,nan,0,1.52,0.0000
1743594674.2503567,LTE,CONNECT,FDD,4169B36,-69,-5,26,9,-69,-5,1,-69,-5,1,5,0,-45,LTE BAND 3,23,41940.0,5.0,5103,nan,0,1.56,0.0000
1743594675.3647811,LTE,CONNECT,FDD,4169B36,-69,-4,26,9,-69,-4,1,-69,-4,1,5,0,-45,LTE BAND 3,23,41952.0,5.0,5104,nan,0,1.56,0.0000
1743594676.4714615,LTE,CONNECT,FDD,4169B36,-69,-4,26,8,-69,-4,1,-69,-4,1,5,0,-45,LTE BAND 3,23,41948.0,5.0,5104,nan,0,1.56,0.0000
1743594677.6079032,LTE,CONNECT,FDD,4169B36,-69,-4,26,9,-69,-4,1,-69,-4,1,5,0,-45,LTE BAND 3,23,31451.0,3.75,3827,nan,0,1.56,0.0000
1743594678.7487009,LTE,CONNECT,FDD,4169B36,-69,-5,26,9,-69,-5,1,-69,-5,1,5,0,-45,LTE BAND 3,23,41945.0,5.0,5103,nan,0,1.57,0.0000
1743594679.8498583,LTE,CONNECT,FDD,4169B36,-69,-5,26,9,-69,-5,1,-69,-5,1,5,0,-45,LTE BAND 3,23,41937.0,5.0,5102,nan,0,1.58,0.0000
1743594680.9862232,LTE,CONNECT,FDD,4169B36,-69,-4,24,9,-69,-4,1,-69,-4,1,5,0,-45,LTE BAND 3,23,41949.0,5.0,5104,nan,0,1.59,0.0000
1743594682.1145759,LTE,CONNECT,FDD,4169B36,-69,-5,25,9,-69,-5,1,-69,-5,1,5,0,-45,LTE BAND 3,23,41934.0,5.0,5102,nan,0,1.62,0.0000
1743594683.242917,LTE,CONNECT,FDD,4169B36,-69,-5,26,9,-69,-5,1,-69,-5,1,5,0,-45,LTE BAND 3,23,41939.0,5.0,5103,nan,0,1.72,0.0000
1743594684.3722196,LTE,CONNECT,FDD,4169B36,-69,-5,25,9,-69,-5,1,-69,-5,1,5,0,-44,LTE BAND 3,23,41941.0,5.0,5103,nan,0,1.8,0.0000
1743594685.502693,LTE,CONNECT,FDD,4169B36,-69,-5,25,9,-69,-4,1,-69,-4,1,5,0,-45,LTE BAND 3,23,41954.0,5.0,5074,nan,21,1.3,0.0000
1743594686.642383,LTE,CONNECT,FDD,4169B36,-69,-4,26,9,-69,-5,1,-69,-5,1,5,0,-44,LTE BAND 3,23,41922.0,5.0,5101,nan,0,1.42,0.0000
1743594687.7747366,LTE,CONNECT,FDD,4169B36,-68,-4,26,8,-68,-4,1,-68,-4,1,5,0,-45,LTE BAND 3,23,41959.0,5.0,5105,nan,0,1.54,0.0000
1743594688.9105852,LTE,CONNECT,FDD,4169B36,-69,-5,25,9,-69,-4,1,-69,-4,1,5,0,-45,LTE BAND 3,23,41948.0,5.0,5104,nan,0,1.64,0.0000
1743594690.0417259,LTE,CONNECT,FDD,4169B36,-69,-4,26,9,-69,-4,1,-69,-4,1,5,0,-45,LTE BAND 3,23,41940.0,5.0,5103,nan,0,1.71,0.0000
1743594691.1781914,LTE,CONNECT,FDD,4169B36,-68,-4,26,8,-68,-4,1,-68,-4,1,5,0,-45,LTE BAND 3,23,41934.0,5.0,5102,nan,0,1.81,0.0000
1743594692.317128,LTE,CONNECT,FDD,4169B36,-69,-4,26,9,-69,-4,1,-69,-4,1,5,0,-45,LTE BAND 3,23,31456.0,3.75,3804,nan,16,1.28,0.0000
1743594693.4426894,LTE,CONNECT,FDD,4169B36,-69,-5,25,9,-69,-5,1,-69,-5,1,5,0,-43,LTE BAND 3,23,41945.0,5.0,5103,nan,0,1.35,0.0000
1743594694.5722947,LTE,CONNECT,FDD,4169B36,-69,-4,26,9,-69,-4,1,-69,-4,1,5,0,-45,LTE BAND 3,23,52389.0,6.25,6374,nan,0,1.42,0.0000
1743594695.7052224,LTE,CONNECT,FDD,4169B36,-69,-4,26,9,-69,-4,1,-69,-4,1,5,0,-45,LTE BAND 3,23,41929.0,5.0,5101,nan,0,1.47,0.0000
1743594696.8430774,LTE,CONNECT,FDD,4169B36,-69,-4,26,9,-69,-4,1,-69,-4,1,5,0,-45,LTE BAND 3,23,42004.0,5.0,5110,nan,0,1.51,0.0000
1743594697.9460342,LTE,CONNECT,FDD,4169B36,-68,-4,25,8,-68,-4,1,-68,-4,1,5,0,-45,LTE BAND 3,23,41935.0,5.0,5102,nan,0,1.53,0.0000
1743594699.0351586,LTE,CONNECT,FDD,4169B36,-69,-5,25,8,-69,-5,1,-69,-5,1,5,0,-43,LTE BAND 3,23,31453.0,3.75,3827,nan,0,1.55,0.0000
1743594700.1506386,LTE,CONNECT,FDD,4169B36,-69,-4,26,9,-69,-4,1,-69,-4,1,5,0,-45,LTE BAND 3,23,41945.0,5.0,5103,nan,0,1.55,0.0000
1743594701.2659888,LTE,CONNECT,FDD,4169B36,-69,-4,26,9,-69,-4,1,-69,-4,1,5,0,-45,LTE BAND 3,23,41941.0,5.0,5103,nan,0,1.55,0.0000
1743594702.4062185,LTE,CONNECT,FDD,4169B36,-69,-5,26,9,-69,-5,1,-69,-5,1,5,0,-45,LTE BAND 3,23,41945.0,5.0,5103,nan,0,1.55,0.0000
1743594703.5413349,LTE,CONNECT,FDD,4169B36,-69,-5,25,9,-69,-5,1,-69,-5,1,5,0,-45,LTE BAND 3,23,41943.0,5.0,5103,nan,0,1.56,0.0000
1743594704.6800678,LTE,CONNECT,FDD,4169B36,-69,-8,24,9,-69,-8,1,-69,-8,1,5,0,-40,LTE BAND 3,23,41944.0,5.0,5103,nan,0,1.58,0.0000
1743594705.7428935,LTE,CONNECT,FDD,4169B36,-69,-4,25,9,-69,-4,1,-69,-4,1,5,0,-45,LTE BAND 3,23,41946.0,5.0,5103,nan,0,1.6,0.0000
1743594706.871025,LTE,CONNECT,FDD,4169B36,-69,-5,25,9,-69,-5,1,-69,-5,1,5,0,-45,LTE BAND 3,23,41942.0,5.0,5103,nan,0,1.65,0.0000
1743594707.9974427,LTE,CONNECT,FDD,4169B36,-69,-4,25,9,-69,-4,1,-69,-4,1,5,0,-45,LTE BAND 3,23,41938.0,5.0,5102,nan,0,1.7,0.0000
1743594709.1459353,LTE,CONNECT,FDD,4169B36,-69,-5,26,9,-69,-5,1,-69,-5,1,5,0,-45,LTE BAND 3,23,41949.0,5.0,5104,nan,0,1.78,0.0000
1743594710.236353,LTE,CONNECT,FDD,4169B36,-69,-5,25,9,-69,-5,1,-69,-5,1,5,0,-44,LTE BAND 3,23,41946.0,5.0,5005,nan,69,1.35,0.0000
1743594711.3577485,LTE,CONNECT,FDD,4169B36,-69,-5,25,9,-69,-5,1,-69,-5,1,5,0,-44,LTE BAND 3,23,31446.0,3.75,3826,nan,0,1.48,0.0000
1743594712.4866145,LTE,CONNECT,FDD,4169B36,-69,-5,26,9,-69,-5,1,-69,-5,1,5,0,-43,LTE BAND 3,23,41936.0,5.0,5102,nan,0,1.59,0.0000
1743594713.584132,LTE,CONNECT,FDD,4169B36,-69,-5,26,9,-69,-5,1,-69,-5,1,5,0,-45,LTE BAND 3,23,41962.0,5.0,5105,nan,0,1.69,0.0000
1743594714.7048192,LTE,CONNECT,FDD,4169B36,-69,-5,25,9,-69,-5,1,-69,-5,1,5,0,-45,LTE BAND 3,23,41937.0,5.0,5102,nan,0,1.76,0.0000
1743594715.8361742,LTE,CONNECT,FDD,4169B36,-69,-5,25,9,-69,-5,1,-69,-5,1,5,0,-45,LTE BAND 3,23,41944.0,5.0,5103,nan,0,1.81,0.0000
1743594716.9675572,LTE,CONNECT,FDD,4169B36,-69,-5,25,9,-69,-5,1,-69,-5,1,5,0,-45,LTE BAND 3,23,31454.0,3.75,3793,nan,24,1.5,0.0000
1743594718.0841467,LTE,CONNECT,FDD,4169B36,-69,-5,25,9,-69,-5,1,-69,-5,1,5,0,-45,LTE BAND 3,23,52433.0,6.25,6379,nan,0,1.35,0.0000
1743594719.1999896,LTE,CONNECT,FDD,4169B36,-69,-5,26,9,-69,-5,1,-69,-5,1,5,0,-45,LTE BAND 3,23,31455.0,3.75,3827,nan,0,1.47,0.0000
1743594720.315945,LTE,CONNECT,FDD,4169B36,-69,-5,26,9,-69,-5,1,-69,-5,1,5,0,-45,LTE BAND 3,23,41951.0,5.0,5104,nan,0,1.51,0.0000
1743594721.4261327,LTE,CONNECT,FDD,4169B36,-69,-4,26,9,-69,-4,1,-69,-4,1,5,0,-45,LTE BAND 3,23,41942.0,5.0,5103,nan,0,1.54,0.0000
1743594722.5556068,LTE,CONNECT,FDD,4169B36,-69,-4,26,9,-69,-4,1,-69,-4,1,5,0,-45,LTE BAND 3,23,41942.0,5.0,5103,nan,0,1.56,0.0000
1743594723.6850064,LTE,CONNECT,FDD,4169B36,-69,-4,25,9,-69,-4,1,-69,-4,1,5,0,-45,LTE BAND 3,23,41941.0,5.0,5103,nan,0,1.56,0.0000
1743594724.7550316,LTE,CONNECT,FDD,4169B36,-70,-6,24,10,-70,-6,1,-70,-6,1,5,0,-41,LTE BAND 3,23,41939.0,5.0,5103,nan,0,1.56,0.0000
1743594725.8954523,LTE,CONNECT,FDD,4169B36,-70,-4,25,10,-70,-4,1,-70,-4,1,5,0,-46,LTE BAND 3,23,41950.0,5.0,5104,nan,0,1.56,0.0000
1743594727.0303516,LTE,CONNECT,FDD,4169B36,-69,-5,25,10,-69,-5,1,-69,-5,1,5,0,-44,LTE BAND 3,23,41942.0,5.0,5103,nan,0,1.57,0.0000
1743594728.1651874,LTE,CONNECT,FDD,4169B36,-69,-4,25,9,-69,-4,1,-69,-4,1,5,0,-45,LTE BAND 3,23,41972.0,5.0,5107,nan,0,1.59,0.0000
1743594729.2989655,LTE,CONNECT,FDD,4169B36,-69,-4,25,9,-69,-4,1,-69,-4,1,5,0,-46,LTE BAND 3,23,41905.0,5.0,5098,nan,0,1.61,0.0000
1743594730.4327383,LTE,CONNECT,FDD,4169B36,-69,-5,25,9,-69,-5,1,-69,-5,1,5,0,-45,LTE BAND 3,23,41976.0,5.0,5107,nan,0,1.65,0.0000
1743594731.5513966,LTE,CONNECT,FDD,4169B36,-69,-6,24,10,-69,-6,1,-69,-6,1,5,0,-45,LTE BAND 3,23,41943.0,5.0,5103,nan,0,1.7,0.0000
1743594732.6809423,LTE,CONNECT,FDD,4169B36,-69,-4,25,10,-69,-4,1,-69,-4,1,5,0,-45,LTE BAND 3,23,31437.0,3.75,3825,nan,0,1.78,0.0000
1743594733.8126614,LTE,CONNECT,FDD,4169B36,-69,-5,25,10,-69,-5,1,-69,-5,1,5,0,-45,LTE BAND 3,23,41967.0,5.0,5063,nan,30,1.79,0.0000
1743594734.9512022,LTE,CONNECT,FDD,4169B36,-70,-5,25,11,-70,-5,1,-70,-5,1,5,0,-45,LTE BAND 3,23,41912.0,5.0,5091,nan,6,1.36,0.0000
1743594736.084288,LTE,CONNECT,FDD,4169B36,-69,-4,25,10,-69,-4,1,-69,-4,1,5,0,-45,LTE BAND 3,23,52480.0,6.25,6385,nan,0,1.49,0.0000
1743594737.2156808,LTE,CONNECT,FDD,4169B36,-69,-6,24,10,-69,-6,1,-69,-6,1,5,0,-45,LTE BAND 3,23,41939.0,5.0,5103,nan,0,1.69,0.0000
1743594738.3579946,LTE,CONNECT,FDD,4169B36,-69,-6,25,10,-69,-5,1,-69,-5,1,5,0,-45,LTE BAND 3,23,31454.0,3.75,3827,nan,0,1.75,0.0000
1743594739.4903276,LTE,CONNECT,FDD,4169B36,-69,-5,25,10,-69,-5,1,-69,-5,1,5,0,-45,LTE BAND 3,23,41917.0,5.0,5100,nan,0,1.81,0.0000
1743594740.6090055,LTE,CONNECT,FDD,4169B36,-69,-4,25,10,-69,-4,1,-69,-4,1,5,0,-45,LTE BAND 3,23,41967.0,5.0,5106,nan,0,1.84,0.0000
1743594741.7233725,LTE,CONNECT,FDD,4169B36,-69,-5,25,10,-69,-4,1,-69,-4,1,5,0,-45,LTE BAND 3,23,31460.0,3.75,3805,nan,16,1.3,0.0000
1743594742.840273,LTE,CONNECT,FDD,4169B36,-69,-4,25,10,-69,-4,1,-69,-4,1,5,0,-44,LTE BAND 3,23,52437.0,6.25,6380,nan,0,1.36,0.0000
1743594743.9679737,LTE,CONNECT,FDD,4169B36,-69,-5,25,10,-69,-5,1,-69,-5,1,5,0,-45,LTE BAND 3,23,41943.0,5.0,5103,nan,0,1.44,0.0000
1743594745.0839875,LTE,CONNECT,FDD,4169B36,-69,-4,25,10,-69,-4,1,-69,-4,1,5,0,-45,LTE BAND 3,23,41935.0,5.0,5102,nan,0,1.49,0.0000
1743594746.1475697,LTE,CONNECT,FDD,4169B36,-69,-8,24,10,-69,-8,1,-69,-8,1,5,0,-41,LTE BAND 3,23,41955.0,5.0,5105,nan,0,1.55,0.0000
1743594747.263118,LTE,CONNECT,FDD,4169B36,-69,-4,25,10,-69,-4,1,-69,-4,1,5,0,-45,LTE BAND 3,23,31450.0,3.75,3826,nan,0,1.57,0.0000
1743594748.3942256,LTE,CONNECT,FDD,4169B36,-69,-5,24,10,-69,-5,1,-69,-5,1,5,0,-45,LTE BAND 3,23,41940.0,5.0,5103,nan,0,1.57,0.0000
1743594749.5251172,LTE,CONNECT,FDD,4169B36,-69,-5,25,10,-69,-5,1,-69,-5,1,5,0,-45,LTE BAND 3,23,41943.0,5.0,5103,nan,0,1.57,0.0000
1743594750.6512241,LTE,CONNECT,FDD,4169B36,-69,-4,25,10,-69,-5,1,-69,-5,1,5,0,-45,LTE BAND 3,23,41939.0,5.0,5103,nan,0,1.57,0.0000
1743594751.8100958,LTE,CONNECT,FDD,4169B36,-69,-5,24,10,-69,-5,1,-69,-5,1,5,0,-45,LTE BAND 3,23,41931.0,5.0,5102,nan,0,1.58,0.0000
1743594752.9377053,LTE,CONNECT,FDD,4169B36,-69,-5,24,10,-69,-6,1,-69,-6,1,5,0,-44,LTE BAND 3,23,52465.0,6.25,6383,nan,0,1.58,0.0000
1743594754.0610096,LTE,CONNECT,FDD,4169B36,-69,-5,24,10,-69,-5,1,-69,-5,1,5,0,-46,LTE BAND 3,23,41936.0,5.0,5102,nan,0,1.6,0.0000
1743594755.1759393,LTE,CONNECT,FDD,4169B36,-69,-5,25,10,-69,-5,1,-69,-5,1,5,0,-45,LTE BAND 3,23,41941.0,5.0,5103,nan,0,1.66,0.0000
1743594756.3069527,LTE,CONNECT,FDD,4169B36,-70,-4,25,11,-70,-4,1,-70,-4,1,5,0,-46,LTE BAND 3,23,41945.0,5.0,5103,nan,0,1.72,0.0000
1743594757.4418294,LTE,CONNECT,FDD,4169B36,-70,-5,24,11,-70,-5,1,-70,-5,1,5,0,-46,LTE BAND 3,23,41944.0,5.0,5103,nan,0,1.8,0.0000
1743594758.5749753,LTE,CONNECT,FDD,4169B36,-70,-4,24,11,-70,-6,1,-70,-6,1,5,0,-43,LTE BAND 3,23,31444.0,3.75,3807,nan,13,1.65,0.0000
1743594759.7090778,LTE,CONNECT,FDD,4169B36,-70,-4,24,11,-70,-4,1,-70,-4,1,5,0,-46,LTE BAND 3,23,52446.0,6.25,6357,nan,17,1.39,0.0000
1743594760.8465357,LTE,CONNECT,FDD,4169B36,-70,-5,24,11,-70,-5,1,-70,-5,1,5,0,-46,LTE BAND 3,23,41937.0,5.0,5102,nan,0,1.53,0.0000
1743594761.9804897,LTE,CONNECT,FDD,4169B36,-70,-5,24,11,-70,-5,1,-70,-5,1,5,0,-46,LTE BAND 3,23,41950.0,5.0,5104,nan,0,1.63,0.0000
1743594763.111829,LTE,CONNECT,FDD,4169B36,-69,-4,24,10,-69,-4,1,-69,-4,1,5,0,-45,LTE BAND 3,23,41938.0,5.0,5102,nan,0,1.71,0.0000
1743594764.2454407,LTE,CONNECT,FDD,4169B36,-69,-4,25,10,-69,-4,1,-69,-4,1,5,0,-45,LTE BAND 3,23,41932.0,5.0,5102,nan,0,1.83,0.0000
1743594765.3625815,LTE,CONNECT,FDD,4169B36,-69,-5,24,10,-69,-5,1,-69,-5,1,5,0,-45,LTE BAND 3,23,41963.0,5.0,5103,nan,2,1.65,0.0000
1743594766.493426,LTE,CONNECT,FDD,4169B36,-69,-4,25,10,-69,-4,1,-69,-4,1,5,0,-45,LTE BAND 3,23,41948.0,5.0,5087,nan,12,943.0,0.0000
1743594767.6308134,LTE,CONNECT,FDD,4169B36,-69,-5,25,10,-69,-5,1,-69,-5,1,5,0,-45,LTE BAND 3,23,41930.0,5.0,5101,nan,0,1009.0,0.0000
1743594768.7442224,LTE,CONNECT,FDD,4169B36,-69,-5,25,10,-69,-5,1,-69,-5,1,5,0,-45,LTE BAND 3,23,41941.0,5.0,5103,nan,0,1.04,0.0000
1743594769.953366,LTE,CONNECT,FDD,4169B36,-70,-4,25,11,-70,-4,1,-70,-4,1,5,0,-46,LTE BAND 3,23,41945.0,5.0,5103,nan,0,1.07,0.0000
1743594771.0773857,LTE,CONNECT,FDD,4169B36,-70,-4,24,11,-70,-4,1,-70,-4,1,5,0,-46,LTE BAND 3,23,41932.0,5.0,5102,nan,0,1.09,0.0000
1743594772.1968696,LTE,CONNECT,FDD,4169B36,-70,-6,24,11,-70,-6,1,-70,-6,1,5,0,-46,LTE BAND 3,23,41939.0,5.0,5103,nan,0,1.11,0.0000
1743594773.3442402,LTE,CONNECT,FDD,4169B36,-70,-5,25,11,-70,-5,1,-70,-5,1,5,0,-45,LTE BAND 3,23,31451.0,3.75,3827,nan,0,1.11,0.0000
1743594774.466121,LTE,CONNECT,FDD,4169B36,-70,-5,24,11,-70,-5,1,-70,-5,1,5,0,-44,LTE BAND 3,23,41947.0,5.0,5104,nan,0,1.11,0.0000
1743594775.6107557,LTE,CONNECT,FDD,4169B36,-70,-5,24,11,-70,-5,1,-70,-5,1,5,0,-46,LTE BAND 3,23,41951.0,5.0,5104,nan,0,1.11,0.0000
1743594776.7478585,LTE,CONNECT,FDD,4169B36,-70,-5,25,11,-70,-5,1,-70,-5,1,5,0,-46,LTE BAND 3,23,41932.0,5.0,5102,nan,0,1.12,0.0000
1743594777.8791318,LTE,CONNECT,FDD,4169B36,-70,-5,24,11,-70,-5,1,-70,-5,1,5,0,-45,LTE BAND 3,23,41945.0,5.0,5103,nan,0,1.14,0.0000
1743594779.0260773,LTE,CONNECT,FDD,4169B36,-70,-5,25,11,-70,-5,1,-70,-5,1,5,0,-46,LTE BAND 3,23,41947.0,5.0,5104,nan,0,1.17,0.0000
1743594780.14214,LTE,CONNECT,FDD,4169B36,-70,-6,25,11,-70,-6,1,-70,-6,1,5,0,-43,LTE BAND 3,23,41946.0,5.0,5103,nan,0,1.21,0.0000
1743594781.293241,LTE,CONNECT,FDD,4169B36,-70,-4,25,11,-70,-4,1,-70,-4,1,5,0,-46,LTE BAND 3,23,41974.0,5.0,5107,nan,0,1.36,0.0000
1743594782.359088,LTE,CONNECT,FDD,4169B36,-70,-4,25,11,-70,-5,1,-70,-5,1,5,0,-45,LTE BAND 3,23,41935.0,5.0,5102,nan,0,1.46,0.0000
1743594783.4397097,LTE,CONNECT,FDD,4169B36,-70,-4,25,10,-70,-4,1,-70,-4,1,5,0,-46,LTE BAND 3,23,41948.0,5.0,5104,nan,0,1.59,0.0000
1743594784.5659335,LTE,CONNECT,FDD,4169B36,-70,-4,25,11,-70,-5,1,-70,-5,1,5,0,-45,LTE BAND 3,23,41945.0,5.0,5103,nan,0,1.75,0.0000
1743594785.695334,LTE,CONNECT,FDD,4169B36,-70,-5,25,11,-70,-5,1,-70,-5,1,5,0,-46,LTE BAND 3,23,41937.0,5.0,5080,nan,16,1.76,0.0000
1743594786.7506366,LTE,CONNECT,FDD,4169B36,-69,-5,25,10,-69,-5,1,-69,-5,1,5,0,-45,LTE BAND 3,23,41942.0,5.0,5047,nan,39,1.4,0.0000
1743594787.8793547,LTE,CONNECT,FDD,4169B36,-70,-5,25,11,-70,-5,1,-70,-5,1,5,0,-46,LTE BAND 3,23,41952.0,5.0,5104,nan,0,1.53,0.0000
1743594789.0064042,LTE,CONNECT,FDD,4169B36,-70,-5,25,11,-70,-5,1,-70,-5,1,5,0,-46,LTE BAND 3,23,41944.0,5.0,5103,nan,0,1.65,0.0000
1743594790.12045,LTE,CONNECT,FDD,4169B36,-70,-5,25,11,-70,-5,1,-70,-5,1,5,0,-45,LTE BAND 3,23,41937.0,5.0,5102,nan,0,1.74,0.0000
1743594791.2363398,LTE,CONNECT,FDD,4169B36,-70,-5,25,11,-70,-5,1,-70,-5,1,5,0,-46,LTE BAND 3,23,41941.0,5.0,5103,nan,0,1.86,0.0000
1743594792.3662333,LTE,CONNECT,FDD,4169B36,-70,-5,25,11,-70,-5,1,-70,-5,1,5,0,-46,LTE BAND 3,23,41940.0,5.0,5091,nan,8,1.32,0.0000
1743594793.489275,LTE,CONNECT,FDD,4169B36,-70,-5,25,11,-70,-5,1,-70,-5,1,5,0,-45,LTE BAND 3,23,41950.0,5.0,5104,nan,0,1.4,0.0000
1743594794.5920706,LTE,CONNECT,FDD,4169B36,-69,-5,26,10,-69,-4,1,-69,-4,1,5,0,-45,LTE BAND 3,23,41942.0,5.0,5103,nan,0,1.47,0.0000
1743594795.7266593,LTE,CONNECT,FDD,4169B36,-69,-4,25,10,-69,-5,1,-69,-5,1,5,0,-45,LTE BAND 3,23,41933.0,5.0,5102,nan,0,1.52,0.0000
1743594796.858344,LTE,CONNECT,FDD,4169B36,-68,-4,27,10,-68,-4,1,-68,-4,1,5,0,-43,LTE BAND 3,23,41953.0,5.0,5104,nan,0,1.55,0.0000
1743594797.950266,LTE,CONNECT,FDD,4169B36,-68,-4,26,9,-68,-4,1,-68,-4,1,5,0,-44,LTE BAND 3,23,41934.0,5.0,5102,nan,0,1.57,0.0000
1743594799.0603669,LTE,CONNECT,FDD,4169B36,-68,-5,26,9,-68,-5,1,-68,-5,1,5,0,-45,LTE BAND 3,23,41717.0,5.0,5076,nan,0,1.58,0.0000
1743594800.1932313,LTE,CONNECT,FDD,4169B36,-68,-5,26,9,-68,-5,1,-68,-5,1,5,0,-44,LTE BAND 3,23,41932.0,5.0,5102,nan,0,1.58,0.0000
1743594801.3255718,LTE,CONNECT,FDD,4169B36,-68,-4,26,9,-68,-4,1,-68,-4,1,5,0,-44,LTE BAND 3,23,52451.0,6.25,6382,nan,0,1.58,0.0000
1743594802.4628644,LTE,CONNECT,FDD,4169B36,-68,-4,26,9,-68,-4,1,-68,-4,1,5,0,-44,LTE BAND 3,23,41953.0,5.0,5104,nan,0,1.59,0.0000
1743594803.5821161,LTE,CONNECT,FDD,4169B36,-68,-5,26,8,-68,-5,1,-68,-5,1,5,0,-43,LTE BAND 3,23,41945.0,5.0,5103,nan,0,1.6,0.0000
1743594804.700825,LTE,CONNECT,FDD,4169B36,-68,-5,26,8,-68,-5,1,-68,-5,1,5,0,-43,LTE BAND 3,23,41946.0,5.0,5103,nan,0,1.62,0.0000
1743594805.8301866,LTE,CONNECT,FDD,4169B36,-68,-4,26,9,-68,-4,1,-68,-4,1,5,0,-44,LTE BAND 3,23,41937.0,5.0,5102,nan,0,1.65,0.0000
1743594806.9731991,LTE,CONNECT,FDD,4169B36,-67,-5,27,9,-67,-5,1,-67,-5,1,5,0,-42,LTE BAND 3,23,41946.0,5.0,5103,nan,0,1.69,0.0000
1743594808.110021,LTE,CONNECT,FDD,4169B36,-67,-4,27,8,-67,-4,1,-67,-4,1,5,0,-43,LTE BAND 3,23,41940.0,5.0,5103,nan,0,1.76,0.0000
1743594809.2494788,LTE,CONNECT,FDD,4169B36,-68,-5,27,9,-68,-5,1,-68,-5,1,5,0,-43,LTE BAND 3,23,31498.0,3.75,3788,nan,31,1.32,0.0000
1743594810.3869405,LTE,CONNECT,FDD,4169B36,-68,-4,27,9,-68,-4,1,-68,-4,1,5,0,-44,LTE BAND 3,23,52434.0,6.25,6379,nan,0,1.43,0.0000
1743594811.5174654,LTE,CONNECT,FDD,4169B36,-68,-4,27,9,-68,-4,1,-68,-4,1,5,0,-44,LTE BAND 3,23,41940.0,5.0,5103,nan,0,1.56,0.0000
1743594812.6559193,LTE,CONNECT,FDD,4169B36,-68,-4,27,9,-68,-4,1,-68,-4,1,5,0,-44,LTE BAND 3,23,41949.0,5.0,5104,nan,0,1.66,0.0000
1743594813.7941582,LTE,CONNECT,FDD,4169B36,-68,-5,27,9,-68,-5,1,-68,-5,1,5,0,-44,LTE BAND 3,23,41938.0,5.0,5102,nan,0,1.74,0.0000
1743594814.930945,LTE,CONNECT,FDD,4169B36,-68,-5,27,9,-68,-5,1,-68,-5,1,5,0,-43,LTE BAND 3,23,41945.0,5.0,5103,nan,0,1.8,0.0000
1743594816.0684893,LTE,CONNECT,FDD,4169B36,-68,-5,27,9,-68,-4,1,-68,-4,1,5,0,-44,LTE BAND 3,23,41936.0,5.0,5102,nan,0,1.84,0.0000
1743594817.2053447,LTE,CONNECT,FDD,4169B36,-68,-4,27,9,-68,-4,1,-68,-4,1,5,0,-44,LTE BAND 3,23,41953.0,5.0,5104,nan,0,1.39,0.0000
1743594818.3572037,LTE,CONNECT,FDD,4169B36,-68,-4,26,9,-68,-4,1,-68,-4,1,5,0,-44,LTE BAND 3,23,41933.0,5.0,5102,nan,0,1.46,0.0000
1743594819.4467,LTE,CONNECT,FDD,4169B36,-68,-5,27,9,-68,-5,1,-68,-5,1,5,0,-43,LTE BAND 3,23,41943.0,5.0,5103,nan,0,1.51,0.0000
1743594820.5966344,LTE,CONNECT,FDD,4169B36,-68,-4,27,9,-68,-4,1,-68,-4,1,5,0,-43,LTE BAND 3,23,41951.0,5.0,5104,nan,0,1.54,0.0000
1743594821.7470093,LTE,CONNECT,FDD,4169B36,-68,-5,27,9,-68,-5,1,-68,-5,1,5,0,-44,LTE BAND 3,23,52431.0,6.25,6379,nan,0,1.56,0.0000
1743594822.8619974,LTE,CONNECT,FDD,4169B36,-67,-4,27,8,-67,-4,1,-67,-4,1,5,0,-43,LTE BAND 3,23,41947.0,5.0,5104,nan,0,1.57,0.0000
1743594824.005264,LTE,CONNECT,FDD,4169B36,-68,-4,26,9,-68,-4,1,-68,-4,1,5,0,-45,LTE BAND 3,23,41939.0,5.0,5103,nan,0,1.57,0.0000
1743594825.13866,LTE,CONNECT,FDD,4169B36,-68,-4,27,9,-68,-4,1,-68,-4,1,5,0,-44,LTE BAND 3,23,41941.0,5.0,5103,nan,0,1.57,0.0000
1743594826.2694476,LTE,CONNECT,FDD,4169B36,-68,-4,26,9,-68,-4,1,-68,-4,1,5,0,-44,LTE BAND 3,23,41940.0,5.0,5103,nan,0,1.58,0.0000
1743594827.3352163,LTE,CONNECT,FDD,4169B36,-68,-4,27,9,-68,-4,1,-68,-4,1,5,0,-44,LTE BAND 3,23,52448.0,6.25,6381,nan,0,1.59,0.0000
1743594828.4838145,LTE,CONNECT,FDD,4169B36,-68,-4,26,9,-68,-4,1,-68,-4,1,5,0,-44,LTE BAND 3,23,41936.0,5.0,5102,nan,0,1.61,0.0000
1743594829.625133,LTE,CONNECT,FDD,4169B36,-68,-4,27,9,-68,-4,1,-68,-4,1,5,0,-44,LTE BAND 3,23,41935.0,5.0,5102,nan,0,1.64,0.0000
1743594830.756936,LTE,CONNECT,FDD,4169B36,-68,-4,27,9,-68,-4,1,-68,-4,1,5,0,-44,LTE BAND 3,23,41949.0,5.0,5104,nan,0,1.68,0.0000
1743594831.8743048,LTE,CONNECT,FDD,4169B36,-67,-4,27,8,-67,-4,1,-67,-4,1,5,0,-43,LTE BAND 3,23,52436.0,6.25,6380,nan,0,1.75,0.0000
1743594833.0270665,LTE,CONNECT,FDD,4169B36,-68,-4,26,9,-68,-4,1,-68,-4,1,5,0,-44,LTE BAND 3,23,41916.0,5.0,5100,nan,0,1.83,0.0000
1743594834.158772,LTE,CONNECT,FDD,4169B36,-68,-6,26,9,-68,-6,1,-68,-6,1,5,0,-43,LTE BAND 3,23,52424.0,6.25,6156,nan,156,982.0,0.0000
1743594835.2906003,LTE,CONNECT,FDD,4169B36,-68,-4,26,9,-68,-4,1,-68,-4,1,5,0,-44,LTE BAND 3,23,41936.0,5.0,5102,nan,0,1.03,0.0000
1743594836.3676941,LTE,CONNECT,FDD,4169B36,-68,-4,26,9,-68,-4,1,-68,-4,1,5,0,-44,LTE BAND 3,23,41944.0,5.0,5103,nan,0,1.07,0.0000
1743594837.4717538,LTE,CONNECT,FDD,4169B36,-68,-5,26,9,-68,-5,1,-68,-5,1,5,0,-44,LTE BAND 3,23,41952.0,5.0,5104,nan,0,1.11,0.0000
1743594838.6005116,LTE,CONNECT,FDD,4169B36,-68,-4,26,8,-68,-4,1,-68,-4,1,5,0,-43,LTE BAND 3,23,52415.0,6.25,6377,nan,0,1.13,0.0000
1743594839.7377965,LTE,CONNECT,FDD,4169B36,-68,-6,26,9,-68,-6,1,-68,-6,1,5,0,-42,LTE BAND 3,23,41957.0,5.0,5105,nan,0,1.14,0.0000
1743594840.869947,LTE,CONNECT,FDD,4169B36,-68,-4,26,9,-68,-4,1,-68,-4,1,5,0,-44,LTE BAND 3,23,41938.0,5.0,5102,nan,0,1.14,0.0000
1743594841.9978685,LTE,CONNECT,FDD,4169B36,-68,-4,26,9,-68,-4,1,-68,-4,1,5,0,-44,LTE BAND 3,23,41949.0,5.0,5104,nan,0,1.14,0.0000
1743594843.0953736,LTE,CONNECT,FDD,4169B36,-68,-4,26,9,-68,-4,1,-68,-4,1,5,0,-44,LTE BAND 3,23,41936.0,5.0,5102,nan,0,1.14,0.0000
1743594844.222537,LTE,CONNECT,FDD,4169B36,-68,-4,26,9,-68,-4,1,-68,-4,1,5,0,-44,LTE BAND 3,23,41946.0,5.0,5103,nan,0,1.16,0.0000
1743594845.3609402,LTE,CONNECT,FDD,4169B36,-68,-5,27,9,-68,-5,1,-68,-5,1,5,0,-43,LTE BAND 3,23,41927.0,5.0,5101,nan,0,1.18,0.0000
1743594846.5091527,LTE,CONNECT,FDD,4169B36,-68,-4,27,9,-68,-4,1,-68,-4,1,5,0,-44,LTE BAND 3,23,41954.0,5.0,5104,nan,0,1.21,0.0000
1743594847.6250775,LTE,CONNECT,FDD,4169B36,-68,-5,26,9,-68,-5,1,-68,-5,1,5,0,-44,LTE BAND 3,23,41948.0,5.0,5104,nan,0,1.25,0.0000
1743594848.7730246,LTE,CONNECT,FDD,4169B36,-68,-4,26,9,-68,-4,1,-68,-4,1,5,0,-44,LTE BAND 3,23,41936.0,5.0,5102,nan,0,1.31,0.0000
1743594849.9197323,LTE,CONNECT,FDD,4169B36,-68,-4,26,9,-68,-4,1,-68,-4,1,5,0,-44,LTE BAND 3,23,52437.0,6.25,6380,nan,0,1.4,0.0000
1743594851.0759048,LTE,CONNECT,FDD,4169B36,-68,-4,26,9,-68,-4,1,-68,-4,1,5,0,-44,LTE BAND 3,23,41940.0,5.0,5103,nan,0,1.51,0.0000
1743594852.2267048,LTE,CONNECT,FDD,4169B36,-68,-6,25,9,-68,-6,1,-68,-6,1,5,0,-39,LTE BAND 3,23,41947.0,5.0,5104,nan,0,1.8,0.0000
1743594853.345316,LTE,CONNECT,FDD,4169B36,-68,-4,25,9,-68,-4,1,-68,-4,1,5,0,-44,LTE BAND 3,23,41913.0,5.0,5068,nan,22,1.31,0.0000
1743594854.47628,LTE,CONNECT,FDD,4169B36,-68,-5,25,9,-68,-4,1,-68,-4,1,5,0,-44,LTE BAND 3,23,41969.0,5.0,5106,nan,0,1.43,0.0000
1743594855.6110997,LTE,CONNECT,FDD,4169B36,-68,-4,26,9,-68,-5,1,-68,-5,1,5,0,-44,LTE BAND 3,23,41945.0,5.0,5103,nan,0,1.56,0.0000
1743594856.7432938,LTE,CONNECT,FDD,4169B36,-68,-5,26,9,-68,-5,1,-68,-5,1,5,0,-44,LTE BAND 3,23,41948.0,5.0,5104,nan,0,1.65,0.0000
1743594857.8198204,LTE,CONNECT,FDD,4169B36,-68,-5,25,9,-68,-5,1,-68,-5,1,5,0,-43,LTE BAND 3,23,41940.0,5.0,5103,nan,0,1.73,0.0000
1743594858.9376373,LTE,CONNECT,FDD,4169B36,-68,-5,26,9,-68,-5,1,-68,-5,1,5,0,-44,LTE BAND 3,23,31461.0,3.75,3828,nan,0,1.78,0.0000
1743594860.0606887,LTE,CONNECT,FDD,4169B36,-68,-5,25,9,-68,-5,1,-68,-5,1,5,0,-44,LTE BAND 3,23,41804.0,5.0,5086,nan,0,1.83,0.0000
1743594861.2180653,LTE,CONNECT,FDD,4169B36,-68,-4,25,9,-68,-4,1,-68,-4,1,5,0,-44,LTE BAND 3,23,41944.0,5.0,5069,nan,24,1.33,0.0000
1743594862.3369055,LTE,CONNECT,FDD,4169B36,-68,-4,26,9,-68,-5,1,-68,-5,1,5,0,-43,LTE BAND 3,23,41949.0,5.0,5104,nan,0,1.41,0.0000
1743594863.4758437,LTE,CONNECT,FDD,4169B36,-68,-4,26,9,-68,-4,1,-68,-4,1,5,0,-44,LTE BAND 3,23,41940.0,5.0,5103,nan,0,1.47,0.0000
1743594864.611037,LTE,CONNECT,FDD,4169B36,-68,-4,26,9,-68,-4,1,-68,-4,1,5,0,-44,LTE BAND 3,23,41943.0,5.0,5103,nan,0,1.52,0.0000
1743594865.7450354,LTE,CONNECT,FDD,4169B36,-68,-4,26,9,-68,-4,1,-68,-4,1,5,0,-44,LTE BAND 3,23,41938.0,5.0,5102,nan,0,1.55,0.0000
1743594866.8331165,LTE,CONNECT,FDD,4169B36,-68,-5,26,9,-68,-5,1,-68,-5,1,5,0,-43,LTE BAND 3,23,41913.0,5.0,5099,nan,0,1.56,0.0000
1743594867.8785877,LTE,CONNECT,FDD,4169B36,-68,-4,26,9,-68,-4,1,-68,-4,1,5,0,-44,LTE BAND 3,23,31482.0,3.75,3830,nan,0,1.57,0.0000
1743594868.9984004,LTE,CONNECT,FDD,4169B36,-68,-5,26,9,-68,-5,1,-68,-5,1,5,0,-44,LTE BAND 3,23,41943.0,5.0,5103,nan,0,1.58,0.0000
1743594870.1081831,LTE,CONNECT,FDD,4169B36,-68,-5,26,9,-68,-5,1,-68,-5,1,5,0,-44,LTE BAND 3,23,41945.0,5.0,5103,nan,0,1.58,0.0000
1743594871.2214308,LTE,CONNECT,FDD,4169B36,-68,-4,26,8,-68,-4,1,-68,-4,1,5,0,-44,LTE BAND 3,23,41933.0,5.0,5102,nan,0,1.58,0.0000
1743594872.3700387,LTE,CONNECT,FDD,4169B36,-68,-4,26,9,-68,-4,1,-68,-4,1,5,0,-44,LTE BAND 3,23,41955.0,5.0,5105,nan,0,1.59,0.0000
1743594873.504196,LTE,CONNECT,FDD,4169B36,-68,-5,26,8,-68,-5,1,-68,-5,1,5,0,-44,LTE BAND 3,23,41911.0,5.0,5099,nan,0,1.61,0.0000
1743594874.5847747,LTE,CONNECT,FDD,4169B36,-68,-5,26,9,-68,-5,1,-68,-5,1,5,0,-43,LTE BAND 3,23,41964.0,5.0,5106,nan,0,1.65,0.0000
1743594875.721737,LTE,CONNECT,FDD,4169B36,-68,-5,26,9,-68,-5,1,-68,-5,1,5,0,-43,LTE BAND 3,23,41938.0,5.0,5102,nan,0,1.7,0.0000
1743594876.8491874,LTE,CONNECT,FDD,4169B36,-68,-5,26,9,-68,-5,1,-68,-5,1,5,0,-43,LTE BAND 3,23,41958.0,5.0,5105,nan,0,1.77,0.0000
1743594877.983154,LTE,CONNECT,FDD,4169B36,-68,-5,26,9,-68,-5,1,-68,-5,1,5,0,-44,LTE BAND 3,23,41926.0,5.0,5101,nan,0,1.86,0.0000
1743594879.1190295,LTE,CONNECT,FDD,4169B36,-68,-5,26,9,-68,-5,1,-68,-5,1,5,0,-44,LTE BAND 3,23,52443.0,6.25,6343,nan,26,1.35,0.0000
1743594880.2468576,LTE,CONNECT,FDD,4169B36,-68,-5,26,9,-68,-5,1,-68,-5,1,5,0,-43,LTE BAND 3,23,41941.0,5.0,5103,nan,0,1.6,0.0000
1743594881.3685355,LTE,CONNECT,FDD,4169B36,-68,-5,26,9,-68,-5,1,-68,-5,1,5,0,-44,LTE BAND 3,23,41945.0,5.0,5103,nan,0,1.69,0.0000
1743594882.4958305,LTE,CONNECT,FDD,4169B36,-68,-5,26,8,-68,-5,1,-68,-5,1,5,0,-44,LTE BAND 3,23,41951.0,5.0,5104,nan,0,1.76,0.0000
1743594883.56756,LTE,CONNECT,FDD,4169B36,-68,-5,26,9,-68,-5,1,-68,-5,1,5,0,-43,LTE BAND 3,23,41928.0,5.0,5101,nan,0,1.81,0.0000
1743594884.69346,LTE,CONNECT,FDD,4169B36,-68,-5,25,9,-68,-5,1,-68,-5,1,5,0,-43,LTE BAND 3,23,41956.0,5.0,5105,nan,0,1.84,0.0000
1743594885.8313377,LTE,CONNECT,FDD,4169B36,-68,-5,26,9,-68,-5,1,-68,-5,1,5,0,-44,LTE BAND 3,23,41912.0,5.0,5069,nan,21,1.32,0.0000
1743594886.9649634,LTE,CONNECT,FDD,4169B36,-68,-4,26,9,-68,-4,1,-68,-4,1,5,0,-44,LTE BAND 3,23,41974.0,5.0,5107,nan,0,1.4,0.0000
1743594888.053486,LTE,CONNECT,FDD,4169B36,-68,-5,26,9,-68,-5,1,-68,-5,1,5,0,-44,LTE BAND 3,23,41949.0,5.0,5104,nan,0,1.46,0.0000
1743594889.1851318,LTE,CONNECT,FDD,4169B36,-68,-4,26,9,-68,-4,1,-68,-4,1,5,0,-44,LTE BAND 3,23,41941.0,5.0,5103,nan,0,1.54,0.0000
1743594890.3200533,LTE,CONNECT,FDD,4169B36,-68,-4,26,9,-68,-4,1,-68,-4,1,5,0,-44,LTE BAND 3,23,41947.0,5.0,5104,nan,0,1.56,0.0000
1743594891.472042,LTE,CONNECT,FDD,4169B36,-68,-4,26,9,-68,-4,1,-68,-4,1,5,0,-44,LTE BAND 3,23,41937.0,5.0,5102,nan,0,1.57,0.0000
1743594892.588615,LTE,CONNECT,FDD,4169B36,-68,-4,26,9,-68,-4,1,-68,-4,1,5,0,-44,LTE BAND 3,23,41938.0,5.0,5102,nan,0,1.57,0.0000
1743594893.7272396,LTE,CONNECT,FDD,4169B36,-68,-4,26,9,-68,-5,1,-68,-5,1,5,0,-43,LTE BAND 3,23,41949.0,5.0,5104,nan,0,1.57,0.0000
1743594894.8764822,LTE,CONNECT,FDD,4169B36,-68,-5,26,9,-68,-5,1,-68,-5,1,5,0,-44,LTE BAND 3,23,41943.0,5.0,5103,nan,0,1.57,0.0000
1743594895.9755282,LTE,CONNECT,FDD,4169B36,-68,-5,26,9,-68,-5,1,-68,-5,1,5,0,-44,LTE BAND 3,23,41938.0,5.0,5102,nan,0,1.58,0.0000
1743594897.1083047,LTE,CONNECT,FDD,4169B36,-68,-4,27,9,-68,-4,1,-68,-4,1,5,0,-44,LTE BAND 3,23,31457.0,3.75,3827,nan,0,1.58,0.0000
1743594898.2419534,LTE,CONNECT,FDD,4169B36,-68,-4,27,9,-68,-4,1,-68,-4,1,5,0,-44,LTE BAND 3,23,41937.0,5.0,5102,nan,0,1.64,0.0000
1743594899.3763275,LTE,CONNECT,FDD,4169B36,-68,-4,26,9,-68,-4,1,-68,-4,1,5,0,-44,LTE BAND 3,23,41940.0,5.0,5103,nan,0,1.69,0.0000
1743594900.520337,LTE,CONNECT,FDD,4169B36,-68,-4,26,9,-68,-4,1,-68,-4,1,5,0,-44,LTE BAND 3,23,41946.0,5.0,5103,nan,0,1.75,0.0000
1743594901.6532097,LTE,CONNECT,FDD,4169B36,-68,-4,26,9,-68,-4,1,-68,-4,1,5,0,-44,LTE BAND 3,23,41941.0,5.0,5103,nan,0,1.84,0.0000
1743594902.7603579,LTE,CONNECT,FDD,4169B36,-68,-4,27,9,-68,-4,1,-68,-4,1,5,0,-44,LTE BAND 3,23,41952.0,5.0,5076,nan,20,1.32,0.0000
1743594903.865931,LTE,CONNECT,FDD,4169B36,-67,-4,27,8,-67,-4,1,-67,-4,1,5,0,-44,LTE BAND 3,23,41938.0,5.0,5102,nan,0,1.44,0.0000
1743594904.9560375,LTE,CONNECT,FDD,4169B36,-68,-5,26,9,-68,-5,1,-68,-5,1,5,0,-44,LTE BAND 3,23,41943.0,5.0,5103,nan,0,1.56,0.0000
1743594906.109067,LTE,CONNECT,FDD,4169B36,-68,-4,26,9,-68,-4,1,-68,-4,1,5,0,-44,LTE BAND 3,23,41939.0,5.0,5103,nan,0,1.66,0.0000
1743594907.2452679,LTE,CONNECT,FDD,4169B36,-68,-4,26,9,-68,-4,1,-68,-4,1,5,0,-44,LTE BAND 3,23,52434.0,6.25,6379,nan,0,1.79,0.0000
1743594908.3645816,LTE,CONNECT,FDD,4169B36,-68,-4,26,9,-68,-4,1,-68,-4,1,5,0,-44,LTE BAND 3,23,41943.0,5.0,5103,nan,0,1.83,0.0000
1743594909.4951198,LTE,CONNECT,FDD,4169B36,-67,-4,26,8,-67,-4,1,-67,-4,1,5,0,-44,LTE BAND 3,23,31452.0,3.75,3797,nan,21,1.57,0.0000
1743594910.6271305,LTE,CONNECT,FDD,4169B36,-68,-4,27,9,-68,-4,1,-68,-4,1,5,0,-44,LTE BAND 3,23,52428.0,6.25,6379,nan,0,1.35,0.0000
1743594911.754526,LTE,CONNECT,FDD,4169B36,-67,-5,27,9,-67,-5,1,-67,-5,1,5,0,-43,LTE BAND 3,23,52437.0,6.25,6380,nan,0,1.43,0.0000
1743594912.8729546,LTE,CONNECT,FDD,4169B36,-68,-5,27,9,-68,-5,1,-68,-5,1,5,0,-44,LTE BAND 3,23,41950.0,5.0,5104,nan,0,1.48,0.0000
1743594913.9775903,LTE,CONNECT,FDD,4169B36,-68,-4,26,9,-68,-4,1,-68,-4,1,5,0,-44,LTE BAND 3,23,41940.0,5.0,5103,nan,0,1.53,0.0000
1743594915.106796,LTE,CONNECT,FDD,4169B36,-68,-4,26,9,-68,-4,1,-68,-4,1,5,0,-44,LTE BAND 3,23,41942.0,5.0,5103,nan,0,1.55,0.0000
1743594916.2365253,LTE,CONNECT,FDD,4169B36,-68,-4,26,9,-68,-5,1,-68,-5,1,5,0,-43,LTE BAND 3,23,41956.0,5.0,5105,nan,0,1.57,0.0000
1743594917.3481202,LTE,CONNECT,FDD,4169B36,-68,-4,26,9,-68,-4,1,-68,-4,1,5,0,-44,LTE BAND 3,23,41937.0,5.0,5102,nan,0,1.57,0.0000
1743594918.4826298,LTE,CONNECT,FDD,4169B36,-68,-5,26,9,-68,-5,1,-68,-5,1,5,0,-44,LTE BAND 3,23,41936.0,5.0,5102,nan,0,1.57,0.0000
1743594919.6124535,LTE,CONNECT,FDD,4169B36,-67,-4,26,9,-67,-4,1,-67,-4,1,5,0,-44,LTE BAND 3,23,41949.0,5.0,5104,nan,0,1.58,0.0000
1743594920.7573345,LTE,CONNECT,FDD,4169B36,-68,-6,26,9,-68,-6,1,-68,-6,1,5,0,-44,LTE BAND 3,23,41943.0,5.0,5103,nan,0,1.58,0.0000
1743594921.8893244,LTE,CONNECT,FDD,4169B36,-68,-4,26,9,-68,-4,1,-68,-4,1,5,0,-44,LTE BAND 3,23,41942.0,5.0,5103,nan,0,1.6,0.0000
1743594923.020409,LTE,CONNECT,FDD,4169B36,-68,-4,26,9,-68,-4,1,-68,-4,1,5,0,-44,LTE BAND 3,23,41952.0,5.0,5104,nan,0,1.62,0.0000
1743594924.1434045,LTE,CONNECT,FDD,4169B36,-68,-4,27,9,-68,-4,1,-68,-4,1,5,0,-44,LTE BAND 3,23,41942.0,5.0,5103,nan,0,1.66,0.0000
1743594925.2227087,LTE,CONNECT,FDD,4169B36,-68,-4,27,9,-68,-4,1,-68,-4,1,5,0,-44,LTE BAND 3,23,41945.0,5.0,5103,nan,0,1.79,0.0000
1743594926.3734431,LTE,CONNECT,FDD,4169B36,-68,-4,26,9,-68,-5,1,-68,-5,1,5,0,-43,LTE BAND 3,23,41945.0,5.0,5103,nan,0,1.89,0.0000
1743594927.5102084,LTE,CONNECT,FDD,4169B36,-68,-4,26,9,-68,-4,1,-68,-4,1,5,0,-44,LTE BAND 3,23,52427.0,6.25,6333,nan,32,1.36,0.0000
1743594928.6311955,LTE,CONNECT,FDD,4169B36,-68,-4,26,0,-68,-4,1,-68,-4,1,5,0,-45,LTE BAND 3,23,41953.0,5.0,5104,nan,0,1.49,0.0000
1743594929.906228,LTE,CONNECT,FDD,4169B36,-68,-4,27,9,-67,-4,1,-67,-4,1,5,0,-44,LTE BAND 3,23,31455.0,3.75,3205,nan,436,1.09,0.0002
1743594931.0447774,LTE,CONNECT,FDD,4169B36,-68,-5,26,9,-68,-5,1,-68,-5,1,5,0,-45,LTE BAND 3,23,52432.0,6.25,6379,nan,0,1.18,0.0000
1743594932.1924567,LTE,CONNECT,FDD,4169B36,-68,-4,26,9,-68,-4,1,-68,-4,1,5,0,-45,LTE BAND 3,23,41946.0,5.0,5103,nan,0,1.29,0.0000
1743594933.2833958,LTE,CONNECT,FDD,4169B36,-68,-5,26,9,-68,-5,1,-68,-5,1,5,0,-44,LTE BAND 3,23,41934.0,5.0,5102,nan,0,1.32,0.0000
1743594934.4172552,LTE,CONNECT,FDD,4169B36,-69,-4,25,10,-69,-4,1,-69,-4,1,5,0,-45,LTE BAND 3,23,41949.0,5.0,5104,nan,0,1.34,0.0000
1743594935.567235,LTE,CONNECT,FDD,4169B36,-68,-4,26,9,-68,-4,1,-68,-4,1,5,0,-44,LTE BAND 3,23,41940.0,5.0,5103,nan,0,1.35,0.0000
1743594936.7026815,LTE,CONNECT,FDD,4169B36,-69,-4,25,10,-69,-4,1,-69,-4,1,5,0,-45,LTE BAND 3,23,41950.0,5.0,5104,nan,0,1.35,0.0000
1743594937.8413265,LTE,CONNECT,FDD,4169B36,-69,-8,24,10,-69,-8,1,-69,-8,1,5,0,-41,LTE BAND 3,23,41941.0,5.0,5103,nan,0,1.35,0.0000
1743594938.9769654,LTE,CONNECT,FDD,4169B36,-69,-9,24,10,-69,-9,1,-69,-9,1,5,0,-40,LTE BAND 3,23,31455.0,3.75,3827,nan,0,1.35,0.0000
1743594940.112009,LTE,CONNECT,FDD,4169B36,-69,-9,24,10,-69,-9,1,-69,-9,1,5,0,-41,LTE BAND 3,23,41950.0,5.0,5104,nan,0,1.36,0.0000
1743594941.1900406,LTE,CONNECT,FDD,4169B36,-69,-9,24,10,-69,-8,1,-69,-8,1,5,0,-43,LTE BAND 3,23,41957.0,5.0,5105,nan,0,1.38,0.0000
1743594942.3241456,LTE,CONNECT,FDD,4169B36,-69,-7,24,11,-69,-8,1,-69,-8,1,5,0,-40,LTE BAND 3,23,41939.0,5.0,5103,nan,0,1.42,0.0000
1743594943.445758,LTE,CONNECT,FDD,4169B36,-69,-4,25,11,-69,-4,1,-69,-4,1,5,0,-45,LTE BAND 3,23,41951.0,5.0,5104,nan,0,1.46,0.0000
1743594944.5740552,LTE,CONNECT,FDD,4169B36,-69,-4,25,11,-69,-4,1,-69,-4,1,5,0,-45,LTE BAND 3,23,41939.0,5.0,5103,nan,0,1.53,0.0000
1743594945.6609128,LTE,CONNECT,FDD,4169B36,-69,-4,25,11,-69,-4,1,-69,-4,1,5,0,-45,LTE BAND 3,23,41952.0,5.0,5104,nan,0,1.62,0.0000
1743594946.7894485,LTE,CONNECT,FDD,4169B36,-69,-4,25,12,-69,-4,1,-69,-4,1,5,0,-45,LTE BAND 3,23,52416.0,6.25,6377,nan,0,1.73,0.0000
1743594947.8794248,LTE,CONNECT,FDD,4169B36,-69,-4,25,12,-69,-4,1,-69,-4,1,5,0,-45,LTE BAND 3,23,41946.0,5.0,5103,nan,0,1.87,0.0000
1743594948.944398,LTE,CONNECT,FDD,4169B36,-69,-5,25,12,-69,-5,1,-69,-5,1,5,0,-45,LTE BAND 3,23,41939.0,5.0,5046,nan,40,1.35,0.0000
1743594950.096574,LTE,CONNECT,FDD,4169B36,-69,-5,25,12,-69,-5,1,-69,-5,1,5,0,-45,LTE BAND 3,23,41947.0,5.0,5104,nan,0,1.48,0.0000
1743594951.2142007,LTE,CONNECT,FDD,4169B36,-68,-5,25,11,-68,-5,1,-68,-5,1,5,0,-44,LTE BAND 3,23,41946.0,5.0,5103,nan,0,1.7,0.0000
1743594952.3474102,LTE,CONNECT,FDD,4169B36,-69,-5,25,12,-69,-5,1,-69,-5,1,5,0,-45,LTE BAND 3,23,41936.0,5.0,5102,nan,0,1.78,0.0000
1743594953.4875002,LTE,CONNECT,FDD,4169B36,-68,-4,25,11,-68,-4,1,-68,-4,1,5,0,-45,LTE BAND 3,23,52443.0,6.25,6381,nan,0,1.83,0.0000
1743594954.624388,LTE,CONNECT,FDD,4169B36,-69,-4,25,12,-69,-4,1,-69,-4,1,5,0,-45,LTE BAND 3,23,31447.0,3.75,3810,nan,11,1.39,0.0000
1743594955.7359078,LTE,CONNECT,FDD,4169B36,-68,-4,25,11,-68,-4,1,-68,-4,1,5,0,-44,LTE BAND 3,23,52425.0,6.25,6378,nan,0,1.37,0.0000
1743594956.8661954,LTE,CONNECT,FDD,4169B36,-69,-4,25,12,-69,-4,1,-69,-4,1,5,0,-45,LTE BAND 3,23,52450.0,6.25,6381,nan,0,1.44,0.0000
1743594957.9821334,LTE,CONNECT,FDD,4169B36,-68,-4,25,11,-68,-4,1,-68,-4,1,5,0,-45,LTE BAND 3,23,41938.0,5.0,5102,nan,0,1.5,0.0000
1743594959.101323,LTE,CONNECT,FDD,4169B36,-68,-5,25,11,-68,-5,1,-68,-5,1,5,0,-44,LTE BAND 3,23,41881.0,5.0,5096,nan,0,1.54,0.0000
1743594960.2294295,LTE,CONNECT,FDD,4169B36,-68,-5,25,11,-68,-5,1,-68,-5,1,5,0,-43,LTE BAND 3,23,41937.0,5.0,5102,nan,0,1.57,0.0000
1743594961.3830247,LTE,CONNECT,FDD,4169B36,-70,-5,24,12,-70,-5,1,-70,-5,1,5,0,-46,LTE BAND 3,23,41943.0,5.0,5103,nan,0,1.58,0.0000
1743594962.5177405,LTE,CONNECT,FDD,4169B36,-70,-5,24,12,-70,-5,1,-70,-5,1,5,0,-45,LTE BAND 3,23,52438.0,6.25,6380,nan,0,1.58,0.0000
1743594963.6569934,LTE,CONNECT,FDD,4169B36,-67,-4,25,9,-67,-4,1,-67,-4,1,5,0,-44,LTE BAND 3,23,41933.0,5.0,5102,nan,0,1.58,0.0000
1743594964.7883894,LTE,CONNECT,FDD,4169B36,-67,-6,26,9,-67,-6,1,-67,-6,1,5,0,-41,LTE BAND 3,23,41932.0,5.0,5102,nan,0,1.58,0.0000
1743594965.9219117,LTE,CONNECT,FDD,4169B36,-67,-4,25,9,-67,-4,1,-67,-4,1,5,0,-43,LTE BAND 3,23,41961.0,5.0,5105,nan,0,1.59,0.0000
1743594967.0661922,LTE,CONNECT,FDD,4169B36,-67,-4,26,9,-67,-4,1,-67,-4,1,5,0,-43,LTE BAND 3,23,41945.0,5.0,5103,nan,0,1.6,0.0000
1743594968.1984916,LTE,CONNECT,FDD,4169B36,-67,-4,25,9,-67,-4,1,-67,-4,1,5,0,-43,LTE BAND 3,23,41953.0,5.0,5104,nan,0,1.67,0.0000
1743594969.3314538,LTE,CONNECT,FDD,4169B36,-68,-4,26,10,-68,-4,1,-68,-4,1,5,0,-44,LTE BAND 3,23,41937.0,5.0,5102,nan,0,1.73,0.0000
1743594970.407343,LTE,CONNECT,FDD,4169B36,-68,-5,26,10,-68,-5,1,-68,-5,1,5,0,-44,LTE BAND 3,23,41938.0,5.0,5102,nan,0,1.81,0.0000
1743594971.541431,LTE,CONNECT,FDD,4169B36,-68,-4,25,10,-68,-4,1,-68,-4,1,5,0,-44,LTE BAND 3,23,41937.0,5.0,5030,nan,51,1.59,0.0000
1743594972.6762877,LTE,CONNECT,FDD,4169B36,-68,-4,26,10,-68,-4,1,-68,-4,1,5,0,-44,LTE BAND 3,23,52450.0,6.25,6381,nan,0,1.41,0.0000
1743594973.805912,LTE,CONNECT,FDD,4169B36,-68,-4,26,10,-68,-4,1,-68,-4,1,5,0,-44,LTE BAND 3,23,41944.0,5.0,5103,nan,0,1.54,0.0000
1743594974.9375525,LTE,CONNECT,FDD,4169B36,-68,-5,25,10,-68,-5,1,-68,-5,1,5,0,-44,LTE BAND 3,23,41942.0,5.0,5103,nan,0,1.64,0.0000
1743594976.0235202,LTE,CONNECT,FDD,4169B36,-68,-4,25,10,-68,-4,1,-68,-4,1,5,0,-44,LTE BAND 3,23,41944.0,5.0,5103,nan,0,1.72,0.0000
1743594977.154058,LTE,CONNECT,FDD,4169B36,-68,-4,26,10,-68,-4,1,-68,-4,1,5,0,-44,LTE BAND 3,23,41968.0,5.0,5106,nan,0,1.83,0.0000
1743594978.2723112,LTE,CONNECT,FDD,4169B36,-68,-4,26,10,-68,-4,1,-68,-4,1,5,0,-44,LTE BAND 3,23,41935.0,5.0,5096,nan,4,1.82,0.0000
1743594979.391658,LTE,CONNECT,FDD,4169B36,-68,-5,26,10,-68,-5,1,-68,-5,1,5,0,-44,LTE BAND 3,23,41940.0,5.0,5078,nan,17,1.34,0.0000
1743594980.5212157,LTE,CONNECT,FDD,4169B36,-68,-7,25,10,-68,-7,1,-68,-7,1,5,0,-43,LTE BAND 3,23,41954.0,5.0,5104,nan,0,1.42,0.0000
1743594981.5962398,LTE,CONNECT,FDD,4169B36,-68,-4,26,10,-68,-4,1,-68,-4,1,5,0,-44,LTE BAND 3,23,41943.0,5.0,5103,nan,0,1.48,0.0000
1743594982.725284,LTE,CONNECT,FDD,4169B36,-68,-4,26,10,-68,-4,1,-68,-4,1,5,0,-44,LTE BAND 3,23,31450.0,3.75,3826,nan,0,1.52,0.0000
1743594983.8633704,LTE,CONNECT,FDD,4169B36,-68,-4,26,10,-68,-4,1,-68,-4,1,5,0,-44,LTE BAND 3,23,52434.0,6.25,6379,nan,0,1.55,0.0000
1743594984.9469638,LTE,CONNECT,FDD,4169B36,-68,-4,24,10,-68,-4,1,-68,-4,1,5,0,-45,LTE BAND 3,23,41938.0,5.0,5102,nan,0,1.57,0.0000
1743594986.056084,LTE,CONNECT,FDD,4169B36,-69,-4,24,11,-69,-4,1,-69,-4,1,5,0,-45,LTE BAND 3,23,41417.0,5.0,5039,nan,0,1.58,0.0000
1743594987.171994,LTE,CONNECT,FDD,4169B36,-69,-5,24,11,-69,-5,1,-69,-5,1,5,0,-44,LTE BAND 3,23,41940.0,5.0,5103,nan,0,1.58,0.0000
1743594988.263968,LTE,CONNECT,FDD,4169B36,-68,-4,26,10,-68,-4,1,-68,-4,1,5,0,-44,LTE BAND 3,23,52436.0,6.25,6380,nan,0,1.58,0.0000
1743594989.3940082,LTE,CONNECT,FDD,4169B36,-68,-4,26,10,-68,-4,1,-68,-4,1,5,0,-44,LTE BAND 3,23,41946.0,5.0,5103,nan,0,1.59,0.0000
1743594990.4976084,LTE,CONNECT,FDD,4169B36,-68,-5,25,10,-68,-5,1,-68,-5,1,5,0,-44,LTE BAND 3,23,41932.0,5.0,5102,nan,0,1.6,0.0000
1743594991.6076002,LTE,CONNECT,FDD,4169B36,-68,-4,26,10,-68,-4,1,-68,-4,1,5,0,-44,LTE BAND 3,23,41947.0,5.0,5104,nan,0,1.62,0.0000
1743594992.7039802,LTE,CONNECT,FDD,4169B36,-68,-4,25,10,-68,-4,1,-68,-4,1,5,0,-44,LTE BAND 3,23,41941.0,5.0,5103,nan,0,1.66,0.0000
1743594993.799798,LTE,CONNECT,FDD,4169B36,-68,-9,24,10,-68,-9,1,-68,-9,1,5,0,-40,LTE BAND 3,23,41943.0,5.0,5103,nan,0,1.7,0.0000
1743594994.939698,LTE,CONNECT,FDD,4169B36,-68,-8,25,10,-68,-8,1,-68,-8,1,5,0,-40,LTE BAND 3,23,41953.0,5.0,5104,nan,0,1.77,0.0000
1743594996.0802042,LTE,CONNECT,FDD,4169B36,-69,-4,25,11,-69,-4,1,-69,-4,1,5,0,-45,LTE BAND 3,23,29997.0,3.75,3611,nan,27,1.78,0.0000
1743594997.2070181,LTE,CONNECT,FDD,4169B36,-69,-9,24,11,-69,-9,1,-69,-9,1,5,0,-40,LTE BAND 3,23,41952.0,5.0,5104,nan,0,1.49,0.0000
1743594998.3251061,LTE,CONNECT,FDD,4169B36,-68,-4,26,10,-68,-4,1,-68,-4,1,5,0,-44,LTE BAND 3,23,41941.0,5.0,5103,nan,0,1.6,0.0000
1743594999.4415402,LTE,CONNECT,FDD,4169B36,-68,-7,24,10,-68,-7,1,-68,-7,1,5,0,-42,LTE BAND 3,23,31456.0,3.75,3827,nan,0,1.68,0.0000
1743595000.5400832,LTE,CONNECT,FDD,4169B36,-68,-9,24,10,-68,-9,1,-68,-9,1,5,0,-40,LTE BAND 3,23,41938.0,5.0,5102,nan,0,1.75,0.0000
1743595001.6226432,LTE,CONNECT,FDD,4169B36,-68,-5,25,11,-68,-5,1,-68,-5,1,5,0,-44,LTE BAND 3,23,31454.0,3.75,3827,nan,0,1.79,0.0000
1743595002.7263591,LTE,CONNECT,FDD,4169B36,-68,-4,26,13,-68,-4,1,-68,-4,1,5,0,-45,LTE BAND 3,23,41949.0,5.0,5104,nan,0,1.83,0.0000
1743595003.814393,LTE,CONNECT,FDD,4169B36,-68,-4,25,13,-68,-4,1,-68,-4,1,5,0,-45,LTE BAND 3,23,52441.0,6.25,6356,nan,17,1.3,0.0000
1743595004.8945549,LTE,CONNECT,FDD,4169B36,-69,-4,25,14,-69,-4,1,-69,-4,1,5,0,-45,LTE BAND 3,23,41934.0,5.0,5102,nan,0,1.38,0.0000
1743595006.0204685,LTE,CONNECT,FDD,4169B36,-68,-4,25,12,-68,-4,1,-68,-4,1,5,0,-44,LTE BAND 3,23,41949.0,5.0,5104,nan,0,1.45,0.0000
1743595007.1365273,LTE,CONNECT,FDD,4169B36,-68,-5,25,12,-68,-5,1,-68,-5,1,5,0,-45,LTE BAND 3,23,52414.0,6.25,6377,nan,0,1.5,0.0000
1743595008.2771535,LTE,CONNECT,FDD,4169B36,-68,-5,24,13,-68,-5,1,-68,-5,1,5,0,-43,LTE BAND 3,23,41943.0,5.0,5103,nan,0,1.55,0.0000
1743595009.3717482,LTE,CONNECT,FDD,4169B36,-68,-4,26,13,-68,-4,1,-68,-4,1,5,0,-45,LTE BAND 3,23,41929.0,5.0,5101,nan,0,1.56,0.0000
1743595010.5211842,LTE,CONNECT,FDD,4169B36,-68,-4,26,13,-68,-4,1,-68,-4,1,5,0,-45,LTE BAND 3,23,52454.0,6.25,6382,nan,0,1.56,0.0000
1743595011.641988,LTE,CONNECT,FDD,4169B36,-68,-4,25,12,-68,-4,1,-68,-4,1,5,0,-44,LTE BAND 3,23,41929.0,5.0,5101,nan,0,1.56,0.0000
1743595012.763825,LTE,CONNECT,FDD,4169B36,-68,-4,25,12,-68,-4,1,-68,-4,1,5,0,-45,LTE BAND 3,23,41942.0,5.0,5103,nan,0,1.56,0.0000
1743595013.878539,LTE,CONNECT,FDD,4169B36,-69,-4,25,13,-69,-4,1,-69,-4,1,5,0,-45,LTE BAND 3,23,52447.0,6.25,6381,nan,0,1.56,0.0000
1743595014.997257,LTE,CONNECT,FDD,4169B36,-69,-4,25,11,-69,-4,1,-69,-4,1,5,0,-45,LTE BAND 3,23,41940.0,5.0,5103,nan,0,1.58,0.0000
1743595016.1488686,LTE,CONNECT,FDD,4169B36,-68,-4,25,11,-68,-4,1,-68,-4,1,5,0,-45,LTE BAND 3,23,52435.0,6.25,6380,nan,0,1.63,0.0000
1743595017.280794,LTE,CONNECT,FDD,4169B36,-69,-5,25,11,-69,-4,1,-69,-4,1,5,0,-45,LTE BAND 3,23,41942.0,5.0,5103,nan,0,1.67,0.0000
1743595018.403132,LTE,CONNECT,FDD,4169B36,-69,-5,25,11,-69,-5,1,-69,-5,1,5,0,-44,LTE BAND 3,23,41943.0,5.0,5103,nan,0,1.74,0.0000
1743595019.5239117,LTE,CONNECT,FDD,4169B36,-69,-7,24,11,-69,-7,1,-69,-7,1,5,0,-42,LTE BAND 3,23,41941.0,5.0,5103,nan,0,1.83,0.0000
1743595020.6377168,LTE,CONNECT,FDD,4169B36,-69,-4,25,11,-69,-4,1,-69,-4,1,5,0,-45,LTE BAND 3,23,31450.0,3.75,3775,nan,36,1.32,0.0000
1743595021.7225246,LTE,CONNECT,FDD,4169B36,-69,-4,25,11,-69,-4,1,-69,-4,1,5,0,-45,LTE BAND 3,23,52402.0,6.25,6376,nan,0,1.42,0.0000
1743595022.8436115,LTE,CONNECT,FDD,4169B36,-68,-4,26,10,-69,-4,1,-69,-4,1,5,0,-45,LTE BAND 3,23,52473.0,6.25,6384,nan,0,1.55,0.0000
1743595024.0385218,LTE,CONNECT,FDD,4169B36,-69,-5,25,11,-69,-5,1,-69,-5,1,5,0,-44,LTE BAND 3,23,41941.0,5.0,5103,nan,0,1.65,0.0000
1743595025.1868746,LTE,CONNECT,FDD,4169B36,-68,-4,26,9,-68,-4,1,-68,-4,1,5,0,-45,LTE BAND 3,23,52430.0,6.25,6379,nan,0,1.79,0.0000
1743595026.31917,LTE,CONNECT,FDD,4169B36,-69,-4,26,10,-69,-4,1,-69,-4,1,5,0,-45,LTE BAND 3,23,41942.0,5.0,5103,nan,0,1.83,0.0000
1743595027.4230075,LTE,CONNECT,FDD,4169B36,-69,-4,26,10,-69,-4,1,-69,-4,1,5,0,-45,LTE BAND 3,23,41941.0,5.0,5103,nan,0,1.86,0.0000
1743595028.5584302,LTE,CONNECT,FDD,4169B36,-69,-4,25,10,-69,-4,1,-69,-4,1,5,0,-45,LTE BAND 3,23,41948.0,5.0,5054,nan,35,1.34,0.0000
1743595029.692278,LTE,CONNECT,FDD,4169B36,-69,-4,25,10,-69,-4,1,-69,-4,1,5,0,-45,LTE BAND 3,23,41944.0,5.0,5103,nan,0,1.42,0.0000
1743595030.7995238,LTE,CONNECT,FDD,4169B36,-68,-4,26,9,-68,-4,1,-68,-4,1,5,0,-45,LTE BAND 3,23,52443.0,6.25,6381,nan,0,1.48,0.0000
1743595031.955025,LTE,CONNECT,FDD,4169B36,-69,-5,25,10,-69,-5,1,-69,-5,1,5,0,-45,LTE BAND 3,23,41925.0,5.0,5101,nan,0,1.53,0.0000
1743595033.1056218,LTE,CONNECT,FDD,4169B36,-69,-4,25,10,-69,-4,1,-69,-4,1,5,0,-45,LTE BAND 3,23,41954.0,5.0,5104,nan,0,1.55,0.0000
1743595034.214161,LTE,CONNECT,FDD,4169B36,-69,-4,25,10,-69,-4,1,-69,-4,1,5,0,-45,LTE BAND 3,23,41934.0,5.0,5102,nan,0,1.58,0.0000
1743595035.3152034,LTE,CONNECT,FDD,4169B36,-69,-4,25,10,-69,-4,1,-69,-4,1,5,0,-45,LTE BAND 3,23,41937.0,5.0,5102,nan,0,1.58,0.0000
1743595036.4350686,LTE,CONNECT,FDD,4169B36,-69,-4,25,10,-69,-4,1,-69,-4,1,5,0,-45,LTE BAND 3,23,52452.0,6.25,6382,nan,0,1.58,0.0000
1743595037.5664403,LTE,CONNECT,FDD,4169B36,-68,-4,26,9,-68,-4,1,-68,-4,1,5,0,-45,LTE BAND 3,23,41940.0,5.0,5103,nan,0,1.58,0.0000
1743595038.7175028,LTE,CONNECT,FDD,4169B36,-68,-4,26,9,-68,-4,1,-68,-4,1,5,0,-45,LTE BAND 3,23,41943.0,5.0,5103,nan,0,1.59,0.0000
1743595039.8941648,LTE,CONNECT,FDD,4169B36,-68,-7,25,9,-69,-6,1,-69,-6,1,5,0,-45,LTE BAND 3,23,41939.0,5.0,5103,nan,0,1.6,0.0000
1743595041.047113,LTE,CONNECT,FDD,4169B36,-69,-4,25,10,-69,-4,1,-69,-4,1,5,0,-45,LTE BAND 3,23,31454.0,3.75,3827,nan,0,1.62,0.0000
1743595042.1559818,LTE,CONNECT,FDD,4169B36,-69,-5,25,10,-69,-5,1,-69,-5,1,5,0,-45,LTE BAND 3,23,52440.0,6.25,6380,nan,0,1.66,0.0000
1743595043.276462,LTE,CONNECT,FDD,4169B36,-69,-4,25,10,-69,-4,1,-69,-4,1,5,0,-45,LTE BAND 3,23,41933.0,5.0,5102,nan,0,1.78,0.0000
1743595044.360431,LTE,CONNECT,FDD,4169B36,-68,-4,25,9,-68,-4,1,-68,-4,1,5,0,-44,LTE BAND 3,23,41948.0,5.0,5104,nan,0,1.87,0.0000
1743595045.4633129,LTE,CONNECT,FDD,4169B36,-68,-4,26,9,-68,-4,1,-68,-4,1,5,0,-45,LTE BAND 3,23,41932.0,5.0,5069,nan,23,1.34,0.0000
1743595046.5801318,LTE,CONNECT,FDD,4169B36,-68,-4,26,9,-68,-4,1,-68,-4,1,5,0,-44,LTE BAND 3,23,41947.0,5.0,5104,nan,0,1.47,0.0000
1743595047.715653,LTE,CONNECT,FDD,4169B36,-69,-5,25,10,-69,-5,1,-69,-5,1,5,0,-44,LTE BAND 3,23,52444.0,6.25,6381,nan,0,1.59,0.0000
1743595048.8369277,LTE,CONNECT,FDD,4169B36,-68,-4,26,9,-68,-4,1,-68,-4,1,5,0,-44,LTE BAND 3,23,31452.0,3.75,3827,nan,0,1.68,0.0000
1743595049.911764,LTE,CONNECT,FDD,4169B36,-68,-4,25,9,-68,-4,1,-68,-4,1,5,0,-45,LTE BAND 3,23,41951.0,5.0,5104,nan,0,1.76,0.0000
1743595051.0339012,LTE,CONNECT,FDD,4169B36,-68,-4,26,9,-68,-4,1,-68,-4,1,5,0,-45,LTE BAND 3,23,41937.0,5.0,5102,nan,0,1.81,0.0000
1743595052.1560612,LTE,CONNECT,FDD,4169B36,-68,-4,26,9,-68,-4,1,-68,-4,1,5,0,-44,LTE BAND 3,23,41938.0,5.0,5102,nan,0,1.38,0.0000
1743595053.294282,LTE,CONNECT,FDD,4169B36,-69,-4,25,10,-69,-4,1,-69,-4,1,5,0,-45,LTE BAND 3,23,41941.0,5.0,5103,nan,0,1.44,0.0000
1743595054.459747,LTE,CONNECT,FDD,4169B36,-69,-4,25,10,-69,-4,1,-69,-4,1,5,0,-45,LTE BAND 3,23,52443.0,6.25,6381,nan,0,1.49,0.0000
1743595055.5607483,LTE,CONNECT,FDD,4169B36,-69,-4,25,10,-69,-4,1,-69,-4,1,5,0,-45,LTE BAND 3,23,41933.0,5.0,5102,nan,0,1.52,0.0000
1743595056.6741555,LTE,CONNECT,FDD,4169B36,-69,-5,24,10,-69,-5,1,-69,-5,1,5,0,-44,LTE BAND 3,23,41957.0,5.0,5105,nan,0,1.54,0.0000
1743595057.805159,LTE,CONNECT,FDD,4169B36,-69,-4,25,10,-69,-4,1,-69,-4,1,5,0,-45,LTE BAND 3,23,41926.0,5.0,5101,nan,0,1.55,0.0000
1743595058.8818243,LTE,CONNECT,FDD,4169B36,-69,-4,25,10,-69,-4,1,-69,-4,1,5,0,-45,LTE BAND 3,23,41948.0,5.0,5104,nan,0,1.55,0.0000
1743595059.9646661,LTE,CONNECT,FDD,4169B36,-69,-4,25,10,-69,-4,1,-69,-4,1,5,0,-45,LTE BAND 3,23,52433.0,6.25,6379,nan,0,1.55,0.0000
1743595061.1306283,LTE,CONNECT,FDD,4169B36,-69,-4,25,10,-69,-4,1,-69,-4,1,5,0,-45,LTE BAND 3,23,41945.0,5.0,5103,nan,0,1.55,0.0000
1743595062.2548418,LTE,CONNECT,FDD,4169B36,-69,-4,25,10,-69,-5,1,-69,-5,1,5,0,-44,LTE BAND 3,23,41948.0,5.0,5104,nan,0,1.57,0.0000
1743595063.331321,LTE,CONNECT,FDD,4169B36,-69,-4,25,10,-69,-4,1,-69,-4,1,5,0,-45,LTE BAND 3,23,41942.0,5.0,5103,nan,0,1.59,0.0000
1743595064.445743,LTE,CONNECT,FDD,4169B36,-69,-4,25,10,-69,-4,1,-69,-4,1,5,0,-45,LTE BAND 3,23,41934.0,5.0,5102,nan,0,1.62,0.0000
1743595065.5650213,LTE,CONNECT,FDD,4169B36,-69,-4,25,10,-69,-4,1,-69,-4,1,5,0,-45,LTE BAND 3,23,41954.0,5.0,5104,nan,0,1.67,0.0000
1743595066.6725993,LTE,CONNECT,FDD,4169B36,-69,-4,25,10,-69,-4,1,-69,-4,1,5,0,-46,LTE BAND 3,23,41941.0,5.0,5103,nan,0,1.73,0.0000
1743595067.798552,LTE,CONNECT,FDD,4169B36,-69,-4,26,10,-69,-4,1,-69,-4,1,5,0,-45,LTE BAND 3,23,41930.0,5.0,5101,nan,0,1.82,0.0000
1743595068.893923,LTE,CONNECT,FDD,4169B36,-69,-5,26,8,-69,-5,1,-69,-5,1,5,0,-45,LTE BAND 3,23,31457.0,3.75,3796,nan,22,1.39,0.0000
1743595070.0070102,LTE,CONNECT,FDD,4169B36,-69,-5,25,10,-69,-5,1,-69,-5,1,5,0,-45,LTE BAND 3,23,52450.0,6.25,6350,nan,22,1.41,0.0000
1743595071.1277342,LTE,CONNECT,FDD,4169B36,-69,-5,25,10,-69,-4,1,-69,-4,1,5,0,-45,LTE BAND 3,23,41942.0,5.0,5103,nan,0,1.64,0.0000
1743595072.2830408,LTE,CONNECT,FDD,4169B36,-68,-4,25,9,-68,-4,1,-68,-4,1,5,0,-44,LTE BAND 3,23,41942.0,5.0,5103,nan,0,1.73,0.0000
1743595073.3923638,LTE,CONNECT,FDD,4169B36,-68,-4,26,9,-68,-4,1,-68,-4,1,5,0,-44,LTE BAND 3,23,41949.0,5.0,5104,nan,0,1.79,0.0000
1743595074.515072,LTE,CONNECT,FDD,4169B36,-68,-4,26,9,-68,-4,1,-68,-4,1,5,0,-44,LTE BAND 3,23,41944.0,5.0,5050,nan,37,1.66,0.0000
1743595075.629372,LTE,CONNECT,FDD,4169B36,-68,-4,26,9,-68,-4,1,-68,-4,1,5,0,-44,LTE BAND 3,23,41933.0,5.0,5102,nan,0,1.33,0.0000
1743595076.7221842,LTE,CONNECT,FDD,4169B36,-68,-5,26,9,-68,-5,1,-68,-5,1,5,0,-44,LTE BAND 3,23,41952.0,5.0,5104,nan,0,1.4,0.0000
1743595077.906116,LTE,CONNECT,FDD,4169B36,-68,-5,26,9,-68,-5,1,-68,-5,1,5,0,-44,LTE BAND 3,23,41932.0,5.0,5102,nan,0,1.46,0.0000
1743595079.0023468,LTE,CONNECT,FDD,4169B36,-68,-6,26,9,-68,-6,1,-68,-6,1,5,0,-43,LTE BAND 3,23,41955.0,5.0,5105,nan,0,1.5,0.0000
1743595080.1254015,LTE,CONNECT,FDD,4169B36,-68,-4,26,9,-68,-4,1,-68,-4,1,5,0,-44,LTE BAND 3,23,31171.0,3.75,3792,nan,0,1.53,0.0000
1743595081.2444675,LTE,CONNECT,FDD,4169B36,-68,-4,26,9,-68,-4,1,-68,-4,1,5,0,-44,LTE BAND 3,23,41931.0,5.0,5102,nan,0,1.55,0.0000
1743595082.3580022,LTE,CONNECT,FDD,4169B36,-68,-4,25,9,-68,-4,1,-68,-4,1,5,0,-45,LTE BAND 3,23,41947.0,5.0,5104,nan,0,1.56,0.0000
1743595083.4724014,LTE,CONNECT,FDD,4169B36,-68,-4,26,9,-68,-4,1,-68,-4,1,5,0,-44,LTE BAND 3,23,41937.0,5.0,5102,nan,0,1.56,0.0000
1743595084.5930097,LTE,CONNECT,FDD,4169B36,-68,-4,26,9,-68,-4,1,-68,-4,1,5,0,-44,LTE BAND 3,23,52436.0,6.25,6380,nan,0,1.56,0.0000
1743595085.7174604,LTE,CONNECT,FDD,4169B36,-68,-4,26,9,-68,-4,1,-68,-4,1,5,0,-44,LTE BAND 3,23,41948.0,5.0,5104,nan,0,1.56,0.0000
1743595086.8448734,LTE,CONNECT,FDD,4169B36,-68,-5,25,8,-68,-5,1,-68,-5,1,5,0,-44,LTE BAND 3,23,41941.0,5.0,5103,nan,0,1.58,0.0000
1743595088.0013537,LTE,CONNECT,FDD,4169B36,-68,-4,25,8,-68,-4,1,-68,-4,1,5,0,-44,LTE BAND 3,23,52447.0,6.25,6381,nan,0,1.6,0.0000
1743595089.124323,LTE,CONNECT,FDD,4169B36,-68,-5,25,8,-68,-5,1,-68,-5,1,5,0,-44,LTE BAND 3,23,41938.0,5.0,5102,nan,0,1.64,0.0000
1743595090.2635527,LTE,CONNECT,FDD,4169B36,-68,-4,26,8,-68,-4,1,-68,-4,1,5,0,-44,LTE BAND 3,23,41944.0,5.0,5103,nan,0,1.76,0.0000
1743595091.4249408,LTE,CONNECT,FDD,4169B36,-68,-5,26,8,-68,-5,1,-68,-5,1,5,0,-43,LTE BAND 3,23,31451.0,3.75,3802,nan,17,1.74,0.0000
1743595092.5473802,LTE,CONNECT,FDD,4169B36,-68,-5,26,8,-68,-5,1,-68,-5,1,5,0,-44,LTE BAND 3,23,41953.0,5.0,5104,nan,0,1.36,0.0000
1743595093.6986387,LTE,CONNECT,FDD,4169B36,-68,-5,25,7,-68,-5,1,-68,-5,1,5,0,-44,LTE BAND 3,23,41930.0,5.0,5101,nan,0,1.49,0.0000
1743595094.816935,LTE,CONNECT,FDD,4169B36,-68,-4,26,8,-68,-4,1,-68,-4,1,5,0,-44,LTE BAND 3,23,41948.0,5.0,5104,nan,0,1.6,0.0000
1743595095.8993332,LTE,CONNECT,FDD,4169B36,-68,-4,26,8,-68,-4,1,-68,-4,1,5,0,-44,LTE BAND 3,23,41934.0,5.0,5102,nan,0,1.68,0.0000
1743595097.0585053,LTE,CONNECT,FDD,4169B36,-68,-4,25,8,-68,-4,1,-68,-4,1,5,0,-43,LTE BAND 3,23,52443.0,6.25,6381,nan,0,1.75,0.0000
1743595098.1827955,LTE,CONNECT,FDD,4169B36,-68,-4,26,8,-68,-4,1,-68,-4,1,5,0,-44,LTE BAND 3,23,41984.0,5.0,5108,nan,0,1.82,0.0000
1743595099.288692,LTE,CONNECT,FDD,4169B36,-68,-4,26,8,-68,-4,1,-68,-4,1,5,0,-45,LTE BAND 3,23,41956.0,5.0,5105,nan,0,1.84,0.0000
1743595100.4328907,LTE,CONNECT,FDD,4169B36,-68,-4,26,8,-68,-4,1,-68,-4,1,5,0,-42,LTE BAND 3,23,41941.0,5.0,5073,nan,21,1.3,0.0000
1743595101.5716572,LTE,CONNECT,FDD,4169B36,-68,-4,26,9,-68,-4,1,-68,-4,1,5,0,-45,LTE BAND 3,23,31454.0,3.75,3827,nan,0,1.37,0.0000
1743595102.6524704,LTE,CONNECT,FDD,4169B36,-69,-5,26,9,-69,-5,1,-69,-5,1,5,0,-45,LTE BAND 3,23,41948.0,5.0,5104,nan,0,1.44,0.0000
1743595103.7552905,LTE,CONNECT,FDD,4169B36,-68,-5,24,8,-68,-5,1,-68,-5,1,5,0,-45,LTE BAND 3,23,31450.0,3.75,3826,nan,0,1.49,0.0000
1743595104.9336476,LTE,CONNECT,FDD,4169B36,-68,-5,26,9,-68,-5,1,-68,-5,1,5,0,-43,LTE BAND 3,23,41945.0,5.0,5103,nan,0,1.53,0.0000
1743595106.0724478,LTE,CONNECT,FDD,4169B36,-68,-4,25,9,-68,-5,1,-68,-5,1,5,0,-43,LTE BAND 3,23,41945.0,5.0,5103,nan,0,1.55,0.0000
1743595107.200381,LTE,CONNECT,FDD,4169B36,-68,-5,26,9,-68,-5,1,-68,-5,1,5,0,-44,LTE BAND 3,23,41942.0,5.0,5103,nan,0,1.57,0.0000
1743595108.3727279,LTE,CONNECT,FDD,4169B36,-67,-8,25,8,-67,-9,1,-67,-9,1,5,0,-39,LTE BAND 3,23,31460.0,3.75,3828,nan,0,1.57,0.0000
1743595109.518572,LTE,CONNECT,FDD,4169B36,-68,-7,25,9,-68,-7,1,-68,-7,1,5,0,-42,LTE BAND 3,23,31457.0,3.75,3827,nan,0,1.57,0.0000
1743595110.6369338,LTE,CONNECT,FDD,4169B36,-68,-7,24,9,-68,-7,1,-68,-7,1,5,0,-42,LTE BAND 3,23,30751.0,3.75,3741,nan,0,1.57,0.0000
1743595111.7558124,LTE,CONNECT,FDD,4169B36,-68,-5,25,11,-68,-5,1,-68,-5,1,5,0,-44,LTE BAND 3,23,32195.0,3.75,3917,nan,0,1.58,0.0000
1743595112.8426437,LTE,CONNECT,FDD,4169B36,-68,-8,25,11,-68,-9,1,-68,-9,1,5,0,-39,LTE BAND 3,23,41941.0,5.0,5103,nan,0,1.6,0.0000
1743595113.9980316,LTE,CONNECT,FDD,4169B36,-68,-7,25,10,-68,-6,1,-68,-6,1,5,0,-43,LTE BAND 3,23,31458.0,3.75,3827,nan,0,1.62,0.0000
1743595115.0976458,LTE,CONNECT,FDD,4169B36,-68,-7,25,11,-68,-7,1,-68,-7,1,5,0,-41,LTE BAND 3,23,41908.0,5.0,5099,nan,0,1.67,0.0000
1743595116.2104523,LTE,CONNECT,FDD,4169B36,-68,-7,25,11,-68,-9,1,-68,-9,1,5,0,-39,LTE BAND 3,23,31450.0,3.75,3826,nan,0,1.81,0.0000
1743595117.3658125,LTE,CONNECT,FDD,4169B36,-68,-9,24,11,-68,-9,1,-68,-9,1,5,0,-39,LTE BAND 3,23,20968.0,2.5,2517,nan,24,1.31,0.0000
1743595118.4828336,LTE,CONNECT,FDD,4169B36,-68,-8,24,11,-68,-8,1,-68,-8,1,5,0,-41,LTE BAND 3,23,52452.0,6.25,6382,nan,0,1.4,0.0000
1743595119.599157,LTE,CONNECT,FDD,4169B36,-68,-6,24,11,-68,-6,1,-68,-6,1,5,0,-41,LTE BAND 3,23,41948.0,5.0,5104,nan,0,1.53,0.0000
1743595120.7123704,LTE,CONNECT,FDD,4169B36,-68,-9,25,11,-68,-7,1,-68,-7,1,5,0,-44,LTE BAND 3,23,31449.0,3.75,3826,nan,0,1.63,0.0000
1743595121.8258116,LTE,CONNECT,FDD,4169B36,-68,-5,26,13,-68,-5,1,-68,-5,1,5,0,-44,LTE BAND 3,23,41952.0,5.0,5104,nan,0,1.71,0.0000
1743595122.9511545,LTE,CONNECT,FDD,4169B36,-68,-4,26,15,-68,-4,1,-68,-4,1,5,0,-44,LTE BAND 3,23,41944.0,5.0,5103,nan,0,1.78,0.0000
1743595124.0805972,LTE,CONNECT,FDD,4169B36,-68,-5,26,15,-68,-5,1,-68,-5,1,5,0,-44,LTE BAND 3,23,41938.0,5.0,5102,nan,0,1.82,0.0000
1743595125.182005,LTE,CONNECT,FDD,4169B36,-68,-4,26,15,-68,-4,1,-68,-4,1,5,0,-44,LTE BAND 3,23,41938.0,5.0,5102,nan,0,1.86,0.0000
1743595126.2659638,LTE,CONNECT,FDD,4169B36,-68,-5,26,14,-68,-5,1,-68,-5,1,5,0,-43,LTE BAND 3,23,52439.0,6.25,6379,nan,1,1.32,0.0000
1743595127.3599157,LTE,CONNECT,FDD,4169B36,-68,-5,26,11,-68,-5,1,-68,-5,1,5,0,-44,LTE BAND 3,23,41928.0,5.0,5101,nan,0,1.4,0.0000
1743595128.4428096,LTE,CONNECT,FDD,4169B36,-68,-4,26,13,-68,-5,1,-68,-5,1,5,0,-44,LTE BAND 3,23,41953.0,5.0,5104,nan,0,1.47,0.0000
1743595129.5382192,LTE,CONNECT,FDD,4169B36,-68,-5,26,12,-68,-5,1,-68,-5,1,5,0,-44,LTE BAND 3,23,52444.0,6.25,6381,nan,0,1.52,0.0000
1743595130.6675851,LTE,CONNECT,FDD,4169B36,-68,-5,26,15,-68,-5,1,-68,-5,1,5,0,-44,LTE BAND 3,23,41938.0,5.0,5102,nan,0,1.55,0.0000
1743595131.8031232,LTE,CONNECT,FDD,4169B36,-68,-8,26,14,-68,-7,1,-68,-7,1,5,0,-42,LTE BAND 3,23,41942.0,5.0,5103,nan,0,1.57,0.0000
1743595132.9321642,LTE,CONNECT,FDD,4169B36,-68,-4,26,13,-68,-4,1,-68,-4,1,5,0,-44,LTE BAND 3,23,41939.0,5.0,5103,nan,0,1.58,0.0000
1743595134.038239,LTE,CONNECT,FDD,4169B36,-68,-5,26,12,-68,-4,1,-68,-4,1,5,0,-44,LTE BAND 3,23,41948.0,5.0,5104,nan,0,1.59,0.0000
1743595135.1601686,LTE,CONNECT,FDD,4169B36,-68,-5,26,12,-68,-5,1,-68,-5,1,5,0,-44,LTE BAND 3,23,52440.0,6.25,6380,nan,0,1.59,0.0000
1743595136.2996023,LTE,CONNECT,FDD,4169B36,-68,-5,26,11,-68,-4,1,-68,-4,1,5,0,-44,LTE BAND 3,23,41942.0,5.0,5103,nan,0,1.59,0.0000
1743595137.435346,LTE,CONNECT,FDD,4169B36,-68,-5,26,10,-68,-5,1,-68,-5,1,5,0,-42,LTE BAND 3,23,41940.0,5.0,5103,nan,0,1.6,0.0000
1743595138.5601375,LTE,CONNECT,FDD,4169B36,-68,-4,25,10,-68,-4,1,-68,-4,1,5,0,-44,LTE BAND 3,23,41941.0,5.0,5103,nan,0,1.62,0.0000
1743595139.720702,LTE,CONNECT,FDD,4169B36,-68,-5,26,10,-68,-5,1,-68,-5,1,5,0,-44,LTE BAND 3,23,52437.0,6.25,6380,nan,0,1.65,0.0000
1743595140.828624,LTE,CONNECT,FDD,4169B36,-68,-5,26,10,-68,-5,1,-68,-5,1,5,0,-43,LTE BAND 3,23,41941.0,5.0,5103,nan,0,1.69,0.0000
1743595141.9853585,LTE,CONNECT,FDD,4169B36,-68,-5,26,10,-68,-5,1,-68,-5,1,5,0,-44,LTE BAND 3,23,41942.0,5.0,5103,nan,0,1.76,0.0000
1743595143.0892262,LTE,CONNECT,FDD,4169B36,-68,-6,26,9,-68,-5,1,-68,-5,1,5,0,-44,LTE BAND 3,23,41944.0,5.0,5103,nan,0,1.85,0.0000
1743595144.1870215,LTE,CONNECT,FDD,4169B36,-68,-5,26,10,-68,-5,1,-68,-5,1,5,0,-44,LTE BAND 3,23,41927.0,5.0,5101,nan,0,1.42,0.0000
1743595145.2751412,LTE,CONNECT,FDD,4169B36,-68,-5,25,10,-68,-5,1,-68,-5,1,5,0,-44,LTE BAND 3,23,41957.0,5.0,5105,nan,0,1.55,0.0000
1743595146.4238951,LTE,CONNECT,FDD,4169B36,-68,-5,25,10,-68,-5,1,-68,-5,1,5,0,-43,LTE BAND 3,23,41940.0,5.0,5103,nan,0,1.65,0.0000
1743595147.5575886,LTE,CONNECT,FDD,4169B36,-68,-4,26,10,-68,-4,1,-68,-4,1,5,0,-44,LTE BAND 3,23,41947.0,5.0,5104,nan,0,1.73,0.0000
1743595148.6532407,LTE,CONNECT,FDD,4169B36,-67,-6,25,9,-67,-6,1,-67,-6,1,5,0,-42,LTE BAND 3,23,41940.0,5.0,5103,nan,0,1.79,0.0000
1743595149.7354994,LTE,CONNECT,FDD,4169B36,-67,-5,26,9,-67,-5,1,-67,-5,1,5,0,-43,LTE BAND 3,23,31457.0,3.75,3827,nan,0,1.83,0.0000
1743595150.8679166,LTE,CONNECT,FDD,4169B36,-68,-5,26,10,-68,-5,1,-68,-5,1,5,0,-44,LTE BAND 3,23,41937.0,5.0,5064,nan,27,1.3,0.0000
1743595151.9248657,LTE,CONNECT,FDD,4169B36,-68,-8,25,5,-68,-8,1,-68,-8,1,5,0,-43,LTE BAND 3,23,41949.0,5.0,5104,nan,0,1.38,0.0000
1743595153.0148675,LTE,CONNECT,FDD,4169B36,-68,-8,26,10,-68,-8,1,-68,-8,1,5,0,-43,LTE BAND 3,23,31460.0,3.75,3812,nan,11,1019.0,0.0000
1743595154.1221585,LTE,CONNECT,FDD,4169B36,-68,-5,26,10,-68,-5,1,-68,-5,1,5,0,-44,LTE BAND 3,23,31453.0,3.75,3827,nan,0,1.06,0.0000
1743595155.2315454,LTE,CONNECT,FDD,4169B36,-68,-9,25,10,-68,-9,1,-68,-9,1,5,0,-39,LTE BAND 3,23,31460.0,3.75,3828,nan,0,1.16,0.0000
1743595156.3299456,LTE,CONNECT,FDD,4169B36,-68,-9,25,10,-68,-9,1,-68,-9,1,5,0,-39,LTE BAND 3,23,31450.0,3.75,3826,nan,0,1.18,0.0000
1743595157.427528,LTE,CONNECT,FDD,4169B36,-68,-9,25,10,-68,-8,1,-68,-8,1,5,0,-41,LTE BAND 3,23,31454.0,3.75,3827,nan,0,1.2,0.0000
1743595158.5379212,LTE,CONNECT,FDD,4169B36,-68,-7,25,10,-68,-7,1,-68,-7,1,5,0,-39,LTE BAND 3,23,31463.0,3.75,3828,nan,0,1.21,0.0000
1743595159.6337085,LTE,CONNECT,FDD,4169B36,-68,-9,25,10,-68,-9,1,-68,-9,1,5,0,-39,LTE BAND 3,23,41941.0,5.0,5103,nan,0,1.21,0.0000
1743595160.7430785,LTE,CONNECT,FDD,4169B36,-68,-9,24,10,-68,-9,1,-68,-9,1,5,0,-39,LTE BAND 3,23,31436.0,3.75,3825,nan,0,1.21,0.0000
1743595161.8569927,LTE,CONNECT,FDD,4169B36,-68,-9,25,12,-68,-7,1,-68,-7,1,5,0,-42,LTE BAND 3,23,31472.0,3.75,3829,nan,0,1.21,0.0000
1743595162.9885535,LTE,CONNECT,FDD,4169B36,-68,-10,25,12,-68,-10,1,-68,-10,1,5,0,-39,LTE BAND 3,23,41948.0,5.0,5104,nan,0,1.22,0.0000
1743595164.1271267,LTE,CONNECT,FDD,4169B36,-68,-6,25,12,-68,-6,1,-68,-6,1,5,0,-40,LTE BAND 3,23,31466.0,3.75,3828,nan,0,1.23,0.0000
1743595165.2147832,LTE,CONNECT,FDD,4169B36,-68,-9,25,12,-68,-9,1,-68,-9,1,5,0,-39,LTE BAND 3,23,31442.0,3.75,3825,nan,0,1.29,0.0000
1743595166.3306282,LTE,CONNECT,FDD,4169B36,-68,-5,26,13,-68,-5,1,-68,-5,1,5,0,-43,LTE BAND 3,23,41953.0,5.0,5104,nan,0,1.35,0.0000
1743595167.4371817,LTE,CONNECT,FDD,4169B36,-68,-5,26,13,-68,-5,1,-68,-5,1,5,0,-42,LTE BAND 3,23,41938.0,5.0,5102,nan,0,1.42,0.0000
1743595168.5281556,LTE,CONNECT,FDD,4169B36,-68,-5,26,13,-68,-5,1,-68,-5,1,5,0,-44,LTE BAND 3,23,52450.0,6.25,6381,nan,0,1.52,0.0000
1743595169.73151,LTE,CONNECT,FDD,4169B36,-68,-5,26,12,-68,-5,1,-68,-5,1,5,0,-43,LTE BAND 3,23,41945.0,5.0,5103,nan,0,1.64,0.0000
1743595170.8130927,LTE,CONNECT,FDD,4169B36,-68,-4,26,13,-68,-4,1,-68,-4,1,5,0,-44,LTE BAND 3,23,41141.0,5.0,5005,nan,0,1.78,0.0000
1743595171.921699,LTE,CONNECT,FDD,4169B36,-68,-5,26,13,-68,-5,1,-68,-5,1,5,0,-43,LTE BAND 3,23,32068.0,3.75,3853,nan,34,1.35,0.0000
1743595173.013537,LTE,CONNECT,FDD,4169B36,-68,-6,25,12,-68,-6,1,-68,-6,1,5,0,-43,LTE BAND 3,23,62942.0,7.5,7638,nan,14,1.43,0.0000
1743595174.1695747,LTE,CONNECT,FDD,4169B36,-67,-4,27,11,-67,-4,1,-67,-4,1,5,0,-44,LTE BAND 3,23,41934.0,5.0,5102,nan,0,1.67,0.0000
1743595175.289416,LTE,CONNECT,FDD,4169B36,-67,-4,26,10,-67,-4,1,-67,-4,1,5,0,-44,LTE BAND 3,23,52444.0,6.25,6381,nan,0,1.76,0.0000
1743595176.3437982,LTE,CONNECT,FDD,4169B36,-67,-4,26,9,-67,-4,1,-67,-4,1,5,0,-43,LTE BAND 3,23,41939.0,5.0,5103,nan,0,1.82,0.0000
1743595177.445302,LTE,CONNECT,FDD,4169B36,-67,-5,26,9,-67,-5,1,-67,-5,1,5,0,-44,LTE BAND 3,23,41945.0,5.0,5103,nan,0,1.86,0.0000
1743595178.5705569,LTE,CONNECT,FDD,4169B36,-67,-4,26,10,-67,-4,1,-67,-4,1,5,0,-44,LTE BAND 3,23,41941.0,5.0,5094,nan,6,1.32,0.0000
1743595179.6860776,LTE,CONNECT,FDD,4169B36,-69,-5,25,12,-69,-5,1,-69,-5,1,5,0,-43,LTE BAND 3,23,41938.0,5.0,5102,nan,0,1.4,0.0000
1743595180.786079,LTE,CONNECT,FDD,4169B36,-68,-6,25,10,-68,-6,1,-68,-6,1,5,0,-42,LTE BAND 3,23,52442.0,6.25,6380,nan,0,1.47,0.0000
1743595181.9592605,LTE,CONNECT,FDD,4169B36,-68,-6,26,10,-68,-5,1,-68,-5,1,5,0,-44,LTE BAND 3,23,31452.0,3.75,3827,nan,0,1.52,0.0000
1743595183.036896,LTE,CONNECT,FDD,4169B36,-68,-5,26,10,-68,-5,1,-68,-5,1,5,0,-44,LTE BAND 3,23,31457.0,3.75,3827,nan,0,1.55,0.0000
1743595184.1415317,LTE,CONNECT,FDD,4169B36,-68,-6,26,10,-68,-6,1,-68,-6,1,5,0,-43,LTE BAND 3,23,41944.0,5.0,5103,nan,0,1.59,0.0000
1743595185.2770472,LTE,CONNECT,FDD,4169B36,-68,-5,26,10,-68,-5,1,-68,-5,1,5,0,-44,LTE BAND 3,23,41940.0,5.0,5103,nan,0,1.59,0.0000
1743595186.3700209,LTE,CONNECT,FDD,4169B36,-68,-5,26,10,-68,-5,1,-68,-5,1,5,0,-44,LTE BAND 3,23,41949.0,5.0,5104,nan,0,1.59,0.0000
1743595187.463748,LTE,CONNECT,FDD,4169B36,-68,-5,26,10,-68,-5,1,-68,-5,1,5,0,-44,LTE BAND 3,23,41923.0,5.0,5101,nan,0,1.59,0.0000
1743595188.5569377,LTE,CONNECT,FDD,4169B36,-68,-5,26,10,-68,-5,1,-68,-5,1,5,0,-44,LTE BAND 3,23,41953.0,5.0,5104,nan,0,1.59,0.0000
1743595189.6581142,LTE,CONNECT,FDD,4169B36,-68,-5,26,9,-68,-5,1,-68,-5,1,5,0,-44,LTE BAND 3,23,41947.0,5.0,5104,nan,0,1.6,0.0000
1743595190.7565072,LTE,CONNECT,FDD,4169B36,-68,-5,25,10,-68,-5,1,-68,-5,1,5,0,-39,LTE BAND 3,23,41939.0,5.0,5103,nan,0,1.62,0.0000
1743595191.9097216,LTE,CONNECT,FDD,4169B36,-68,-5,26,10,-68,-5,1,-68,-5,1,5,0,-44,LTE BAND 3,23,41949.0,5.0,5104,nan,0,1.65,0.0000
1743595193.071317,LTE,CONNECT,FDD,4169B36,-68,-5,26,10,-68,-5,1,-68,-5,1,5,0,-43,LTE BAND 3,23,41930.0,5.0,5101,nan,0,1.7,0.0000
1743595194.173912,LTE,CONNECT,FDD,4169B36,-68,-5,26,10,-68,-5,1,-68,-5,1,5,0,-44,LTE BAND 3,23,41941.0,5.0,5103,nan,0,1.84,0.0000
1743595195.275955,LTE,CONNECT,FDD,4169B36,-68,-5,25,10,-68,-5,1,-68,-5,1,5,0,-44,LTE BAND 3,23,31459.0,3.75,3779,nan,34,1.33,0.0000
1743595196.3498912,LTE,CONNECT,FDD,4169B36,-68,-5,25,10,-68,-5,1,-68,-5,1,5,0,-44,LTE BAND 3,23,52425.0,6.25,6378,nan,0,1.43,0.0000
1743595197.4630625,LTE,CONNECT,FDD,4169B36,-68,-5,25,10,-68,-5,1,-68,-5,1,5,0,-44,LTE BAND 3,23,41936.0,5.0,5102,nan,0,1.56,0.0000
1743595198.5511286,LTE,CONNECT,FDD,4169B36,-68,-5,26,10,-68,-5,1,-68,-5,1,5,0,-44,LTE BAND 3,23,41950.0,5.0,5104,nan,0,1.66,0.0000
1743595199.663708,LTE,CONNECT,FDD,4169B36,-68,-5,25,10,-68,-5,1,-68,-5,1,5,0,-44,LTE BAND 3,23,31456.0,3.75,3827,nan,0,1.74,0.0000
1743595200.7063425,LTE,CONNECT,FDD,4169B36,-68,-5,26,10,-68,-5,1,-68,-5,1,5,0,-43,LTE BAND 3,23,41947.0,5.0,5104,nan,0,1.8,0.0000
1743595201.8312438,LTE,CONNECT,FDD,4169B36,-68,-5,26,10,-68,-5,1,-68,-5,1,5,0,-44,LTE BAND 3,23,41947.0,5.0,5088,nan,11,1.29,0.0000
1743595202.9448128,LTE,CONNECT,FDD,4169B36,-68,-5,26,10,-68,-5,1,-68,-5,1,5,0,-44,LTE BAND 3,23,41942.0,5.0,5103,nan,0,1.37,0.0000
1743595204.0492697,LTE,CONNECT,FDD,4169B36,-68,-5,26,10,-68,-5,1,-68,-5,1,5,0,-44,LTE BAND 3,23,41944.0,5.0,5103,nan,0,1.43,0.0000
1743595205.1411312,LTE,CONNECT,FDD,4169B36,-68,-5,26,10,-68,-5,1,-68,-5,1,5,0,-44,LTE BAND 3,23,41943.0,5.0,5103,nan,0,1.51,0.0000
1743595206.2823486,LTE,CONNECT,FDD,4169B36,-68,-5,25,10,-68,-5,1,-68,-5,1,5,0,-44,LTE BAND 3,23,41923.0,5.0,5101,nan,0,1.53,0.0000
1743595207.4101403,LTE,CONNECT,FDD,4169B36,-68,-5,26,10,-68,-5,1,-68,-5,1,5,0,-43,LTE BAND 3,23,31472.0,3.75,3829,nan,0,1.53,0.0000
1743595208.517232,LTE,CONNECT,FDD,4169B36,-68,-7,26,8,-68,-6,1,-68,-6,1,5,0,-44,LTE BAND 3,23,41946.0,5.0,5103,nan,0,1.54,0.0000
1743595209.6664793,LTE,CONNECT,FDD,4169B36,-68,-5,26,10,-68,-5,1,-68,-5,1,5,0,-44,LTE BAND 3,23,41943.0,5.0,5103,nan,0,1.54,0.0000
1743595210.8001978,LTE,CONNECT,FDD,4169B36,-68,-5,26,10,-68,-5,1,-68,-5,1,5,0,-43,LTE BAND 3,23,41949.0,5.0,5104,nan,0,1.54,0.0000
1743595211.9327066,LTE,CONNECT,FDD,4169B36,-68,-5,26,10,-68,-5,1,-68,-5,1,5,0,-44,LTE BAND 3,23,31450.0,3.75,3826,nan,0,1.54,0.0000
1743595213.053832,LTE,CONNECT,FDD,4169B36,-68,-5,26,10,-68,-5,1,-68,-5,1,5,0,-44,LTE BAND 3,23,52437.0,6.25,6380,nan,0,1.55,0.0000
1743595222.3855062,LTE,CONNECT,FDD,4169B36,-68,-4,26,0,-68,-4,1,-68,-4,1,5,1,-44,LTE BAND 3,23,nan,nan,nan,nan,nan,nan,nan
1743595223.522739,LTE,CONNECT,FDD,4169B36,-68,-5,26,9,-68,-5,1,-68,-5,1,5,0,-44,LTE BAND 3,23,nan,nan,nan,nan,nan,nan,nan
1743595224.6561098,LTE,CONNECT,FDD,4169B36,-68,-5,26,11,-68,-5,1,-68,-5,1,5,0,-43,LTE BAND 3,23,25409.0,3.03,3091,nan,0,228.0,0.0000
1743595225.7935781,LTE,CONNECT,FDD,4169B36,-69,-6,25,12,-69,-6,1,-69,-6,1,5,0,-45,LTE BAND 3,23,52925.0,6.31,6439,nan,0,745.0,0.0000
1743595226.9529543,LTE,CONNECT,FDD,4169B36,-69,-5,25,11,-69,-5,1,-69,-5,1,5,0,-45,LTE BAND 3,23,40468.0,4.82,4924,nan,0,997.0,0.0000
1743595228.0919664,LTE,CONNECT,FDD,4169B36,-70,-5,24,13,-70,-5,1,-70,-5,1,5,0,-45,LTE BAND 3,23,50541.0,6.03,6149,nan,0,1.24,0.0000
1743595229.233103,LTE,CONNECT,FDD,4169B36,-68,-5,26,10,-68,-5,1,-68,-5,1,5,0,-44,LTE BAND 3,23,52436.0,6.25,6380,nan,0,1.29,0.0000
1743595230.3646421,LTE,CONNECT,FDD,4169B36,-69,-5,26,11,-69,-5,1,-69,-5,1,5,0,-44,LTE BAND 3,23,41900.0,5.0,5098,nan,0,1.29,0.0000
1743595231.4868736,LTE,CONNECT,FDD,4169B36,-69,-5,26,11,-69,-5,1,-69,-5,1,5,0,-44,LTE BAND 3,23,41993.0,5.0,5109,nan,0,1.29,0.0000
1743595232.622376,LTE,CONNECT,FDD,4169B36,-69,-5,26,11,-69,-5,1,-69,-5,1,5,0,-44,LTE BAND 3,23,31447.0,3.75,3826,nan,0,1.29,0.0000
1743595233.7612982,LTE,CONNECT,FDD,4169B36,-69,-5,25,11,-69,-5,1,-69,-5,1,5,0,-44,LTE BAND 3,23,41950.0,5.0,5104,nan,0,1.29,0.0000
1743595234.8797643,LTE,CONNECT,FDD,4169B36,-69,-5,25,11,-69,-5,1,-69,-5,1,5,0,-45,LTE BAND 3,23,41936.0,5.0,5102,nan,0,1.29,0.0000
1743595236.0140953,LTE,CONNECT,FDD,4169B36,-69,-5,25,11,-69,-5,1,-69,-5,1,5,0,-45,LTE BAND 3,23,41944.0,5.0,5103,nan,0,1.29,0.0000
1743595237.1480238,LTE,CONNECT,FDD,4169B36,-69,-5,25,11,-69,-5,1,-69,-5,1,5,0,-45,LTE BAND 3,23,41939.0,5.0,5103,nan,0,1.29,0.0000
1743595238.2848783,LTE,CONNECT,FDD,4169B36,-69,-5,25,11,-69,-5,1,-69,-5,1,5,0,-45,LTE BAND 3,23,41924.0,5.0,5101,nan,0,1.29,0.0000
1743595239.419586,LTE,CONNECT,FDD,4169B36,-69,-5,25,11,-69,-5,1,-69,-5,1,5,0,-45,LTE BAND 3,23,41967.0,5.0,5106,nan,0,1.29,0.0000
1743595240.55569,LTE,CONNECT,FDD,4169B36,-69,-5,25,11,-69,-5,1,-69,-5,1,5,0,-43,LTE BAND 3,23,41949.0,5.0,5104,nan,0,1.29,0.0000
1743595241.672866,LTE,CONNECT,FDD,4169B36,-69,-5,26,11,-69,-5,1,-69,-5,1,5,0,-44,LTE BAND 3,23,41936.0,5.0,5102,nan,0,1.29,0.0000
1743595242.8183937,LTE,CONNECT,FDD,4169B36,-69,-5,26,11,-69,-5,1,-69,-5,1,5,0,-45,LTE BAND 3,23,41950.0,5.0,5104,nan,0,1.29,0.0000
1743595243.9551897,LTE,CONNECT,FDD,4169B36,-69,-5,25,11,-69,-5,1,-69,-5,1,5,0,-45,LTE BAND 3,23,41951.0,5.0,5104,nan,0,1.29,0.0000
1743595245.071616,LTE,CONNECT,FDD,4169B36,-69,-5,25,11,-69,-5,1,-69,-5,1,5,0,-45,LTE BAND 3,23,41937.0,5.0,5102,nan,0,1.29,0.0000
1743595246.1712506,LTE,CONNECT,FDD,4169B36,-69,-5,26,11,-69,-5,1,-69,-5,1,5,0,-45,LTE BAND 3,23,41945.0,5.0,5103,nan,0,1.29,0.0000
1743595247.300354,LTE,CONNECT,FDD,4169B36,-69,-5,25,11,-69,-5,1,-69,-5,1,5,0,-45,LTE BAND 3,23,41941.0,5.0,5103,nan,0,1.29,0.0000
1743595248.4321666,LTE,CONNECT,FDD,4169B36,-68,-5,25,10,-68,-5,1,-68,-5,1,5,0,-44,LTE BAND 3,23,41936.0,5.0,5102,nan,0,1.29,0.0000
1743595249.5741496,LTE,CONNECT,FDD,4169B36,-69,-5,26,11,-69,-5,1,-69,-5,1,5,0,-44,LTE BAND 3,23,52435.0,6.25,6380,nan,0,1.29,0.0000
1743595250.7050872,LTE,CONNECT,FDD,4169B36,-69,-9,25,11,-69,-9,1,-69,-9,1,5,0,-40,LTE BAND 3,23,41948.0,5.0,5104,nan,0,1.29,0.0000
1743595251.824143,LTE,CONNECT,FDD,4169B36,-69,-5,25,11,-69,-5,1,-69,-5,1,5,0,-45,LTE BAND 3,23,41946.0,5.0,5103,nan,0,1.29,0.0000
1743595252.9050806,LTE,CONNECT,FDD,4169B36,-71,-5,26,13,-71,-5,1,-71,-5,1,5,0,-46,LTE BAND 3,23,41947.0,5.0,5104,nan,0,1.29,0.0000
1743595254.032721,LTE,CONNECT,FDD,4169B36,-70,-5,26,12,-70,-5,1,-70,-5,1,5,0,-45,LTE BAND 3,23,52430.0,6.25,6379,nan,0,1.29,0.0000
1743595255.1530879,LTE,CONNECT,FDD,4169B36,-70,-5,26,12,-70,-5,1,-70,-5,1,5,0,-45,LTE BAND 3,23,41942.0,5.0,5103,nan,0,1.29,0.0000
1743595256.2791743,LTE,CONNECT,FDD,4169B36,-70,-5,26,12,-70,-5,1,-70,-5,1,5,0,-45,LTE BAND 3,23,41934.0,5.0,5102,nan,0,1.29,0.0000
1743595257.3349888,LTE,CONNECT,FDD,4169B36,-70,-5,26,12,-70,-5,1,-70,-5,1,5,0,-45,LTE BAND 3,23,41938.0,5.0,5102,nan,0,1.29,0.0000
1743595258.4211826,LTE,CONNECT,FDD,4169B36,-70,-5,26,12,-70,-5,1,-70,-5,1,5,0,-45,LTE BAND 3,23,41959.0,5.0,5105,nan,0,1.29,0.0000
1743595259.5553646,LTE,CONNECT,FDD,4169B36,-70,-5,25,12,-70,-5,1,-70,-5,1,5,0,-45,LTE BAND 3,23,41938.0,5.0,5102,nan,0,1.29,0.0000
1743595260.667712,LTE,CONNECT,FDD,4169B36,-70,-5,26,12,-70,-5,1,-70,-5,1,5,0,-45,LTE BAND 3,23,41944.0,5.0,5103,nan,0,1.29,0.0000
1743595261.7813816,LTE,CONNECT,FDD,4169B36,-70,-5,25,12,-70,-5,1,-70,-5,1,5,0,-45,LTE BAND 3,23,42019.0,5.0,5112,nan,0,1.29,0.0000
1743595262.9162576,LTE,CONNECT,FDD,4169B36,-70,-5,25,12,-70,-5,1,-70,-5,1,5,0,-45,LTE BAND 3,23,41951.0,5.0,5104,nan,0,1.29,0.0000
1743595264.0677428,LTE,CONNECT,FDD,4169B36,-69,-6,26,11,-69,-6,1,-69,-6,1,5,0,-40,LTE BAND 3,23,41917.0,5.0,5100,nan,0,1.29,0.0000
1743595265.1930897,LTE,CONNECT,FDD,4169B36,-69,-5,26,11,-69,-5,1,-69,-5,1,5,0,-45,LTE BAND 3,23,41960.0,5.0,5105,nan,0,1.29,0.0000
1743595266.3250089,LTE,CONNECT,FDD,4169B36,-70,-5,26,12,-70,-5,1,-70,-5,1,5,0,-45,LTE BAND 3,23,41949.0,5.0,5104,nan,0,1.29,0.0000
1743595267.4552658,LTE,CONNECT,FDD,4169B36,-69,-5,26,11,-69,-5,1,-69,-5,1,5,0,-45,LTE BAND 3,23,41945.0,5.0,5103,nan,0,1.29,0.0000
1743595268.5891953,LTE,CONNECT,FDD,4169B36,-69,-5,26,11,-69,-5,1,-69,-5,1,5,0,-45,LTE BAND 3,23,41939.0,5.0,5103,nan,0,1.29,0.0000
1743595269.7301455,LTE,CONNECT,FDD,4169B36,-69,-5,26,11,-69,-5,1,-69,-5,1,5,0,-45,LTE BAND 3,23,41962.0,5.0,5105,nan,0,1.29,0.0000
1743595270.8448112,LTE,CONNECT,FDD,4169B36,-69,-5,26,11,-69,-5,1,-69,-5,1,5,0,-45,LTE BAND 3,23,41943.0,5.0,5103,nan,0,1.29,0.0000
1743595271.9639277,LTE,CONNECT,FDD,4169B36,-69,-5,26,11,-69,-5,1,-69,-5,1,5,0,-45,LTE BAND 3,23,41916.0,5.0,5100,nan,0,1.29,0.0000
1743595273.1075668,LTE,CONNECT,FDD,4169B36,-69,-5,26,11,-69,-5,1,-69,-5,1,5,0,-45,LTE BAND 3,23,31472.0,3.75,3829,nan,0,1.29,0.0000
1743595274.2398412,LTE,CONNECT,FDD,4169B36,-69,-5,26,11,-69,-5,1,-69,-5,1,5,0,-45,LTE BAND 3,23,41937.0,5.0,5102,nan,0,1.29,0.0000
1743595275.3427799,LTE,CONNECT,FDD,4169B36,-69,-6,26,11,-69,-6,1,-69,-6,1,5,0,-44,LTE BAND 3,23,52450.0,6.25,6381,nan,0,1.29,0.0000
1743595276.409347,LTE,CONNECT,FDD,4169B36,-69,-5,26,11,-69,-5,1,-69,-5,1,5,0,-45,LTE BAND 3,23,41933.0,5.0,5102,nan,0,1.29,0.0000
1743595277.5302122,LTE,CONNECT,FDD,4169B36,-69,-5,26,11,-69,-5,1,-69,-5,1,5,0,-45,LTE BAND 3,23,31458.0,3.75,3827,nan,0,1.29,0.0000
1743595278.6712606,LTE,CONNECT,FDD,4169B36,-69,-5,26,11,-69,-5,1,-69,-5,1,5,0,-45,LTE BAND 3,23,41942.0,5.0,5103,nan,0,1.29,0.0000
1743595279.7946773,LTE,CONNECT,FDD,4169B36,-69,-5,26,11,-69,-5,1,-69,-5,1,5,0,-45,LTE BAND 3,23,41927.0,5.0,5101,nan,0,1.29,0.0000
1743595280.8989797,LTE,CONNECT,FDD,4169B36,-69,-5,26,11,-69,-5,1,-69,-5,1,5,0,-45,LTE BAND 3,23,41945.0,5.0,5103,nan,0,1.29,0.0000
1743595281.9999304,LTE,CONNECT,FDD,4169B36,-69,-5,26,11,-69,-5,1,-69,-5,1,5,0,-45,LTE BAND 3,23,41935.0,5.0,5102,nan,0,1.29,0.0000
1743595283.1205845,LTE,CONNECT,FDD,4169B36,-69,-5,26,11,-69,-5,1,-69,-5,1,5,0,-45,LTE BAND 3,23,41960.0,5.0,5105,nan,0,1.29,0.0000
1743595284.2738144,LTE,CONNECT,FDD,4169B36,-69,-5,25,11,-69,-5,1,-69,-5,1,5,0,-45,LTE BAND 3,23,41949.0,5.0,5104,nan,0,1.29,0.0000
1743595285.403556,LTE,CONNECT,FDD,4169B36,-69,-5,26,11,-69,-5,1,-69,-5,1,5,0,-45,LTE BAND 3,23,41934.0,5.0,5102,nan,0,1.29,0.0000
1743595286.5357745,LTE,CONNECT,FDD,4169B36,-69,-5,26,11,-69,-5,1,-69,-5,1,5,0,-45,LTE BAND 3,23,41944.0,5.0,5103,nan,0,1.29,0.0000
1743595287.6514945,LTE,CONNECT,FDD,4169B36,-69,-5,26,11,-69,-5,1,-69,-5,1,5,0,-45,LTE BAND 3,23,41946.0,5.0,5103,nan,0,1.29,0.0000
1743595288.7898598,LTE,CONNECT,FDD,4169B36,-69,-5,27,11,-69,-5,1,-69,-5,1,5,0,-45,LTE BAND 3,23,41936.0,5.0,5102,nan,0,1.29,0.0000
1743595289.8700926,LTE,CONNECT,FDD,4169B36,-70,-5,26,12,-70,-5,1,-70,-5,1,5,0,-45,LTE BAND 3,23,41946.0,5.0,5103,nan,0,1.29,0.0000
1743595291.0158186,LTE,CONNECT,FDD,4169B36,-70,-5,26,12,-70,-5,1,-70,-5,1,5,0,-45,LTE BAND 3,23,41942.0,5.0,5103,nan,0,1.29,0.0000
1743595292.1544812,LTE,CONNECT,FDD,4169B36,-70,-5,26,12,-70,-5,1,-70,-5,1,5,0,-45,LTE BAND 3,23,41944.0,5.0,5103,nan,0,1.29,0.0000
1743595293.2761843,LTE,CONNECT,FDD,4169B36,-70,-5,26,12,-70,-5,1,-70,-5,1,5,0,-45,LTE BAND 3,23,41941.0,5.0,5103,nan,0,1.29,0.0000
1743595294.4051452,LTE,CONNECT,FDD,4169B36,-69,-5,26,11,-69,-5,1,-69,-5,1,5,0,-45,LTE BAND 3,23,41942.0,5.0,5103,nan,0,1.29,0.0000
1743595295.5284493,LTE,CONNECT,FDD,4169B36,-69,-5,26,11,-69,-5,1,-69,-5,1,5,0,-45,LTE BAND 3,23,41947.0,5.0,5104,nan,0,1.29,0.0000
1743595296.654679,LTE,CONNECT,FDD,4169B36,-69,-5,26,11,-69,-5,1,-69,-5,1,5,0,-45,LTE BAND 3,23,41945.0,5.0,5103,nan,0,1.29,0.0000
1743595297.8181748,LTE,CONNECT,FDD,4169B36,-69,-5,26,11,-69,-5,1,-69,-5,1,5,0,-45,LTE BAND 3,23,41940.0,5.0,5103,nan,0,1.29,0.0000
1743595298.9710078,LTE,CONNECT,FDD,4169B36,-69,-5,25,11,-69,-5,1,-69,-5,1,5,0,-45,LTE BAND 3,23,41945.0,5.0,5103,nan,0,1.29,0.0000
1743595300.1086013,LTE,CONNECT,FDD,4169B36,-69,-5,26,11,-69,-5,1,-69,-5,1,5,0,-45,LTE BAND 3,23,41945.0,5.0,5103,nan,0,1.29,0.0000
1743595301.2474325,LTE,CONNECT,FDD,4169B36,-69,-5,26,11,-69,-5,1,-69,-5,1,5,0,-44,LTE BAND 3,23,41942.0,5.0,5103,nan,0,1.29,0.0000
1743595302.3839695,LTE,CONNECT,FDD,4169B36,-69,-5,26,11,-69,-5,1,-69,-5,1,5,0,-44,LTE BAND 3,23,41948.0,5.0,5104,nan,0,1.29,0.0000
1743595303.5215943,LTE,CONNECT,FDD,4169B36,-70,-5,26,12,-70,-5,1,-70,-5,1,5,0,-45,LTE BAND 3,23,41941.0,5.0,5103,nan,0,1.29,0.0000
1743595304.659096,LTE,CONNECT,FDD,4169B36,-70,-5,26,12,-70,-5,1,-70,-5,1,5,0,-45,LTE BAND 3,23,41942.0,5.0,5103,nan,0,1.29,0.0000
1743595305.7942405,LTE,CONNECT,FDD,4169B36,-70,-5,26,12,-70,-5,1,-70,-5,1,5,0,-46,LTE BAND 3,23,31453.0,3.75,3827,nan,0,1.29,0.0000
1743595306.9229248,LTE,CONNECT,FDD,4169B36,-70,-6,26,12,-70,-5,1,-70,-5,1,5,0,-45,LTE BAND 3,23,41949.0,5.0,5104,nan,0,1.29,0.0000
