timestamp,network_mode,state,duplex_mode,cell_id,rsrp,rsrq,sinr,tx_power,max_neighbor_rsrp,max_neighbor_rsrq,max_neighbor_sinr,avg_neighbor_rsrp,avg_neighbor_rsrq,avg_neighbor_sinr,bandwidth,cell_changed,rssi,band,mcs,ul_bandwidth,ul_throughput,rtt,retry,cwnd,loss_rate
1743334151.552856,NR5G-SA,NOCONN,TDD,DE3B0B093,-75,-2,6,13,-74,-1,10,-74,-1,10,100,1,-60,NR N78,25,nan,nan,nan,nan,nan,nan
1743334152.6520543,NR5G-SA,CONNECT,TDD,DE3B0B093,-75,-2,6,13,-75,-3,9,-75,-3,9,20,0,-55,NR N78,25,nan,nan,nan,nan,nan,nan
1743334153.7488873,NR5G-SA,CONNECT,TDD,DE3B0B093,-75,-3,6,21,-75,-3,9,-75,-3,9,100,0,-54,NR N78,23,40.9,4.87,nan,0,270.0,0.0000
1743334154.8257685,NR5G-SA,CONNECT,TDD,DE3B0B093,-75,-3,6,21,-75,-2,8,-75,-2,8,100,0,-58,NR N78,23,59.7,7.11,nan,0,963.0,0.0000
1743334155.9083748,NR5G-SA,CONNECT,TDD,DE3B0B093,-75,-3,4,21,-75,-2,8,-75,-2,8,100,0,-60,NR N78,21,60.3,7.18,nan,0,1.25,0.0000
1743334156.9973385,NR5G-SA,CONNECT,TDD,DE3B0B093,-75,-3,4,21,-75,-1,8,-75,-1,8,100,0,-59,NR N78,21,52.4,6.25,nan,0,1.57,0.0000
1743334158.0920317,NR5G-SA,CONNECT,TDD,DE3B0B093,-75,-3,3,20,-75,-2,8,-75,-2,8,100,0,-60,NR N78,21,52.4,6.25,nan,0,1.89,0.0000
1743334159.202016,NR5G-SA,CONNECT,TDD,DE3B0B093,-76,-3,3,20,-74,-2,8,-74,-2,8,100,0,-60,NR N78,21,52.4,6.25,nan,0,2.21,0.0000
1743334160.2738187,NR5G-SA,CONNECT,TDD,DE3B0B093,-76,-3,3,21,-75,-1,8,-75,-1,8,100,0,-60,NR N78,20,62.9,7.5,nan,0,2.56,0.0000
1743334161.3390236,NR5G-SA,CONNECT,TDD,DE3B0B093,-76,-3,3,21,-75,-2,8,-75,-2,8,100,0,-60,NR N78,20,52.4,6.25,nan,0,2.89,0.0000
1743334162.4080164,NR5G-SA,CONNECT,TDD,DE3B0B093,-76,-3,3,20,-75,-2,8,-75,-2,8,100,0,-57,NR N78,20,62.9,7.5,nan,0,3.16,0.0000
1743334163.4619555,NR5G-SA,CONNECT,TDD,DE3B0B093,-76,-4,3,20,-75,-2,7,-75,-2,7,100,0,-57,NR N78,20,52.4,6.25,nan,0,3.16,0.0000
1743334164.523118,NR5G-SA,CONNECT,TDD,DE3B0B093,-76,-3,3,21,-75,-2,8,-75,-2,8,100,0,-59,NR N78,20,52.4,6.25,nan,0,3.16,0.0000
1743334165.5647693,NR5G-SA,CONNECT,TDD,DE3B0B093,-76,-3,3,21,-75,-2,8,-75,-2,8,100,0,-59,NR N78,20,52.4,6.25,nan,0,3.16,0.0000
1743334166.655958,NR5G-SA,CONNECT,TDD,DE3B0B093,-76,-5,3,20,-75,-2,8,-75,-2,8,100,0,-57,NR N78,20,62.9,7.5,nan,0,3.16,0.0000
1743334167.7466662,NR5G-SA,CONNECT,TDD,DE3B0B093,-76,-5,3,21,-75,-2,8,-75,-2,8,100,0,-58,NR N78,20,52.4,6.25,nan,0,3.16,0.0000
1743334168.8248699,NR5G-SA,CONNECT,TDD,DE3B0B093,-76,-5,3,21,-75,-2,8,-75,-2,8,100,0,-60,NR N78,20,41.9,5.0,nan,0,3.16,0.0000
1743334169.879318,NR5G-SA,CONNECT,TDD,DE3B0B093,-76,-4,3,20,-75,-2,8,-75,-2,8,100,0,-59,NR N78,19,52.4,6.25,nan,0,3.16,0.0000
1743334170.9200363,NR5G-SA,CONNECT,TDD,DE3B0B093,-76,-5,3,20,-75,-2,7,-75,-2,7,100,0,-57,NR N78,19,52.4,6.25,nan,0,3.16,0.0000
1743334172.0172718,NR5G-SA,CONNECT,TDD,DE3B0B093,-76,-5,3,20,-75,-2,7,-75,-2,7,100,0,-56,NR N78,20,62.9,7.5,nan,0,3.16,0.0000
1743334173.0967462,NR5G-SA,CONNECT,TDD,DE3B0B093,-76,-5,3,20,-75,-2,7,-75,-2,7,100,0,-60,NR N78,20,62.9,7.5,nan,0,3.16,0.0000
1743334174.2053685,NR5G-SA,CONNECT,TDD,DE3B0B093,-76,-4,2,21,-75,-2,7,-75,-2,7,100,0,-58,NR N78,20,52.4,6.25,nan,0,3.16,0.0000
1743334175.250932,NR5G-SA,CONNECT,TDD,DE3B0B093,-76,-4,2,21,-75,-2,7,-75,-2,7,100,0,-60,NR N78,20,52.4,6.25,nan,0,3.16,0.0000
1743334176.3345573,NR5G-SA,CONNECT,TDD,DE3B0B093,-76,-3,2,20,-75,-2,7,-75,-2,7,100,0,-60,NR N78,19,52.4,6.25,nan,0,3.16,0.0000
1743334177.3864686,NR5G-SA,CONNECT,TDD,DE3B0B093,-76,-3,2,20,-75,-1,7,-75,-1,7,100,0,-59,NR N78,19,52.4,6.25,nan,0,3.16,0.0000
1743334178.434839,NR5G-SA,CONNECT,TDD,DE3B0B093,-76,-4,2,21,-75,-2,7,-75,-2,7,100,0,-60,NR N78,20,52.4,6.25,nan,0,3.16,0.0000
1743334179.508854,NR5G-SA,CONNECT,TDD,DE3B0B093,-76,-4,2,21,-75,-2,7,-75,-2,7,100,0,-57,NR N78,20,52.4,6.25,nan,0,3.16,0.0000
1743334180.5918539,NR5G-SA,CONNECT,TDD,DE3B0B093,-76,-4,3,21,-74,-1,8,-74,-1,8,100,0,-60,NR N78,20,62.9,7.5,nan,0,3.16,0.0000
1743334181.6884415,NR5G-SA,CONNECT,TDD,DE3B0B093,-76,-3,3,21,-74,-1,8,-74,-1,8,100,0,-60,NR N78,21,52.4,6.25,nan,0,3.16,0.0000
1743334182.7589822,NR5G-SA,CONNECT,TDD,DE3B0B093,-76,-3,3,21,-75,-1,8,-75,-1,8,100,0,-58,NR N78,21,62.9,7.5,nan,0,3.16,0.0000
1743334183.8327706,NR5G-SA,CONNECT,TDD,DE3B0B093,-76,-3,3,20,-74,-1,8,-74,-1,8,100,0,-57,NR N78,21,52.4,6.25,nan,0,3.16,0.0000
1743334184.9216437,NR5G-SA,CONNECT,TDD,DE3B0B093,-76,-3,3,20,-75,-1,8,-75,-1,8,100,0,-60,NR N78,21,52.4,6.25,nan,0,3.16,0.0000
1743334186.0199344,NR5G-SA,CONNECT,TDD,DE3B0B093,-76,-3,3,20,-75,-1,8,-75,-1,8,100,0,-60,NR N78,20,62.9,7.5,nan,0,3.16,0.0000
1743334187.0696366,NR5G-SA,CONNECT,TDD,DE3B0B093,-76,-3,2,20,-74,-1,8,-74,-1,8,100,0,-60,NR N78,20,41.9,5.0,nan,0,3.16,0.0000
1743334188.1373675,NR5G-SA,CONNECT,TDD,CFE10C08F,-76,-2,5,20,-76,-3,1,-76,-3,1,100,1,-62,NR N78,20,52.4,6.25,nan,0,3.16,0.0000
1743334189.2416005,NR5G-SA,CONNECT,TDD,CFE10C08F,-76,-2,6,20,-77,-3,2,-77,-3,2,100,0,-61,NR N78,14,31.5,3.75,nan,0,3.16,0.0000
1743334190.3423777,NR5G-SA,CONNECT,TDD,CFE10C08F,-76,-2,6,20,-77,-4,1,-100,-13,1,100,0,-61,NR N78,14,31.5,3.75,nan,0,3.16,0.0000
1743334191.4359465,NR5G-SA,CONNECT,TDD,CFE10C08F,-76,-2,7,21,-77,-2,7,-99,-10,2,100,0,-61,NR N78,9,21.0,2.5,nan,0,3.16,0.0000
1743334192.5526948,NR5G-SA,CONNECT,TDD,CFE10C08F,-76,-2,7,21,-76,-2,7,-99,-9,2,100,0,-60,NR N78,9,21.0,2.5,nan,0,3.16,0.0000
1743334193.6408014,NR5G-SA,CONNECT,TDD,CFE10C08F,-76,-2,7,21,-76,-3,4,-99,-12,-1,100,0,-61,NR N78,8,21.0,2.5,nan,0,3.16,0.0000
1743334194.7389076,NR5G-SA,CONNECT,TDD,CFE10C08F,-76,-2,7,21,-76,-2,5,-104,-13,-1,100,0,-61,NR N78,8,10.5,1.25,nan,0,3.16,0.0000
1743334195.7874866,NR5G-SA,CONNECT,TDD,CFE10C08F,-76,-2,7,21,-76,-2,5,-102,-13,0,100,0,-60,NR N78,9,31.5,3.75,nan,0,3.16,0.0000
1743334196.8647466,NR5G-SA,CONNECT,TDD,CFE10C08F,-76,-2,6,21,-76,-2,8,-103,-13,-1,100,0,-60,NR N78,9,31.5,3.75,nan,0,3.16,0.0000
1743334197.9535842,NR5G-SA,CONNECT,TDD,CFE10C08F,-76,-2,6,21,-76,-2,10,-100,-12,0,100,0,-61,NR N78,12,31.5,3.75,nan,0,3.16,0.0000
1743334199.0722167,NR5G-SA,CONNECT,TDD,CFE10C08F,-76,-2,6,21,-76,-2,10,-102,-13,0,100,0,-61,NR N78,12,31.5,3.75,nan,0,3.16,0.0000
1743334200.1598577,NR5G-SA,CONNECT,TDD,CFE10C08F,-76,-2,6,21,-75,-3,8,-102,-13,0,100,0,-59,NR N78,13,31.5,3.75,nan,0,3.16,0.0000
1743334201.219963,NR5G-SA,CONNECT,TDD,CFE10C08F,-76,-2,6,21,-75,-3,10,-102,-12,0,100,0,-61,NR N78,13,31.5,3.75,nan,0,3.16,0.0000
1743334202.2595577,NR5G-SA,CONNECT,TDD,CFE10C08F,-76,-2,7,21,-77,-3,10,-101,-10,1,100,0,-62,NR N78,13,42.0,5.0,nan,0,3.16,0.0000
1743334203.3666852,NR5G-SA,CONNECT,TDD,CFE10C08F,-76,-2,7,21,-76,-3,9,-97,-9,1,100,0,-61,NR N78,15,31.4,3.75,nan,0,3.16,0.0000
1743334204.4731722,NR5G-SA,CONNECT,TDD,CFE10C08F,-76,-2,7,21,-76,-3,8,-103,-11,0,100,0,-61,NR N78,15,42.0,5.0,nan,0,3.16,0.0000
1743334205.5801272,NR5G-SA,CONNECT,TDD,CFE10C08F,-76,-2,6,21,-76,-3,8,-102,-11,0,100,0,-60,NR N78,16,31.4,3.75,nan,0,3.16,0.0000
1743334206.6560996,NR5G-SA,CONNECT,TDD,CFE10C08F,-76,-2,6,21,-76,-4,4,-103,-13,-2,100,0,-61,NR N78,16,41.9,5.0,nan,0,3.16,0.0000
1743334207.7427974,NR5G-SA,CONNECT,TDD,CFE10C08F,-76,-2,6,20,-76,-4,3,-104,-13,-2,100,0,-61,NR N78,16,31.5,3.75,nan,0,3.16,0.0000
1743334208.8566785,NR5G-SA,CONNECT,TDD,CFE10C08F,-76,-2,6,20,-77,-3,9,-104,-12,0,100,0,-61,NR N78,16,31.5,3.75,nan,0,3.16,0.0000
1743334209.9016216,NR5G-SA,CONNECT,TDD,CFE10C08F,-76,-2,6,20,-77,-4,7,-103,-13,-1,100,0,-62,NR N78,13,42.0,5.0,nan,0,3.16,0.0000
1743334210.9512322,NR5G-SA,CONNECT,TDD,CFE10C08F,-76,-2,6,20,-77,-4,7,-102,-14,-2,100,0,-62,NR N78,13,41.9,5.0,nan,0,3.16,0.0000
1743334211.993616,NR5G-SA,CONNECT,TDD,CFE10C08F,-76,-2,6,20,-78,-4,6,-102,-12,0,100,0,-62,NR N78,16,41.9,5.0,nan,0,3.16,0.0000
1743334213.054916,NR5G-SA,CONNECT,TDD,CFE10C08F,-76,-2,6,20,-78,-2,12,-101,-12,0,100,0,-61,NR N78,16,41.9,5.0,nan,0,3.16,0.0000
1743334214.104406,NR5G-SA,CONNECT,TDD,CFE10C08F,-77,-2,7,21,-77,-2,12,-102,-11,1,100,0,-62,NR N78,16,31.4,3.75,nan,0,3.16,0.0000
1743334215.1640518,NR5G-SA,CONNECT,TDD,CFE10C08F,-77,-2,7,21,-76,-5,6,-101,-14,-1,100,0,-61,NR N78,15,42.0,5.0,nan,0,3.16,0.0000
1743334216.2588577,NR5G-SA,CONNECT,TDD,CFE10C08F,-77,-2,7,21,-76,-3,6,-101,-14,-1,100,0,-61,NR N78,15,21.0,2.5,nan,0,3.16,0.0000
1743334217.3472404,NR5G-SA,CONNECT,TDD,CFE10C08F,-77,-2,7,21,-76,-3,6,-100,-12,0,100,0,-61,NR N78,15,41.9,5.0,nan,0,3.16,0.0000
1743334218.4475698,NR5G-SA,CONNECT,TDD,CFE10C08F,-77,-2,8,21,-76,-2,12,-99,-10,1,100,0,-61,NR N78,15,41.9,5.0,nan,0,3.16,0.0000
1743334219.559804,NR5G-SA,CONNECT,TDD,CFE10C08F,-76,-2,8,21,-77,-2,12,-105,-12,0,100,0,-61,NR N78,15,31.4,3.75,nan,0,3.16,0.0000
1743334220.6700556,NR5G-SA,CONNECT,TDD,CFE10C08F,-76,-2,8,21,-77,-2,12,-101,-12,-1,100,0,-61,NR N78,15,41.9,5.0,nan,0,3.16,0.0000
1743334221.733534,NR5G-SA,CONNECT,TDD,CFE10C08F,-76,-1,7,21,-77,-2,11,-103,-12,0,100,0,-61,NR N78,16,31.5,3.75,nan,0,3.16,0.0000
1743334222.8597417,NR5G-SA,CONNECT,TDD,CFE10C08F,-76,-1,7,21,-77,-2,11,-104,-11,0,100,0,-61,NR N78,16,41.9,5.0,nan,0,3.16,0.0000
1743334223.9219804,NR5G-SA,CONNECT,TDD,CFE10C08F,-76,-1,7,21,-77,-4,1,-106,-13,-1,100,0,-61,NR N78,15,31.5,3.75,nan,0,3.16,0.0000
1743334224.9754348,NR5G-SA,CONNECT,TDD,CFE10C08F,-76,-1,7,21,-77,-2,10,-103,-12,-1,100,0,-61,NR N78,15,31.5,3.75,nan,0,3.16,0.0000
1743334226.0631168,NR5G-SA,CONNECT,TDD,CFE10C08F,-76,-1,8,20,-78,-2,10,-104,-13,-1,100,0,-60,NR N78,15,41.9,5.0,nan,0,3.16,0.0000
1743334227.2016222,NR5G-SA,CONNECT,TDD,CFE10C08F,-75,-1,8,20,-78,-2,14,-104,-11,0,100,0,-60,NR N78,16,41.9,5.0,nan,0,3.16,0.0000
1743334228.2506516,NR5G-SA,CONNECT,TDD,CFE10C08F,-76,-1,8,20,-78,-1,15,-101,-10,1,100,0,-61,NR N78,16,31.5,3.75,nan,0,3.16,0.0000
1743334229.352584,NR5G-SA,CONNECT,TDD,CFE10C08F,-76,-1,8,20,-78,-1,15,-103,-11,1,100,0,-62,NR N78,14,31.5,3.75,nan,0,3.16,0.0000
1743334230.47308,NR5G-SA,CONNECT,TDD,CFE10C08F,-76,-1,8,20,-78,-1,13,-102,-12,0,100,0,-61,NR N78,14,31.5,3.75,nan,0,3.16,0.0000
1743334231.531524,NR5G-SA,CONNECT,TDD,CFE10C08F,-76,-1,8,20,-79,-2,13,-104,-12,0,100,0,-62,NR N78,13,21.0,2.5,nan,0,3.16,0.0000
1743334232.595437,NR5G-SA,CONNECT,TDD,CFE10C08F,-76,-1,8,20,-79,-2,13,-102,-11,0,100,0,-61,NR N78,13,31.5,3.75,nan,0,3.16,0.0000
1743334233.6777627,NR5G-SA,CONNECT,TDD,CFE10C08F,-76,-1,8,20,-79,-2,13,-107,-22,-1,100,0,-61,NR N78,12,31.5,3.75,nan,0,3.16,0.0000
1743334234.7968113,NR5G-SA,CONNECT,TDD,CFE10C08F,-76,-1,8,20,-78,-2,9,-109,-21,-2,100,0,-62,NR N78,12,31.5,3.75,nan,0,3.16,0.0000
1743334235.8865674,NR5G-SA,CONNECT,TDD,CFE10C08F,-76,-1,7,21,-78,-3,9,-106,-13,0,100,0,-61,NR N78,12,31.5,3.75,nan,0,3.16,0.0000
1743334236.9430208,NR5G-SA,CONNECT,TDD,CFE10C08F,-76,-2,7,21,-78,-3,8,-104,-11,0,100,0,-61,NR N78,12,31.5,3.75,nan,0,3.16,0.0000
1743334238.0594807,NR5G-SA,CONNECT,TDD,CFE10C08F,-76,-2,6,21,-78,-3,8,-102,-12,-1,100,0,-61,NR N78,13,31.5,3.75,nan,0,3.16,0.0000
1743334239.159059,NR5G-SA,CONNECT,TDD,CFE10C08F,-76,-2,6,21,-79,-2,14,-102,-10,0,100,0,-61,NR N78,14,31.4,3.75,nan,0,3.16,0.0000
1743334240.2278829,NR5G-SA,CONNECT,TDD,CFE10C08F,-76,-2,6,21,-78,-2,9,-101,-10,0,100,0,-61,NR N78,14,21.0,2.5,nan,0,3.16,0.0000
1743334241.3428528,NR5G-SA,CONNECT,TDD,CFE10C08F,-76,-2,7,21,-76,-2,9,-104,-12,0,100,0,-61,NR N78,12,31.5,3.75,nan,0,3.16,0.0000
1743334242.4633422,NR5G-SA,CONNECT,TDD,CFE10C08F,-76,-1,8,21,-76,-2,12,-105,-12,0,100,0,-61,NR N78,12,21.0,2.5,nan,0,3.16,0.0000
1743334243.5665116,NR5G-SA,CONNECT,TDD,CFE10C08F,-76,-2,8,21,-76,-3,9,-106,-12,0,100,0,-61,NR N78,11,31.5,3.75,nan,0,3.16,0.0000
1743334244.6507602,NR5G-SA,CONNECT,TDD,CFE10C08F,-76,-2,9,21,-76,-3,9,-103,-12,0,100,0,-60,NR N78,11,21.0,2.5,nan,0,3.16,0.0000
1743334245.7671728,NR5G-SA,CONNECT,TDD,CFE10C08F,-76,-2,9,21,-76,-2,12,-104,-12,0,100,0,-61,NR N78,11,31.5,3.75,nan,0,3.16,0.0000
1743334246.82212,NR5G-SA,CONNECT,TDD,CFE10C08F,-76,-2,10,21,-76,-2,11,-107,-13,0,100,0,-60,NR N78,11,21.0,2.5,nan,0,3.16,0.0000
1743334247.9359543,NR5G-SA,CONNECT,TDD,CFE10C08F,-75,-1,11,21,-76,-2,11,-102,-11,0,100,0,-61,NR N78,11,31.5,3.75,nan,0,3.16,0.0000
1743334345.622393,NR5G-SA,NOCONN,TDD,DE3B0B093,-76,-11,6,0,0,0,0,0,0,0,100,1,-52,NR N78,0,nan,nan,nan,nan,nan,nan
1743334346.7156181,NR5G-SA,CONNECT,TDD,DE3B0B093,-76,-10,6,0,0,0,0,0,0,0,20,0,-60,NR N78,0,nan,nan,nan,nan,nan,nan
1743334347.839656,NR5G-SA,CONNECT,TDD,CFE10C08F,-75,-6,6,0,0,0,0,0,0,0,20,1,-60,NR N78,0,45.3,5.4,nan,0,617.0,0.0000
1743334348.9138982,NR5G-SA,CONNECT,TDD,CFE10C08F,-75,-4,7,0,-76,-3,3,-84,-7,3,20,0,-62,NR N78,0,35.0,4.17,nan,0,842.0,0.0000
1743334349.96976,NR5G-SA,CONNECT,TDD,CFE10C08F,-76,-3,7,20,-77,-2,10,-98,-10,6,100,0,-63,NR N78,15,44.8,5.33,nan,0,1.04,0.0000
1743334351.0321994,NR5G-SA,CONNECT,TDD,CFE10C08F,-76,-2,8,20,-77,-2,10,-103,-24,0,100,0,-61,NR N78,15,41.7,4.98,nan,0,1.27,0.0000
1743334352.1193964,NR5G-SA,CONNECT,TDD,CFE10C08F,-76,-2,8,20,-77,-3,3,-102,-12,-1,100,0,-60,NR N78,13,31.5,3.75,nan,0,1.48,0.0000
1743334353.2328792,NR5G-SA,CONNECT,TDD,CFE10C08F,-77,-1,8,20,-77,-3,3,-104,-14,-1,100,0,-62,NR N78,15,41.9,5.0,nan,0,1.71,0.0000
1743334354.3116353,NR5G-SA,CONNECT,TDD,CFE10C08F,-77,-2,8,20,-77,-3,10,-103,-13,0,100,0,-61,NR N78,15,41.9,5.0,nan,0,1.95,0.0000
1743334355.4152977,NR5G-SA,CONNECT,TDD,CFE10C08F,-77,-1,9,21,-78,-2,1,-98,-11,-1,100,0,-61,NR N78,18,31.5,3.75,nan,0,2.18,0.0000
1743334356.4924247,NR5G-SA,CONNECT,TDD,CFE10C08F,-76,-2,8,21,-73,-1,2,-93,-11,-1,100,0,-62,NR N78,18,52.4,6.25,nan,0,2.46,0.0000
1743334357.6090307,NR5G-SA,CONNECT,TDD,CFE10C08F,-77,-2,8,21,-78,-3,3,-104,-14,-3,100,0,-63,NR N78,18,41.9,5.0,nan,0,2.72,0.0000
1743334358.729725,NR5G-SA,CONNECT,TDD,CFE10C08F,-77,-2,8,21,-78,-3,9,-103,-12,-2,100,0,-62,NR N78,18,41.9,5.0,nan,0,2.97,0.0000
1743334359.792843,NR5G-SA,CONNECT,TDD,CFE10C08F,-77,-1,9,21,-78,-3,9,-103,-12,-2,100,0,-63,NR N78,17,41.9,5.0,nan,0,3.12,0.0000
1743334360.8391027,NR5G-SA,CONNECT,TDD,CFE10C08F,-77,-1,9,21,-77,-3,5,-102,-13,-2,100,0,-62,NR N78,17,41.9,5.0,nan,0,3.12,0.0000
1743334361.907021,NR5G-SA,CONNECT,TDD,CFE10C08F,-77,-2,10,21,-77,-3,9,-104,-13,-1,100,0,-60,NR N78,15,31.5,3.75,nan,0,3.12,0.0000
1743334362.986234,NR5G-SA,CONNECT,TDD,CFE10C08F,-76,-2,9,21,-78,-3,9,-102,-13,-1,100,0,-62,NR N78,15,31.5,3.75,nan,0,3.12,0.0000
1743334364.040083,NR5G-SA,CONNECT,TDD,CFE10C08F,-76,-3,9,21,-78,-3,7,-105,-14,-1,100,0,-55,NR N78,13,31.5,3.75,nan,0,3.12,0.0000
1743334365.1372402,NR5G-SA,CONNECT,TDD,CFE10C08F,-76,-2,10,21,-78,-2,11,-103,-12,0,100,0,-61,NR N78,13,31.5,3.75,nan,0,3.12,0.0000
1743334366.182636,NR5G-SA,CONNECT,TDD,CFE10C08F,-76,-2,9,21,-78,-2,11,-102,-11,0,100,0,-62,NR N78,13,31.5,3.75,nan,0,3.12,0.0000
1743334367.2198362,NR5G-SA,CONNECT,TDD,CFE10C08F,-77,-2,8,21,-79,-3,8,-103,-10,1,100,0,-62,NR N78,13,31.5,3.75,nan,0,3.12,0.0000
1743334368.30227,NR5G-SA,CONNECT,TDD,CFE10C08F,-76,-2,8,21,-79,-4,8,-103,-11,0,100,0,-59,NR N78,13,31.5,3.75,nan,0,3.12,0.0000
1743334369.3459873,NR5G-SA,CONNECT,TDD,CFE10C08F,-76,-2,9,21,-79,-4,6,-103,-10,0,100,0,-63,NR N78,13,21.0,2.5,nan,0,3.12,0.0000
1743334370.4593823,NR5G-SA,CONNECT,TDD,CFE10C08F,-76,-1,9,21,-78,-3,10,-105,-13,0,100,0,-62,NR N78,13,42.0,5.0,nan,0,3.12,0.0000
1743334371.5092962,NR5G-SA,CONNECT,TDD,CFE10C08F,-76,-1,9,21,-78,-3,10,-103,-11,0,100,0,-61,NR N78,14,31.5,3.75,nan,0,3.12,0.0000
1743334372.5579484,NR5G-SA,CONNECT,TDD,CFE10C08F,-76,-1,9,21,-78,-3,8,-103,-11,2,100,0,-63,NR N78,14,31.5,3.75,nan,0,3.12,0.0000
1743334373.6805534,NR5G-SA,CONNECT,TDD,CFE10C08F,-76,-1,8,21,-78,-3,9,-107,-11,1,100,0,-62,NR N78,15,42.0,5.0,nan,0,3.12,0.0000
1743334374.7531738,NR5G-SA,CONNECT,TDD,CFE10C08F,-76,-2,8,21,-78,-4,9,-106,-12,0,100,0,-59,NR N78,15,31.5,3.75,nan,0,3.12,0.0000
1743334375.842504,NR5G-SA,CONNECT,TDD,CFE10C08F,-77,-2,7,21,-78,-2,12,-103,-10,1,100,0,-63,NR N78,15,31.5,3.75,nan,0,3.12,0.0000
1743334376.928527,NR5G-SA,CONNECT,TDD,CFE10C08F,-78,-2,6,21,-77,-3,7,-101,-9,1,100,0,-62,NR N78,15,31.5,3.75,nan,0,3.12,0.0000
1743334378.0077066,NR5G-SA,CONNECT,TDD,CFE10C08F,-78,-2,6,21,-77,-3,7,-107,-13,0,100,0,-61,NR N78,14,31.5,3.75,nan,0,3.12,0.0000
1743334379.1080306,NR5G-SA,CONNECT,TDD,CFE10C08F,-77,-2,7,21,-78,-2,11,-102,-11,0,100,0,-63,NR N78,14,42.0,5.0,nan,0,3.12,0.0000
1743334380.1991787,NR5G-SA,CONNECT,TDD,CFE10C08F,-78,-2,7,21,-78,-3,9,-104,-11,1,100,0,-63,NR N78,14,41.9,5.0,nan,0,3.12,0.0000
1743334381.2827685,NR5G-SA,CONNECT,TDD,CFE10C08F,-77,-2,8,21,-78,-3,9,-103,-11,1,100,0,-60,NR N78,18,52.4,6.25,nan,0,3.12,0.0000
1743334382.3393383,NR5G-SA,CONNECT,TDD,CFE10C08F,-77,-2,8,21,-79,-1,13,-104,-11,0,100,0,-61,NR N78,18,41.9,5.0,nan,0,3.12,0.0000
1743334383.4336195,NR5G-SA,CONNECT,TDD,CFE10C08F,-77,-3,8,21,-79,-1,13,-100,-10,1,100,0,-61,NR N78,19,42.0,5.0,nan,0,3.12,0.0000
1743334384.5340075,NR5G-SA,CONNECT,TDD,CFE10C08F,-77,-2,8,21,-79,-3,9,-102,-11,1,100,0,-63,NR N78,19,41.9,5.0,nan,0,3.12,0.0000
1743334385.594983,NR5G-SA,CONNECT,TDD,CFE10C08F,-77,-2,8,21,-79,-2,9,-103,-11,0,100,0,-63,NR N78,15,21.0,2.5,nan,0,3.12,0.0000
1743334386.6846752,NR5G-SA,CONNECT,TDD,CFE10C08F,-77,-2,9,21,-78,-2,9,-104,-12,0,100,0,-62,NR N78,15,41.9,5.0,nan,0,3.12,0.0000
1743334387.7693737,NR5G-SA,CONNECT,TDD,CFE10C08F,-77,-1,8,21,-79,-3,8,-103,-11,1,100,0,-63,NR N78,15,42.0,5.0,nan,0,3.12,0.0000
1743334388.819971,NR5G-SA,CONNECT,TDD,CFE10C08F,-77,-1,9,21,-78,-2,10,-104,-12,0,100,0,-61,NR N78,15,52.4,6.25,nan,0,3.12,0.0000
1743334389.8947244,NR5G-SA,CONNECT,TDD,CFE10C08F,-77,-1,9,21,-79,-2,10,-98,-10,0,100,0,-62,NR N78,16,31.5,3.75,nan,0,3.12,0.0000
1743334390.973696,NR5G-SA,CONNECT,TDD,CFE10C08F,-77,-1,9,21,-79,-3,7,-97,-9,0,100,0,-63,NR N78,16,41.9,5.0,nan,0,3.12,0.0000
1743334392.0533197,NR5G-SA,CONNECT,TDD,CFE10C08F,-77,-1,9,21,-79,-2,11,-101,-9,1,100,0,-61,NR N78,15,41.9,5.0,nan,0,3.12,0.0000
1743334393.143729,NR5G-SA,CONNECT,TDD,CFE10C08F,-77,-1,9,21,-79,-2,11,-102,-11,-1,100,0,-63,NR N78,18,52.4,6.25,nan,0,3.12,0.0000
1743334394.2057636,NR5G-SA,CONNECT,TDD,CFE10C08F,-77,-2,9,21,-79,-3,10,-105,-12,-2,100,0,-62,NR N78,18,52.4,6.25,nan,0,3.12,0.0000
1743334395.3136785,NR5G-SA,CONNECT,TDD,CFE10C08F,-77,-1,9,21,-78,-3,9,-106,-12,0,100,0,-63,NR N78,18,41.9,5.0,nan,0,3.12,0.0000
1743334396.3610466,NR5G-SA,CONNECT,TDD,CFE10C08F,-78,-2,7,21,-78,-3,9,-100,-9,1,100,0,-63,NR N78,18,52.4,6.25,nan,0,3.12,0.0000
1743334397.4960623,NR5G-SA,CONNECT,TDD,CFE10C08F,-77,-1,8,21,-78,-4,7,-104,-12,1,100,0,-61,NR N78,15,42.0,5.0,nan,0,3.12,0.0000
1743334398.5637038,NR5G-SA,CONNECT,TDD,CFE10C08F,-76,-2,8,21,-78,-3,7,-105,-13,0,100,0,-59,NR N78,15,21.0,2.5,nan,0,3.12,0.0000
1743334399.639039,NR5G-SA,CONNECT,TDD,CFE10C08F,-76,-2,9,21,-78,-3,4,-109,-23,-3,100,0,-61,NR N78,11,21.0,2.5,nan,0,3.12,0.0000
1743334400.7602425,NR5G-SA,CONNECT,TDD,CFE10C08F,-76,-2,9,21,-78,-3,9,-105,-21,0,100,0,-60,NR N78,11,31.5,3.75,nan,0,3.12,0.0000
1743334401.8293064,NR5G-SA,CONNECT,TDD,CFE10C08F,-76,-1,9,21,-77,-2,9,-105,-12,0,100,0,-60,NR N78,13,41.9,5.0,nan,0,3.12,0.0000
1743334402.9336858,NR5G-SA,CONNECT,TDD,CFE10C08F,-76,-1,8,21,-78,-3,5,-101,-10,0,100,0,-61,NR N78,13,41.9,5.0,nan,0,3.12,0.0000
1743334404.0474765,NR5G-SA,CONNECT,TDD,CFE10C08F,-76,-1,8,21,-78,-3,13,-104,-12,0,100,0,-60,NR N78,16,52.4,6.25,nan,0,3.12,0.0000
1743334405.128457,NR5G-SA,CONNECT,TDD,CFE10C08F,-75,-1,8,21,-78,-2,13,-105,-12,0,100,0,-61,NR N78,17,41.9,5.0,nan,0,3.12,0.0000
1743334406.2216353,NR5G-SA,CONNECT,TDD,CFE10C08F,-76,-2,7,21,-78,-2,9,-105,-21,-1,100,0,-61,NR N78,17,41.9,5.0,nan,0,3.12,0.0000
1743334407.320669,NR5G-SA,CONNECT,TDD,CFE10C08F,-76,-2,6,21,-78,-2,4,-104,-11,-1,100,0,-62,NR N78,16,41.9,5.0,nan,0,3.12,0.0000
1743334408.4256835,NR5G-SA,CONNECT,TDD,CFE10C08F,-77,-2,6,21,-78,-3,4,-103,-11,-1,100,0,-62,NR N78,16,31.5,3.75,nan,0,3.12,0.0000
1743334409.489959,NR5G-SA,CONNECT,TDD,CFE10C08F,-76,-1,6,21,-78,-3,7,-102,-10,1,100,0,-61,NR N78,15,52.4,6.25,nan,0,3.12,0.0000
1743334410.5984693,NR5G-SA,CONNECT,TDD,CFE10C08F,-76,-1,6,21,-78,-3,9,-104,-12,1,100,0,-61,NR N78,15,41.9,5.0,nan,0,3.12,0.0000
1743334411.6893148,NR5G-SA,CONNECT,TDD,CFE10C08F,-76,-1,6,21,-78,-3,9,-102,-12,0,100,0,-61,NR N78,17,41.9,5.0,nan,0,3.12,0.0000
1743334412.738708,NR5G-SA,CONNECT,TDD,CFE10C08F,-76,-1,7,21,-78,-2,10,-102,-10,1,100,0,-61,NR N78,17,41.9,5.0,nan,0,3.12,0.0000
1743334413.783346,NR5G-SA,CONNECT,TDD,CFE10C08F,-76,-2,6,21,-78,-3,9,-102,-11,1,100,0,-59,NR N78,18,41.9,5.0,nan,0,3.12,0.0000
1743334414.8188167,NR5G-SA,CONNECT,TDD,CFE10C08F,-76,-2,7,21,-78,-3,9,-105,-13,0,100,0,-62,NR N78,18,52.4,6.25,nan,0,3.12,0.0000
1743334415.886809,NR5G-SA,CONNECT,TDD,CFE10C08F,-76,-1,7,21,-77,-2,11,-102,-11,0,100,0,-61,NR N78,17,31.4,3.75,nan,0,3.12,0.0000
1743334416.968983,NR5G-SA,CONNECT,TDD,CFE10C08F,-76,-1,7,21,-78,-2,11,-102,-9,2,100,0,-62,NR N78,17,41.9,5.0,nan,0,3.12,0.0000
1743334418.0163522,NR5G-SA,CONNECT,TDD,CFE10C08F,-76,-2,7,21,-78,-2,10,-102,-10,2,100,0,-62,NR N78,16,41.9,5.0,nan,0,3.12,0.0000
1743334419.1159801,NR5G-SA,CONNECT,TDD,CFE10C08F,-76,-1,7,21,-78,-2,12,-103,-11,0,100,0,-62,NR N78,17,52.4,6.25,nan,0,3.12,0.0000
1743334420.2350807,NR5G-SA,CONNECT,TDD,CFE10C08F,-76,-1,7,21,-79,-2,12,-104,-11,2,100,0,-62,NR N78,17,41.9,5.0,nan,0,3.12,0.0000
1743334421.2812903,NR5G-SA,CONNECT,TDD,CFE10C08F,-76,-1,7,21,-78,-3,4,-101,-10,1,100,0,-62,NR N78,16,41.9,5.0,nan,0,3.12,0.0000
1743334422.4060256,NR5G-SA,CONNECT,TDD,CFE10C08F,-76,-1,7,21,-78,-2,11,-105,-13,0,100,0,-61,NR N78,16,52.4,6.25,nan,0,3.12,0.0000
1743334423.5178719,NR5G-SA,CONNECT,TDD,CFE10C08F,-76,-1,9,21,-79,-2,11,-103,-12,0,100,0,-62,NR N78,17,41.9,5.0,nan,0,3.12,0.0000
1743334424.6252656,NR5G-SA,CONNECT,TDD,CFE10C08F,-76,-1,8,21,-79,-3,12,-102,-10,2,100,0,-61,NR N78,17,52.4,6.25,nan,0,3.12,0.0000
1743334425.7258298,NR5G-SA,CONNECT,TDD,CFE10C08F,-76,-1,6,21,-78,-2,4,-97,-12,-1,100,0,-61,NR N78,18,41.9,5.0,nan,0,3.12,0.0000
1743334426.8175962,NR5G-SA,CONNECT,TDD,CFE10C08F,-75,-2,6,21,-79,-3,3,-105,-14,-2,100,0,-60,NR N78,18,31.5,3.75,nan,0,3.12,0.0000
1743334427.9218278,NR5G-SA,CONNECT,TDD,CFE10C08F,-75,-2,5,21,-79,-3,6,-103,-11,1,100,0,-61,NR N78,16,41.9,5.0,nan,0,3.12,0.0000
1743334429.045631,NR5G-SA,CONNECT,TDD,CFE10C08F,-76,-1,7,21,-79,-3,10,-102,-11,1,100,0,-63,NR N78,16,31.5,3.75,nan,0,3.12,0.0000
1743334430.1469522,NR5G-SA,CONNECT,TDD,CFE10C08F,-77,-1,9,21,-79,-3,10,-104,-11,0,100,0,-63,NR N78,14,31.5,3.75,nan,0,3.12,0.0000
1743334431.2625194,NR5G-SA,CONNECT,TDD,CFE10C08F,-77,-1,10,21,-79,-3,11,-102,-11,1,100,0,-62,NR N78,14,42.0,5.0,nan,0,3.12,0.0000
1743334432.3331172,NR5G-SA,CONNECT,TDD,CFE10C08F,-77,-1,9,21,-80,-2,10,-103,-10,1,100,0,-61,NR N78,14,42.0,5.0,nan,0,3.12,0.0000
1743334433.3940842,NR5G-SA,CONNECT,TDD,CFE10C08F,-76,-2,10,21,-79,-2,10,-103,-11,0,100,0,-61,NR N78,15,31.4,3.75,nan,0,3.12,0.0000
1743334434.4750845,NR5G-SA,CONNECT,TDD,CFE10C08F,-76,-2,11,21,-79,-3,12,-105,-13,0,100,0,-59,NR N78,15,31.5,3.75,nan,0,3.12,0.0000
1743334435.5388527,NR5G-SA,CONNECT,TDD,CFE10C08F,-76,-2,10,21,-79,-3,12,-105,-12,1,100,0,-59,NR N78,14,31.5,3.75,nan,0,3.12,0.0000
1743334436.6519084,NR5G-SA,CONNECT,TDD,CFE10C08F,-76,-2,9,21,-79,-3,11,-105,-12,0,100,0,-61,NR N78,14,31.5,3.75,nan,0,3.12,0.0000
1743334437.7226462,NR5G-SA,CONNECT,TDD,CFE10C08F,-75,-2,10,21,-80,-4,8,-102,-10,0,100,0,-60,NR N78,12,21.0,2.5,nan,0,3.12,0.0000
1743334438.8413713,NR5G-SA,CONNECT,TDD,CFE10C08F,-75,-1,10,21,-80,-4,8,-103,-10,0,100,0,-61,NR N78,12,42.0,5.0,nan,0,3.12,0.0000
1743334439.8947904,NR5G-SA,CONNECT,TDD,CFE10C08F,-76,-1,8,21,-79,-4,7,-106,-10,0,100,0,-62,NR N78,14,41.9,5.0,nan,0,3.12,0.0000
1743334440.9609354,NR5G-SA,CONNECT,TDD,CFE10C08F,-76,-1,8,21,-79,-4,10,-103,-10,0,100,0,-62,NR N78,14,52.4,6.25,nan,0,3.12,0.0000
1743334442.0005293,NR5G-SA,CONNECT,TDD,CFE10C08F,-76,-1,8,21,-79,-4,10,-107,-21,-1,100,0,-62,NR N78,18,52.4,6.25,nan,0,3.12,0.0000
1743334443.1062906,NR5G-SA,CONNECT,TDD,CFE10C08F,-76,-1,8,21,-79,-4,13,-107,-22,0,100,0,-61,NR N78,17,41.9,5.0,nan,0,3.12,0.0000
1743334444.1876693,NR5G-SA,CONNECT,TDD,CFE10C08F,-76,-1,8,21,-80,-3,11,-104,-12,-1,100,0,-61,NR N78,17,41.9,5.0,nan,0,3.12,0.0000
1743334445.2654953,NR5G-SA,CONNECT,TDD,CFE10C08F,-75,-1,8,21,-80,-3,11,-106,-14,-2,100,0,-61,NR N78,15,31.5,3.75,nan,0,3.12,0.0000
1743334446.3865964,NR5G-SA,CONNECT,TDD,CFE10C08F,-76,-1,8,21,-79,-2,11,-104,-12,-1,100,0,-62,NR N78,15,41.9,5.0,nan,0,3.12,0.0000
1743334447.4770792,NR5G-SA,CONNECT,TDD,CFE10C08F,-76,-1,7,21,-79,-3,6,-103,-11,0,100,0,-63,NR N78,18,52.4,6.25,nan,0,3.12,0.0000
1743334448.560365,NR5G-SA,CONNECT,TDD,CFE10C08F,-77,-1,8,21,-80,-4,6,-102,-11,0,100,0,-62,NR N78,18,52.4,6.25,nan,0,3.12,0.0000
1743334486.3649251,NR5G-SA,CONNECT,TDD,CFE10C08F,-76,-1,10,17,-78,-3,7,-107,-22,0,100,1,-62,NR N78,18,nan,nan,nan,nan,nan,nan
1743334487.4755628,NR5G-SA,CONNECT,TDD,CFE10C08F,-76,-1,8,17,-79,-4,7,-106,-22,-1,100,0,-62,NR N78,18,41.9,5.0,nan,0,270.0,0.0000
1743334488.557113,NR5G-SA,CONNECT,TDD,CFE10C08F,-76,-2,6,20,-79,-3,6,-106,-14,-2,100,0,-60,NR N78,20,55.0,6.56,nan,0,574.0,0.0000
1743334489.6719658,NR5G-SA,CONNECT,TDD,CFE10C08F,-76,-2,6,20,-79,-3,6,-101,-13,-2,100,0,-62,NR N78,20,71.0,8.46,nan,0,935.0,0.0000
1743334490.7753975,NR5G-SA,CONNECT,TDD,CFE10C08F,-76,-2,5,21,-78,-3,5,-103,-14,-1,100,0,-62,NR N78,19,61.0,7.27,nan,0,1.23,0.0000
1743334491.8756557,NR5G-SA,CONNECT,TDD,CFE10C08F,-77,-2,5,21,-78,-2,14,-101,-14,-1,100,0,-62,NR N78,19,52.4,6.25,nan,0,1.57,0.0000
1743334492.9618297,NR5G-SA,CONNECT,TDD,CFE10C08F,-77,-2,5,21,-78,-2,14,-105,-16,0,100,0,-60,NR N78,20,62.9,7.5,nan,0,1.92,0.0000
1743334494.0545788,NR5G-SA,CONNECT,TDD,CFE10C08F,-77,-2,5,21,-78,-3,8,-105,-13,0,100,0,-61,NR N78,20,52.4,6.25,nan,0,2.27,0.0000
1743334495.1584718,NR5G-SA,CONNECT,TDD,CFE10C08F,-77,-2,5,21,-78,-3,4,-99,-14,-1,100,0,-61,NR N78,19,62.9,7.5,nan,0,2.61,0.0000
1743334496.205792,NR5G-SA,CONNECT,TDD,CFE10C08F,-77,-2,5,21,-78,-3,4,-102,-11,0,100,0,-60,NR N78,19,52.4,6.25,nan,0,2.98,0.0000
1743334497.277853,NR5G-SA,CONNECT,TDD,CFE10C08F,-77,-2,5,21,-79,-3,3,-104,-12,-1,100,0,-62,NR N78,19,62.9,7.5,nan,0,3.16,0.0000
1743334498.3131654,NR5G-SA,CONNECT,TDD,CFE10C08F,-77,-1,5,21,-78,-3,10,-102,-12,0,100,0,-62,NR N78,19,52.4,6.25,nan,0,3.16,0.0000
1743334499.3549194,NR5G-SA,CONNECT,TDD,CFE10C08F,-77,-1,5,21,-79,-3,10,-104,-11,1,100,0,-62,NR N78,19,52.4,6.25,nan,0,3.16,0.0000
1743334500.4561691,NR5G-SA,CONNECT,TDD,CFE10C08F,-76,-1,6,21,-80,-3,10,-102,-11,1,100,0,-61,NR N78,19,52.4,6.25,nan,0,3.16,0.0000
1743334501.5509517,NR5G-SA,CONNECT,TDD,CFE10C08F,-76,-2,6,21,-81,-3,10,-105,-12,0,100,0,-58,NR N78,19,41.9,5.0,nan,0,3.16,0.0000
1743334502.646397,NR5G-SA,CONNECT,TDD,CFE10C08F,-76,-1,6,21,-81,-2,12,-104,-13,-1,100,0,-61,NR N78,18,41.9,5.0,nan,0,3.16,0.0000
1743334503.705796,NR5G-SA,CONNECT,TDD,CFE10C08F,-76,-1,6,21,-81,-4,7,-105,-13,-1,100,0,-63,NR N78,18,41.9,5.0,nan,0,3.16,0.0000
1743334504.7876916,NR5G-SA,CONNECT,TDD,CFE10C08F,-76,-1,6,20,-81,-4,7,-102,-11,0,100,0,-62,NR N78,16,41.9,5.0,nan,0,3.16,0.0000
1743334505.883778,NR5G-SA,CONNECT,TDD,CFE10C08F,-76,-2,5,20,-81,-4,7,-105,-12,0,100,0,-58,NR N78,16,42.0,5.0,nan,0,3.16,0.0000
1743334507.0026147,NR5G-SA,CONNECT,TDD,CFE10C08F,-77,-2,4,20,-81,-3,11,-107,-14,-1,100,0,-61,NR N78,14,31.4,3.75,nan,0,3.16,0.0000
1743334508.1193476,NR5G-SA,CONNECT,TDD,CFE10C08F,-77,-3,4,20,-81,-3,11,-104,-13,-1,100,0,-59,NR N78,14,42.0,5.0,nan,0,3.16,0.0000
1743334509.1610837,NR5G-SA,CONNECT,TDD,CFE10C08F,-76,-3,4,20,-81,-3,4,-107,-12,-1,100,0,-60,NR N78,14,31.4,3.75,nan,0,3.16,0.0000
1743334510.216278,NR5G-SA,CONNECT,TDD,CFE10C08F,-76,-2,5,20,-81,-4,11,-107,-14,-1,100,0,-60,NR N78,14,41.9,5.0,nan,0,3.16,0.0000
1743334511.280716,NR5G-SA,CONNECT,TDD,CFE10C08F,-76,-2,5,20,-81,-4,11,-104,-13,-1,100,0,-58,NR N78,15,41.9,5.0,nan,0,3.16,0.0000
1743334512.3902652,NR5G-SA,CONNECT,TDD,CFE10C08F,-76,-3,5,20,-81,-3,4,-107,-22,-2,100,0,-59,NR N78,18,52.4,6.25,nan,0,3.16,0.0000
1743334513.4686675,NR5G-SA,CONNECT,TDD,CFE10C08F,-76,-3,5,20,-81,-2,14,-107,-21,0,100,0,-60,NR N78,18,52.4,6.25,nan,0,3.16,0.0000
1743334514.5187929,NR5G-SA,CONNECT,TDD,CFE10C08F,-76,-3,5,20,-81,-2,14,-104,-13,0,100,0,-60,NR N78,17,41.9,5.0,nan,0,3.16,0.0000
1743334515.6224887,NR5G-SA,CONNECT,TDD,CFE10C08F,-76,-2,4,20,-81,-2,13,-101,-11,0,100,0,-60,NR N78,17,41.9,5.0,nan,0,3.16,0.0000
1743334516.674713,NR5G-SA,CONNECT,TDD,CFE10C08F,-76,-2,4,21,-80,-2,13,-104,-12,0,100,0,-60,NR N78,17,52.4,6.25,nan,0,3.16,0.0000
1743334517.779926,NR5G-SA,CONNECT,TDD,CFE10C08F,-76,-2,4,21,-80,-3,8,-103,-13,-2,100,0,-59,NR N78,17,41.9,5.0,nan,0,3.16,0.0000
1743334518.865012,NR5G-SA,CONNECT,TDD,CFE10C08F,-75,-2,4,21,-81,-3,9,-102,-12,-1,100,0,-60,NR N78,18,41.9,5.0,nan,0,3.16,0.0000
1743334519.9814773,NR5G-SA,CONNECT,TDD,CFE10C08F,-75,-2,5,21,-81,-3,9,-101,-10,1,100,0,-57,NR N78,18,41.9,5.0,nan,0,3.16,0.0000
1743334521.084361,NR5G-SA,CONNECT,TDD,CFE10C08F,-75,-2,5,21,-81,-3,9,-107,-14,-2,100,0,-57,NR N78,19,52.4,6.25,nan,0,3.16,0.0000
1743334522.1813097,NR5G-SA,CONNECT,TDD,CFE10C08F,-76,-3,4,21,-81,-5,6,-108,-15,-2,100,0,-59,NR N78,19,41.9,5.0,nan,0,3.16,0.0000
1743334523.2450857,NR5G-SA,CONNECT,TDD,CFE10C08F,-75,-3,4,21,-80,-3,6,-104,-13,0,100,0,-60,NR N78,18,41.9,5.0,nan,0,3.16,0.0000
1743334524.3175,NR5G-SA,CONNECT,TDD,CFE10C08F,-75,-3,5,21,-80,-3,11,-103,-12,0,100,0,-61,NR N78,18,52.4,6.25,nan,0,3.16,0.0000
1743334525.431196,NR5G-SA,CONNECT,TDD,CFE10C08F,-76,-3,5,21,-81,-5,6,-103,-13,-2,100,0,-60,NR N78,18,52.4,6.25,nan,0,3.16,0.0000
1743334526.53567,NR5G-SA,CONNECT,TDD,CFE10C08F,-76,-3,4,21,-81,-5,6,-106,-13,-2,100,0,-60,NR N78,18,41.9,5.0,nan,0,3.16,0.0000
1743334527.6475923,NR5G-SA,CONNECT,TDD,CFE10C08F,-76,-3,4,21,-81,-2,11,-105,-13,-1,100,0,-61,NR N78,18,52.4,6.25,nan,0,3.16,0.0000
1743334528.726513,NR5G-SA,CONNECT,TDD,CFE10C08F,-76,-2,4,21,-81,-3,10,-103,-11,0,100,0,-61,NR N78,18,52.4,6.25,nan,0,3.16,0.0000
1743334529.7724142,NR5G-SA,CONNECT,TDD,CFE10C08F,-76,-2,5,21,-81,-3,10,-98,-10,0,100,0,-61,NR N78,18,41.9,5.0,nan,0,3.16,0.0000
1743334530.8926864,NR5G-SA,CONNECT,TDD,CFE10C08F,-76,-2,5,21,-81,-4,3,-100,-14,-1,100,0,-62,NR N78,17,52.4,6.25,nan,0,3.16,0.0000
1743334531.9748168,NR5G-SA,CONNECT,TDD,CFE10C08F,-76,-2,6,21,-81,-4,9,-101,-12,0,100,0,-61,NR N78,17,52.4,6.25,nan,0,3.16,0.0000
1743334533.0149488,NR5G-SA,CONNECT,TDD,CFE10C08F,-76,-2,5,21,-81,-4,9,-106,-15,-1,100,0,-62,NR N78,18,41.9,5.0,nan,0,3.16,0.0000
1743334534.0912638,NR5G-SA,CONNECT,TDD,CFE10C08F,-76,-1,6,21,-80,-2,12,-106,-13,-1,100,0,-61,NR N78,18,52.4,6.25,nan,0,3.16,0.0000
1743334535.1376421,NR5G-SA,CONNECT,TDD,CFE10C08F,-76,-1,6,21,-80,-2,12,-105,-13,0,100,0,-59,NR N78,18,52.4,6.25,nan,0,3.16,0.0000
1743334536.1921537,NR5G-SA,CONNECT,TDD,CFE10C08F,-76,-1,6,21,-80,-3,6,-102,-10,0,100,0,-62,NR N78,18,52.4,6.25,nan,0,3.16,0.0000
1743334537.3197374,NR5G-SA,CONNECT,TDD,CFE10C08F,-76,-1,6,21,-80,-3,11,-103,-11,0,100,0,-62,NR N78,18,52.4,6.25,nan,0,3.16,0.0000
1743334538.3624341,NR5G-SA,CONNECT,TDD,CFE10C08F,-77,-1,6,21,-79,-3,11,-104,-12,0,100,0,-62,NR N78,18,52.4,6.25,nan,0,3.16,0.0000
1743334539.4113607,NR5G-SA,CONNECT,TDD,CFE10C08F,-77,-1,7,21,-79,-3,11,-104,-12,0,100,0,-62,NR N78,18,52.4,6.25,nan,0,3.16,0.0000
1743334540.5252995,NR5G-SA,CONNECT,TDD,CFE10C08F,-76,-1,7,21,-79,-3,7,-101,-11,-1,100,0,-62,NR N78,18,52.4,6.25,nan,0,3.16,0.0000
1743334541.607698,NR5G-SA,CONNECT,TDD,CFE10C08F,-76,-1,8,21,-79,-3,7,-106,-13,-2,100,0,-62,NR N78,18,52.4,6.25,nan,0,3.16,0.0000
1743334542.6771452,NR5G-SA,CONNECT,TDD,CFE10C08F,-76,-1,8,21,-79,-3,10,-106,-13,-1,100,0,-60,NR N78,19,52.4,6.25,nan,0,3.16,0.0000
1743334543.732437,NR5G-SA,CONNECT,TDD,CFE10C08F,-76,-1,8,21,-79,-3,10,-102,-13,-2,100,0,-62,NR N78,19,52.4,6.25,nan,0,3.16,0.0000
1743334544.808016,NR5G-SA,CONNECT,TDD,CFE10C08F,-76,-1,8,21,-79,-3,10,-104,-15,-2,100,0,-61,NR N78,20,62.9,7.5,nan,0,3.16,0.0000
1743334545.9032578,NR5G-SA,CONNECT,TDD,CFE10C08F,-76,-1,8,21,-79,-3,10,-106,-11,0,100,0,-61,NR N78,20,52.4,6.25,nan,0,3.16,0.0000
1743334547.0318286,NR5G-SA,CONNECT,TDD,CFE10C08F,-76,-1,10,21,-79,-3,10,-104,-11,0,100,0,-63,NR N78,20,52.4,6.25,nan,0,3.16,0.0000
1743334548.1003175,NR5G-SA,CONNECT,TDD,CFE10C08F,-77,-1,9,21,-79,-3,10,-108,-13,0,100,0,-63,NR N78,20,52.4,6.25,nan,0,3.16,0.0000
1743334549.179605,NR5G-SA,CONNECT,TDD,CFE10C08F,-77,-1,6,21,-79,-3,10,-103,-12,0,100,0,-61,NR N78,18,41.9,5.0,nan,0,3.16,0.0000
1743334550.2975898,NR5G-SA,CONNECT,TDD,CFE10C08F,-77,-2,6,21,-80,-3,10,-105,-12,0,100,0,-61,NR N78,16,52.4,6.25,nan,0,3.16,0.0000
1743334551.4213257,NR5G-SA,CONNECT,TDD,CFE10C08F,-77,-2,6,21,-79,-3,9,-106,-12,-1,100,0,-61,NR N78,16,41.9,5.0,nan,0,3.16,0.0000
1743334552.4740496,NR5G-SA,CONNECT,TDD,CFE10C08F,-76,-2,6,21,-78,-2,13,-101,-11,0,100,0,-60,NR N78,18,52.4,6.25,nan,0,3.16,0.0000
1743334553.5557685,NR5G-SA,CONNECT,TDD,CFE10C08F,-77,-2,6,21,-77,-2,13,-102,-11,0,100,0,-62,NR N78,18,41.9,5.0,nan,0,3.16,0.0000
1743334554.661299,NR5G-SA,CONNECT,TDD,CFE10C08F,-77,-2,6,21,-78,-2,13,-103,-12,1,100,0,-62,NR N78,17,52.4,6.25,nan,1,3.16,0.0002
1743334555.7597451,NR5G-SA,CONNECT,TDD,CFE10C08F,-78,-2,5,21,-78,-3,3,-104,-12,-2,100,0,-63,NR N78,17,41.9,5.0,nan,0,3.16,0.0000
1743334556.8482363,NR5G-SA,CONNECT,TDD,CFE10C08F,-78,-2,6,21,-79,-4,2,-107,-12,-1,100,0,-61,NR N78,18,52.4,6.25,nan,0,3.16,0.0000
1743334557.9732316,NR5G-SA,CONNECT,TDD,CFE10C08F,-77,-2,6,21,-78,-3,6,-107,-13,-1,100,0,-62,NR N78,18,41.9,5.0,nan,0,3.16,0.0000
1743334559.0544565,NR5G-SA,CONNECT,TDD,CFE10C08F,-77,-3,6,21,-78,-3,8,-106,-13,0,100,0,-60,NR N78,18,52.4,6.25,nan,0,3.16,0.0000
1743334560.1668785,NR5G-SA,CONNECT,TDD,CFE10C08F,-77,-2,5,21,-78,-3,8,-101,-11,0,100,0,-61,NR N78,18,41.9,5.0,nan,0,3.16,0.0000
1743334561.263272,NR5G-SA,CONNECT,TDD,CFE10C08F,-77,-2,5,21,-78,-3,10,-106,-12,0,100,0,-62,NR N78,16,31.5,3.75,nan,0,3.16,0.0000
1743334562.3927393,NR5G-SA,CONNECT,TDD,CFE10C08F,-77,-2,5,21,-78,-3,11,-106,-13,0,100,0,-62,NR N78,15,41.9,5.0,nan,0,3.16,0.0000
1743334563.4871593,NR5G-SA,CONNECT,TDD,CFE10C08F,-77,-2,5,21,-78,-2,11,-101,-11,0,100,0,-62,NR N78,15,31.5,3.75,nan,0,3.16,0.0000
1743334564.5945106,NR5G-SA,CONNECT,TDD,CFE10C08F,-77,-2,4,21,-78,-3,6,-101,-11,-1,100,0,-62,NR N78,13,31.5,3.75,nan,0,3.16,0.0000
1743334565.653672,NR5G-SA,CONNECT,TDD,CFE10C08F,-77,-2,4,21,-74,-2,4,-97,-12,-1,100,0,-63,NR N78,13,31.5,3.75,nan,0,3.16,0.0000
1743334566.7033627,NR5G-SA,CONNECT,TDD,CFE10C08F,-77,-2,4,21,-70,-2,4,-95,-11,-1,100,0,-62,NR N78,12,31.5,3.75,nan,0,3.16,0.0000
1743334567.7643402,NR5G-SA,CONNECT,TDD,CFE10C08F,-77,-2,4,21,-78,-3,4,-105,-12,-1,100,0,-62,NR N78,12,31.5,3.75,nan,0,3.16,0.0000
1743334568.816863,NR5G-SA,CONNECT,TDD,CFE10C08F,-77,-2,5,21,-78,-3,4,-106,-11,0,100,0,-61,NR N78,13,31.5,3.75,nan,0,3.16,0.0000
1743334569.8701766,NR5G-SA,CONNECT,TDD,CFE10C08F,-77,-2,5,21,-79,-3,4,-106,-12,0,100,0,-62,NR N78,13,31.5,3.75,nan,0,3.16,0.0000
1743334570.9541068,NR5G-SA,CONNECT,TDD,CFE10C08F,-78,-2,5,21,-79,-3,8,-108,-13,-2,100,0,-63,NR N78,13,31.5,3.75,nan,0,3.16,0.0000
1743334572.053525,NR5G-SA,CONNECT,TDD,CFE10C08F,-77,-2,5,21,-80,-3,8,-107,-13,-1,100,0,-61,NR N78,13,31.5,3.75,nan,0,3.16,0.0000
1743334573.1055264,NR5G-SA,CONNECT,TDD,CFE10C08F,-77,-2,4,21,-80,-3,3,-106,-12,-2,100,0,-61,NR N78,14,41.9,5.0,nan,0,3.16,0.0000
1743334574.2105677,NR5G-SA,CONNECT,TDD,CFE10C08F,-77,-2,4,21,-81,-4,6,-106,-12,-2,100,0,-61,NR N78,14,31.5,3.75,nan,0,3.16,0.0000
1743334575.2867973,NR5G-SA,CONNECT,TDD,CFE10C08F,-77,-2,4,21,-80,-4,6,-106,-12,0,100,0,-61,NR N78,14,31.5,3.75,nan,0,3.16,0.0000
1743334576.3443856,NR5G-SA,CONNECT,TDD,CFE10C08F,-77,-2,4,21,-79,-4,5,-108,-12,0,100,0,-61,NR N78,14,42.0,5.0,nan,0,3.16,0.0000
1743334577.390394,NR5G-SA,CONNECT,TDD,CFE10C08F,-77,-2,5,21,-79,-4,5,-106,-11,0,100,0,-62,NR N78,14,41.9,5.0,nan,0,3.16,0.0000
1743334578.4744854,NR5G-SA,CONNECT,TDD,CFE10C08F,-77,-2,5,21,-80,-4,5,-105,-10,-1,100,0,-62,NR N78,18,62.9,7.5,nan,0,3.16,0.0000
1743334579.5586216,NR5G-SA,CONNECT,TDD,CFE10C08F,-77,-2,5,21,-80,-4,3,-109,-20,-1,100,0,-62,NR N78,18,41.9,5.0,nan,0,3.16,0.0000
1743334580.6422691,NR5G-SA,CONNECT,TDD,CFE10C08F,-77,-2,5,21,-81,-4,6,-108,-12,0,100,0,-62,NR N78,17,41.9,5.0,nan,0,3.16,0.0000
1743334581.699187,NR5G-SA,CONNECT,TDD,CFE10C08F,-77,-2,5,21,-81,-4,6,-103,-11,0,100,0,-62,NR N78,17,52.4,6.25,nan,0,3.16,0.0000
1743334582.7803102,NR5G-SA,CONNECT,TDD,CFE10C08F,-77,-1,5,21,-81,-5,4,-107,-13,-2,100,0,-62,NR N78,17,41.9,5.0,nan,0,3.16,0.0000
1743334583.8506286,NR5G-SA,CONNECT,TDD,CFE10C08F,-77,-1,5,21,-80,-4,4,-107,-13,-2,100,0,-62,NR N78,17,41.9,5.0,nan,0,3.16,0.0000
1743334584.94143,NR5G-SA,CONNECT,TDD,CFE10C08F,-77,-1,6,21,-79,-3,8,-103,-11,0,100,0,-62,NR N78,16,41.9,5.0,nan,0,3.16,0.0000
1743334586.0965397,NR5G-SA,CONNECT,TDD,CFE10C08F,-77,-1,6,21,-80,-4,4,-105,-12,0,100,0,-62,NR N78,16,41.9,5.0,nan,0,3.16,0.0000
1743334587.1393085,NR5G-SA,CONNECT,TDD,CFE10C08F,-77,-2,6,21,-80,-5,4,-103,-12,0,100,0,-62,NR N78,16,41.9,5.0,nan,0,3.16,0.0000
1743334588.1930804,NR5G-SA,CONNECT,TDD,CFE10C08F,-77,-2,6,21,-80,-4,10,-105,-12,-1,100,0,-62,NR N78,16,41.9,5.0,nan,0,3.16,0.0000
1743334589.3091934,NR5G-SA,CONNECT,TDD,CFE10C08F,-77,-2,5,21,-79,-4,2,-105,-13,-1,100,0,-60,NR N78,16,52.4,6.25,nan,0,3.16,0.0000
1743334590.412774,NR5G-SA,CONNECT,TDD,CFE10C08F,-77,-2,5,21,-78,-4,2,-105,-12,-1,100,0,-61,NR N78,17,41.9,5.0,nan,0,3.16,0.0000
1743334591.5103908,NR5G-SA,CONNECT,TDD,CFE10C08F,-77,-2,5,21,-78,-3,8,-105,-11,0,100,0,-61,NR N78,17,31.5,3.75,nan,0,3.16,0.0000
1743334592.6346226,NR5G-SA,CONNECT,TDD,CFE10C08F,-77,-2,5,21,-77,-3,3,-109,-13,-1,100,0,-63,NR N78,15,41.9,5.0,nan,0,3.16,0.0000
1743334593.7884889,NR5G-SA,CONNECT,TDD,CFE10C08F,-77,-3,5,21,-77,-3,3,-110,-12,0,100,0,-62,NR N78,15,31.5,3.75,nan,0,3.16,0.0000
1743334594.870523,NR5G-SA,CONNECT,TDD,CFE10C08F,-78,-3,5,21,-77,-3,6,-106,-13,-1,100,0,-63,NR N78,13,31.5,3.75,nan,0,3.16,0.0000
1743334595.9389231,NR5G-SA,CONNECT,TDD,CFE10C08F,-78,-2,5,21,-77,-3,3,-105,-12,-1,100,0,-63,NR N78,13,42.0,5.0,nan,0,3.16,0.0000
1743334597.0754387,NR5G-SA,CONNECT,TDD,CFE10C08F,-78,-2,5,21,-77,-3,3,-105,-14,-1,100,0,-62,NR N78,14,31.4,3.75,nan,0,3.16,0.0000
1743334598.202079,NR5G-SA,CONNECT,TDD,CFE10C08F,-77,-2,5,21,-77,-3,6,-108,-14,0,100,0,-61,NR N78,14,41.9,5.0,nan,0,3.16,0.0000
1743334599.3175092,NR5G-SA,CONNECT,TDD,CFE10C08F,-77,-3,5,21,-77,-4,3,-106,-13,-1,100,0,-63,NR N78,15,31.5,3.75,nan,0,3.16,0.0000
1743334600.4050274,NR5G-SA,CONNECT,TDD,CFE10C08F,-77,-2,6,21,-78,-3,3,-106,-13,-1,100,0,-63,NR N78,16,41.9,5.0,nan,0,3.16,0.0000
1743334601.5000432,NR5G-SA,CONNECT,TDD,CFE10C08F,-77,-2,6,21,-79,-4,7,-108,-12,-1,100,0,-63,NR N78,16,41.9,5.0,nan,0,3.16,0.0000
1743334602.5707567,NR5G-SA,CONNECT,TDD,CFE10C08F,-77,-2,6,21,-80,-4,5,-105,-12,0,100,0,-62,NR N78,17,41.9,5.0,nan,0,3.16,0.0000
1743334603.6795907,NR5G-SA,CONNECT,TDD,CFE10C08F,-77,-2,6,21,-80,-3,5,-104,-11,0,100,0,-62,NR N78,17,41.9,5.0,nan,0,3.16,0.0000
1743334604.736972,NR5G-SA,CONNECT,TDD,CFE10C08F,-77,-1,6,21,-80,-3,9,-104,-13,-1,100,0,-62,NR N78,16,41.9,5.0,nan,0,3.16,0.0000
1743334605.8489895,NR5G-SA,CONNECT,TDD,CFE10C08F,-77,-1,6,21,-80,-4,2,-103,-12,-1,100,0,-62,NR N78,16,52.4,6.25,nan,0,3.16,0.0000
1743334606.9100192,NR5G-SA,CONNECT,TDD,CFE10C08F,-77,-1,6,21,-80,-4,2,-105,-12,-1,100,0,-62,NR N78,18,52.4,6.25,nan,0,3.16,0.0000
1743334607.982954,NR5G-SA,CONNECT,TDD,CFE10C08F,-76,-1,6,21,-79,-4,6,-105,-12,-1,100,0,-62,NR N78,18,52.4,6.25,nan,0,3.16,0.0000
1743334609.055527,NR5G-SA,CONNECT,TDD,CFE10C08F,-77,-1,6,21,-78,-4,6,-109,-13,-1,100,0,-62,NR N78,19,52.4,6.25,nan,0,3.16,0.0000
1743334610.16459,NR5G-SA,CONNECT,TDD,CFE10C08F,-77,-2,5,21,-79,-4,3,-105,-13,-2,100,0,-62,NR N78,19,52.4,6.25,nan,0,3.16,0.0000
1743334611.2437506,NR5G-SA,CONNECT,TDD,CFE10C08F,-78,-2,5,21,-80,-3,6,-107,-12,-1,100,0,-62,NR N78,17,41.9,5.0,nan,0,3.16,0.0000
1743334612.3127408,NR5G-SA,CONNECT,TDD,CFE10C08F,-78,-2,5,21,-80,-4,6,-107,-12,-1,100,0,-62,NR N78,18,52.4,6.25,nan,0,3.16,0.0000
1743334613.3654976,NR5G-SA,CONNECT,TDD,CFE10C08F,-77,-2,5,21,-79,-4,5,-105,-11,-1,100,0,-63,NR N78,18,52.4,6.25,nan,0,3.16,0.0000
1743334614.4406054,NR5G-SA,CONNECT,TDD,CFE10C08F,-77,-1,6,21,-80,-3,4,-106,-13,-1,100,0,-61,NR N78,19,52.4,6.25,nan,0,3.16,0.0000
1743334615.5143836,NR5G-SA,CONNECT,TDD,CFE10C08F,-78,-2,5,21,-80,-3,4,-105,-12,-1,100,0,-63,NR N78,19,52.4,6.25,nan,0,3.16,0.0000
1743334616.5989668,NR5G-SA,CONNECT,TDD,CFE10C08F,-78,-2,5,21,-79,-3,6,-106,-13,-1,100,0,-63,NR N78,19,52.4,6.25,nan,0,3.16,0.0000
1743334617.714539,NR5G-SA,CONNECT,TDD,CFE10C08F,-77,-2,5,21,-77,-2,9,-103,-10,1,100,0,-62,NR N78,19,52.4,6.25,nan,0,3.16,0.0000
1743334618.7711186,NR5G-SA,CONNECT,TDD,CFE10C08F,-77,-1,5,21,-77,-2,9,-105,-11,0,100,0,-63,NR N78,19,52.4,6.25,nan,0,3.16,0.0000
1743334619.8071008,NR5G-SA,CONNECT,TDD,CFE10C08F,-77,-2,5,21,-77,-3,6,-104,-11,0,100,0,-62,NR N78,19,62.9,7.5,nan,0,3.16,0.0000
1743334620.914288,NR5G-SA,CONNECT,TDD,CFE10C08F,-77,-1,5,21,-77,-2,8,-104,-10,0,100,0,-62,NR N78,19,52.4,6.25,nan,0,3.16,0.0000
1743334621.9700584,NR5G-SA,CONNECT,TDD,CFE10C08F,-77,-1,5,21,-78,-3,8,-104,-11,0,100,0,-61,NR N78,19,52.4,6.25,nan,0,3.16,0.0000
1743334623.024956,NR5G-SA,CONNECT,TDD,CFE10C08F,-77,-1,5,21,-78,-3,6,-107,-13,-1,100,0,-63,NR N78,18,41.9,5.0,nan,0,3.16,0.0000
1743334624.0915961,NR5G-SA,CONNECT,TDD,CFE10C08F,-77,-1,6,21,-79,-3,5,-104,-11,0,100,0,-63,NR N78,18,52.4,6.25,nan,0,3.16,0.0000
1743334625.172076,NR5G-SA,CONNECT,TDD,CFE10C08F,-77,-1,6,21,-79,-3,4,-105,-12,-1,100,0,-62,NR N78,18,52.4,6.25,nan,0,3.16,0.0000
1743334626.2894292,NR5G-SA,CONNECT,TDD,CFE10C08F,-77,-1,7,21,-79,-3,3,-106,-12,-2,100,0,-61,NR N78,18,52.4,6.25,nan,0,3.16,0.0000
1743334627.3743577,NR5G-SA,CONNECT,TDD,CFE10C08F,-77,-1,6,21,-79,-4,3,-107,-13,-2,100,0,-62,NR N78,18,52.4,6.25,nan,0,3.16,0.0000
1743334630.5786643,NR5G-SA,CONNECT,TDD,CFE10C08F,-77,-1,8,18,-77,-3,3,-106,-11,-1,100,1,-62,NR N78,26,nan,nan,nan,nan,nan,nan
1743334631.6888058,NR5G-SA,CONNECT,TDD,CFE10C08F,-77,-1,8,18,-78,-3,4,-109,-14,-1,100,0,-61,NR N78,26,41.2,4.91,nan,0,290.0,0.0000
1743334632.8004405,NR5G-SA,CONNECT,TDD,CFE10C08F,-77,-1,7,21,-78,-4,2,-105,-12,-1,100,0,-62,NR N78,19,50.4,6.01,nan,0,546.0,0.0000
1743334633.9073312,NR5G-SA,CONNECT,TDD,CFE10C08F,-77,-1,6,21,-78,-3,2,-105,-10,0,100,0,-62,NR N78,19,47.3,5.64,nan,0,811.0,0.0000
1743334635.005041,NR5G-SA,CONNECT,TDD,CFE10C08F,-77,-2,6,20,-78,-3,3,-98,-9,0,100,0,-62,NR N78,17,54.5,6.5,nan,0,1.07,0.0000
1743334636.1168962,NR5G-SA,CONNECT,TDD,CFE10C08F,-77,-2,5,20,-77,-3,3,-101,-11,-2,100,0,-62,NR N78,17,52.2,6.23,nan,0,1.35,0.0000
1743334637.2191052,NR5G-SA,CONNECT,TDD,CFE10C08F,-78,-2,5,20,-78,-3,2,-106,-11,0,100,0,-63,NR N78,17,41.9,5.0,nan,0,1.62,0.0000
1743334638.3061786,NR5G-SA,CONNECT,TDD,CFE10C08F,-78,-2,5,20,-79,-3,6,-107,-11,0,100,0,-63,NR N78,16,41.9,5.0,nan,0,1.89,0.0000
1743334639.3672585,NR5G-SA,CONNECT,TDD,CFE10C08F,-79,-2,5,20,-79,-3,3,-108,-13,0,100,0,-63,NR N78,16,41.9,5.0,nan,0,2.15,0.0000
1743334640.483254,NR5G-SA,CONNECT,TDD,CFE10C08F,-78,-2,5,20,-79,-3,3,-104,-11,0,100,0,-62,NR N78,17,41.9,5.0,nan,0,2.41,0.0000
1743334641.5354314,NR5G-SA,CONNECT,TDD,CFE10C08F,-78,-2,4,20,-79,-3,4,-105,-12,0,100,0,-60,NR N78,17,52.4,6.25,nan,0,2.7,0.0000
1743334642.6240077,NR5G-SA,CONNECT,TDD,CFE10C08F,-77,-2,4,20,-78,-3,4,-103,-10,0,100,0,-61,NR N78,17,41.9,5.0,nan,0,2.96,0.0000
1743334643.6648338,NR5G-SA,CONNECT,TDD,CFE10C08F,-77,-2,4,20,-79,-3,5,-103,-10,0,100,0,-62,NR N78,17,41.9,5.0,nan,0,3.16,0.0000
1743334644.771104,NR5G-SA,CONNECT,TDD,CFE10C08F,-77,-2,4,20,-79,-3,4,-105,-12,-2,100,0,-62,NR N78,17,41.9,5.0,nan,0,3.16,0.0000
1743334645.8793464,NR5G-SA,CONNECT,TDD,CFE10C08F,-78,-2,4,20,-79,-3,4,-105,-12,-1,100,0,-62,NR N78,17,52.4,6.25,nan,0,3.16,0.0000
1743334646.9974947,NR5G-SA,CONNECT,TDD,CFE10C08F,-78,-2,4,21,-80,-3,6,-106,-11,0,100,0,-62,NR N78,17,41.9,5.0,nan,0,3.16,0.0000
1743334648.0834935,NR5G-SA,CONNECT,TDD,CFE10C08F,-78,-2,4,21,-80,-4,5,-103,-11,0,100,0,-63,NR N78,17,52.4,6.25,nan,0,3.16,0.0000
1743334649.1524718,NR5G-SA,CONNECT,TDD,CFE10C08F,-78,-2,6,21,-82,-3,5,-106,-12,0,100,0,-62,NR N78,18,52.3,6.25,nan,0,3.16,0.0000
1743334650.2294183,NR5G-SA,CONNECT,TDD,CFE10C08F,-78,-3,4,21,-79,-3,3,-105,-11,0,100,0,-61,NR N78,18,42.0,5.0,nan,0,3.16,0.0000
1743334651.3338103,NR5G-SA,CONNECT,TDD,CFE10C08F,-78,-3,3,21,-78,-4,6,-107,-11,0,100,0,-62,NR N78,16,42.0,5.0,nan,0,3.16,0.0000
1743334652.43242,NR5G-SA,CONNECT,TDD,CFE10C08F,-78,-3,2,21,-80,-4,6,-105,-12,-2,100,0,-62,NR N78,17,41.9,5.0,nan,0,3.16,0.0000
1743334653.5301049,NR5G-SA,CONNECT,TDD,CFE10C08F,-78,-3,1,21,-79,-4,3,-104,-10,0,100,0,-60,NR N78,17,41.9,5.0,nan,0,3.16,0.0000
1743334654.6144588,NR5G-SA,CONNECT,TDD,CFE10C08F,-77,-2,4,21,-79,-4,9,-105,-11,0,100,0,-62,NR N78,16,52.4,6.25,nan,0,3.16,0.0000
1743334655.7176228,NR5G-SA,CONNECT,TDD,CFE10C08F,-77,-2,7,21,-79,-4,9,-103,-11,0,100,0,-61,NR N78,16,41.9,5.0,nan,0,3.16,0.0000
1743334656.7610195,NR5G-SA,CONNECT,TDD,CFE10C08F,-77,-2,7,21,-78,-3,5,-106,-12,0,100,0,-61,NR N78,17,41.9,5.0,nan,0,3.16,0.0000
1743334657.8391314,NR5G-SA,CONNECT,TDD,CFE10C08F,-77,-3,4,21,-76,-3,9,-107,-13,-1,100,0,-62,NR N78,17,52.4,6.25,nan,0,3.16,0.0000
1743334658.9207842,NR5G-SA,CONNECT,TDD,CFE10C08F,-77,-2,4,21,-75,-3,9,-108,-13,-1,100,0,-61,NR N78,16,41.9,5.0,nan,0,3.16,0.0000
1743334659.998481,NR5G-SA,CONNECT,TDD,CFE10C08F,-77,-2,4,21,-74,-3,4,-104,-11,0,100,0,-61,NR N78,16,52.4,6.25,nan,0,3.16,0.0000
1743334661.0388844,NR5G-SA,CONNECT,TDD,CFE10C08F,-76,-2,5,21,-74,-3,4,-105,-12,-1,100,0,-61,NR N78,17,41.9,5.0,nan,0,3.16,0.0000
1743334662.088245,NR5G-SA,CONNECT,TDD,DE3B0B093,-72,-2,5,21,0,0,0,0,0,0,100,1,-57,NR N78,17,41.9,5.0,nan,0,3.16,0.0000
1743334663.163825,NR5G-SA,CONNECT,TDD,DE3B0B093,-72,-2,5,21,-76,-3,7,-76,-3,7,100,0,-55,NR N78,17,62.9,7.5,nan,0,3.16,0.0000
1743334664.2267075,NR5G-SA,CONNECT,TDD,DE3B0B093,-74,-3,4,20,-76,-3,7,-76,-3,7,100,0,-57,NR N78,21,73.4,8.75,nan,0,3.16,0.0000
1743334665.2816553,NR5G-SA,CONNECT,TDD,DE3B0B093,-74,-3,4,20,-76,-2,7,-76,-2,7,100,0,-59,NR N78,21,94.4,11.2,nan,0,3.16,0.0000
1743334666.342896,NR5G-SA,CONNECT,TDD,DE3B0B093,-74,-3,4,20,-76,-2,7,-76,-2,7,100,0,-59,NR N78,26,83.9,10.0,nan,0,3.16,0.0000
1743334667.4001405,NR5G-SA,CONNECT,TDD,DE3B0B093,-74,-3,4,20,-76,-2,7,-76,-2,7,100,0,-59,NR N78,26,73.4,8.75,nan,0,3.16,0.0000
1743334668.4350183,NR5G-SA,CONNECT,TDD,DE3B0B093,-74,-3,3,20,-76,-2,7,-76,-2,7,100,0,-56,NR N78,25,94.4,11.2,nan,0,3.16,0.0000
1743334669.498404,NR5G-SA,CONNECT,TDD,DE3B0B093,-75,-3,3,20,-76,-2,6,-76,-2,6,100,0,-59,NR N78,25,83.9,10.0,nan,0,3.16,0.0000
1743334670.5756223,NR5G-SA,CONNECT,TDD,DE3B0B093,-74,-3,4,20,-76,-2,6,-76,-2,6,100,0,-58,NR N78,26,83.9,10.0,nan,0,3.16,0.0000
1743334671.6490135,NR5G-SA,CONNECT,TDD,DE3B0B093,-75,-3,4,20,-76,-2,5,-76,-2,5,100,0,-59,NR N78,26,94.4,11.2,nan,0,3.16,0.0000
1743334672.7145805,NR5G-SA,CONNECT,TDD,DE3B0B093,-75,-3,4,20,-76,-2,5,-76,-2,5,100,0,-59,NR N78,26,94.4,11.2,nan,0,3.16,0.0000
1743334673.7930527,NR5G-SA,CONNECT,TDD,DE3B0B093,-74,-3,4,20,-76,-2,6,-76,-2,6,100,0,-59,NR N78,26,83.9,10.0,nan,0,3.16,0.0000
1743334674.8462636,NR5G-SA,CONNECT,TDD,DE3B0B093,-75,-3,4,20,-76,-2,5,-76,-2,5,100,0,-58,NR N78,26,94.4,11.2,nan,0,3.16,0.0000
1743334675.904067,NR5G-SA,CONNECT,TDD,DE3B0B093,-74,-3,4,20,-76,-2,5,-76,-2,5,100,0,-58,NR N78,26,83.9,10.0,nan,0,3.16,0.0000
1743334676.9594119,NR5G-SA,CONNECT,TDD,DE3B0B093,-74,-3,4,20,-76,-2,5,-76,-2,5,100,0,-59,NR N78,26,83.9,10.0,nan,0,3.16,0.0000
1743334678.0276468,NR5G-SA,CONNECT,TDD,DE3B0B093,-74,-3,4,20,-77,-3,5,-77,-3,5,100,0,-59,NR N78,26,94.4,11.2,nan,0,3.16,0.0000
1743334679.097501,NR5G-SA,CONNECT,TDD,DE3B0B093,-75,-3,4,20,-77,-2,6,-77,-2,6,100,0,-60,NR N78,26,94.4,11.2,nan,0,3.16,0.0000
1743334680.1510508,NR5G-SA,CONNECT,TDD,DE3B0B093,-75,-3,4,20,-77,-3,5,-77,-3,5,100,0,-58,NR N78,26,83.9,10.0,nan,0,3.16,0.0000
1743334681.2138617,NR5G-SA,CONNECT,TDD,DE3B0B093,-75,-3,3,20,-77,-2,5,-77,-2,5,100,0,-59,NR N78,26,83.9,10.0,nan,0,3.16,0.0000
1743334682.2507362,NR5G-SA,CONNECT,TDD,DE3B0B093,-75,-3,3,20,-77,-2,6,-77,-2,6,100,0,-59,NR N78,26,83.9,10.0,nan,0,3.16,0.0000
1743334683.2858207,NR5G-SA,CONNECT,TDD,DE3B0B093,-75,-3,3,20,-77,-2,6,-77,-2,6,100,0,-58,NR N78,26,83.9,10.0,nan,0,3.16,0.0000
1743334684.3558364,NR5G-SA,CONNECT,TDD,DE3B0B093,-75,-3,3,20,-77,-2,6,-77,-2,6,100,0,-58,NR N78,26,83.9,10.0,nan,0,3.16,0.0000
1743334685.4226384,NR5G-SA,CONNECT,TDD,DE3B0B093,-75,-3,3,20,-77,-2,6,-77,-2,6,100,0,-57,NR N78,26,94.4,11.2,nan,0,3.16,0.0000
1743334686.5014033,NR5G-SA,CONNECT,TDD,DE3B0B093,-75,-3,3,20,-77,-2,6,-77,-2,6,100,0,-59,NR N78,26,83.9,10.0,nan,0,3.16,0.0000
1743334687.5656219,NR5G-SA,CONNECT,TDD,DE3B0B093,-75,-3,3,20,-77,-3,4,-77,-3,4,100,0,-59,NR N78,26,83.9,10.0,nan,0,3.16,0.0000
1743334688.6071777,NR5G-SA,CONNECT,TDD,DE3B0B093,-75,-3,3,20,-77,-3,5,-77,-3,5,100,0,-58,NR N78,25,73.4,8.75,nan,0,3.16,0.0000
1743334689.6511889,NR5G-SA,CONNECT,TDD,DE3B0B093,-75,-3,2,20,-77,-3,5,-77,-3,5,100,0,-58,NR N78,25,73.4,8.75,nan,0,3.16,0.0000
1743334690.7311323,NR5G-SA,CONNECT,TDD,DE3B0B093,-75,-3,2,20,-77,-3,4,-77,-3,4,100,0,-58,NR N78,24,83.6,10.0,nan,0,3.16,0.0000
1743334691.7861211,NR5G-SA,CONNECT,TDD,DE3B0B093,-75,-3,3,20,-77,-3,4,-77,-3,4,100,0,-59,NR N78,24,83.9,10.0,nan,0,3.16,0.0000
1743334692.8523254,NR5G-SA,CONNECT,TDD,DE3B0B093,-75,-3,2,20,-77,-3,3,-77,-3,3,100,0,-58,NR N78,25,83.9,10.0,nan,0,3.16,0.0000
1743334693.9308057,NR5G-SA,CONNECT,TDD,DE3B0B093,-75,-3,2,20,-77,-3,4,-77,-3,4,100,0,-59,NR N78,25,83.9,10.0,nan,0,3.16,0.0000
1743334695.011265,NR5G-SA,CONNECT,TDD,DE3B0B093,-74,-2,3,20,-77,-3,3,-77,-3,3,100,0,-59,NR N78,25,73.4,8.75,nan,0,3.16,0.0000
1743334696.0903823,NR5G-SA,CONNECT,TDD,DE3B0B093,-74,-2,3,20,-77,-2,4,-77,-2,4,100,0,-59,NR N78,23,73.4,8.75,nan,0,3.16,0.0000
1743334697.1538224,NR5G-SA,CONNECT,TDD,DE3B0B093,-74,-2,4,20,-77,-2,4,-77,-2,4,100,0,-59,NR N78,23,62.9,7.5,nan,0,3.16,0.0000
1743334698.2396173,NR5G-SA,CONNECT,TDD,DE3B0B093,-74,-2,4,20,-77,-2,4,-77,-2,4,100,0,-58,NR N78,23,73.4,8.75,nan,0,3.16,0.0000
1743334699.3652833,NR5G-SA,CONNECT,TDD,DE3B0B093,-74,-2,4,20,-77,-3,5,-77,-3,5,100,0,-58,NR N78,23,83.9,10.0,nan,0,3.16,0.0000
1743334700.429732,NR5G-SA,CONNECT,TDD,DE3B0B093,-74,-3,3,20,-77,-4,1,-77,-4,1,100,0,-58,NR N78,24,73.4,8.75,nan,0,3.16,0.0000
1743334701.5168571,NR5G-SA,CONNECT,TDD,DE3B0B093,-74,-3,3,20,-77,-5,0,-77,-5,0,100,0,-57,NR N78,24,83.9,10.0,nan,0,3.16,0.0000
1743334702.5875907,NR5G-SA,CONNECT,TDD,DE3B0B093,-73,-3,4,20,-78,-5,0,-78,-5,0,100,0,-57,NR N78,24,73.4,8.75,nan,0,3.16,0.0000
1743334703.6771917,NR5G-SA,CONNECT,TDD,DE3B0B093,-74,-2,3,20,-78,-5,0,-78,-5,0,100,0,-58,NR N78,24,83.9,10.0,nan,0,3.16,0.0000
1743334704.7120824,NR5G-SA,CONNECT,TDD,DE3B0B093,-74,-3,3,20,-78,-5,0,-78,-5,0,100,0,-59,NR N78,24,73.4,8.75,nan,0,3.16,0.0000
1743334705.7654307,NR5G-SA,CONNECT,TDD,DE3B0B093,-74,-3,3,20,-78,-5,0,-78,-5,0,100,0,-59,NR N78,24,83.9,10.0,nan,0,3.16,0.0000
1743334706.8297973,NR5G-SA,CONNECT,TDD,DE3B0B093,-75,-3,2,20,-78,-5,0,-78,-5,0,100,0,-59,NR N78,25,83.9,10.0,nan,0,3.16,0.0000
1743334707.9144914,NR5G-SA,CONNECT,TDD,DE3B0B093,-75,-3,2,20,-77,-5,-1,-77,-5,-1,100,0,-60,NR N78,25,73.4,8.75,nan,0,3.16,0.0000
1743334708.949283,NR5G-SA,CONNECT,TDD,DE3B0B093,-75,-3,2,20,-77,-5,-1,-77,-5,-1,100,0,-59,NR N78,24,73.4,8.75,nan,0,3.16,0.0000
1743334710.010037,NR5G-SA,CONNECT,TDD,DE3B0B093,-75,-3,2,20,-77,-5,-1,-77,-5,-1,100,0,-60,NR N78,24,73.4,8.75,nan,0,3.16,0.0000
1743334711.0882862,NR5G-SA,CONNECT,TDD,DE3B0B093,-76,-3,1,20,-77,-5,0,-77,-5,0,100,0,-59,NR N78,24,83.9,10.0,nan,0,3.16,0.0000
1743334712.1580663,NR5G-SA,CONNECT,TDD,DE3B0B093,-76,-3,2,20,-77,-4,1,-77,-4,1,100,0,-57,NR N78,24,73.4,8.75,nan,0,3.16,0.0000
1743334713.2037432,NR5G-SA,CONNECT,TDD,DE3B0B093,-75,-3,4,20,-78,-3,3,-78,-3,3,100,0,-59,NR N78,24,73.4,8.75,nan,0,3.16,0.0000
1743334714.2640176,NR5G-SA,CONNECT,TDD,DE3B0B093,-75,-2,4,20,-77,-3,4,-77,-3,4,100,0,-60,NR N78,23,73.4,8.75,nan,0,3.16,0.0000
1743334715.2923,NR5G-SA,CONNECT,TDD,DE3B0B093,-75,-3,4,20,-78,-3,4,-78,-3,4,100,0,-59,NR N78,23,73.4,8.75,nan,0,3.16,0.0000
1743334716.3470457,NR5G-SA,CONNECT,TDD,DE3B0B093,-75,-3,4,20,-78,-3,4,-78,-3,4,100,0,-59,NR N78,23,73.4,8.75,nan,0,3.16,0.0000
1743334717.3871505,NR5G-SA,CONNECT,TDD,DE3B0B093,-75,-3,3,20,-77,-4,3,-77,-4,3,100,0,-59,NR N78,23,73.4,8.75,nan,0,3.16,0.0000
1743334718.4646673,NR5G-SA,CONNECT,TDD,DE3B0B093,-74,-3,3,20,-78,-4,3,-78,-4,3,100,0,-58,NR N78,24,83.9,10.0,nan,0,3.16,0.0000
1743334719.5122557,NR5G-SA,CONNECT,TDD,DE3B0B093,-75,-3,3,20,-77,-4,0,-77,-4,0,100,0,-58,NR N78,24,83.9,10.0,nan,0,3.16,0.0000
1743334720.5774796,NR5G-SA,CONNECT,TDD,DE3B0B093,-74,-3,3,20,-78,-4,2,-78,-4,2,100,0,-59,NR N78,25,73.4,8.75,nan,0,3.16,0.0000
1743334721.6210194,NR5G-SA,CONNECT,TDD,DE3B0B093,-74,-3,3,20,-77,-3,3,-77,-3,3,100,0,-58,NR N78,25,83.9,10.0,nan,0,3.16,0.0000
1743334722.6783679,NR5G-SA,CONNECT,TDD,DE3B0B093,-74,-3,3,20,-77,-3,4,-77,-3,4,100,0,-57,NR N78,25,94.4,11.2,nan,0,3.16,0.0000
1743334723.7379384,NR5G-SA,CONNECT,TDD,DE3B0B093,-74,-2,3,20,-77,-3,4,-77,-3,4,100,0,-57,NR N78,25,83.9,10.0,nan,0,3.16,0.0000
1743334724.8178616,NR5G-SA,CONNECT,TDD,DE3B0B093,-74,-2,3,20,-77,-2,5,-77,-2,5,100,0,-58,NR N78,26,94.4,11.2,nan,0,3.16,0.0000
1743334725.8881752,NR5G-SA,CONNECT,TDD,DE3B0B093,-74,-3,3,20,-77,-2,5,-77,-2,5,100,0,-59,NR N78,26,83.9,10.0,nan,0,3.16,0.0000
1743334726.9470797,NR5G-SA,CONNECT,TDD,DE3B0B093,-74,-3,3,20,-77,-2,5,-77,-2,5,100,0,-59,NR N78,26,83.9,10.0,nan,0,3.16,0.0000
1743334728.0436597,NR5G-SA,CONNECT,TDD,DE3B0B093,-75,-3,3,20,-77,-3,5,-77,-3,5,100,0,-56,NR N78,25,73.4,8.75,nan,0,3.16,0.0000
1743334729.0853019,NR5G-SA,CONNECT,TDD,DE3B0B093,-74,-3,3,20,-77,-3,5,-77,-3,5,100,0,-58,NR N78,25,83.9,10.0,nan,0,3.16,0.0000
1743334730.1257544,NR5G-SA,CONNECT,TDD,DE3B0B093,-75,-3,2,20,-77,-3,3,-77,-3,3,100,0,-59,NR N78,24,73.4,8.75,nan,0,3.16,0.0000
1743334731.1659725,NR5G-SA,CONNECT,TDD,DE3B0B093,-75,-3,2,20,-77,-3,4,-77,-3,4,100,0,-59,NR N78,24,73.4,8.75,nan,0,3.16,0.0000
1743334732.2688198,NR5G-SA,CONNECT,TDD,DE3B0B093,-75,-3,3,20,-77,-3,3,-77,-3,3,100,0,-59,NR N78,22,62.9,7.5,nan,0,3.16,0.0000
1743334733.313076,NR5G-SA,CONNECT,TDD,DE3B0B093,-75,-3,3,20,-77,-3,3,-77,-3,3,100,0,-58,NR N78,22,83.9,10.0,nan,0,3.16,0.0000
1743334734.3552654,NR5G-SA,CONNECT,TDD,DE3B0B093,-75,-3,2,20,-77,-3,3,-77,-3,3,100,0,-59,NR N78,25,83.9,10.0,nan,0,3.16,0.0000
1743334735.433227,NR5G-SA,CONNECT,TDD,DE3B0B093,-75,-3,2,20,-77,-3,3,-77,-3,3,100,0,-59,NR N78,25,83.9,10.0,nan,0,3.16,0.0000
1743334736.4724848,NR5G-SA,CONNECT,TDD,DE3B0B093,-75,-3,2,20,-77,-3,4,-77,-3,4,100,0,-59,NR N78,24,73.4,8.75,nan,0,3.16,0.0000
1743334737.5029848,NR5G-SA,CONNECT,TDD,DE3B0B093,-74,-3,3,20,-77,-3,4,-77,-3,4,100,0,-57,NR N78,24,83.9,10.0,nan,0,3.16,0.0000
1743334738.5493448,NR5G-SA,CONNECT,TDD,DE3B0B093,-74,-3,3,20,-77,-3,4,-77,-3,4,100,0,-56,NR N78,25,83.9,10.0,nan,0,3.16,0.0000
1743334739.5793324,NR5G-SA,CONNECT,TDD,DE3B0B093,-74,-3,3,20,-77,-3,4,-77,-3,4,100,0,-58,NR N78,25,83.9,10.0,nan,0,3.16,0.0000
1743334740.643819,NR5G-SA,CONNECT,TDD,DE3B0B093,-74,-3,3,20,-77,-3,4,-77,-3,4,100,0,-58,NR N78,25,83.9,10.0,nan,0,3.16,0.0000
1743334741.6737726,NR5G-SA,CONNECT,TDD,DE3B0B093,-74,-3,3,20,-77,-3,4,-77,-3,4,100,0,-58,NR N78,25,83.9,10.0,nan,0,3.16,0.0000
1743334742.753442,NR5G-SA,CONNECT,TDD,DE3B0B093,-74,-3,3,20,-77,-3,4,-77,-3,4,100,0,-58,NR N78,24,73.4,8.75,nan,0,3.16,0.0000
1743334743.8158188,NR5G-SA,CONNECT,TDD,DE3B0B093,-74,-3,3,20,-77,-3,5,-77,-3,5,100,0,-58,NR N78,24,83.9,10.0,nan,0,3.16,0.0000
1743334744.8858905,NR5G-SA,CONNECT,TDD,DE3B0B093,-74,-4,3,20,-77,-3,4,-77,-3,4,100,0,-56,NR N78,25,83.9,10.0,nan,0,3.16,0.0000
1743334745.935188,NR5G-SA,CONNECT,TDD,DE3B0B093,-74,-5,3,20,-77,-3,5,-77,-3,5,100,0,-55,NR N78,25,73.4,8.75,nan,0,3.16,0.0000
1743334747.0108037,NR5G-SA,CONNECT,TDD,DE3B0B093,-74,-4,4,20,-77,-3,5,-77,-3,5,100,0,-58,NR N78,25,73.4,8.75,nan,0,3.16,0.0000
1743334748.084114,NR5G-SA,CONNECT,TDD,DE3B0B093,-74,-4,3,21,-77,-3,5,-77,-3,5,100,0,-57,NR N78,26,73.4,8.75,nan,0,3.16,0.0000
1743334749.1671104,NR5G-SA,CONNECT,TDD,DE3B0B093,-74,-4,4,21,-77,-3,5,-77,-3,5,100,0,-57,NR N78,26,83.9,10.0,nan,0,3.16,0.0000
1743334750.2150345,NR5G-SA,CONNECT,TDD,DE3B0B093,-74,-4,3,21,-77,-3,5,-77,-3,5,100,0,-57,NR N78,26,83.9,10.0,nan,0,3.16,0.0000
1743334751.2780924,NR5G-SA,CONNECT,TDD,DE3B0B093,-73,-3,4,21,-77,-3,5,-77,-3,5,100,0,-57,NR N78,26,73.4,8.75,nan,0,3.16,0.0000
1743334752.315146,NR5G-SA,CONNECT,TDD,DE3B0B093,-73,-3,4,21,-77,-3,5,-77,-3,5,100,0,-58,NR N78,26,94.4,11.2,nan,0,3.16,0.0000
1743334753.3841922,NR5G-SA,CONNECT,TDD,DE3B0B093,-73,-3,4,21,-77,-3,5,-77,-3,5,100,0,-58,NR N78,26,83.9,10.0,nan,0,3.16,0.0000
1743334754.4354045,NR5G-SA,CONNECT,TDD,DE3B0B093,-73,-3,4,21,-77,-3,5,-77,-3,5,100,0,-58,NR N78,26,83.9,10.0,nan,0,3.16,0.0000
1743334755.495766,NR5G-SA,CONNECT,TDD,DE3B0B093,-73,-3,4,21,-77,-3,5,-77,-3,5,100,0,-59,NR N78,26,83.9,10.0,nan,0,3.16,0.0000
1743334756.5700965,NR5G-SA,CONNECT,TDD,DE3B0B093,-74,-3,3,21,-77,-3,5,-77,-3,5,100,0,-58,NR N78,25,73.4,8.75,nan,0,3.16,0.0000
1743334757.6362143,NR5G-SA,CONNECT,TDD,DE3B0B093,-74,-3,3,21,-77,-3,5,-77,-3,5,100,0,-55,NR N78,25,83.9,10.0,nan,0,3.16,0.0000
1743334758.6795228,NR5G-SA,CONNECT,TDD,DE3B0B093,-74,-3,3,20,-77,-4,3,-77,-4,3,100,0,-58,NR N78,24,73.4,8.75,nan,0,3.16,0.0000
1743334759.7359083,NR5G-SA,CONNECT,TDD,DE3B0B093,-74,-3,3,20,-77,-3,4,-77,-3,4,100,0,-57,NR N78,24,83.9,10.0,nan,0,3.16,0.0000
1743334760.7722857,NR5G-SA,CONNECT,TDD,DE3B0B093,-74,-3,4,20,-77,-3,4,-77,-3,4,100,0,-58,NR N78,24,83.9,10.0,nan,0,3.16,0.0000
1743334761.853079,NR5G-SA,CONNECT,TDD,DE3B0B093,-74,-3,4,20,-77,-3,4,-77,-3,4,100,0,-58,NR N78,24,83.9,10.0,nan,0,3.16,0.0000
1743334762.9183717,NR5G-SA,CONNECT,TDD,DE3B0B093,-73,-2,4,20,-77,-3,4,-77,-3,4,100,0,-58,NR N78,25,73.4,8.75,nan,0,3.16,0.0000
1743334763.9752228,NR5G-SA,CONNECT,TDD,DE3B0B093,-73,-2,4,20,-77,-3,4,-77,-3,4,100,0,-58,NR N78,25,83.9,10.0,nan,0,3.16,0.0000
1743334765.0168765,NR5G-SA,CONNECT,TDD,DE3B0B093,-73,-3,4,20,-77,-3,3,-77,-3,3,100,0,-58,NR N78,24,83.7,10.0,nan,0,3.16,0.0000
1743334766.0746083,NR5G-SA,CONNECT,TDD,DE3B0B093,-73,-3,4,20,-77,-3,4,-77,-3,4,100,0,-56,NR N78,24,73.6,8.75,nan,0,3.16,0.0000
1743334767.130365,NR5G-SA,CONNECT,TDD,DE3B0B093,-74,-3,4,20,-77,-3,4,-77,-3,4,100,0,-58,NR N78,24,73.4,8.75,nan,0,3.16,0.0000
1743334768.1932309,NR5G-SA,CONNECT,TDD,DE3B0B093,-74,-3,4,20,-77,-3,4,-77,-3,4,100,0,-59,NR N78,24,73.4,8.75,nan,0,3.16,0.0000
1743334769.2373557,NR5G-SA,CONNECT,TDD,DE3B0B093,-74,-3,4,20,-77,-3,4,-77,-3,4,100,0,-59,NR N78,24,83.9,10.0,nan,0,3.16,0.0000
1743334770.3206706,NR5G-SA,CONNECT,TDD,DE3B0B093,-74,-3,4,20,-77,-3,4,-77,-3,4,100,0,-57,NR N78,24,73.4,8.75,nan,0,3.16,0.0000
1743334771.3509932,NR5G-SA,CONNECT,TDD,DE3B0B093,-74,-2,4,20,-77,-2,4,-77,-2,4,100,0,-58,NR N78,24,73.4,8.75,nan,0,3.16,0.0000
1743334772.3927386,NR5G-SA,CONNECT,TDD,DE3B0B093,-74,-2,4,20,-77,-2,5,-77,-2,5,100,0,-59,NR N78,24,83.9,10.0,nan,0,3.16,0.0000
1743334773.4260793,NR5G-SA,CONNECT,TDD,DE3B0B093,-74,-2,4,20,-77,-2,5,-77,-2,5,100,0,-57,NR N78,24,83.9,10.0,nan,0,3.16,0.0000
1743334774.4970868,NR5G-SA,CONNECT,TDD,DE3B0B093,-74,-3,4,20,-76,-3,5,-76,-3,5,100,0,-59,NR N78,25,83.9,10.0,nan,0,3.16,0.0000
1743334775.558507,NR5G-SA,CONNECT,TDD,DE3B0B093,-74,-3,4,20,-76,-3,5,-76,-3,5,100,0,-58,NR N78,25,73.4,8.75,nan,0,3.16,0.0000
1743334776.6186445,NR5G-SA,CONNECT,TDD,DE3B0B093,-74,-3,4,20,-76,-3,5,-76,-3,5,100,0,-57,NR N78,25,83.9,10.0,nan,0,3.16,0.0000
1743334777.668832,NR5G-SA,CONNECT,TDD,DE3B0B093,-73,-3,5,20,-76,-2,5,-76,-2,5,100,0,-57,NR N78,25,83.9,10.0,nan,0,3.16,0.0000
1743334778.7300828,NR5G-SA,CONNECT,TDD,DE3B0B093,-74,-3,5,20,-77,-2,5,-77,-2,5,100,0,-58,NR N78,25,83.9,10.0,nan,0,3.16,0.0000
1743334779.7762802,NR5G-SA,CONNECT,TDD,DE3B0B093,-74,-2,5,20,-77,-2,5,-77,-2,5,100,0,-56,NR N78,25,83.9,10.0,nan,0,3.16,0.0000
1743334780.8463807,NR5G-SA,CONNECT,TDD,DE3B0B093,-73,-2,5,20,-77,-3,4,-77,-3,4,100,0,-57,NR N78,26,83.9,10.0,nan,0,3.16,0.0000
1743334781.893683,NR5G-SA,CONNECT,TDD,DE3B0B093,-73,-2,5,20,-77,-3,4,-77,-3,4,100,0,-56,NR N78,26,83.9,10.0,nan,0,3.16,0.0000
1743334782.9624758,NR5G-SA,CONNECT,TDD,DE3B0B093,-73,-2,5,20,-77,-2,4,-77,-2,4,100,0,-57,NR N78,26,83.9,10.0,nan,0,3.16,0.0000
1743334784.0167966,NR5G-SA,CONNECT,TDD,DE3B0B093,-73,-2,5,20,-76,-2,5,-76,-2,5,100,0,-58,NR N78,25,73.4,8.75,nan,0,3.16,0.0000
1743334785.091978,NR5G-SA,CONNECT,TDD,DE3B0B093,-73,-2,6,20,-77,-2,5,-77,-2,5,100,0,-58,NR N78,25,83.9,10.0,nan,0,3.16,0.0000
1743334786.151898,NR5G-SA,CONNECT,TDD,DE3B0B093,-73,-2,6,20,-76,-2,5,-76,-2,5,100,0,-58,NR N78,25,83.9,10.0,nan,0,3.16,0.0000
1743334787.194718,NR5G-SA,CONNECT,TDD,DE3B0B093,-73,-2,6,20,-76,-2,5,-76,-2,5,100,0,-57,NR N78,25,73.4,8.75,nan,0,3.16,0.0000
1743334788.2251618,NR5G-SA,CONNECT,TDD,DE3B0B093,-73,-2,6,20,-76,-2,5,-76,-2,5,100,0,-58,NR N78,25,83.9,10.0,nan,0,3.16,0.0000
1743334789.2752976,NR5G-SA,CONNECT,TDD,DE3B0B093,-73,-2,5,20,-76,-2,5,-76,-2,5,100,0,-58,NR N78,25,83.9,10.0,nan,0,3.16,0.0000
1743334790.33001,NR5G-SA,CONNECT,TDD,DE3B0B093,-73,-2,5,20,-77,-2,5,-77,-2,5,100,0,-59,NR N78,25,83.9,10.0,nan,0,3.16,0.0000
1743334791.3936565,NR5G-SA,CONNECT,TDD,DE3B0B093,-74,-2,4,20,-77,-2,5,-77,-2,5,100,0,-58,NR N78,25,83.9,10.0,nan,0,3.16,0.0000
1743334792.4381762,NR5G-SA,CONNECT,TDD,DE3B0B093,-74,-3,4,20,-77,-2,5,-77,-2,5,100,0,-59,NR N78,25,83.9,10.0,nan,0,3.16,0.0000
1743334793.5175247,NR5G-SA,CONNECT,TDD,DE3B0B093,-74,-2,4,20,-77,-2,5,-77,-2,5,100,0,-58,NR N78,25,83.9,10.0,nan,0,3.16,0.0000
1743334794.556501,NR5G-SA,CONNECT,TDD,DE3B0B093,-74,-2,4,20,-77,-2,5,-77,-2,5,100,0,-58,NR N78,25,83.9,10.0,nan,0,3.16,0.0000
1743334795.594697,NR5G-SA,CONNECT,TDD,DE3B0B093,-74,-2,4,20,-77,-2,5,-77,-2,5,100,0,-58,NR N78,25,73.4,8.75,nan,0,3.16,0.0000
1743334796.6700475,NR5G-SA,CONNECT,TDD,DE3B0B093,-74,-2,4,20,-77,-2,5,-77,-2,5,100,0,-59,NR N78,25,83.9,10.0,nan,0,3.16,0.0000
1743334797.7245164,NR5G-SA,CONNECT,TDD,DE3B0B093,-74,-3,4,20,-77,-2,5,-77,-2,5,100,0,-59,NR N78,25,83.9,10.0,nan,0,3.16,0.0000
1743334798.773794,NR5G-SA,CONNECT,TDD,DE3B0B093,-74,-3,4,20,-77,-2,5,-77,-2,5,100,0,-59,NR N78,25,83.9,10.0,nan,0,3.16,0.0000
1743334799.875845,NR5G-SA,CONNECT,TDD,DE3B0B093,-74,-3,3,20,-77,-2,5,-77,-2,5,100,0,-58,NR N78,25,83.9,10.0,nan,0,3.16,0.0000
1743334800.9195943,NR5G-SA,CONNECT,TDD,DE3B0B093,-74,-3,3,20,-77,-3,4,-77,-3,4,100,0,-58,NR N78,25,83.9,10.0,nan,0,3.16,0.0000
1743334801.997161,NR5G-SA,CONNECT,TDD,DE3B0B093,-74,-3,3,20,-77,-3,4,-77,-3,4,100,0,-58,NR N78,25,83.9,10.0,nan,0,3.16,0.0000
1743334803.082516,NR5G-SA,CONNECT,TDD,DE3B0B093,-74,-3,4,20,-77,-3,4,-77,-3,4,100,0,-58,NR N78,25,73.4,8.75,nan,0,3.16,0.0000
1743334804.1801295,NR5G-SA,CONNECT,TDD,DE3B0B093,-74,-2,4,20,-77,-2,4,-77,-2,4,100,0,-58,NR N78,25,83.9,10.0,nan,0,3.16,0.0000
1743334805.2148674,NR5G-SA,CONNECT,TDD,DE3B0B093,-74,-2,4,20,-77,-2,4,-77,-2,4,100,0,-57,NR N78,25,94.4,11.2,nan,0,3.16,0.0000
1743334806.2842188,NR5G-SA,CONNECT,TDD,DE3B0B093,-73,-2,5,20,-77,-3,4,-77,-3,4,100,0,-58,NR N78,26,83.9,10.0,nan,0,3.16,0.0000
1743334807.3326461,NR5G-SA,CONNECT,TDD,DE3B0B093,-73,-2,5,20,-77,-3,3,-77,-3,3,100,0,-57,NR N78,26,83.9,10.0,nan,0,3.16,0.0000
1743334808.3895419,NR5G-SA,CONNECT,TDD,DE3B0B093,-73,-2,5,20,-77,-3,3,-77,-3,3,100,0,-57,NR N78,26,94.4,11.2,nan,0,3.16,0.0000
1743334809.4499185,NR5G-SA,CONNECT,TDD,DE3B0B093,-73,-2,5,20,-77,-3,3,-77,-3,3,100,0,-57,NR N78,26,73.4,8.75,nan,0,3.16,0.0000
1743334810.5121577,NR5G-SA,CONNECT,TDD,DE3B0B093,-73,-2,5,20,-77,-3,3,-77,-3,3,100,0,-57,NR N78,25,83.9,10.0,nan,0,3.16,0.0000
1743334811.571217,NR5G-SA,CONNECT,TDD,DE3B0B093,-73,-3,5,20,-77,-3,4,-77,-3,4,100,0,-58,NR N78,25,83.9,10.0,nan,0,3.16,0.0000
1743334812.6066647,NR5G-SA,CONNECT,TDD,DE3B0B093,-73,-2,5,20,-77,-3,4,-77,-3,4,100,0,-58,NR N78,25,73.4,8.75,nan,0,3.16,0.0000
1743334813.639487,NR5G-SA,CONNECT,TDD,DE3B0B093,-73,-2,5,20,-77,-3,4,-77,-3,4,100,0,-57,NR N78,25,83.9,10.0,nan,0,3.16,0.0000
1743334814.6681006,NR5G-SA,CONNECT,TDD,DE3B0B093,-73,-2,5,20,-77,-3,3,-77,-3,3,100,0,-56,NR N78,25,83.9,10.0,nan,0,3.16,0.0000
1743334815.722693,NR5G-SA,CONNECT,TDD,DE3B0B093,-73,-3,5,20,-77,-3,4,-77,-3,4,100,0,-58,NR N78,25,83.9,10.0,nan,0,3.16,0.0000
1743334816.770673,NR5G-SA,CONNECT,TDD,DE3B0B093,-73,-3,5,20,-76,-3,4,-76,-3,4,100,0,-57,NR N78,25,83.9,10.0,nan,0,3.16,0.0000
1743334817.8492868,NR5G-SA,CONNECT,TDD,DE3B0B093,-73,-3,5,20,-76,-3,3,-76,-3,3,100,0,-56,NR N78,25,83.9,10.0,nan,0,3.16,0.0000
1743334818.904684,NR5G-SA,CONNECT,TDD,DE3B0B093,-73,-2,5,20,-77,-3,3,-77,-3,3,100,0,-56,NR N78,25,73.4,8.75,nan,0,3.16,0.0000
1743334819.9439487,NR5G-SA,CONNECT,TDD,DE3B0B093,-73,-2,5,20,-76,-3,4,-76,-3,4,100,0,-58,NR N78,25,83.9,10.0,nan,0,3.16,0.0000
1743334820.9951768,NR5G-SA,CONNECT,TDD,DE3B0B093,-73,-2,5,20,-76,-2,4,-76,-2,4,100,0,-56,NR N78,25,73.4,8.75,nan,0,3.16,0.0000
1743334822.0644872,NR5G-SA,CONNECT,TDD,DE3B0B093,-72,-2,6,20,-76,-2,4,-76,-2,4,100,0,-57,NR N78,25,83.9,10.0,nan,0,3.16,0.0000
1743334823.1112351,NR5G-SA,CONNECT,TDD,DE3B0B093,-73,-2,5,20,-76,-2,4,-76,-2,4,100,0,-58,NR N78,25,83.9,10.0,nan,0,3.16,0.0000
1743334824.1494558,NR5G-SA,CONNECT,TDD,DE3B0B093,-73,-2,5,20,-76,-2,4,-76,-2,4,100,0,-59,NR N78,25,83.9,10.0,nan,0,3.16,0.0000
1743334825.2260516,NR5G-SA,CONNECT,TDD,DE3B0B093,-73,-2,4,20,-76,-3,3,-76,-3,3,100,0,-58,NR N78,25,83.9,10.0,nan,0,3.16,0.0000
1743334826.3072183,NR5G-SA,CONNECT,TDD,DE3B0B093,-73,-2,6,20,-77,-3,2,-77,-3,2,100,0,-59,NR N78,24,73.4,8.75,nan,0,3.16,0.0000
1743334827.3629339,NR5G-SA,CONNECT,TDD,DE3B0B093,-73,-2,6,20,-77,-3,3,-77,-3,3,100,0,-58,NR N78,24,73.4,8.75,nan,0,3.16,0.0000
1743334828.431781,NR5G-SA,CONNECT,TDD,DE3B0B093,-73,-2,6,20,-77,-3,4,-77,-3,4,100,0,-57,NR N78,23,73.4,8.75,nan,0,3.16,0.0000
1743334829.5301168,NR5G-SA,CONNECT,TDD,DE3B0B093,-73,-2,6,20,-77,-3,4,-77,-3,4,100,0,-57,NR N78,23,62.9,7.5,nan,0,3.16,0.0000
1743334830.5746977,NR5G-SA,CONNECT,TDD,DE3B0B093,-73,-3,6,20,-77,-3,4,-77,-3,4,100,0,-55,NR N78,22,62.9,7.5,nan,0,3.16,0.0000
1743334831.6507285,NR5G-SA,CONNECT,TDD,DE3B0B093,-73,-2,7,20,-77,-3,4,-77,-3,4,100,0,-57,NR N78,22,73.4,8.75,nan,0,3.16,0.0000
1743334832.736083,NR5G-SA,CONNECT,TDD,DE3B0B093,-73,-2,7,20,-77,-3,4,-77,-3,4,100,0,-58,NR N78,22,73.4,8.75,nan,0,3.16,0.0000
1743334833.8355892,NR5G-SA,CONNECT,TDD,DE3B0B093,-73,-2,6,20,-77,-3,3,-77,-3,3,100,0,-57,NR N78,22,63.0,7.5,nan,0,3.16,0.0000
1743334834.8792439,NR5G-SA,CONNECT,TDD,DE3B0B093,-73,-2,5,20,-78,-5,0,-78,-5,0,100,0,-58,NR N78,22,62.9,7.5,nan,0,3.16,0.0000
1743334835.9339669,NR5G-SA,CONNECT,TDD,DE3B0B093,-73,-3,4,20,-78,-4,0,-78,-4,0,100,0,-56,NR N78,22,73.4,8.75,nan,0,3.16,0.0000
1743334836.9860237,NR5G-SA,CONNECT,TDD,DE3B0B093,-74,-3,4,20,-77,-4,1,-77,-4,1,100,0,-58,NR N78,22,83.9,10.0,nan,0,3.16,0.0000
1743334838.0379405,NR5G-SA,CONNECT,TDD,DE3B0B093,-73,-2,4,20,-77,-4,1,-77,-4,1,100,0,-58,NR N78,22,83.9,10.0,nan,0,3.16,0.0000
1743334839.095465,NR5G-SA,CONNECT,TDD,DE3B0B093,-73,-3,4,20,-77,-3,2,-77,-3,2,100,0,-59,NR N78,25,83.9,10.0,nan,0,3.16,0.0000
1743334840.1350331,NR5G-SA,CONNECT,TDD,DE3B0B093,-73,-2,4,20,-77,-3,2,-77,-3,2,100,0,-58,NR N78,25,83.9,10.0,nan,0,3.16,0.0000
1743334841.1870081,NR5G-SA,CONNECT,TDD,DE3B0B093,-73,-2,5,20,-77,-3,2,-77,-3,2,100,0,-57,NR N78,25,73.4,8.75,nan,0,3.16,0.0000
1743334842.2447884,NR5G-SA,CONNECT,TDD,DE3B0B093,-73,-2,5,20,-77,-3,2,-77,-3,2,100,0,-58,NR N78,26,94.4,11.2,nan,0,3.16,0.0000
1743334843.2839472,NR5G-SA,CONNECT,TDD,DE3B0B093,-73,-2,5,20,-77,-3,2,-77,-3,2,100,0,-59,NR N78,26,83.9,10.0,nan,0,3.16,0.0000
1743334844.3262157,NR5G-SA,CONNECT,TDD,DE3B0B093,-73,-2,5,20,-77,-3,2,-77,-3,2,100,0,-57,NR N78,26,83.9,10.0,nan,0,3.16,0.0000
1743334845.3579836,NR5G-SA,CONNECT,TDD,DE3B0B093,-73,-2,5,20,-77,-3,2,-77,-3,2,100,0,-57,NR N78,26,83.9,10.0,nan,0,3.16,0.0000
1743334846.4132433,NR5G-SA,CONNECT,TDD,DE3B0B093,-73,-2,5,20,-77,-3,2,-77,-3,2,100,0,-58,NR N78,26,83.9,10.0,nan,0,3.16,0.0000
1743334847.4697475,NR5G-SA,CONNECT,TDD,DE3B0B093,-73,-2,5,20,-76,-2,3,-76,-2,3,100,0,-59,NR N78,26,83.9,10.0,nan,0,3.16,0.0000
1743334848.5185523,NR5G-SA,CONNECT,TDD,DE3B0B093,-73,-2,5,20,-76,-3,3,-76,-3,3,100,0,-57,NR N78,25,83.9,10.0,nan,0,3.16,0.0000
1743334849.5897284,NR5G-SA,CONNECT,TDD,DE3B0B093,-73,-2,5,20,-76,-3,2,-76,-3,2,100,0,-57,NR N78,25,83.9,10.0,nan,0,3.16,0.0000
1743334850.6625984,NR5G-SA,CONNECT,TDD,DE3B0B093,-72,-2,6,20,-77,-3,2,-77,-3,2,100,0,-57,NR N78,26,94.4,11.2,nan,0,3.16,0.0000
1743334851.692086,NR5G-SA,CONNECT,TDD,DE3B0B093,-72,-2,6,20,-76,-3,2,-76,-3,2,100,0,-55,NR N78,26,83.9,10.0,nan,0,3.16,0.0000
1743334852.7399848,NR5G-SA,CONNECT,TDD,DE3B0B093,-73,-2,6,20,-77,-3,3,-77,-3,3,100,0,-57,NR N78,26,83.9,10.0,nan,0,3.16,0.0000
1743334853.7738118,NR5G-SA,CONNECT,TDD,DE3B0B093,-73,-2,5,20,-77,-3,2,-77,-3,2,100,0,-57,NR N78,26,83.9,10.0,nan,0,3.16,0.0000
1743334854.8318877,NR5G-SA,CONNECT,TDD,DE3B0B093,-73,-2,6,20,-76,-3,3,-76,-3,3,100,0,-57,NR N78,26,73.4,8.75,nan,0,3.16,0.0000
1743334863.8274872,NR5G-SA,CONNECT,TDD,DE3B0B093,-73,-3,6,17,-77,-3,4,-77,-3,4,20,1,-54,NR N78,25,nan,nan,nan,nan,nan,nan
1743334864.9286883,NR5G-SA,CONNECT,TDD,DE3B0B093,-73,-3,6,21,-77,-3,4,-77,-3,4,100,0,-54,NR N78,25,nan,nan,nan,nan,nan,nan
1743334865.9897585,NR5G-SA,CONNECT,TDD,DE3B0B093,-72,-2,6,21,-76,-2,4,-76,-2,4,100,0,-57,NR N78,25,76.7,9.14,nan,0,653.0,0.0000
1743334867.046182,NR5G-SA,CONNECT,TDD,DE3B0B093,-72,-2,6,20,-76,-2,5,-76,-2,5,100,0,-55,NR N78,24,90.0,10.7,nan,0,1.12,0.0000
1743334868.088447,NR5G-SA,CONNECT,TDD,DE3B0B093,-72,-2,6,20,-76,-2,6,-76,-2,6,100,0,-58,NR N78,24,94.4,11.2,nan,0,1.64,0.0000
1743334869.1373909,NR5G-SA,CONNECT,TDD,DE3B0B093,-73,-1,6,20,-76,-1,7,-76,-1,7,100,0,-58,NR N78,25,73.4,8.75,nan,0,2.12,0.0000
1743334870.1784878,NR5G-SA,CONNECT,TDD,DE3B0B093,-73,-1,6,20,-76,-1,8,-76,-1,8,100,0,-59,NR N78,25,83.9,10.0,nan,0,2.61,0.0000
1743334871.2315948,NR5G-SA,CONNECT,TDD,DE3B0B093,-73,-1,7,20,-76,-1,7,-76,-1,7,100,0,-58,NR N78,25,83.9,10.0,nan,0,3.11,0.0000
1743334872.311896,NR5G-SA,CONNECT,TDD,DE3B0B093,-72,-1,8,20,-76,-1,7,-76,-1,7,100,0,-57,NR N78,25,73.4,8.75,nan,0,3.12,0.0000
1743334873.3937743,NR5G-SA,CONNECT,TDD,DE3B0B093,-72,-1,8,20,-76,-1,6,-76,-1,6,100,0,-58,NR N78,25,73.4,8.75,nan,0,3.12,0.0000
1743334874.4324353,NR5G-SA,CONNECT,TDD,DE3B0B093,-72,-1,9,20,-76,-1,6,-76,-1,6,100,0,-57,NR N78,24,73.4,8.75,nan,0,3.12,0.0000
1743334875.5243168,NR5G-SA,CONNECT,TDD,DE3B0B093,-72,-1,9,20,-76,-2,5,-76,-2,5,100,0,-58,NR N78,24,62.9,7.5,nan,0,3.12,0.0000
1743334876.575971,NR5G-SA,CONNECT,TDD,DE3B0B093,-72,-2,8,20,-76,-2,5,-76,-2,5,100,0,-56,NR N78,22,62.9,7.5,nan,0,3.12,0.0000
1743334877.6458454,NR5G-SA,CONNECT,TDD,DE3B0B093,-73,-1,8,20,-76,-2,5,-76,-2,5,100,0,-59,NR N78,22,73.4,8.75,nan,0,3.12,0.0000
1743334878.6985898,NR5G-SA,CONNECT,TDD,DE3B0B093,-73,-1,8,20,-76,-2,5,-76,-2,5,100,0,-58,NR N78,23,73.4,8.75,nan,0,3.12,0.0000
1743334879.785812,NR5G-SA,CONNECT,TDD,DE3B0B093,-73,-1,7,20,-76,-2,5,-76,-2,5,100,0,-59,NR N78,23,83.9,10.0,nan,0,3.12,0.0000
1743334880.8264174,NR5G-SA,CONNECT,TDD,DE3B0B093,-73,-1,7,20,-76,-1,5,-76,-1,5,100,0,-58,NR N78,25,83.9,10.0,nan,0,3.12,0.0000
1743334881.8640757,NR5G-SA,CONNECT,TDD,DE3B0B093,-73,-1,7,20,-76,-1,6,-76,-1,6,100,0,-59,NR N78,25,73.4,8.75,nan,0,3.12,0.0000
1743334882.9243135,NR5G-SA,CONNECT,TDD,DE3B0B093,-73,-1,6,20,-76,-2,6,-76,-2,6,100,0,-58,NR N78,25,83.9,10.0,nan,0,3.12,0.0000
1743334883.9763098,NR5G-SA,CONNECT,TDD,DE3B0B093,-73,-1,6,20,-76,-1,6,-76,-1,6,100,0,-59,NR N78,25,73.4,8.75,nan,0,3.12,0.0000
1743334885.0766962,NR5G-SA,CONNECT,TDD,DE3B0B093,-74,-1,6,20,-76,-1,6,-76,-1,6,100,0,-60,NR N78,24,73.4,8.75,nan,0,3.12,0.0000
1743334886.1534927,NR5G-SA,CONNECT,TDD,DE3B0B093,-73,-1,6,20,-76,-2,5,-76,-2,5,100,0,-59,NR N78,24,73.4,8.75,nan,0,3.12,0.0000
1743334887.2116315,NR5G-SA,CONNECT,TDD,DE3B0B093,-73,-1,6,20,-76,-1,5,-76,-1,5,100,0,-58,NR N78,24,83.9,10.0,nan,0,3.12,0.0000
1743334888.282411,NR5G-SA,CONNECT,TDD,DE3B0B093,-73,-1,7,20,-76,-1,6,-76,-1,6,100,0,-58,NR N78,24,83.9,10.0,nan,0,3.12,0.0000
1743334889.3352716,NR5G-SA,CONNECT,TDD,DE3B0B093,-73,-1,7,20,-76,-2,6,-76,-2,6,100,0,-57,NR N78,25,83.9,10.0,nan,0,3.12,0.0000
1743334890.4071486,NR5G-SA,CONNECT,TDD,DE3B0B093,-73,-1,7,20,-76,-1,7,-76,-1,7,100,0,-59,NR N78,25,73.4,8.75,nan,0,3.12,0.0000
1743334891.4418778,NR5G-SA,CONNECT,TDD,DE3B0B093,-73,-2,7,20,-76,-2,6,-76,-2,6,100,0,-58,NR N78,25,83.9,10.0,nan,0,3.12,0.0000
1743334892.4741554,NR5G-SA,CONNECT,TDD,DE3B0B093,-73,-1,6,20,-76,-2,7,-76,-2,7,100,0,-58,NR N78,25,83.9,10.0,nan,0,3.12,0.0000
1743334893.5443344,NR5G-SA,CONNECT,TDD,DE3B0B093,-73,-2,6,20,-76,-2,7,-76,-2,7,100,0,-59,NR N78,25,73.4,8.75,nan,0,3.12,0.0000
1743334894.6090071,NR5G-SA,CONNECT,TDD,DE3B0B093,-73,-2,6,20,-76,-2,7,-76,-2,7,100,0,-57,NR N78,24,83.9,10.0,nan,0,3.12,0.0000
1743334895.6741326,NR5G-SA,CONNECT,TDD,DE3B0B093,-73,-2,7,20,-76,-2,7,-76,-2,7,100,0,-57,NR N78,24,73.4,8.75,nan,0,3.12,0.0000
1743334896.7347302,NR5G-SA,CONNECT,TDD,DE3B0B093,-73,-1,6,20,-76,-2,6,-76,-2,6,100,0,-59,NR N78,25,83.9,10.0,nan,0,3.12,0.0000
1743334897.7852347,NR5G-SA,CONNECT,TDD,DE3B0B093,-73,-1,6,20,-76,-2,6,-76,-2,6,100,0,-59,NR N78,25,73.4,8.75,nan,0,3.12,0.0000
1743334898.8603547,NR5G-SA,CONNECT,TDD,DE3B0B093,-73,-1,6,20,-76,-2,6,-76,-2,6,100,0,-58,NR N78,24,73.4,8.75,nan,0,3.12,0.0000
1743334899.9506721,NR5G-SA,CONNECT,TDD,DE3B0B093,-73,-1,7,20,-76,-2,6,-76,-2,6,100,0,-59,NR N78,24,83.9,10.0,nan,0,3.12,0.0000
1743334900.9921725,NR5G-SA,CONNECT,TDD,DE3B0B093,-73,-1,7,20,-76,-2,6,-76,-2,6,100,0,-59,NR N78,25,83.9,10.0,nan,0,3.12,0.0000
1743334902.0546002,NR5G-SA,CONNECT,TDD,DE3B0B093,-73,-1,7,20,-76,-1,7,-76,-1,7,100,0,-60,NR N78,25,73.4,8.75,nan,0,3.12,0.0000
1743334903.1187031,NR5G-SA,CONNECT,TDD,DE3B0B093,-74,-1,6,20,-76,-1,7,-76,-1,7,100,0,-60,NR N78,25,83.9,10.0,nan,0,3.12,0.0000
1743334904.163534,NR5G-SA,CONNECT,TDD,DE3B0B093,-74,-1,6,20,-76,-1,8,-76,-1,8,100,0,-59,NR N78,25,83.9,10.0,nan,0,3.12,0.0000
1743334905.2420323,NR5G-SA,CONNECT,TDD,DE3B0B093,-74,-1,5,20,-76,-1,8,-76,-1,8,100,0,-59,NR N78,24,73.4,8.75,nan,0,3.12,0.0000
1743334906.3220236,NR5G-SA,CONNECT,TDD,DE3B0B093,-74,-1,5,20,-76,-1,7,-76,-1,7,100,0,-59,NR N78,24,83.9,10.0,nan,0,3.12,0.0000
1743334907.3819919,NR5G-SA,CONNECT,TDD,DE3B0B093,-74,-1,5,20,-76,-1,7,-76,-1,7,100,0,-58,NR N78,25,73.4,8.75,nan,0,3.12,0.0000
1743334908.4488623,NR5G-SA,CONNECT,TDD,DE3B0B093,-74,-1,5,20,-76,-1,6,-76,-1,6,100,0,-59,NR N78,25,83.9,10.0,nan,0,3.12,0.0000
1743334909.4874978,NR5G-SA,CONNECT,TDD,DE3B0B093,-74,-1,6,20,-76,-1,6,-76,-1,6,100,0,-59,NR N78,25,73.4,8.75,nan,0,3.12,0.0000
1743334910.5499701,NR5G-SA,CONNECT,TDD,DE3B0B093,-73,-1,7,20,-76,-1,6,-76,-1,6,100,0,-58,NR N78,23,62.9,7.5,nan,0,3.12,0.0000
1743334911.581873,NR5G-SA,CONNECT,TDD,DE3B0B093,-74,-1,6,20,-76,-1,6,-76,-1,6,100,0,-60,NR N78,23,73.3,8.75,nan,0,3.12,0.0000
1743334912.620789,NR5G-SA,CONNECT,TDD,DE3B0B093,-74,-1,6,20,-76,-1,5,-76,-1,5,100,0,-60,NR N78,23,73.5,8.75,nan,0,3.12,0.0000
1743334913.6903744,NR5G-SA,CONNECT,TDD,DE3B0B093,-74,-1,6,20,-76,-2,5,-76,-2,5,100,0,-59,NR N78,23,73.4,8.75,nan,0,3.12,0.0000
1743334914.7632992,NR5G-SA,CONNECT,TDD,DE3B0B093,-73,-1,7,21,-76,-2,4,-76,-2,4,100,0,-59,NR N78,23,73.4,8.75,nan,0,3.12,0.0000
1743334915.8605165,NR5G-SA,CONNECT,TDD,DE3B0B093,-73,-1,7,21,-76,-2,4,-76,-2,4,100,0,-58,NR N78,23,73.4,8.75,nan,0,3.12,0.0000
1743334916.9040167,NR5G-SA,CONNECT,TDD,DE3B0B093,-73,-1,8,20,-76,-2,4,-76,-2,4,100,0,-59,NR N78,23,73.4,8.75,nan,0,3.12,0.0000
1743334917.991848,NR5G-SA,CONNECT,TDD,DE3B0B093,-73,-1,8,20,-76,-2,4,-76,-2,4,100,0,-59,NR N78,23,73.4,8.75,nan,0,3.12,0.0000
1743334919.0426207,NR5G-SA,CONNECT,TDD,DE3B0B093,-73,-1,8,20,-76,-2,4,-76,-2,4,100,0,-58,NR N78,24,73.4,8.75,nan,0,3.12,0.0000
1743334920.1044374,NR5G-SA,CONNECT,TDD,DE3B0B093,-73,-1,8,20,-76,-2,4,-76,-2,4,100,0,-59,NR N78,24,83.9,10.0,nan,0,3.12,0.0000
1743334921.1613548,NR5G-SA,CONNECT,TDD,DE3B0B093,-73,-1,8,20,-76,-2,4,-76,-2,4,100,0,-59,NR N78,25,73.4,8.75,nan,0,3.12,0.0000
1743334922.2066665,NR5G-SA,CONNECT,TDD,DE3B0B093,-73,-1,8,20,-76,-2,4,-76,-2,4,100,0,-59,NR N78,25,73.4,8.75,nan,0,3.12,0.0000
1743334923.2675881,NR5G-SA,CONNECT,TDD,DE3B0B093,-73,-1,8,20,-76,-2,4,-76,-2,4,100,0,-59,NR N78,24,73.4,8.75,nan,0,3.12,0.0000
1743334924.333949,NR5G-SA,CONNECT,TDD,DE3B0B093,-73,-1,8,20,-76,-2,4,-76,-2,4,100,0,-59,NR N78,24,62.9,7.5,nan,0,3.12,0.0000
1743334925.3689864,NR5G-SA,CONNECT,TDD,DE3B0B093,-73,-1,8,20,-76,-2,5,-76,-2,5,100,0,-59,NR N78,23,73.4,8.75,nan,0,3.12,0.0000
1743334926.406035,NR5G-SA,CONNECT,TDD,DE3B0B093,-73,-1,8,20,-76,-2,5,-76,-2,5,100,0,-59,NR N78,23,83.9,10.0,nan,0,3.12,0.0000
1743334927.4406924,NR5G-SA,CONNECT,TDD,DE3B0B093,-73,-1,8,20,-77,-2,4,-77,-2,4,100,0,-59,NR N78,24,83.9,10.0,nan,0,3.12,0.0000
1743334928.4852102,NR5G-SA,CONNECT,TDD,DE3B0B093,-73,-2,8,20,-77,-2,5,-77,-2,5,100,0,-57,NR N78,25,83.9,10.0,nan,0,3.12,0.0000
1743334929.5200403,NR5G-SA,CONNECT,TDD,DE3B0B093,-73,-1,8,20,-76,-2,5,-76,-2,5,100,0,-59,NR N78,25,83.9,10.0,nan,0,3.12,0.0000
1743334930.5802803,NR5G-SA,CONNECT,TDD,DE3B0B093,-73,-2,7,20,-76,-2,6,-76,-2,6,100,0,-56,NR N78,25,73.4,8.75,nan,0,3.12,0.0000
1743334931.6485074,NR5G-SA,CONNECT,TDD,DE3B0B093,-73,-1,7,20,-76,-1,6,-76,-1,6,100,0,-59,NR N78,25,94.4,11.2,nan,0,3.12,0.0000
1743334932.7213256,NR5G-SA,CONNECT,TDD,DE3B0B093,-73,-2,7,20,-76,-2,6,-76,-2,6,100,0,-58,NR N78,26,83.9,10.0,nan,0,3.12,0.0000
1743334933.807735,NR5G-SA,CONNECT,TDD,DE3B0B093,-73,-2,7,20,-76,-2,7,-76,-2,7,100,0,-58,NR N78,26,83.9,10.0,nan,0,3.12,0.0000
1743334934.8646617,NR5G-SA,CONNECT,TDD,DE3B0B093,-73,-1,7,20,-76,-1,7,-76,-1,7,100,0,-58,NR N78,26,83.9,10.0,nan,0,3.12,0.0000
1743334935.905769,NR5G-SA,CONNECT,TDD,DE3B0B093,-73,-1,7,20,-76,-1,7,-76,-1,7,100,0,-59,NR N78,26,83.9,10.0,nan,0,3.12,0.0000
1743334936.9453425,NR5G-SA,CONNECT,TDD,DE3B0B093,-73,-1,7,20,-76,-1,7,-76,-1,7,100,0,-60,NR N78,26,83.9,10.0,nan,0,3.12,0.0000
1743334937.9999628,NR5G-SA,CONNECT,TDD,DE3B0B093,-74,-1,7,20,-76,-1,7,-76,-1,7,100,0,-60,NR N78,26,83.9,10.0,nan,0,3.12,0.0000
1743334939.0601807,NR5G-SA,CONNECT,TDD,DE3B0B093,-74,-1,7,20,-77,-1,7,-77,-1,7,100,0,-60,NR N78,26,83.9,10.0,nan,0,3.12,0.0000
1743334940.1302555,NR5G-SA,CONNECT,TDD,DE3B0B093,-74,-1,7,20,-77,-1,7,-77,-1,7,100,0,-60,NR N78,26,83.9,10.0,nan,0,3.12,0.0000
1743334941.19648,NR5G-SA,CONNECT,TDD,DE3B0B093,-74,-1,7,20,-77,-1,7,-77,-1,7,100,0,-60,NR N78,26,83.9,10.0,nan,0,3.12,0.0000
1743334942.2549877,NR5G-SA,CONNECT,TDD,DE3B0B093,-74,-1,8,20,-77,-1,7,-77,-1,7,100,0,-60,NR N78,26,83.9,10.0,nan,0,3.12,0.0000
1743334943.325611,NR5G-SA,CONNECT,TDD,DE3B0B093,-73,-1,8,20,-77,-1,7,-77,-1,7,100,0,-59,NR N78,26,73.4,8.75,nan,0,3.12,0.0000
1743334944.3689275,NR5G-SA,CONNECT,TDD,DE3B0B093,-73,-1,8,20,-77,-1,7,-77,-1,7,100,0,-58,NR N78,26,83.9,10.0,nan,0,3.12,0.0000
1743334945.4413798,NR5G-SA,CONNECT,TDD,DE3B0B093,-73,-1,8,21,-77,-1,7,-77,-1,7,100,0,-59,NR N78,25,94.4,11.2,nan,0,3.12,0.0000
1743334946.5082064,NR5G-SA,CONNECT,TDD,DE3B0B093,-73,-1,9,21,-77,-1,7,-77,-1,7,100,0,-59,NR N78,26,83.9,10.0,nan,0,3.12,0.0000
1743334947.5638845,NR5G-SA,CONNECT,TDD,DE3B0B093,-73,-1,8,21,-77,-1,8,-77,-1,8,100,0,-59,NR N78,26,94.4,11.2,nan,0,3.12,0.0000
1743334948.6568189,NR5G-SA,CONNECT,TDD,DE3B0B093,-73,-1,8,20,-77,-1,7,-77,-1,7,100,0,-59,NR N78,26,73.4,8.75,nan,0,3.12,0.0000
1743334949.705763,NR5G-SA,CONNECT,TDD,DE3B0B093,-73,-1,8,20,-77,-1,7,-77,-1,7,100,0,-58,NR N78,26,83.9,10.0,nan,0,3.12,0.0000
1743334950.770626,NR5G-SA,CONNECT,TDD,DE3B0B093,-73,-1,8,20,-77,-1,7,-77,-1,7,100,0,-59,NR N78,25,83.9,10.0,nan,0,3.12,0.0000
1743334951.820656,NR5G-SA,CONNECT,TDD,DE3B0B093,-73,-2,8,20,-76,-2,6,-76,-2,6,100,0,-55,NR N78,25,73.4,8.75,nan,0,3.12,0.0000
1743334952.8553216,NR5G-SA,CONNECT,TDD,DE3B0B093,-73,-1,8,20,-76,-2,7,-76,-2,7,100,0,-59,NR N78,25,83.9,10.0,nan,0,3.12,0.0000
1743334953.9033177,NR5G-SA,CONNECT,TDD,DE3B0B093,-73,-1,8,20,-76,-1,8,-76,-1,8,100,0,-58,NR N78,25,83.9,10.0,nan,0,3.12,0.0000
1743334954.9349275,NR5G-SA,CONNECT,TDD,DE3B0B093,-73,-1,7,21,-76,-1,7,-76,-1,7,100,0,-60,NR N78,25,73.4,8.75,nan,0,3.12,0.0000
1743334955.9798641,NR5G-SA,CONNECT,TDD,DE3B0B093,-74,-1,6,21,-76,-1,7,-76,-1,7,100,0,-59,NR N78,25,83.9,10.0,nan,0,3.12,0.0000
1743334957.035935,NR5G-SA,CONNECT,TDD,DE3B0B093,-73,-1,7,21,-76,-1,6,-76,-1,6,100,0,-58,NR N78,25,83.9,10.0,nan,0,3.12,0.0000
1743334958.0978942,NR5G-SA,CONNECT,TDD,DE3B0B093,-73,-1,7,21,-76,-1,7,-76,-1,7,100,0,-58,NR N78,25,73.4,8.75,nan,0,3.12,0.0000
1743334959.1865773,NR5G-SA,CONNECT,TDD,DE3B0B093,-73,-1,7,21,-76,-1,8,-76,-1,8,100,0,-58,NR N78,25,83.9,10.0,nan,0,3.12,0.0000
1743334960.2472985,NR5G-SA,CONNECT,TDD,DE3B0B093,-73,-2,7,21,-76,-1,9,-76,-1,9,100,0,-57,NR N78,25,83.9,10.0,nan,0,3.12,0.0000
1743334961.3348107,NR5G-SA,CONNECT,TDD,DE3B0B093,-73,-1,6,21,-76,-1,10,-76,-1,10,100,0,-58,NR N78,25,83.9,10.0,nan,0,3.12,0.0000
1743334962.4420216,NR5G-SA,CONNECT,TDD,DE3B0B093,-74,-1,6,21,-76,-1,10,-76,-1,10,100,0,-61,NR N78,26,83.9,10.0,nan,0,3.12,0.0000
1743334963.4980586,NR5G-SA,CONNECT,TDD,DE3B0B093,-74,-1,7,21,-76,-1,10,-76,-1,10,100,0,-58,NR N78,26,83.9,10.0,nan,0,3.12,0.0000
1743334964.5751395,NR5G-SA,CONNECT,TDD,DE3B0B093,-74,-1,7,21,-76,-1,8,-76,-1,8,100,0,-60,NR N78,25,83.9,10.0,nan,0,3.12,0.0000
1743334965.639555,NR5G-SA,CONNECT,TDD,DE3B0B093,-74,-1,7,21,-77,-1,8,-77,-1,8,100,0,-60,NR N78,25,83.9,10.0,nan,0,3.12,0.0000
1743334966.6935666,NR5G-SA,CONNECT,TDD,DE3B0B093,-74,-1,7,20,-77,-1,8,-77,-1,8,100,0,-60,NR N78,25,73.4,8.75,nan,0,3.12,0.0000
1743334967.7452624,NR5G-SA,CONNECT,TDD,DE3B0B093,-75,-2,7,20,-77,-1,7,-77,-1,7,100,0,-59,NR N78,25,83.9,10.0,nan,0,3.12,0.0000
1743334968.8130043,NR5G-SA,CONNECT,TDD,DE3B0B093,-74,-2,7,20,-76,-2,6,-76,-2,6,100,0,-58,NR N78,24,73.4,8.75,nan,0,3.12,0.0000
1743334969.872378,NR5G-SA,CONNECT,TDD,DE3B0B093,-74,-2,7,20,-76,-2,6,-76,-2,6,100,0,-58,NR N78,24,73.4,8.75,nan,0,3.12,0.0000
1743334970.9318788,NR5G-SA,CONNECT,TDD,DE3B0B093,-73,-1,7,20,-76,-2,6,-76,-2,6,100,0,-59,NR N78,24,83.9,10.0,nan,0,3.12,0.0000
1743335003.4802887,NR5G-SA,NOCONN,TDD,DE3B0B093,-80,-4,4,11,-80,-2,6,-80,-2,6,100,1,-62,NR N78,25,nan,nan,nan,nan,nan,nan
1743335004.5630322,NR5G-SA,CONNECT,TDD,DE3B0B093,-79,-3,4,11,-77,-1,10,-77,-1,10,20,0,-59,NR N78,25,nan,nan,nan,nan,nan,nan
1743335005.616326,NR5G-SA,CONNECT,TDD,DE3B0B093,-76,-2,7,20,-77,-1,10,-77,-1,10,100,0,-60,NR N78,24,63.2,7.53,nan,0,402.0,0.0000
1743335006.6878002,NR5G-SA,CONNECT,TDD,DE3B0B093,-75,-2,8,20,-78,-1,9,-78,-1,9,100,0,-59,NR N78,24,66.6,7.93,nan,0,1.19,0.0000
1743335007.782558,NR5G-SA,CONNECT,TDD,DE3B0B093,-74,-1,8,20,-78,-1,9,-78,-1,9,100,0,-59,NR N78,22,62.9,7.5,nan,0,1.57,0.0000
1743335008.8853538,NR5G-SA,CONNECT,TDD,DE3B0B093,-74,-1,8,20,-78,-1,10,-78,-1,10,100,0,-59,NR N78,22,62.9,7.5,nan,0,1.93,0.0000
1743335009.9530957,NR5G-SA,CONNECT,TDD,DE3B0B093,-74,-1,8,20,-78,-1,10,-78,-1,10,100,0,-59,NR N78,21,73.4,8.75,nan,0,2.34,0.0000
1743335011.007612,NR5G-SA,CONNECT,TDD,DE3B0B093,-74,-1,8,20,-78,-1,10,-78,-1,10,100,0,-60,NR N78,21,52.4,6.25,nan,0,2.69,0.0000
1743335012.0535476,NR5G-SA,CONNECT,TDD,DE3B0B093,-74,-1,8,20,-78,-1,10,-78,-1,10,100,0,-59,NR N78,21,62.9,7.5,nan,0,3.04,0.0000
1743335013.1103802,NR5G-SA,CONNECT,TDD,DE3B0B093,-74,-1,8,20,-78,-1,11,-78,-1,11,100,0,-58,NR N78,21,52.4,6.25,nan,0,3.14,0.0000
1743335014.1490195,NR5G-SA,CONNECT,TDD,DE3B0B093,-74,-2,8,20,-78,-1,11,-78,-1,11,100,0,-59,NR N78,21,73.4,8.75,nan,0,3.14,0.0000
1743335015.1805346,NR5G-SA,CONNECT,TDD,DE3B0B093,-74,-1,8,20,-78,-1,11,-78,-1,11,100,0,-59,NR N78,21,73.4,8.75,nan,0,3.14,0.0000
1743335016.242986,NR5G-SA,CONNECT,TDD,DE3B0B093,-74,-1,8,20,-78,-1,11,-78,-1,11,100,0,-58,NR N78,24,73.4,8.75,nan,0,3.14,0.0000
1743335017.3256137,NR5G-SA,CONNECT,TDD,DE3B0B093,-73,-1,8,20,-78,-1,11,-78,-1,11,100,0,-59,NR N78,24,83.9,10.0,nan,0,3.14,0.0000
1743335018.360161,NR5G-SA,CONNECT,TDD,DE3B0B093,-74,-1,8,20,-78,-1,11,-78,-1,11,100,0,-59,NR N78,24,73.4,8.75,nan,0,3.14,0.0000
1743335019.4436994,NR5G-SA,CONNECT,TDD,DE3B0B093,-74,-1,9,20,-78,-1,11,-78,-1,11,100,0,-59,NR N78,24,73.4,8.75,nan,0,3.14,0.0000
1743335020.5017884,NR5G-SA,CONNECT,TDD,DE3B0B093,-74,-1,9,20,-78,-1,11,-78,-1,11,100,0,-59,NR N78,23,62.9,7.5,nan,0,3.14,0.0000
1743335021.5450401,NR5G-SA,CONNECT,TDD,DE3B0B093,-74,-1,9,20,-78,-1,11,-78,-1,11,100,0,-59,NR N78,24,73.4,8.75,nan,0,3.14,0.0000
1743335022.5863478,NR5G-SA,CONNECT,TDD,DE3B0B093,-74,-1,8,20,-78,-1,10,-78,-1,10,100,0,-60,NR N78,24,83.9,10.0,nan,0,3.14,0.0000
1743335023.6593778,NR5G-SA,CONNECT,TDD,DE3B0B093,-75,-2,9,20,-78,-1,11,-78,-1,11,100,0,-60,NR N78,22,62.9,7.5,nan,0,3.14,0.0000
1743335024.7071278,NR5G-SA,CONNECT,TDD,DE3B0B093,-75,-2,9,20,-78,-1,11,-78,-1,11,100,0,-60,NR N78,22,62.9,7.5,nan,0,3.14,0.0000
1743335025.7604635,NR5G-SA,CONNECT,TDD,DE3B0B093,-76,-2,8,20,-78,-1,11,-78,-1,11,100,0,-61,NR N78,20,52.4,6.25,nan,0,3.14,0.0000
1743335026.8237507,NR5G-SA,CONNECT,TDD,DE3B0B093,-76,-2,7,20,-78,-1,10,-78,-1,10,100,0,-61,NR N78,20,62.9,7.5,nan,0,3.14,0.0000
1743335027.8897305,NR5G-SA,CONNECT,TDD,DE3B0B093,-76,-2,7,20,-78,-1,11,-78,-1,11,100,0,-60,NR N78,20,62.9,7.5,nan,0,3.14,0.0000
1743335028.9482608,NR5G-SA,CONNECT,TDD,DE3B0B093,-76,-2,6,20,-78,-1,11,-78,-1,11,100,0,-58,NR N78,20,52.4,6.25,nan,0,3.14,0.0000
1743335030.0252447,NR5G-SA,CONNECT,TDD,DE3B0B093,-76,-2,7,20,-78,-1,11,-78,-1,11,100,0,-60,NR N78,20,62.9,7.5,nan,0,3.14,0.0000
1743335031.0891268,NR5G-SA,CONNECT,TDD,DE3B0B093,-76,-2,7,20,-78,-1,11,-78,-1,11,100,0,-60,NR N78,20,52.4,6.25,nan,0,3.14,0.0000
1743335032.1714404,NR5G-SA,CONNECT,TDD,DE3B0B093,-76,-2,7,20,-78,-1,10,-78,-1,10,100,0,-61,NR N78,20,62.9,7.5,nan,0,3.14,0.0000
1743335033.215399,NR5G-SA,CONNECT,TDD,DE3B0B093,-76,-2,7,20,-78,-1,11,-78,-1,11,100,0,-61,NR N78,20,62.9,7.5,nan,0,3.14,0.0000
1743335034.2516944,NR5G-SA,CONNECT,TDD,DE3B0B093,-76,-2,7,20,-78,-1,11,-78,-1,11,100,0,-61,NR N78,21,62.9,7.5,nan,0,3.14,0.0000
1743335035.2935307,NR5G-SA,CONNECT,TDD,DE3B0B093,-76,-2,7,20,-78,-1,11,-78,-1,11,100,0,-61,NR N78,21,52.4,6.25,nan,0,3.14,0.0000
1743335036.3253105,NR5G-SA,CONNECT,TDD,DE3B0B093,-76,-2,6,20,-78,-1,11,-78,-1,11,100,0,-60,NR N78,21,62.9,7.5,nan,0,3.14,0.0000
1743335037.388683,NR5G-SA,CONNECT,TDD,DE3B0B093,-76,-2,6,20,-78,-1,11,-78,-1,11,100,0,-61,NR N78,21,62.9,7.5,nan,0,3.14,0.0000
1743335038.4386618,NR5G-SA,CONNECT,TDD,DE3B0B093,-76,-2,7,20,-78,-1,11,-78,-1,11,100,0,-61,NR N78,21,62.9,7.5,nan,0,3.14,0.0000
1743335039.514691,NR5G-SA,CONNECT,TDD,DE3B0B093,-76,-2,8,20,-78,-1,11,-78,-1,11,100,0,-61,NR N78,21,62.9,7.5,nan,0,3.14,0.0000
1743335040.5887227,NR5G-SA,CONNECT,TDD,DE3B0B093,-76,-2,8,20,-78,-1,11,-78,-1,11,100,0,-61,NR N78,21,62.9,7.5,nan,0,3.14,0.0000
1743335041.6407626,NR5G-SA,CONNECT,TDD,DE3B0B093,-76,-2,8,20,-78,-1,11,-78,-1,11,100,0,-61,NR N78,21,52.4,6.25,nan,0,3.14,0.0000
1743335042.6703005,NR5G-SA,CONNECT,TDD,DE3B0B093,-76,-2,8,20,-78,-1,10,-78,-1,10,100,0,-60,NR N78,21,62.9,7.5,nan,0,3.14,0.0000
1743335043.7618222,NR5G-SA,CONNECT,TDD,DE3B0B093,-75,-2,8,20,-78,-1,10,-78,-1,10,100,0,-61,NR N78,21,52.4,6.25,nan,0,3.14,0.0000
1743335044.8301122,NR5G-SA,CONNECT,TDD,DE3B0B093,-76,-2,8,20,-78,-1,11,-78,-1,11,100,0,-61,NR N78,21,62.9,7.5,nan,0,3.14,0.0000
1743335045.8831613,NR5G-SA,CONNECT,TDD,DE3B0B093,-76,-2,7,20,-78,-1,11,-78,-1,11,100,0,-61,NR N78,21,62.9,7.5,nan,0,3.14,0.0000
1743335046.9460304,NR5G-SA,CONNECT,TDD,DE3B0B093,-76,-2,8,20,-78,-1,11,-78,-1,11,100,0,-61,NR N78,21,52.4,6.25,nan,0,3.14,0.0000
1743335048.0236478,NR5G-SA,CONNECT,TDD,DE3B0B093,-76,-2,7,20,-79,-1,10,-79,-1,10,100,0,-61,NR N78,20,62.9,7.5,nan,0,3.14,0.0000
1743335049.0757296,NR5G-SA,CONNECT,TDD,DE3B0B093,-76,-2,8,20,-79,-1,10,-79,-1,10,100,0,-61,NR N78,20,52.4,6.25,nan,0,3.14,0.0000
1743335050.1526754,NR5G-SA,CONNECT,TDD,DE3B0B093,-76,-2,8,20,-78,-1,10,-78,-1,10,100,0,-61,NR N78,21,62.9,7.5,nan,0,3.14,0.0000
1743335051.2144496,NR5G-SA,CONNECT,TDD,DE3B0B093,-75,-2,8,20,-78,-1,9,-78,-1,9,100,0,-61,NR N78,21,62.9,7.5,nan,0,3.14,0.0000
1743335052.2742429,NR5G-SA,CONNECT,TDD,DE3B0B093,-76,-1,8,20,-78,-1,10,-78,-1,10,100,0,-61,NR N78,21,62.9,7.5,nan,0,3.14,0.0000
1743335053.3230972,NR5G-SA,CONNECT,TDD,DE3B0B093,-76,-1,9,20,-78,-1,10,-78,-1,10,100,0,-61,NR N78,21,52.4,6.25,nan,0,3.14,0.0000
1743335054.373145,NR5G-SA,CONNECT,TDD,DE3B0B093,-76,-2,9,20,-78,-1,10,-78,-1,10,100,0,-61,NR N78,21,62.9,7.5,nan,0,3.14,0.0000
1743335055.4078996,NR5G-SA,CONNECT,TDD,DE3B0B093,-76,-2,9,20,-78,-1,10,-78,-1,10,100,0,-60,NR N78,21,62.9,7.5,nan,0,3.14,0.0000
1743335056.4824944,NR5G-SA,CONNECT,TDD,DE3B0B093,-76,-2,8,20,-79,-1,9,-79,-1,9,100,0,-61,NR N78,20,52.4,6.25,nan,0,3.14,0.0000
1743335057.5429356,NR5G-SA,CONNECT,TDD,DE3B0B093,-76,-2,7,20,-79,-1,8,-79,-1,8,100,0,-61,NR N78,20,62.9,7.5,nan,0,3.14,0.0000
1743335058.5742202,NR5G-SA,CONNECT,TDD,DE3B0B093,-76,-2,6,20,-79,-1,8,-79,-1,8,100,0,-61,NR N78,20,52.4,6.25,nan,0,3.14,0.0000
1743335059.654684,NR5G-SA,CONNECT,TDD,DE3B0B093,-76,-2,6,20,-79,-1,8,-79,-1,8,100,0,-61,NR N78,21,62.9,7.5,nan,0,3.14,0.0000
1743335060.6992452,NR5G-SA,CONNECT,TDD,DE3B0B093,-76,-2,6,20,-79,-1,8,-79,-1,8,100,0,-61,NR N78,21,62.9,7.5,nan,0,3.14,0.0000
1743335061.766487,NR5G-SA,CONNECT,TDD,DE3B0B093,-76,-2,6,20,-80,-2,8,-80,-2,8,100,0,-58,NR N78,21,62.7,7.5,nan,0,3.14,0.0000
1743335062.8001482,NR5G-SA,CONNECT,TDD,DE3B0B093,-76,-2,6,20,-79,-1,8,-79,-1,8,100,0,-60,NR N78,21,52.6,6.25,nan,0,3.14,0.0000
1743335063.8495784,NR5G-SA,CONNECT,TDD,DE3B0B093,-76,-2,6,20,-80,-1,8,-80,-1,8,100,0,-61,NR N78,21,62.9,7.5,nan,0,3.14,0.0000
1743335064.9277673,NR5G-SA,CONNECT,TDD,DE3B0B093,-76,-2,5,20,-80,-2,6,-80,-2,6,100,0,-61,NR N78,21,62.9,7.5,nan,0,3.14,0.0000
1743335065.9895449,NR5G-SA,CONNECT,TDD,DE3B0B093,-76,-2,5,20,-80,-2,7,-80,-2,7,100,0,-61,NR N78,21,52.4,6.25,nan,0,3.14,0.0000
1743335067.0420184,NR5G-SA,CONNECT,TDD,DE3B0B093,-76,-2,4,20,-81,-2,6,-81,-2,6,100,0,-61,NR N78,21,62.9,7.5,nan,0,3.14,0.0000
1743335068.0882266,NR5G-SA,CONNECT,TDD,DE3B0B093,-77,-2,4,20,-80,-2,6,-80,-2,6,100,0,-61,NR N78,21,62.9,7.5,nan,0,3.14,0.0000
1743335069.18393,NR5G-SA,CONNECT,TDD,DE3B0B093,-76,-2,5,20,-80,-2,6,-80,-2,6,100,0,-61,NR N78,21,62.9,7.5,nan,0,3.14,0.0000
1743335070.2195635,NR5G-SA,CONNECT,TDD,DE3B0B093,-76,-2,6,20,-80,-2,5,-80,-2,5,100,0,-61,NR N78,21,62.9,7.5,nan,0,3.14,0.0000
1743335071.2548854,NR5G-SA,CONNECT,TDD,DE3B0B093,-76,-2,6,20,-80,-2,6,-80,-2,6,100,0,-61,NR N78,21,62.9,7.5,nan,0,3.14,0.0000
1743335072.351505,NR5G-SA,CONNECT,TDD,DE3B0B093,-76,-2,6,21,-79,-2,8,-79,-2,8,100,0,-61,NR N78,21,62.9,7.5,nan,0,3.14,0.0000
1743335073.4231937,NR5G-SA,CONNECT,TDD,DE3B0B093,-76,-2,5,21,-79,-2,9,-79,-2,9,100,0,-61,NR N78,21,62.9,7.5,nan,0,3.14,0.0000
1743335074.516612,NR5G-SA,CONNECT,TDD,DE3B0B093,-77,-2,5,21,-79,-2,9,-79,-2,9,100,0,-61,NR N78,21,62.9,7.5,nan,0,3.14,0.0000
1743335075.5669582,NR5G-SA,CONNECT,TDD,DE3B0B093,-77,-2,4,21,-79,-2,9,-79,-2,9,100,0,-61,NR N78,21,62.9,7.5,nan,0,3.14,0.0000
1743335076.6173472,NR5G-SA,CONNECT,TDD,DE3B0B093,-77,-3,4,21,-79,-2,9,-79,-2,9,100,0,-61,NR N78,21,52.4,6.25,nan,0,3.14,0.0000
1743335077.673044,NR5G-SA,CONNECT,TDD,DE3B0B093,-77,-2,4,21,-79,-2,8,-79,-2,8,100,0,-61,NR N78,21,73.4,8.75,nan,0,3.14,0.0000
1743335078.7403646,NR5G-SA,CONNECT,TDD,DE3B0B093,-77,-2,5,21,-79,-2,7,-79,-2,7,100,0,-61,NR N78,21,62.9,7.5,nan,0,3.14,0.0000
1743335079.772543,NR5G-SA,CONNECT,TDD,DE3B0B093,-76,-2,5,21,-79,-2,8,-79,-2,8,100,0,-61,NR N78,21,62.9,7.5,nan,0,3.14,0.0000
1743335080.805364,NR5G-SA,CONNECT,TDD,DE3B0B093,-76,-2,5,21,-79,-1,8,-79,-1,8,100,0,-60,NR N78,21,52.4,6.25,nan,0,3.14,0.0000
1743335081.8588138,NR5G-SA,CONNECT,TDD,DE3B0B093,-76,-2,5,21,-79,-1,8,-79,-1,8,100,0,-63,NR N78,21,62.9,7.5,nan,0,3.14,0.0000
1743335082.9475834,NR5G-SA,CONNECT,TDD,DE3B0B093,-75,-2,7,21,-79,-2,8,-79,-2,8,100,0,-58,NR N78,21,52.4,6.25,nan,0,3.14,0.0000
1743335084.016512,NR5G-SA,CONNECT,TDD,DE3B0B093,-75,-1,8,21,-79,-2,8,-79,-2,8,100,0,-61,NR N78,21,62.9,7.5,nan,0,3.14,0.0000
1743335085.061796,NR5G-SA,CONNECT,TDD,DE3B0B093,-74,-2,8,21,-79,-2,8,-79,-2,8,100,0,-57,NR N78,21,73.4,8.75,nan,0,3.14,0.0000
1743335086.1654217,NR5G-SA,CONNECT,TDD,DE3B0B093,-74,-1,8,21,-79,-2,8,-79,-2,8,100,0,-59,NR N78,22,52.4,6.25,nan,0,3.14,0.0000
1743335087.248399,NR5G-SA,CONNECT,TDD,DE3B0B093,-74,-1,8,21,-78,-2,9,-78,-2,9,100,0,-59,NR N78,22,52.4,6.25,nan,0,3.14,0.0000
1743335088.295035,NR5G-SA,CONNECT,TDD,DE3B0B093,-74,-1,9,20,-79,-1,9,-79,-1,9,100,0,-58,NR N78,20,62.8,7.5,nan,0,3.14,0.0000
1743335089.3457313,NR5G-SA,CONNECT,TDD,DE3B0B093,-74,-1,9,20,-79,-2,9,-79,-2,9,100,0,-59,NR N78,20,52.6,6.25,nan,0,3.14,0.0000
1743335090.4478037,NR5G-SA,CONNECT,TDD,DE3B0B093,-73,-1,9,20,-79,-1,9,-79,-1,9,100,0,-59,NR N78,20,52.4,6.25,nan,0,3.14,0.0000
1743335091.5538883,NR5G-SA,CONNECT,TDD,DE3B0B093,-73,-1,10,20,-79,-2,8,-79,-2,8,100,0,-59,NR N78,20,52.4,6.25,nan,0,3.14,0.0000
1743335092.5869114,NR5G-SA,CONNECT,TDD,DE3B0B093,-73,-1,8,20,-79,-2,7,-79,-2,7,100,0,-60,NR N78,20,62.9,7.5,nan,0,3.14,0.0000
1743335093.6640399,NR5G-SA,CONNECT,TDD,DE3B0B093,-73,-1,9,20,-78,-2,8,-78,-2,8,100,0,-59,NR N78,20,52.4,6.25,nan,0,3.14,0.0000
1743335094.7029178,NR5G-SA,CONNECT,TDD,DE3B0B093,-73,-1,9,20,-78,-1,9,-78,-1,9,100,0,-59,NR N78,20,52.4,6.25,nan,0,3.14,0.0000
1743335095.7764225,NR5G-SA,CONNECT,TDD,DE3B0B093,-73,-1,8,20,-79,-1,9,-79,-1,9,100,0,-58,NR N78,20,52.4,6.25,nan,0,3.14,0.0000
1743335096.817605,NR5G-SA,CONNECT,TDD,DE3B0B093,-73,-1,8,20,-79,-1,10,-79,-1,10,100,0,-58,NR N78,20,62.9,7.5,nan,0,3.14,0.0000
1743335097.904755,NR5G-SA,CONNECT,TDD,DE3B0B093,-73,-1,7,20,-79,-1,10,-79,-1,10,100,0,-58,NR N78,20,52.4,6.25,nan,0,3.14,0.0000
1743335098.9616766,NR5G-SA,CONNECT,TDD,DE3B0B093,-73,-1,7,20,-79,-1,9,-79,-1,9,100,0,-59,NR N78,20,62.9,7.5,nan,0,3.14,0.0000
1743335100.0070286,NR5G-SA,CONNECT,TDD,DE3B0B093,-74,-1,7,20,-79,-1,9,-79,-1,9,100,0,-59,NR N78,20,52.4,6.25,nan,0,3.14,0.0000
1743335101.0422788,NR5G-SA,CONNECT,TDD,DE3B0B093,-74,-1,7,20,-78,-1,9,-78,-1,9,100,0,-59,NR N78,20,62.9,7.5,nan,0,3.14,0.0000
1743335102.0813046,NR5G-SA,CONNECT,TDD,DE3B0B093,-74,-1,7,20,-79,-1,9,-79,-1,9,100,0,-58,NR N78,20,52.4,6.25,nan,0,3.14,0.0000
1743335103.1479592,NR5G-SA,CONNECT,TDD,DE3B0B093,-74,-2,7,20,-79,-1,9,-79,-1,9,100,0,-55,NR N78,20,52.4,6.25,nan,0,3.14,0.0000
1743335104.2149725,NR5G-SA,CONNECT,TDD,DE3B0B093,-74,-2,7,20,-79,-1,9,-79,-1,9,100,0,-58,NR N78,20,62.9,7.5,nan,0,3.14,0.0000
1743335105.2743373,NR5G-SA,CONNECT,TDD,DE3B0B093,-74,-2,7,20,-79,-1,10,-79,-1,10,100,0,-59,NR N78,20,52.4,6.25,nan,0,3.14,0.0000
1743335106.370267,NR5G-SA,CONNECT,TDD,DE3B0B093,-74,-2,6,20,-79,-1,10,-79,-1,10,100,0,-59,NR N78,20,62.9,7.5,nan,0,3.14,0.0000
1743335107.49563,NR5G-SA,CONNECT,TDD,DE3B0B093,-74,-2,6,20,-79,-1,10,-79,-1,10,100,0,-55,NR N78,20,52.4,6.25,nan,0,3.14,0.0000
1743335108.5535538,NR5G-SA,CONNECT,TDD,DE3B0B093,-74,-2,6,20,-79,-1,10,-79,-1,10,100,0,-59,NR N78,20,52.4,6.25,nan,0,3.14,0.0000
1743335109.6130214,NR5G-SA,CONNECT,TDD,DE3B0B093,-74,-2,6,20,-79,-1,10,-79,-1,10,100,0,-59,NR N78,20,62.9,7.5,nan,0,3.14,0.0000
1743335110.6549141,NR5G-SA,CONNECT,TDD,DE3B0B093,-74,-2,6,20,-79,-2,10,-79,-2,10,100,0,-59,NR N78,20,52.4,6.25,nan,0,3.14,0.0000
1743335111.739807,NR5G-SA,CONNECT,TDD,DE3B0B093,-74,-2,6,20,-79,-1,10,-79,-1,10,100,0,-60,NR N78,20,52.4,6.25,nan,0,3.14,0.0000
1743335112.8254254,NR5G-SA,CONNECT,TDD,DE3B0B093,-74,-1,6,20,-79,-1,10,-79,-1,10,100,0,-59,NR N78,20,52.4,6.25,nan,0,3.14,0.0000
1743335113.930794,NR5G-SA,CONNECT,TDD,DE3B0B093,-74,-1,7,20,-79,-1,10,-79,-1,10,100,0,-59,NR N78,20,62.9,7.5,nan,0,3.14,0.0000
1743335114.9723678,NR5G-SA,CONNECT,TDD,DE3B0B093,-74,-1,6,20,-79,-1,10,-79,-1,10,100,0,-56,NR N78,20,52.4,6.25,nan,0,3.14,0.0000
1743335116.0535164,NR5G-SA,CONNECT,TDD,DE3B0B093,-74,-1,6,20,-79,-1,10,-79,-1,10,100,0,-59,NR N78,20,52.4,6.25,nan,0,3.14,0.0000
1743335117.139453,NR5G-SA,CONNECT,TDD,DE3B0B093,-74,-2,6,20,-79,-2,10,-79,-2,10,100,0,-59,NR N78,20,62.9,7.5,nan,0,3.14,0.0000
1743335118.1985774,NR5G-SA,CONNECT,TDD,DE3B0B093,-74,-2,6,20,-79,-2,9,-79,-2,9,100,0,-55,NR N78,20,62.9,7.5,nan,0,3.14,0.0000
1743335119.2772722,NR5G-SA,CONNECT,TDD,DE3B0B093,-74,-2,6,20,-79,-2,9,-79,-2,9,100,0,-59,NR N78,20,62.9,7.5,nan,0,3.14,0.0000
1743335120.3303003,NR5G-SA,CONNECT,TDD,DE3B0B093,-74,-2,6,20,-79,-2,9,-79,-2,9,100,0,-59,NR N78,21,52.4,6.25,nan,0,3.14,0.0000
1743335121.442732,NR5G-SA,CONNECT,TDD,DE3B0B093,-74,-2,6,20,-79,-2,9,-79,-2,9,100,0,-59,NR N78,21,52.4,6.25,nan,0,3.14,0.0000
1743335122.5540211,NR5G-SA,CONNECT,TDD,DE3B0B093,-74,-2,7,20,-79,-2,9,-79,-2,9,100,0,-59,NR N78,19,62.9,7.5,nan,0,3.14,0.0000
1743335123.6307073,NR5G-SA,CONNECT,TDD,DE3B0B093,-74,-1,7,20,-79,-2,9,-79,-2,9,100,0,-59,NR N78,20,52.4,6.25,nan,0,3.14,0.0000
1743335124.687487,NR5G-SA,CONNECT,TDD,DE3B0B093,-74,-1,7,20,-79,-1,9,-79,-1,9,100,0,-59,NR N78,20,62.9,7.5,nan,0,3.14,0.0000
1743335125.7425606,NR5G-SA,CONNECT,TDD,DE3B0B093,-74,-1,7,20,-79,-2,9,-79,-2,9,100,0,-59,NR N78,22,73.4,8.75,nan,0,3.14,0.0000
1743335126.7945511,NR5G-SA,CONNECT,TDD,DE3B0B093,-74,-1,7,20,-79,-1,9,-79,-1,9,100,0,-59,NR N78,22,73.4,8.75,nan,0,3.14,0.0000
1743335127.8911777,NR5G-SA,CONNECT,TDD,DE3B0B093,-74,-1,7,20,-79,-2,9,-79,-2,9,100,0,-59,NR N78,23,73.2,8.75,nan,0,3.14,0.0000
1743335128.931831,NR5G-SA,CONNECT,TDD,DE3B0B093,-74,-1,7,20,-79,-1,8,-79,-1,8,100,0,-59,NR N78,23,73.5,8.75,nan,0,3.14,0.0000
1743335130.034059,NR5G-SA,CONNECT,TDD,DE3B0B093,-74,-2,7,20,-79,-2,8,-79,-2,8,100,0,-59,NR N78,23,62.9,7.5,nan,0,3.14,0.0000
1743335131.0805287,NR5G-SA,CONNECT,TDD,DE3B0B093,-74,-2,6,20,-79,-2,8,-79,-2,8,100,0,-58,NR N78,23,73.4,8.75,nan,0,3.14,0.0000
1743335132.1296604,NR5G-SA,CONNECT,TDD,DE3B0B093,-74,-2,6,20,-79,-2,8,-79,-2,8,100,0,-59,NR N78,22,52.4,6.25,nan,0,3.14,0.0000
1743335133.2083242,NR5G-SA,CONNECT,TDD,DE3B0B093,-74,-2,6,20,-79,-2,9,-79,-2,9,100,0,-59,NR N78,22,52.4,6.25,nan,0,3.14,0.0000
1743335134.2387245,NR5G-SA,CONNECT,TDD,DE3B0B093,-74,-2,6,20,-79,-2,9,-79,-2,9,100,0,-58,NR N78,20,52.4,6.25,nan,0,3.14,0.0000
1743335135.3232632,NR5G-SA,CONNECT,TDD,DE3B0B093,-74,-2,6,20,-79,-2,10,-79,-2,10,100,0,-59,NR N78,20,52.4,6.25,nan,0,3.14,0.0000
1743335136.401694,NR5G-SA,CONNECT,TDD,DE3B0B093,-74,-2,6,20,-79,-2,9,-79,-2,9,100,0,-59,NR N78,19,52.4,6.25,nan,0,3.14,0.0000
1743335137.5197077,NR5G-SA,CONNECT,TDD,DE3B0B093,-74,-2,6,20,-78,-2,9,-78,-2,9,100,0,-59,NR N78,21,62.9,7.5,nan,0,3.14,0.0000
1743335138.576166,NR5G-SA,CONNECT,TDD,DE3B0B093,-74,-2,6,20,-78,-1,8,-78,-1,8,100,0,-59,NR N78,21,73.4,8.75,nan,0,3.14,0.0000
1743335139.6349523,NR5G-SA,CONNECT,TDD,DE3B0B093,-74,-1,6,20,-78,-1,9,-78,-1,9,100,0,-59,NR N78,23,73.4,8.75,nan,0,3.14,0.0000
1743335140.679138,NR5G-SA,CONNECT,TDD,DE3B0B093,-74,-1,6,20,-78,-1,9,-78,-1,9,100,0,-59,NR N78,23,73.4,8.75,nan,0,3.14,0.0000
1743335141.7234263,NR5G-SA,CONNECT,TDD,DE3B0B093,-74,-1,6,20,-78,-1,8,-78,-1,8,100,0,-59,NR N78,24,83.9,10.0,nan,0,3.14,0.0000
1743335142.7822664,NR5G-SA,CONNECT,TDD,DE3B0B093,-74,-1,6,20,-78,-1,9,-78,-1,9,100,0,-59,NR N78,24,73.4,8.75,nan,0,3.14,0.0000
1743335143.8782544,NR5G-SA,CONNECT,TDD,DE3B0B093,-74,-2,6,20,-78,-2,8,-78,-2,8,100,0,-59,NR N78,24,73.4,8.75,nan,0,3.14,0.0000
1743335144.9233136,NR5G-SA,CONNECT,TDD,DE3B0B093,-74,-1,6,20,-78,-1,8,-78,-1,8,100,0,-59,NR N78,24,73.4,8.75,nan,0,3.14,0.0000
1743335145.9686322,NR5G-SA,CONNECT,TDD,DE3B0B093,-74,-1,6,20,-78,-1,9,-78,-1,9,100,0,-60,NR N78,23,73.4,8.75,nan,0,3.14,0.0000
1743335147.033019,NR5G-SA,CONNECT,TDD,DE3B0B093,-74,-1,6,20,-78,-1,9,-78,-1,9,100,0,-59,NR N78,23,73.4,8.75,nan,0,3.14,0.0000
1743335148.1160848,NR5G-SA,CONNECT,TDD,DE3B0B093,-74,-1,6,20,-78,-1,9,-78,-1,9,100,0,-59,NR N78,24,73.4,8.75,nan,0,3.14,0.0000
1743335149.214212,NR5G-SA,CONNECT,TDD,DE3B0B093,-74,-1,6,20,-78,-1,8,-78,-1,8,100,0,-59,NR N78,24,83.9,10.0,nan,0,3.14,0.0000
1743335150.2977424,NR5G-SA,CONNECT,TDD,DE3B0B093,-74,-1,6,20,-78,-1,8,-78,-1,8,100,0,-59,NR N78,24,73.4,8.75,nan,0,3.14,0.0000
1743335151.3801332,NR5G-SA,CONNECT,TDD,DE3B0B093,-74,-1,6,20,-78,-1,9,-78,-1,9,100,0,-60,NR N78,24,73.4,8.75,nan,0,3.14,0.0000
1743335152.4327447,NR5G-SA,CONNECT,TDD,DE3B0B093,-74,-1,7,20,-78,-1,9,-78,-1,9,100,0,-59,NR N78,23,73.4,8.75,nan,0,3.14,0.0000
1743335153.466764,NR5G-SA,CONNECT,TDD,DE3B0B093,-74,-1,6,20,-78,-1,9,-78,-1,9,100,0,-59,NR N78,23,73.4,8.75,nan,0,3.14,0.0000
1743335154.553591,NR5G-SA,CONNECT,TDD,DE3B0B093,-74,-1,6,20,-78,-1,9,-78,-1,9,100,0,-57,NR N78,23,73.4,8.75,nan,0,3.14,0.0000
1743335155.6509306,NR5G-SA,CONNECT,TDD,DE3B0B093,-74,-1,6,20,-78,-1,9,-78,-1,9,100,0,-60,NR N78,24,73.4,8.75,nan,0,3.14,0.0000
1743335156.6984386,NR5G-SA,CONNECT,TDD,DE3B0B093,-74,-1,6,20,-78,-1,9,-78,-1,9,100,0,-59,NR N78,24,73.4,8.75,nan,0,3.14,0.0000
1743335157.774084,NR5G-SA,CONNECT,TDD,DE3B0B093,-74,-2,6,20,-78,-1,10,-78,-1,10,100,0,-59,NR N78,23,73.4,8.75,nan,0,3.14,0.0000
1743335158.8450348,NR5G-SA,CONNECT,TDD,DE3B0B093,-74,-2,6,20,-77,-1,10,-77,-1,10,100,0,-56,NR N78,23,73.4,8.75,nan,0,3.14,0.0000
1743335159.8785634,NR5G-SA,CONNECT,TDD,DE3B0B093,-74,-3,7,20,-77,-1,10,-77,-1,10,100,0,-57,NR N78,24,73.4,8.75,nan,0,3.14,0.0000
1743335160.956434,NR5G-SA,CONNECT,TDD,DE3B0B093,-74,-2,7,20,-77,-1,10,-77,-1,10,100,0,-58,NR N78,24,73.4,8.75,nan,0,3.14,0.0000
1743335162.0191712,NR5G-SA,CONNECT,TDD,DE3B0B093,-74,-2,7,20,-77,-1,10,-77,-1,10,100,0,-58,NR N78,24,73.4,8.75,nan,0,3.14,0.0000
1743335163.0489032,NR5G-SA,CONNECT,TDD,DE3B0B093,-74,-2,7,20,-77,-1,11,-77,-1,11,100,0,-59,NR N78,24,73.4,8.75,nan,0,3.14,0.0000
1743335164.1048472,NR5G-SA,CONNECT,TDD,DE3B0B093,-74,-2,7,20,-77,-1,10,-77,-1,10,100,0,-56,NR N78,23,73.4,8.75,nan,0,3.14,0.0000
1743335165.160193,NR5G-SA,CONNECT,TDD,DE3B0B093,-74,-2,7,20,-77,-1,10,-77,-1,10,100,0,-59,NR N78,23,62.9,7.5,nan,0,3.14,0.0000
1743335166.2172859,NR5G-SA,CONNECT,TDD,DE3B0B093,-74,-2,7,20,-77,-1,10,-77,-1,10,100,0,-59,NR N78,23,73.4,8.75,nan,0,3.14,0.0000
1743335167.260766,NR5G-SA,CONNECT,TDD,DE3B0B093,-74,-2,6,20,-77,-1,10,-77,-1,10,100,0,-59,NR N78,23,62.9,7.5,nan,0,3.14,0.0000
1743335168.311414,NR5G-SA,CONNECT,TDD,DE3B0B093,-74,-2,6,20,-77,-1,10,-77,-1,10,100,0,-57,NR N78,23,83.9,10.0,nan,0,3.14,0.0000
1743335169.3721015,NR5G-SA,CONNECT,TDD,DE3B0B093,-74,-2,6,20,-77,-1,9,-77,-1,9,100,0,-58,NR N78,23,62.9,7.5,nan,0,3.14,0.0000
1743335170.4531357,NR5G-SA,CONNECT,TDD,DE3B0B093,-74,-2,6,20,-77,-1,9,-77,-1,9,100,0,-59,NR N78,24,83.9,10.0,nan,0,3.14,0.0000
1743335171.505169,NR5G-SA,CONNECT,TDD,DE3B0B093,-74,-2,6,20,-77,-1,9,-77,-1,9,100,0,-59,NR N78,24,73.4,8.75,nan,0,3.14,0.0000
1743335172.5454779,NR5G-SA,CONNECT,TDD,DE3B0B093,-74,-2,6,20,-77,-1,9,-77,-1,9,100,0,-59,NR N78,24,83.9,10.0,nan,0,3.14,0.0000
1743335173.5838954,NR5G-SA,CONNECT,TDD,DE3B0B093,-74,-2,6,20,-77,-1,10,-77,-1,10,100,0,-60,NR N78,24,73.4,8.75,nan,0,3.14,0.0000
1743335174.6214898,NR5G-SA,CONNECT,TDD,DE3B0B093,-75,-2,6,20,-78,-1,7,-78,-1,7,100,0,-59,NR N78,24,73.4,8.75,nan,0,3.14,0.0000
1743335175.6778176,NR5G-SA,CONNECT,TDD,DE3B0B093,-75,-6,7,20,-78,-3,6,-78,-3,6,100,0,-52,NR N78,23,62.9,7.5,nan,0,3.14,0.0000
1743335176.7071044,NR5G-SA,CONNECT,TDD,DE3B0B093,-75,-6,6,20,-79,-4,6,-79,-4,6,100,0,-54,NR N78,23,62.9,7.5,nan,0,3.14,0.0000
1743335177.7403662,NR5G-SA,CONNECT,TDD,DE3B0B093,-75,-6,6,20,-78,-4,7,-78,-4,7,100,0,-60,NR N78,22,62.9,7.5,nan,0,3.14,0.0000
1743335178.8050327,NR5G-SA,CONNECT,TDD,DE3B0B093,-75,-4,6,20,-78,-2,8,-78,-2,8,100,0,-59,NR N78,22,52.4,6.25,nan,0,3.14,0.0000
1743335179.9258232,NR5G-SA,CONNECT,TDD,DE3B0B093,-75,-3,6,21,-78,-2,8,-78,-2,8,100,0,-60,NR N78,24,52.4,6.25,nan,0,3.14,0.0000
1743335180.9934251,NR5G-SA,CONNECT,TDD,DE3B0B093,-75,-2,6,21,-78,-1,9,-78,-1,9,100,0,-59,NR N78,24,62.9,7.5,nan,0,3.14,0.0000
1743335182.059649,NR5G-SA,CONNECT,TDD,DE3B0B093,-75,-2,6,21,-77,-1,9,-77,-1,9,100,0,-59,NR N78,22,62.9,7.5,nan,0,3.14,0.0000
1743335183.1100156,NR5G-SA,CONNECT,TDD,DE3B0B093,-75,-2,5,21,-77,-1,9,-77,-1,9,100,0,-59,NR N78,22,62.9,7.5,nan,0,3.14,0.0000
1743335184.1818302,NR5G-SA,CONNECT,TDD,DE3B0B093,-74,-2,6,21,-77,-1,9,-77,-1,9,100,0,-60,NR N78,21,62.9,7.5,nan,0,3.14,0.0000
1743335185.2619357,NR5G-SA,CONNECT,TDD,DE3B0B093,-75,-2,5,21,-77,-1,9,-77,-1,9,100,0,-60,NR N78,21,52.4,6.25,nan,0,3.14,0.0000
1743335186.3573284,NR5G-SA,CONNECT,TDD,DE3B0B093,-75,-2,6,21,-77,-1,9,-77,-1,9,100,0,-57,NR N78,22,62.9,7.5,nan,0,3.14,0.0000
1743335187.4009619,NR5G-SA,CONNECT,TDD,DE3B0B093,-75,-2,6,21,-77,-1,9,-77,-1,9,100,0,-60,NR N78,22,62.9,7.5,nan,0,3.14,0.0000
1743335188.500529,NR5G-SA,CONNECT,TDD,DE3B0B093,-75,-2,6,21,-77,-1,9,-77,-1,9,100,0,-60,NR N78,21,62.9,7.5,nan,0,3.14,0.0000
1743335189.5403063,NR5G-SA,CONNECT,TDD,DE3B0B093,-74,-2,6,21,-76,-1,11,-76,-1,11,100,0,-59,NR N78,21,62.9,7.5,nan,0,3.14,0.0000
1743335190.581315,NR5G-SA,CONNECT,TDD,DE3B0B093,-74,-1,7,21,-77,-1,11,-77,-1,11,100,0,-59,NR N78,21,62.9,7.5,nan,0,3.14,0.0000
1743335191.6314697,NR5G-SA,CONNECT,TDD,DE3B0B093,-74,-1,7,21,-77,-1,10,-77,-1,10,100,0,-58,NR N78,23,73.4,8.75,nan,0,3.14,0.0000
1743335455.1073334,NR5G-SA,CONNECT,TDD,DE3B0B093,-75,-2,9,20,-78,-2,3,-78,-2,3,100,1,-59,NR N78,24,nan,nan,nan,nan,nan,nan
1743335456.2239475,NR5G-SA,CONNECT,TDD,DE3B0B093,-75,-2,9,20,-77,-2,3,-77,-2,3,100,0,-59,NR N78,22,71.7,8.56,nan,0,498.0,0.0000
1743335457.2975304,NR5G-SA,CONNECT,TDD,DE3B0B093,-75,-2,9,20,-77,-2,3,-77,-2,3,100,0,-59,NR N78,22,96.2,11.5,nan,0,986.0,0.0000
1743335458.3478086,NR5G-SA,CONNECT,TDD,DE3B0B093,-74,-2,8,20,-78,-3,5,-78,-3,5,100,0,-59,NR N78,24,83.0,9.89,nan,0,1.47,0.0000
1743335459.4344656,NR5G-SA,CONNECT,TDD,DE3B0B093,-74,-2,8,20,-78,-3,5,-78,-3,5,100,0,-58,NR N78,24,83.9,10.0,nan,0,1.95,0.0000
1743335460.5196059,NR5G-SA,CONNECT,TDD,DE3B0B093,-73,-2,9,20,-79,-3,6,-79,-3,6,100,0,-57,NR N78,25,83.9,10.0,nan,0,2.43,0.0000
1743335461.609152,NR5G-SA,CONNECT,TDD,DE3B0B093,-73,-2,9,20,-79,-3,6,-79,-3,6,100,0,-60,NR N78,25,73.4,8.75,nan,0,2.9,0.0000
1743335462.6775453,NR5G-SA,CONNECT,TDD,DE3B0B093,-74,-2,8,20,-79,-3,6,-79,-3,6,100,0,-58,NR N78,25,83.9,10.0,nan,0,3.17,0.0000
1743335463.7524166,NR5G-SA,CONNECT,TDD,DE3B0B093,-74,-2,8,20,-79,-3,6,-79,-3,6,100,0,-58,NR N78,25,83.9,10.0,nan,0,3.17,0.0000
1743335464.8336723,NR5G-SA,CONNECT,TDD,DE3B0B093,-74,-2,7,20,-80,-3,5,-80,-3,5,100,0,-59,NR N78,25,73.4,8.75,nan,0,3.17,0.0000
1743335465.8881538,NR5G-SA,CONNECT,TDD,DE3B0B093,-74,-2,7,20,-80,-3,6,-80,-3,6,100,0,-58,NR N78,25,83.9,10.0,nan,0,3.17,0.0000
1743335466.9249885,NR5G-SA,CONNECT,TDD,DE3B0B093,-74,-2,7,20,-80,-3,6,-80,-3,6,100,0,-56,NR N78,25,73.4,8.75,nan,0,3.17,0.0000
1743335467.9571867,NR5G-SA,CONNECT,TDD,DE3B0B093,-74,-2,7,20,-80,-3,6,-80,-3,6,100,0,-57,NR N78,25,83.9,10.0,nan,0,3.17,0.0000
1743335469.0094855,NR5G-SA,CONNECT,TDD,DE3B0B093,-74,-2,7,20,-80,-3,6,-80,-3,6,100,0,-57,NR N78,25,83.9,10.0,nan,0,3.17,0.0000
1743335470.0760736,NR5G-SA,CONNECT,TDD,DE3B0B093,-73,-2,8,20,-80,-3,6,-80,-3,6,100,0,-58,NR N78,25,83.9,10.0,nan,0,3.17,0.0000
1743335471.132663,NR5G-SA,CONNECT,TDD,DE3B0B093,-74,-2,8,20,-79,-2,6,-79,-2,6,100,0,-59,NR N78,25,83.9,10.0,nan,0,3.17,0.0000
1743335472.1868885,NR5G-SA,CONNECT,TDD,DE3B0B093,-73,-2,8,20,-79,-2,7,-79,-2,7,100,0,-58,NR N78,25,83.9,10.0,nan,0,3.17,0.0000
1743335473.2371957,NR5G-SA,CONNECT,TDD,DE3B0B093,-73,-2,8,20,-78,-2,8,-78,-2,8,100,0,-54,NR N78,25,83.9,10.0,nan,0,3.17,0.0000
1743335474.2775233,NR5G-SA,CONNECT,TDD,DE3B0B093,-73,-2,8,20,-78,-2,8,-78,-2,8,100,0,-58,NR N78,26,83.9,10.0,nan,0,3.17,0.0000
1743335475.3405147,NR5G-SA,CONNECT,TDD,DE3B0B093,-74,-2,7,20,-78,-2,8,-78,-2,8,100,0,-58,NR N78,26,83.9,10.0,nan,0,3.17,0.0000
1743335476.430922,NR5G-SA,CONNECT,TDD,DE3B0B093,-73,-2,7,20,-78,-2,8,-78,-2,8,100,0,-56,NR N78,25,73.4,8.75,nan,0,3.17,0.0000
1743335477.4767306,NR5G-SA,CONNECT,TDD,DE3B0B093,-73,-2,7,20,-78,-2,8,-78,-2,8,100,0,-59,NR N78,25,83.9,10.0,nan,0,3.17,0.0000
1743335478.5200815,NR5G-SA,CONNECT,TDD,DE3B0B093,-73,-2,7,20,-79,-2,8,-79,-2,8,100,0,-59,NR N78,25,83.9,10.0,nan,1,3.17,0.0001
1743335479.5692258,NR5G-SA,CONNECT,TDD,DE3B0B093,-73,-2,7,20,-79,-3,7,-79,-3,7,100,0,-58,NR N78,25,83.9,10.0,nan,0,3.17,0.0000
1743335480.6226506,NR5G-SA,CONNECT,TDD,DE3B0B093,-73,-2,7,20,-79,-2,7,-79,-2,7,100,0,-58,NR N78,25,73.4,8.75,nan,0,3.17,0.0000
1743335481.6950424,NR5G-SA,CONNECT,TDD,DE3B0B093,-73,-2,7,20,-78,-2,8,-78,-2,8,100,0,-57,NR N78,25,83.9,10.0,nan,0,3.17,0.0000
1743335482.7680528,NR5G-SA,CONNECT,TDD,DE3B0B093,-73,-2,8,20,-78,-2,8,-78,-2,8,100,0,-58,NR N78,25,83.9,10.0,nan,0,3.17,0.0000
1743335483.8463473,NR5G-SA,CONNECT,TDD,DE3B0B093,-73,-2,8,20,-78,-2,9,-78,-2,9,100,0,-55,NR N78,25,83.9,10.0,nan,0,3.17,0.0000
1743335484.8865921,NR5G-SA,CONNECT,TDD,DE3B0B093,-73,-2,8,20,-78,-2,9,-78,-2,9,100,0,-58,NR N78,25,73.4,8.75,nan,0,3.17,0.0000
1743335485.9649951,NR5G-SA,CONNECT,TDD,DE3B0B093,-73,-2,8,20,-78,-2,9,-78,-2,9,100,0,-57,NR N78,25,83.9,10.0,nan,0,3.17,0.0000
1743335487.0381489,NR5G-SA,CONNECT,TDD,DE3B0B093,-73,-2,7,20,-78,-2,9,-78,-2,9,100,0,-59,NR N78,25,83.9,10.0,nan,0,3.17,0.0000
1743335488.0791879,NR5G-SA,CONNECT,TDD,DE3B0B093,-73,-2,7,20,-78,-2,7,-78,-2,7,100,0,-59,NR N78,25,83.9,10.0,nan,0,3.17,0.0000
1743335489.1428933,NR5G-SA,CONNECT,TDD,DE3B0B093,-74,-2,7,20,-78,-2,7,-78,-2,7,100,0,-59,NR N78,25,83.9,10.0,nan,0,3.17,0.0000
1743335490.2370048,NR5G-SA,CONNECT,TDD,DE3B0B093,-74,-2,7,20,-79,-2,6,-79,-2,6,100,0,-59,NR N78,25,83.9,10.0,nan,0,3.17,0.0000
1743335491.2992005,NR5G-SA,CONNECT,TDD,DE3B0B093,-74,-2,7,20,-79,-2,6,-79,-2,6,100,0,-58,NR N78,25,84.0,10.0,nan,0,3.17,0.0000
1743335492.392958,NR5G-SA,CONNECT,TDD,DE3B0B093,-74,-2,7,20,-79,-3,5,-79,-3,5,100,0,-59,NR N78,26,83.9,10.0,nan,0,3.17,0.0000
1743335493.4567468,NR5G-SA,CONNECT,TDD,DE3B0B093,-74,-2,7,20,-79,-3,5,-79,-3,5,100,0,-58,NR N78,26,83.9,10.0,nan,0,3.17,0.0000
1743335494.5150595,NR5G-SA,CONNECT,TDD,DE3B0B093,-73,-2,7,20,-79,-2,5,-79,-2,5,100,0,-57,NR N78,26,83.9,10.0,nan,0,3.17,0.0000
1743335495.5879393,NR5G-SA,CONNECT,TDD,DE3B0B093,-74,-2,7,20,-79,-2,6,-79,-2,6,100,0,-59,NR N78,26,83.9,10.0,nan,0,3.17,0.0000
1743335496.6215825,NR5G-SA,CONNECT,TDD,DE3B0B093,-75,-2,6,20,-78,-2,5,-78,-2,5,100,0,-62,NR N78,26,83.8,10.0,nan,0,3.17,0.0000
1743335497.6856515,NR5G-SA,CONNECT,TDD,DE3B0B093,-75,-2,5,20,-78,-2,6,-78,-2,6,100,0,-60,NR N78,25,73.5,8.75,nan,0,3.17,0.0000
1743335498.745918,NR5G-SA,CONNECT,TDD,DE3B0B093,-74,-2,6,20,-79,-3,3,-79,-3,3,100,0,-58,NR N78,25,83.9,10.0,nan,0,3.17,0.0000
1743335499.8101873,NR5G-SA,CONNECT,TDD,DE3B0B093,-74,-2,6,20,-79,-3,2,-79,-3,2,100,0,-58,NR N78,25,73.4,8.75,nan,0,3.17,0.0000
1743335500.8497925,NR5G-SA,CONNECT,TDD,DE3B0B093,-74,-2,7,20,-79,-4,2,-79,-4,2,100,0,-58,NR N78,25,83.9,10.0,nan,0,3.17,0.0000
1743335501.9306931,NR5G-SA,CONNECT,TDD,DE3B0B093,-74,-2,7,20,-79,-4,2,-79,-4,2,100,0,-56,NR N78,25,83.9,10.0,nan,0,3.17,0.0000
1743335502.9743638,NR5G-SA,CONNECT,TDD,DE3B0B093,-74,-2,8,20,-79,-3,2,-79,-3,2,100,0,-61,NR N78,25,73.4,8.75,nan,0,3.17,0.0000
1743335504.028964,NR5G-SA,CONNECT,TDD,DE3B0B093,-74,-2,8,20,-79,-4,3,-79,-4,3,100,0,-58,NR N78,24,83.9,10.0,nan,0,3.17,0.0000
1743335505.0601163,NR5G-SA,CONNECT,TDD,DE3B0B093,-74,-2,8,20,-79,-4,2,-79,-4,2,100,0,-58,NR N78,24,73.4,8.75,nan,0,3.17,0.0000
1743335506.1020539,NR5G-SA,CONNECT,TDD,DE3B0B093,-74,-2,8,20,-79,-4,1,-79,-4,1,100,0,-58,NR N78,25,83.9,10.0,nan,0,3.17,0.0000
1743335507.169261,NR5G-SA,CONNECT,TDD,DE3B0B093,-73,-2,8,20,-79,-3,2,-79,-3,2,100,0,-59,NR N78,25,83.9,10.0,nan,0,3.17,0.0000
1743335508.2099078,NR5G-SA,CONNECT,TDD,DE3B0B093,-74,-2,8,20,-78,-2,6,-78,-2,6,100,0,-57,NR N78,25,73.4,8.75,nan,0,3.17,0.0000
1743335509.2703025,NR5G-SA,CONNECT,TDD,DE3B0B093,-73,-2,9,20,-78,-2,6,-78,-2,6,100,0,-60,NR N78,25,83.9,10.0,nan,0,3.17,0.0000
1743335510.3591673,NR5G-SA,CONNECT,TDD,DE3B0B093,-74,-2,9,20,-79,-3,5,-79,-3,5,100,0,-59,NR N78,25,73.4,8.75,nan,0,3.17,0.0000
1743335511.3930678,NR5G-SA,CONNECT,TDD,DE3B0B093,-73,-2,8,20,-79,-3,4,-79,-3,4,100,0,-58,NR N78,25,83.7,10.0,nan,0,3.17,0.0000
1743335512.4419484,NR5G-SA,CONNECT,TDD,DE3B0B093,-73,-2,8,20,-80,-3,4,-80,-3,4,100,0,-58,NR N78,24,63.1,7.5,nan,0,3.17,0.0000
1743335513.4891324,NR5G-SA,CONNECT,TDD,DE3B0B093,-73,-2,8,20,-80,-3,3,-80,-3,3,100,0,-57,NR N78,24,83.9,10.0,nan,0,3.17,0.0000
1743335514.5701716,NR5G-SA,CONNECT,TDD,DE3B0B093,-73,-2,8,20,-80,-4,2,-80,-4,2,100,0,-58,NR N78,24,83.9,10.0,nan,0,3.17,0.0000
1743335515.6298718,NR5G-SA,CONNECT,TDD,DE3B0B093,-73,-2,8,20,-80,-3,3,-80,-3,3,100,0,-58,NR N78,25,73.4,8.75,nan,0,3.17,0.0000
1743335516.6777945,NR5G-SA,CONNECT,TDD,DE3B0B093,-74,-2,8,20,-80,-3,3,-80,-3,3,100,0,-59,NR N78,25,83.9,10.0,nan,0,3.17,0.0000
1743335517.7161539,NR5G-SA,CONNECT,TDD,DE3B0B093,-74,-2,8,20,-80,-3,4,-80,-3,4,100,0,-59,NR N78,23,73.4,8.75,nan,0,3.17,0.0000
1743335518.747967,NR5G-SA,CONNECT,TDD,DE3B0B093,-74,-2,8,20,-80,-3,4,-80,-3,4,100,0,-58,NR N78,23,62.9,7.5,nan,0,3.17,0.0000
1743335519.7851,NR5G-SA,CONNECT,TDD,DE3B0B093,-73,-2,8,20,-80,-3,3,-80,-3,3,100,0,-58,NR N78,23,73.4,8.75,nan,0,3.17,0.0000
1743335520.8643448,NR5G-SA,CONNECT,TDD,DE3B0B093,-73,-2,7,20,-80,-3,3,-80,-3,3,100,0,-58,NR N78,23,73.4,8.75,nan,0,3.17,0.0000
1743335521.9374282,NR5G-SA,CONNECT,TDD,DE3B0B093,-74,-2,7,20,-80,-3,3,-80,-3,3,100,0,-58,NR N78,23,73.4,8.75,nan,0,3.17,0.0000
1743335522.9841132,NR5G-SA,CONNECT,TDD,DE3B0B093,-74,-2,7,20,-80,-3,2,-80,-3,2,100,0,-58,NR N78,23,73.4,8.75,nan,0,3.17,0.0000
1743335524.0297644,NR5G-SA,CONNECT,TDD,DE3B0B093,-74,-2,7,20,-80,-4,2,-80,-4,2,100,0,-59,NR N78,23,73.4,8.75,nan,0,3.17,0.0000
1743335525.0839207,NR5G-SA,CONNECT,TDD,DE3B0B093,-74,-2,7,20,-80,-4,2,-80,-4,2,100,0,-58,NR N78,23,62.9,7.5,nan,0,3.17,0.0000
1743335526.184774,NR5G-SA,CONNECT,TDD,DE3B0B093,-73,-2,7,20,-79,-3,5,-79,-3,5,100,0,-57,NR N78,23,83.7,10.0,nan,0,3.17,0.0000
1743335527.2393227,NR5G-SA,CONNECT,TDD,DE3B0B093,-73,-2,7,20,-78,-2,6,-78,-2,6,100,0,-59,NR N78,23,73.4,8.75,nan,0,3.17,0.0000
1743335528.289733,NR5G-SA,CONNECT,TDD,DE3B0B093,-73,-2,6,20,-78,-2,7,-78,-2,7,100,0,-57,NR N78,23,73.4,8.75,nan,0,3.17,0.0000
1743335529.3320777,NR5G-SA,CONNECT,TDD,DE3B0B093,-73,-2,6,20,-78,-2,7,-78,-2,7,100,0,-59,NR N78,23,83.9,10.0,nan,0,3.17,0.0000
1743335530.4156194,NR5G-SA,CONNECT,TDD,DE3B0B093,-73,-2,6,20,-79,-2,7,-79,-2,7,100,0,-58,NR N78,25,83.9,10.0,nan,0,3.17,0.0000
1743335531.462468,NR5G-SA,CONNECT,TDD,DE3B0B093,-74,-2,6,20,-79,-3,6,-79,-3,6,100,0,-58,NR N78,25,94.4,11.2,nan,0,3.17,0.0000
1743335532.5405736,NR5G-SA,CONNECT,TDD,DE3B0B093,-74,-3,5,20,-79,-3,6,-79,-3,6,100,0,-57,NR N78,25,73.4,8.75,nan,0,3.17,0.0000
1743335533.6014256,NR5G-SA,CONNECT,TDD,DE3B0B093,-74,-3,5,20,-79,-3,6,-79,-3,6,100,0,-58,NR N78,25,83.9,10.0,nan,0,3.17,0.0000
1743335534.645625,NR5G-SA,CONNECT,TDD,DE3B0B093,-73,-2,6,20,-79,-3,6,-79,-3,6,100,0,-57,NR N78,25,83.9,10.0,nan,0,3.17,0.0000
1743335535.7043188,NR5G-SA,CONNECT,TDD,DE3B0B093,-74,-2,6,20,-79,-2,6,-79,-2,6,100,0,-60,NR N78,26,83.9,10.0,nan,0,3.17,0.0000
1743335536.7606795,NR5G-SA,CONNECT,TDD,DE3B0B093,-74,-2,6,20,-79,-2,7,-79,-2,7,100,0,-59,NR N78,26,83.9,10.0,nan,0,3.17,0.0000
1743335537.8212128,NR5G-SA,CONNECT,TDD,DE3B0B093,-74,-2,5,20,-79,-2,7,-79,-2,7,100,0,-59,NR N78,26,94.4,11.2,nan,0,3.17,0.0000
1743335538.8572927,NR5G-SA,CONNECT,TDD,DE3B0B093,-74,-2,6,20,-79,-2,7,-79,-2,7,100,0,-57,NR N78,26,73.4,8.75,nan,0,3.17,0.0000
1743335539.8985271,NR5G-SA,CONNECT,TDD,DE3B0B093,-74,-2,5,20,-79,-2,7,-79,-2,7,100,0,-59,NR N78,25,83.9,10.0,nan,0,3.17,0.0000
1743335540.9483018,NR5G-SA,CONNECT,TDD,DE3B0B093,-74,-2,6,20,-79,-2,7,-79,-2,7,100,0,-58,NR N78,25,83.9,10.0,nan,0,3.17,0.0000
1743335541.9953883,NR5G-SA,CONNECT,TDD,DE3B0B093,-74,-2,6,20,-79,-3,6,-79,-3,6,100,0,-59,NR N78,25,83.9,10.0,nan,0,3.17,0.0000
1743335543.0683656,NR5G-SA,CONNECT,TDD,DE3B0B093,-74,-2,6,20,-79,-3,6,-79,-3,6,100,0,-58,NR N78,25,73.4,8.75,nan,0,3.17,0.0000
1743335544.1700993,NR5G-SA,CONNECT,TDD,DE3B0B093,-74,-2,6,20,-79,-3,6,-79,-3,6,100,0,-57,NR N78,25,83.9,10.0,nan,0,3.17,0.0000
1743335545.2380311,NR5G-SA,CONNECT,TDD,DE3B0B093,-74,-2,6,20,-79,-3,6,-79,-3,6,100,0,-57,NR N78,25,94.4,11.2,nan,0,3.17,0.0000
1743335546.275925,NR5G-SA,CONNECT,TDD,DE3B0B093,-73,-2,7,20,-79,-3,6,-79,-3,6,100,0,-57,NR N78,26,73.4,8.75,nan,0,3.17,0.0000
1743335547.3511739,NR5G-SA,CONNECT,TDD,DE3B0B093,-74,-2,7,20,-79,-3,6,-79,-3,6,100,0,-59,NR N78,26,83.9,10.0,nan,0,3.17,0.0000
1743335548.4002388,NR5G-SA,CONNECT,TDD,DE3B0B093,-74,-3,6,20,-79,-3,6,-79,-3,6,100,0,-59,NR N78,25,83.9,10.0,nan,0,3.17,0.0000
1743335549.4772854,NR5G-SA,CONNECT,TDD,DE3B0B093,-74,-3,6,20,-80,-3,7,-80,-3,7,100,0,-58,NR N78,25,83.9,10.0,nan,0,3.17,0.0000
1743335550.5609894,NR5G-SA,CONNECT,TDD,DE3B0B093,-74,-3,6,20,-79,-3,7,-79,-3,7,100,0,-58,NR N78,26,83.9,10.0,nan,0,3.17,0.0000
1743335551.6136131,NR5G-SA,CONNECT,TDD,DE3B0B093,-75,-3,6,20,-80,-3,7,-80,-3,7,100,0,-59,NR N78,25,83.9,10.0,nan,0,3.17,0.0000
1743335552.7067692,NR5G-SA,CONNECT,TDD,DE3B0B093,-74,-2,6,20,-80,-3,6,-80,-3,6,100,0,-58,NR N78,25,83.9,10.0,nan,0,3.17,0.0000
1743335553.788544,NR5G-SA,CONNECT,TDD,DE3B0B093,-74,-2,6,20,-79,-3,6,-79,-3,6,100,0,-59,NR N78,25,73.4,8.75,nan,0,3.17,0.0000
1743335554.8611567,NR5G-SA,CONNECT,TDD,DE3B0B093,-74,-3,6,20,-79,-3,7,-79,-3,7,100,0,-60,NR N78,25,83.9,10.0,nan,0,3.17,0.0000
1743335555.895937,NR5G-SA,CONNECT,TDD,DE3B0B093,-74,-3,5,20,-79,-3,7,-79,-3,7,100,0,-60,NR N78,25,83.9,10.0,nan,0,3.17,0.0000
1743335556.9619737,NR5G-SA,CONNECT,TDD,DE3B0B093,-74,-3,5,20,-79,-3,7,-79,-3,7,100,0,-59,NR N78,25,83.9,10.0,nan,0,3.17,0.0000
1743335558.010247,NR5G-SA,CONNECT,TDD,DE3B0B093,-74,-4,6,20,-79,-3,7,-79,-3,7,100,0,-58,NR N78,26,83.9,10.0,nan,0,3.17,0.0000
1743335559.103758,NR5G-SA,CONNECT,TDD,DE3B0B093,-74,-3,6,20,-79,-3,7,-79,-3,7,100,0,-59,NR N78,26,83.9,10.0,nan,0,3.17,0.0000
1743335560.1721115,NR5G-SA,CONNECT,TDD,DE3B0B093,-74,-3,7,20,-78,-2,8,-78,-2,8,100,0,-59,NR N78,25,83.9,10.0,nan,0,3.17,0.0000
1743335561.2245219,NR5G-SA,CONNECT,TDD,DE3B0B093,-74,-3,6,20,-78,-2,7,-78,-2,7,100,0,-60,NR N78,25,83.9,10.0,nan,0,3.17,0.0000
1743335562.2764266,NR5G-SA,CONNECT,TDD,DE3B0B093,-75,-3,6,20,-78,-2,7,-78,-2,7,100,0,-58,NR N78,25,73.4,8.75,nan,0,3.17,0.0000
1743335563.328823,NR5G-SA,CONNECT,TDD,DE3B0B093,-74,-3,6,20,-78,-2,7,-78,-2,7,100,0,-58,NR N78,25,83.9,10.0,nan,0,3.17,0.0000
1743335564.3701382,NR5G-SA,CONNECT,TDD,DE3B0B093,-74,-2,6,20,-78,-2,8,-78,-2,8,100,0,-59,NR N78,24,83.9,10.0,nan,0,3.17,0.0000
1743335565.4122033,NR5G-SA,CONNECT,TDD,DE3B0B093,-74,-2,6,20,-78,-2,8,-78,-2,8,100,0,-57,NR N78,24,83.9,10.0,nan,0,3.17,0.0000
1743335566.4865723,NR5G-SA,CONNECT,TDD,DE3B0B093,-74,-3,6,20,-78,-2,8,-78,-2,8,100,0,-58,NR N78,25,83.9,10.0,nan,0,3.17,0.0000
1743335567.5638597,NR5G-SA,CONNECT,TDD,DE3B0B093,-75,-3,6,20,-78,-2,8,-78,-2,8,100,0,-59,NR N78,25,73.4,8.75,nan,0,3.17,0.0000
1743335568.600656,NR5G-SA,CONNECT,TDD,DE3B0B093,-74,-2,6,20,-78,-2,8,-78,-2,8,100,0,-58,NR N78,25,94.4,11.2,nan,0,3.17,0.0000
1743335569.6537237,NR5G-SA,CONNECT,TDD,DE3B0B093,-74,-2,7,20,-78,-2,7,-78,-2,7,100,0,-58,NR N78,25,73.4,8.75,nan,0,3.17,0.0000
1743335570.6825764,NR5G-SA,CONNECT,TDD,DE3B0B093,-74,-3,8,20,-79,-3,5,-79,-3,5,100,0,-58,NR N78,25,73.4,8.75,nan,0,3.17,0.0000
1743335571.7283282,NR5G-SA,CONNECT,TDD,DE3B0B093,-74,-3,9,20,-80,-4,3,-80,-4,3,100,0,-59,NR N78,24,83.9,10.0,nan,0,3.17,0.0000
1743335572.7896135,NR5G-SA,CONNECT,TDD,DE3B0B093,-75,-2,9,20,-80,-4,1,-80,-4,1,100,0,-59,NR N78,24,73.4,8.75,nan,0,3.17,0.0000
1743335573.8913336,NR5G-SA,CONNECT,TDD,DE3B0B093,-75,-2,9,20,-80,-4,1,-80,-4,1,100,0,-60,NR N78,25,83.9,10.0,nan,0,3.17,0.0000
1743335574.921087,NR5G-SA,CONNECT,TDD,DE3B0B093,-75,-2,9,20,-80,-4,1,-80,-4,1,100,0,-58,NR N78,25,73.4,8.75,nan,0,3.17,0.0000
1743335575.985085,NR5G-SA,CONNECT,TDD,DE3B0B093,-75,-2,8,20,-80,-4,1,-80,-4,1,100,0,-58,NR N78,24,83.9,10.0,nan,0,3.17,0.0000
1743335577.0827289,NR5G-SA,CONNECT,TDD,DE3B0B093,-74,-2,9,20,-80,-4,1,-80,-4,1,100,0,-60,NR N78,24,73.4,8.75,nan,0,3.17,0.0000
1743335578.1345918,NR5G-SA,CONNECT,TDD,DE3B0B093,-74,-2,9,20,-80,-5,0,-80,-5,0,100,0,-57,NR N78,25,83.9,10.0,nan,0,3.17,0.0000
1743335579.175002,NR5G-SA,CONNECT,TDD,DE3B0B093,-74,-2,9,20,-79,-4,2,-79,-4,2,100,0,-59,NR N78,25,83.9,10.0,nan,0,3.17,0.0000
1743335580.2541845,NR5G-SA,CONNECT,TDD,DE3B0B093,-74,-2,7,20,-79,-3,4,-79,-3,4,100,0,-58,NR N78,25,83.9,10.0,nan,0,3.17,0.0000
1743335581.2913115,NR5G-SA,CONNECT,TDD,DE3B0B093,-74,-2,7,20,-79,-3,6,-79,-3,6,100,0,-57,NR N78,25,73.4,8.75,nan,0,3.17,0.0000
1743335582.3464236,NR5G-SA,CONNECT,TDD,DE3B0B093,-73,-2,7,20,-78,-2,6,-78,-2,6,100,0,-57,NR N78,25,83.9,10.0,nan,0,3.17,0.0000
1743335583.3858087,NR5G-SA,CONNECT,TDD,DE3B0B093,-74,-2,7,20,-78,-2,7,-78,-2,7,100,0,-58,NR N78,25,83.9,10.0,nan,0,3.17,0.0000
1743335584.4797366,NR5G-SA,CONNECT,TDD,DE3B0B093,-73,-2,7,20,-78,-2,7,-78,-2,7,100,0,-57,NR N78,25,83.9,10.0,nan,0,3.17,0.0000
1743335585.549454,NR5G-SA,CONNECT,TDD,DE3B0B093,-73,-2,8,20,-78,-2,7,-78,-2,7,100,0,-56,NR N78,25,73.4,8.75,nan,0,3.17,0.0000
1743335586.5880961,NR5G-SA,CONNECT,TDD,DE3B0B093,-74,-2,8,20,-79,-3,4,-79,-3,4,100,0,-58,NR N78,25,83.9,10.0,nan,0,3.17,0.0000
1743335587.656091,NR5G-SA,CONNECT,TDD,DE3B0B093,-73,-2,8,20,-79,-3,3,-79,-3,3,100,0,-57,NR N78,25,83.9,10.0,nan,0,3.17,0.0000
1743335588.706737,NR5G-SA,CONNECT,TDD,DE3B0B093,-73,-2,8,20,-79,-4,2,-79,-4,2,100,0,-58,NR N78,25,83.9,10.0,nan,0,3.17,0.0000
1743335589.8076982,NR5G-SA,CONNECT,TDD,DE3B0B093,-74,-3,8,20,-80,-4,2,-80,-4,2,100,0,-58,NR N78,25,73.4,8.75,nan,0,3.17,0.0000
1743335590.8548949,NR5G-SA,CONNECT,TDD,DE3B0B093,-74,-3,8,20,-80,-4,2,-80,-4,2,100,0,-60,NR N78,25,83.9,10.0,nan,0,3.17,0.0000
1743335591.9067051,NR5G-SA,CONNECT,TDD,DE3B0B093,-74,-3,8,20,-81,-5,1,-81,-5,1,100,0,-59,NR N78,25,83.9,10.0,nan,0,3.17,0.0000
1743335592.9456713,NR5G-SA,CONNECT,TDD,DE3B0B093,-74,-2,8,20,-80,-4,2,-80,-4,2,100,0,-60,NR N78,25,73.4,8.75,nan,0,3.17,0.0000
1743335593.9847388,NR5G-SA,CONNECT,TDD,DE3B0B093,-74,-2,7,20,-80,-4,2,-80,-4,2,100,0,-57,NR N78,25,83.9,10.0,nan,0,3.17,0.0000
1743335595.0392785,NR5G-SA,CONNECT,TDD,DE3B0B093,-74,-2,8,20,-80,-4,2,-80,-4,2,100,0,-58,NR N78,25,83.9,10.0,nan,0,3.17,0.0000
1743335596.1052666,NR5G-SA,CONNECT,TDD,DE3B0B093,-73,-2,8,20,-81,-4,1,-81,-4,1,100,0,-57,NR N78,25,73.4,8.75,nan,0,3.17,0.0000
1743335597.1704943,NR5G-SA,CONNECT,TDD,DE3B0B093,-73,-2,8,20,-80,-4,2,-80,-4,2,100,0,-59,NR N78,25,83.9,10.0,nan,0,3.17,0.0000
1743335598.2643726,NR5G-SA,CONNECT,TDD,DE3B0B093,-74,-2,7,20,-79,-3,5,-79,-3,5,100,0,-58,NR N78,25,83.9,10.0,nan,0,3.17,0.0000
1743335599.3123524,NR5G-SA,CONNECT,TDD,DE3B0B093,-74,-2,7,20,-79,-3,6,-79,-3,6,100,0,-58,NR N78,25,83.6,10.0,nan,0,3.17,0.0000
1743335600.3774896,NR5G-SA,CONNECT,TDD,DE3B0B093,-74,-2,6,20,-78,-2,6,-78,-2,6,100,0,-58,NR N78,25,73.6,8.75,nan,0,3.17,0.0000
1743335601.4522808,NR5G-SA,CONNECT,TDD,DE3B0B093,-74,-3,7,20,-78,-2,7,-78,-2,7,100,0,-58,NR N78,25,83.9,10.0,nan,0,3.17,0.0000
1743335602.491498,NR5G-SA,CONNECT,TDD,DE3B0B093,-74,-2,7,20,-79,-2,6,-79,-2,6,100,0,-57,NR N78,25,83.9,10.0,nan,0,3.17,0.0000
1743335603.5350273,NR5G-SA,CONNECT,TDD,DE3B0B093,-74,-2,7,20,-78,-2,6,-78,-2,6,100,0,-58,NR N78,25,83.9,10.0,nan,0,3.17,0.0000
1743335604.5863266,NR5G-SA,CONNECT,TDD,DE3B0B093,-74,-3,7,20,-79,-3,6,-79,-3,6,100,0,-58,NR N78,25,73.4,8.75,nan,0,3.17,0.0000
1743335605.622192,NR5G-SA,CONNECT,TDD,DE3B0B093,-74,-2,7,20,-79,-3,5,-79,-3,5,100,0,-59,NR N78,25,83.9,10.0,nan,0,3.17,0.0000
1743335606.6576207,NR5G-SA,CONNECT,TDD,DE3B0B093,-74,-2,6,20,-79,-3,6,-79,-3,6,100,0,-57,NR N78,25,83.9,10.0,nan,0,3.17,0.0000
1743335607.7078593,NR5G-SA,CONNECT,TDD,DE3B0B093,-73,-2,6,20,-79,-2,7,-79,-2,7,100,0,-57,NR N78,25,83.9,10.0,nan,0,3.17,0.0000
1743335608.7904015,NR5G-SA,CONNECT,TDD,DE3B0B093,-73,-2,6,20,-79,-2,7,-79,-2,7,100,0,-59,NR N78,25,83.9,10.0,nan,0,3.17,0.0000
1743335609.8730676,NR5G-SA,CONNECT,TDD,DE3B0B093,-73,-2,6,20,-79,-2,8,-79,-2,8,100,0,-59,NR N78,25,83.9,10.0,nan,0,3.17,0.0000
1743335610.9098175,NR5G-SA,CONNECT,TDD,DE3B0B093,-74,-2,6,20,-79,-2,8,-79,-2,8,100,0,-58,NR N78,25,83.9,10.0,nan,0,3.17,0.0000
1743335611.9712138,NR5G-SA,CONNECT,TDD,DE3B0B093,-73,-2,6,20,-79,-2,8,-79,-2,8,100,0,-57,NR N78,25,83.9,10.0,nan,0,3.17,0.0000
1743335613.015448,NR5G-SA,CONNECT,TDD,DE3B0B093,-73,-2,6,20,-79,-2,7,-79,-2,7,100,0,-59,NR N78,25,83.9,10.0,nan,0,3.17,0.0000
1743335614.0814614,NR5G-SA,CONNECT,TDD,DE3B0B093,-74,-2,6,20,-78,-2,7,-78,-2,7,100,0,-59,NR N78,25,83.9,10.0,nan,0,3.17,0.0000
1743335615.1340885,NR5G-SA,CONNECT,TDD,DE3B0B093,-74,-2,6,20,-78,-2,8,-78,-2,8,100,0,-57,NR N78,25,83.9,10.0,nan,0,3.17,0.0000
1743335616.197976,NR5G-SA,CONNECT,TDD,DE3B0B093,-73,-2,6,20,-78,-2,8,-78,-2,8,100,0,-57,NR N78,25,83.9,10.0,nan,0,3.17,0.0000
1743335617.249076,NR5G-SA,CONNECT,TDD,DE3B0B093,-73,-2,6,20,-78,-2,8,-78,-2,8,100,0,-58,NR N78,25,83.9,10.0,nan,0,3.17,0.0000
1743335618.3030334,NR5G-SA,CONNECT,TDD,DE3B0B093,-73,-2,6,20,-78,-2,8,-78,-2,8,100,0,-58,NR N78,25,83.9,10.0,nan,0,3.17,0.0000
1743335619.408352,NR5G-SA,CONNECT,TDD,DE3B0B093,-73,-2,6,20,-78,-2,8,-78,-2,8,100,0,-59,NR N78,25,83.9,10.0,nan,0,3.17,0.0000
1743335620.4497457,NR5G-SA,CONNECT,TDD,DE3B0B093,-74,-3,6,20,-78,-2,7,-78,-2,7,100,0,-59,NR N78,25,73.4,8.75,nan,0,3.17,0.0000
1743335621.494767,NR5G-SA,CONNECT,TDD,DE3B0B093,-74,-3,6,20,-79,-2,7,-79,-2,7,100,0,-58,NR N78,25,83.9,10.0,nan,0,3.17,0.0000
1743335622.547669,NR5G-SA,CONNECT,TDD,DE3B0B093,-74,-3,6,20,-79,-3,7,-79,-3,7,100,0,-55,NR N78,25,83.9,10.0,nan,0,3.17,0.0000
1743335623.618032,NR5G-SA,CONNECT,TDD,DE3B0B093,-73,-3,7,20,-79,-2,7,-79,-2,7,100,0,-57,NR N78,25,83.9,10.0,nan,0,3.17,0.0000
1743335624.700541,NR5G-SA,CONNECT,TDD,DE3B0B093,-73,-3,7,20,-79,-3,7,-79,-3,7,100,0,-57,NR N78,25,73.4,8.75,nan,0,3.17,0.0000
1743335625.765139,NR5G-SA,CONNECT,TDD,DE3B0B093,-73,-2,7,20,-79,-2,7,-79,-2,7,100,0,-58,NR N78,25,83.9,10.0,nan,0,3.17,0.0000
1743335626.8063533,NR5G-SA,CONNECT,TDD,DE3B0B093,-73,-2,7,20,-79,-2,7,-79,-2,7,100,0,-57,NR N78,25,83.9,10.0,nan,0,3.17,0.0000
1743335627.884592,NR5G-SA,CONNECT,TDD,DE3B0B093,-73,-2,6,20,-79,-2,8,-79,-2,8,100,0,-58,NR N78,25,73.4,8.75,nan,0,3.17,0.0000
1743335628.9650114,NR5G-SA,CONNECT,TDD,DE3B0B093,-73,-2,7,20,-79,-2,8,-79,-2,8,100,0,-58,NR N78,25,83.9,10.0,nan,0,3.17,0.0000
1743335630.0607052,NR5G-SA,CONNECT,TDD,DE3B0B093,-73,-2,7,20,-79,-2,8,-79,-2,8,100,0,-57,NR N78,24,73.4,8.75,nan,0,3.17,0.0000
1743335631.1224122,NR5G-SA,CONNECT,TDD,DE3B0B093,-74,-2,7,20,-80,-3,6,-80,-3,6,100,0,-60,NR N78,24,83.9,10.0,nan,0,3.17,0.0000
1743335632.1971538,NR5G-SA,CONNECT,TDD,DE3B0B093,-73,-2,7,20,-80,-3,6,-80,-3,6,100,0,-57,NR N78,24,83.9,10.0,nan,0,3.17,0.0000
1743335633.2765915,NR5G-SA,CONNECT,TDD,DE3B0B093,-73,-2,7,20,-79,-3,6,-79,-3,6,100,0,-57,NR N78,24,73.4,8.75,nan,0,3.17,0.0000
1743335634.3416846,NR5G-SA,CONNECT,TDD,DE3B0B093,-73,-2,7,20,-80,-3,5,-80,-3,5,100,0,-58,NR N78,24,83.9,10.0,nan,0,3.17,0.0000
1743335635.4047596,NR5G-SA,CONNECT,TDD,DE3B0B093,-73,-2,7,20,-79,-3,6,-79,-3,6,100,0,-58,NR N78,24,83.9,10.0,nan,0,3.17,0.0000
1743335636.4564028,NR5G-SA,CONNECT,TDD,DE3B0B093,-73,-2,7,20,-79,-3,6,-79,-3,6,100,0,-57,NR N78,25,73.4,8.75,nan,0,3.17,0.0000
1743335637.5102215,NR5G-SA,CONNECT,TDD,DE3B0B093,-73,-2,7,20,-80,-3,5,-80,-3,5,100,0,-59,NR N78,25,83.9,10.0,nan,0,3.17,0.0000
1743335638.5538104,NR5G-SA,CONNECT,TDD,DE3B0B093,-73,-2,6,20,-80,-3,5,-80,-3,5,100,0,-57,NR N78,25,73.4,8.75,nan,0,3.17,0.0000
1743335639.6212504,NR5G-SA,CONNECT,TDD,DE3B0B093,-73,-2,6,20,-80,-3,5,-80,-3,5,100,0,-57,NR N78,24,83.9,10.0,nan,0,3.17,0.0000
1743335640.6855047,NR5G-SA,CONNECT,TDD,DE3B0B093,-73,-2,6,20,-79,-3,5,-79,-3,5,100,0,-58,NR N78,24,83.9,10.0,nan,0,3.17,0.0000
1743335641.7693105,NR5G-SA,CONNECT,TDD,DE3B0B093,-73,-2,7,20,-79,-3,6,-79,-3,6,100,0,-57,NR N78,25,73.4,8.75,nan,0,3.17,0.0000
1743335642.832828,NR5G-SA,CONNECT,TDD,DE3B0B093,-73,-2,7,20,-80,-3,6,-80,-3,6,100,0,-57,NR N78,25,83.9,10.0,nan,0,3.17,0.0000
1743335643.8753426,NR5G-SA,CONNECT,TDD,DE3B0B093,-73,-2,7,20,-80,-3,5,-80,-3,5,100,0,-57,NR N78,25,83.9,10.0,nan,0,3.17,0.0000
1743335644.9198687,NR5G-SA,CONNECT,TDD,DE3B0B093,-74,-2,7,20,-79,-3,6,-79,-3,6,100,0,-59,NR N78,25,73.4,8.75,nan,0,3.17,0.0000
1743335646.012453,NR5G-SA,CONNECT,TDD,DE3B0B093,-74,-2,7,20,-80,-3,6,-80,-3,6,100,0,-59,NR N78,24,83.9,10.0,nan,1,3.17,0.0001
1743335647.0692396,NR5G-SA,CONNECT,TDD,DE3B0B093,-75,-2,7,20,-80,-3,5,-80,-3,5,100,0,-60,NR N78,24,73.4,8.75,nan,0,3.17,0.0000
1743335648.1309075,NR5G-SA,CONNECT,TDD,DE3B0B093,-75,-2,7,20,-80,-3,5,-80,-3,5,100,0,-60,NR N78,25,83.9,10.0,nan,0,3.17,0.0000
1743335649.180861,NR5G-SA,CONNECT,TDD,DE3B0B093,-74,-2,7,20,-80,-3,6,-80,-3,6,100,0,-58,NR N78,25,83.9,10.0,nan,0,3.17,0.0000
1743335650.2448766,NR5G-SA,CONNECT,TDD,DE3B0B093,-74,-2,8,20,-80,-3,5,-80,-3,5,100,0,-61,NR N78,24,83.9,10.0,nan,0,3.17,0.0000
1743335651.3042946,NR5G-SA,CONNECT,TDD,DE3B0B093,-75,-2,8,20,-80,-3,6,-80,-3,6,100,0,-59,NR N78,24,73.4,8.75,nan,0,3.17,0.0000
1743335652.3442798,NR5G-SA,CONNECT,TDD,DE3B0B093,-75,-2,8,20,-80,-3,6,-80,-3,6,100,0,-59,NR N78,24,83.9,10.0,nan,0,3.17,0.0000
1743335653.3881352,NR5G-SA,CONNECT,TDD,DE3B0B093,-75,-2,7,20,-79,-3,6,-79,-3,6,100,0,-58,NR N78,24,83.9,10.0,nan,0,3.17,0.0000
1743335654.434322,NR5G-SA,CONNECT,TDD,DE3B0B093,-75,-2,8,20,-79,-3,7,-79,-3,7,100,0,-61,NR N78,24,73.4,8.75,nan,0,3.17,0.0000
1743335655.4853337,NR5G-SA,CONNECT,TDD,DE3B0B093,-75,-2,8,20,-79,-3,7,-79,-3,7,100,0,-57,NR N78,24,83.9,10.0,nan,0,3.17,0.0000
1743335656.5482655,NR5G-SA,CONNECT,TDD,DE3B0B093,-75,-2,8,20,-79,-3,7,-79,-3,7,100,0,-59,NR N78,24,73.4,8.75,nan,0,3.17,0.0000
1743335657.606732,NR5G-SA,CONNECT,TDD,DE3B0B093,-75,-2,8,20,-79,-3,7,-79,-3,7,100,0,-60,NR N78,24,83.9,10.0,nan,0,3.17,0.0000
1743335658.6562097,NR5G-SA,CONNECT,TDD,DE3B0B093,-75,-2,8,20,-79,-2,7,-79,-2,7,100,0,-60,NR N78,24,83.9,10.0,nan,0,3.17,0.0000
1743335659.691673,NR5G-SA,CONNECT,TDD,DE3B0B093,-75,-2,8,20,-79,-2,7,-79,-2,7,100,0,-61,NR N78,25,73.4,8.75,nan,0,3.17,0.0000
1743335660.73671,NR5G-SA,CONNECT,TDD,DE3B0B093,-75,-2,8,20,-79,-2,7,-79,-2,7,100,0,-60,NR N78,25,83.9,10.0,nan,0,3.17,0.0000
1743335661.8112612,NR5G-SA,CONNECT,TDD,DE3B0B093,-75,-2,7,20,-79,-3,7,-79,-3,7,100,0,-58,NR N78,24,73.4,8.75,nan,0,3.17,0.0000
1743335662.8631418,NR5G-SA,CONNECT,TDD,DE3B0B093,-75,-2,7,20,-79,-3,6,-79,-3,6,100,0,-59,NR N78,24,83.9,10.0,nan,0,3.17,0.0000
1743335663.9262278,NR5G-SA,CONNECT,TDD,DE3B0B093,-75,-2,7,20,-79,-3,6,-79,-3,6,100,0,-60,NR N78,24,73.4,8.75,nan,0,3.17,0.0000
1743335664.9897242,NR5G-SA,CONNECT,TDD,DE3B0B093,-75,-2,7,20,-79,-3,7,-79,-3,7,100,0,-59,NR N78,24,83.9,10.0,nan,0,3.17,0.0000
